asin,review_count,avg_rating,helpful_votes,helpful_rate,avg_review_word_count,first_review_month,last_review_month,quality_flag
B0002L5R78,2599,4.6,7968,0.9162,51.343,2006-07,2014-07,high_volume_high_rating
B000BQ7GW8,1388,4.696,1514,0.858,41.745,2008-01,2014-07,high_volume_high_rating
B00007E7JU,1279,4.589,5672,0.9069,110.72,2004-07,2014-07,high_volume_high_rating
B00004ZCJE,1258,4.282,1684,0.8236,48.9,2003-06,2014-07,monitor
B000I68BD4,1018,3.718,2690,0.8952,75.68,2006-12,2014-07,monitor
B000JMJWV2,967,4.477,2195,0.8374,62.033,2007-08,2014-07,monitor
B0001FTVEK,950,3.896,2851,0.8874,127.566,2004-12,2014-07,monitor
B000JE7GPY,886,4.736,1478,0.8295,66.713,2007-07,2014-07,high_volume_high_rating
B000A6PPOK,809,4.016,2144,0.8601,127.025,2005-10,2014-07,monitor
B000FBK3QK,797,4.545,3188,0.8921,115.193,2008-01,2014-07,high_volume_high_rating
B000HPV3RW,780,4.612,1313,0.821,72.372,2007-06,2014-07,high_volume_high_rating
B00005T3G0,712,4.643,740,0.7838,51.478,2009-04,2014-07,high_volume_high_rating
B000CKVOOY,704,4.696,965,0.8435,72.28,2010-11,2014-07,high_volume_high_rating
B00007M1TZ,677,4.14,1993,0.9413,72.309,2003-09,2014-07,monitor
B00017LSPI,629,4.614,1082,0.7948,69.259,2006-04,2014-07,high_volume_high_rating
B00009R6TA,611,4.466,1903,0.927,112.399,2005-04,2014-07,monitor
B0000BZL1P,601,4.809,1524,0.664,70.96,2005-05,2014-07,high_volume_high_rating
B000IJY8DS,596,4.401,482,0.9129,49.522,2007-06,2014-07,monitor
B0007MXZB2,590,3.769,6122,0.9386,125.325,2005-07,2014-07,monitor
B00007EDZG,586,4.445,1048,0.7615,68.131,2005-01,2014-07,monitor
B000BTL0OA,585,4.395,2372,0.8229,101.641,2006-03,2014-07,monitor
B000B9RI14,571,4.804,556,0.5845,46.909,2007-01,2014-07,high_volume_high_rating
B00006RVPW,570,4.542,1575,0.8438,74.435,2005-09,2014-07,high_volume_high_rating
B000ID7QNI,566,4.549,237,0.7426,70.078,2007-01,2014-07,high_volume_high_rating
B000652M6Y,557,4.124,1569,0.9261,84.645,2010-06,2014-07,monitor
B00004T8R2,552,4.379,1538,0.907,79.332,2003-09,2014-07,monitor
B000BKJZ9Q,506,4.35,5788,0.8808,188.929,2005-11,2014-07,monitor
B0002KVQBA,504,4.55,1297,0.7402,112.891,2005-11,2014-07,high_volume_high_rating
B00093IIRA,497,3.857,1945,0.8149,200.636,2005-05,2014-02,monitor
B000067RT6,495,4.632,436,0.8509,48.558,2007-02,2014-07,high_volume_high_rating
B00020S7XK,487,4.423,1087,0.897,96.801,2005-04,2014-07,monitor
B00001P4ZH,482,4.465,1394,0.8723,136.965,2000-07,2014-07,monitor
B00009XVCZ,467,4.557,2325,0.8,144.872,2004-06,2014-07,high_volume_high_rating
B000J01I1G,464,4.334,461,0.82,80.42,2006-12,2014-07,monitor
B00007KDVI,460,3.754,1286,0.7053,135.911,2003-01,2014-07,monitor
B00007E7C8,454,4.463,1213,0.8425,102.969,2003-10,2014-07,monitor
B0002CPBWI,446,4.186,1429,0.9104,92.164,2004-11,2014-07,monitor
B00006B7DA,441,4.095,1816,0.859,91.649,2003-02,2014-07,monitor
B0007XJSQC,434,4.147,589,0.7657,104.571,2005-09,2014-07,monitor
B00006JN3G,426,4.418,1165,0.7803,58.955,2004-02,2014-07,monitor
B00005LEN4,420,4.752,2590,0.8363,106.724,2004-11,2014-07,high_volume_high_rating
B000JNQSIQ,420,4.564,223,0.6726,72.31,2008-05,2014-07,high_volume_high_rating
B00081A2KY,418,4.493,722,0.8615,57.182,2006-06,2014-07,monitor
B000CRFOMK,413,4.576,296,0.8885,52.133,2009-01,2014-07,high_volume_high_rating
B00029U1DK,410,4.551,677,0.8316,47.437,2005-01,2014-07,high_volume_high_rating
B000EVSLRO,407,4.206,797,0.8657,74.885,2006-07,2014-07,monitor
B0009Y7APU,405,4.642,293,0.8191,57.568,2007-03,2014-07,high_volume_high_rating
B00001WRSJ,403,4.63,991,0.7497,140.911,2004-01,2014-07,high_volume_high_rating
B000HDJT4S,403,4.543,493,0.8256,63.938,2007-05,2014-07,high_volume_high_rating
B000065BP9,403,4.184,917,0.8353,110.516,2002-09,2014-05,monitor
B000067RC4,401,4.362,506,0.9328,47.728,2007-02,2014-07,monitor
B000C1Z0HA,374,4.278,618,0.9061,116.794,2007-01,2014-07,monitor
B00007IFED,370,4.3,676,0.892,67.3,2006-11,2014-07,monitor
B0006B486K,367,4.142,702,0.7934,119.204,2005-03,2014-07,monitor
B000HKGK8Y,360,3.881,520,0.8423,88.139,2008-07,2014-07,monitor
B00077AA5Q,356,4.34,4359,0.9053,162.056,2005-06,2014-07,monitor
B00004ZC8Y,352,4.392,1417,0.8476,55.935,2002-05,2014-07,monitor
B0002Y5WZM,351,4.658,695,0.9338,72.083,2005-12,2014-07,high_volume_high_rating
B000F28DP2,349,4.441,1049,0.8398,104.235,2008-04,2014-07,monitor
B000E6G9RI,344,3.773,278,0.723,142.372,2007-02,2014-07,monitor
B000FKP7TY,338,3.938,394,0.7766,65.985,2009-01,2014-07,monitor
B000089GN3,333,4.559,1742,0.9041,137.739,2003-07,2013-07,high_volume_high_rating
B000I23TTE,329,4.401,369,0.9133,45.313,2008-10,2014-07,monitor
B0002SQ2P2,325,4.483,1413,0.8839,154.003,2004-10,2014-06,monitor
B000FOYMKU,315,3.902,326,0.8681,86.673,2007-06,2014-07,monitor
B000AJIF4E,311,4.617,2330,0.8558,153.161,2004-08,2014-07,high_volume_high_rating
B000IF4788,311,4.18,1224,0.9273,99.553,2007-02,2014-07,monitor
B00007EDM8,311,3.932,996,0.9116,82.637,2004-01,2014-07,monitor
B0001Y7UAI,300,4.737,99,0.7677,44.083,2007-01,2014-07,high_volume_high_rating
B000062VUO,299,4.334,1646,0.8445,188.244,2002-04,2014-07,monitor
B000FVDD30,298,4.094,228,0.886,65.581,2007-12,2014-07,monitor
B000092TT0,297,4.832,1230,0.8301,146.037,2007-07,2014-07,high_volume_high_rating
B0002LEMWE,297,4.633,738,0.7358,62.215,2005-04,2014-07,high_volume_high_rating
B00066IJPQ,297,3.906,1506,0.8347,108.313,2008-10,2014-07,monitor
B000IF51UQ,291,4.381,466,0.8627,60.292,2007-09,2014-07,monitor
B0002MQGOK,284,4.518,416,0.8149,60.437,2005-06,2014-07,high_volume_high_rating
B000065BPB,284,4.384,1215,0.7901,146.482,2002-09,2014-07,monitor
B000F9YN22,282,4.706,575,0.8348,80.05,2006-08,2014-07,high_volume_high_rating
B000EPLP3C,279,3.871,4791,0.5663,249.276,2006-09,2014-03,monitor
B00005N6KG,278,4.072,305,0.8525,90.255,2002-01,2014-07,monitor
B00004Z5M1,276,4.681,472,0.7987,39.261,2002-06,2014-07,high_volume_high_rating
B00007GQLU,274,4.748,2533,0.8535,133.215,2004-12,2014-07,high_volume_high_rating
B000CSWCQA,274,4.339,924,0.8258,172.609,2006-03,2014-07,monitor
B00007056H,270,4.181,1195,0.9096,111.163,2002-11,2014-07,monitor
B00080G0BK,269,4.61,310,0.8097,99.126,2006-06,2014-07,high_volume_high_rating
B0000BVYTV,267,4.045,1504,0.8903,128.097,2003-08,2014-07,monitor
B00005ATMB,262,4.458,841,0.8751,70.065,2002-11,2014-07,monitor
B00008SCFL,262,3.397,1684,0.826,144.115,2003-05,2014-07,high_volume_low_rating
B000EXS1BS,259,4.332,3408,0.9566,220.32,2006-07,2014-05,monitor
B00004WCID,250,4.592,609,0.8588,62.056,2001-06,2014-07,high_volume_high_rating
B00005NIMJ,248,4.52,724,0.8536,119.98,2002-02,2014-07,high_volume_high_rating
B00009KH63,248,3.927,559,0.8569,166.863,2003-08,2014-07,monitor
B000EYRLXQ,246,3.74,309,0.8932,44.358,2007-01,2014-07,monitor
B000F7QRTG,244,4.676,466,0.8476,64.783,2007-12,2014-07,high_volume_high_rating
B00004SB92,244,4.131,1452,0.8836,144.23,2000-04,2014-07,monitor
B00022OBO2,239,3.941,705,0.817,70.351,2007-04,2014-07,monitor
B000EUGX70,236,4.136,705,0.678,184.267,2006-07,2014-07,monitor
B00009EHJV,233,4.391,839,0.8737,87.979,2004-10,2014-07,monitor
B00004THCZ,233,4.172,2605,0.9198,93.155,2000-10,2014-07,monitor
B00008Y0VN,231,4.329,633,0.8088,117.935,2004-11,2014-07,monitor
B0009YJXMS,230,4.6,169,0.7396,66.726,2006-05,2014-07,high_volume_high_rating
B000EOPQ7E,229,4.332,1848,0.9264,102.939,2006-05,2014-07,monitor
B0002AHT0M,229,3.965,307,0.9251,48.419,2007-02,2014-07,monitor
B0002ZW5W4,225,4.013,2177,0.893,209.387,2004-12,2014-06,monitor
B00004SABB,225,3.956,794,0.8564,79.871,2002-09,2014-07,monitor
B00006BBAC,223,4.318,723,0.8672,58.709,2007-10,2014-07,monitor
B0000AI0N1,222,4.658,139,0.8345,48.892,2010-05,2014-07,high_volume_high_rating
B000HCT12O,220,3.923,1085,0.765,200.341,2006-08,2014-05,monitor
0972683275,219,4.461,296,0.6993,71.79,2008-02,2014-07,monitor
B000067O5G,218,4.023,562,0.9075,92.899,2005-01,2014-07,monitor
B000067S60,216,4.593,178,0.7584,45.028,2002-09,2014-07,high_volume_high_rating
B00066FH1U,216,4.519,201,0.806,81.157,2005-09,2014-07,high_volume_high_rating
B0007U00X0,212,4.491,2150,0.893,142.175,2005-11,2014-07,monitor
B000067SMH,212,4.387,186,0.8602,49.939,2006-06,2014-07,monitor
B0009S5HQA,211,4.635,550,0.8473,57.986,2006-08,2014-03,high_volume_high_rating
B00002EQCW,211,4.602,414,0.8406,68.493,2000-07,2014-07,high_volume_high_rating
B000CC6I5W,211,3.81,294,0.8878,45.427,2006-04,2014-07,monitor
B0009YDP7W,208,4.611,425,0.8376,75.072,2006-03,2014-07,high_volume_high_rating
B000AZ57M6,208,4.611,3050,0.8013,196.433,2005-12,2014-07,high_volume_high_rating
B0000A1G05,207,4.329,2476,0.9116,198.478,2004-11,2014-07,monitor
B0007R4LI8,206,4.01,172,0.8256,76.107,2007-03,2014-07,monitor
B000092YPR,206,3.922,456,0.818,104.437,2003-11,2014-07,monitor
B000ENRQ3M,203,3.764,552,0.9293,104.975,2008-04,2014-07,monitor
B000HZDF8W,202,4.134,1198,0.7721,145.386,2006-12,2014-07,monitor
B000J43HJ8,202,4.064,586,0.7833,195.431,2006-11,2014-05,monitor
B000E6NGBU,201,4.264,353,0.8754,95.632,2006-07,2014-06,monitor
B00004WCIC,198,4.551,983,0.9084,81.515,2001-02,2014-07,high_volume_high_rating
B00067LYFW,198,4.071,724,0.913,118.894,2004-11,2014-07,monitor
B000068O3C,197,4.629,97,0.8351,46.426,2008-04,2014-07,high_volume_high_rating
B0007Z1M50,197,4.467,621,0.8116,111.914,2005-05,2014-02,monitor
B00081NX5U,197,4.421,590,0.8237,86.802,2006-05,2014-07,monitor
B000204SWE,197,3.802,1912,0.8813,140.98,2004-07,2014-04,monitor
B000EOMXM0,195,4.6,242,0.8099,51.728,2007-01,2014-04,high_volume_high_rating
B0007Y794O,195,4.456,2503,0.875,155.41,2005-10,2014-07,monitor
B00006I53S,194,4.268,2621,0.8764,170.902,2003-06,2014-07,monitor
B0001FTVEA,193,3.777,772,0.8808,130.435,2004-12,2014-07,monitor
B0002CZHN6,191,4.487,180,0.7444,51.963,2005-03,2014-07,monitor
B0002WPSBC,190,4.642,687,0.7773,215.121,2005-01,2014-07,high_volume_high_rating
B0009MIP8I,190,3.916,199,0.6382,86.816,2006-11,2014-07,monitor
B0002JY712,189,4.751,164,0.9024,48.222,2007-02,2014-07,high_volume_high_rating
B000AA2RCY,189,4.614,227,0.9383,43.328,2008-12,2014-07,high_volume_high_rating
B000F0ELOG,188,4.691,173,0.6705,56.67,2007-12,2014-07,high_volume_high_rating
B0000AZK4G,188,4.559,306,0.8725,63.511,2006-05,2014-07,high_volume_high_rating
B000CS7U1C,188,4.266,2072,0.709,256.287,2005-12,2013-10,monitor
B000HJPK2C,187,4.636,1864,0.8771,168.171,2006-12,2014-07,high_volume_high_rating
B0000BZOGJ,187,4.305,373,0.8579,137.455,2005-08,2014-07,monitor
B000IN09C8,187,4.144,571,0.9317,61.984,2007-08,2014-07,monitor
B0000CE1UO,187,3.84,1206,0.8532,183.123,2004-01,2014-06,monitor
B000JLG5ZY,186,3.726,470,0.9149,58.522,2006-12,2014-07,monitor
B0000B006W,185,4.697,143,0.8881,50.973,2005-03,2014-07,high_volume_high_rating
B00005T39Y,185,4.286,680,0.9103,89.351,2002-10,2014-07,monitor
B000BYCKU8,184,4.685,739,0.7375,62.511,2006-02,2014-07,high_volume_high_rating
B000I1ZWRC,184,4.609,4696,0.8986,174.788,2006-09,2014-06,high_volume_high_rating
B0000X0VCY,184,4.533,343,0.7055,54.027,2004-06,2014-07,high_volume_high_rating
B0002U1TJY,184,4.44,633,0.8847,115.565,2006-08,2014-06,monitor
B00001P4XH,184,4.065,594,0.8653,68.864,2000-11,2014-07,monitor
B00007FGU7,184,3.935,64,0.7969,43.973,2007-02,2014-07,monitor
B00004Z5D1,182,4.522,256,0.8594,54.225,2003-01,2014-07,high_volume_high_rating
B00004WCGF,182,4.456,141,0.8794,95.121,2002-12,2014-07,monitor
B0007MWE28,181,4.508,355,0.8141,58.829,2006-03,2014-07,high_volume_high_rating
B0002BEQJ8,180,4.65,62,0.7258,48.65,2008-10,2014-07,high_volume_high_rating
B000ENUCR4,180,4.567,187,0.5722,49.294,2007-06,2014-07,high_volume_high_rating
B00005ARK3,179,3.832,629,0.8219,173.994,2001-04,2014-03,monitor
B0007RV3IE,179,3.648,970,0.901,55.458,2006-07,2014-07,monitor
B0000645RH,179,3.62,1062,0.9087,97.531,2005-09,2014-07,monitor
B0002Y5WZC,177,4.661,324,0.784,103.39,2006-07,2014-07,high_volume_high_rating
B0001FTVDQ,177,4.475,897,0.7358,204.373,2005-01,2014-06,monitor
B000BI7NHY,177,3.701,2284,0.8511,260.181,2005-10,2014-02,monitor
B000H6AY6M,176,4.25,601,0.8602,136.477,2006-09,2014-05,monitor
B0007N55NW,176,4.108,553,0.877,96.148,2005-09,2014-07,monitor
B0000510ZO,175,4.709,154,0.8831,41.869,2008-09,2014-07,high_volume_high_rating
B000ANCPNM,175,4.611,455,0.8396,88.914,2006-03,2014-07,high_volume_high_rating
B00000J1V5,174,4.713,155,0.8258,37.851,2002-08,2014-07,high_volume_high_rating
B0001D3K8A,174,3.891,634,0.7965,128.925,2004-04,2014-06,monitor
B00011KM38,172,4.727,415,0.9181,57.733,2005-09,2014-07,high_volume_high_rating
B00009R6WT,172,4.576,2836,0.8128,202.959,2004-12,2014-05,high_volume_high_rating
B000095SB4,172,3.57,1623,0.976,112.983,2004-06,2014-06,monitor
B0009RGLSE,171,4.579,775,0.7781,52.649,2005-10,2014-07,high_volume_high_rating
B000EY5F5C,170,4.288,520,0.6577,98.718,2007-10,2014-07,monitor
B000CH3IIW,170,4.088,449,0.7372,96.147,2006-11,2014-06,monitor
B000BWACX2,170,3.718,2101,0.9752,116.541,2006-02,2014-07,monitor
B00009R6WO,169,4.669,3147,0.8761,173.42,2004-10,2014-07,high_volume_high_rating
B0002IWC9C,169,4.45,2477,0.9495,73.935,2004-09,2014-07,monitor
B000CLNHXY,169,4.438,423,0.8369,61.899,2006-05,2014-07,monitor
B00009UT9B,168,4.75,198,0.6212,75.119,2007-02,2014-07,high_volume_high_rating
B000FQ2JLW,167,4.743,129,0.6202,61.707,2007-04,2014-07,high_volume_high_rating
B000233WJ6,166,4.717,113,0.6106,44.886,2007-08,2014-07,high_volume_high_rating
B00021XIJW,166,3.03,556,0.8363,157.211,2004-07,2013-10,high_volume_low_rating
B0007QKMQY,164,4.659,3665,0.8761,198.293,2005-03,2014-01,high_volume_high_rating
B0000A2QBP,163,4.699,157,0.9108,43.816,2007-08,2014-06,high_volume_high_rating
B000IZDN60,163,4.276,759,0.9513,95.791,2007-01,2014-02,monitor
B000066E6Y,163,4.239,443,0.7675,114.46,2004-02,2014-07,monitor
B0007WK8MQ,163,4.129,723,0.8216,122.736,2005-05,2014-07,monitor
B0006I1TRY,162,4.71,108,0.8148,47.753,2007-08,2014-07,high_volume_high_rating
B000CSOXTO,162,4.457,2639,0.8905,196.79,2006-02,2014-06,monitor
B00005ATMI,162,4.327,552,0.913,72.735,2005-12,2014-07,monitor
B000ETXOC8,162,4.179,1577,0.9138,147.012,2006-05,2014-02,monitor
B0000BYDKO,161,3.596,274,0.927,69.205,2007-07,2014-07,monitor
B000F7JCRA,160,4.244,717,0.9066,162.188,2006-08,2014-05,monitor
B000HZ9CCA,160,4.062,769,0.7139,183.75,2006-10,2014-01,monitor
B0009ZBRS0,160,3.9,219,0.8356,109.963,2006-03,2014-07,monitor
B0002Y5WXE,159,4.686,2410,0.8743,161.113,2005-03,2014-07,high_volume_high_rating
B000053HH5,158,4.816,2273,0.7972,154.665,2004-02,2014-06,high_volume_high_rating
B00001P4XA,158,3.785,540,0.9093,121.905,2000-06,2014-06,monitor
B000095SB6,158,3.772,356,0.7556,155.975,2003-10,2013-05,monitor
B000A5TAT2,156,4.423,2459,0.9549,178.75,2005-10,2014-01,monitor
B00091S0WA,156,4.295,278,0.9281,57.628,2006-04,2014-07,monitor
B000ETVKHE,154,4.175,1128,0.9096,152.091,2006-04,2013-12,monitor
B000FNFSPY,153,4.719,141,0.3759,53.098,2012-01,2014-07,high_volume_high_rating
B00005K47X,153,4.68,319,0.815,81.026,2009-01,2014-07,high_volume_high_rating
B000EVLS4C,153,4.307,346,0.8873,70.301,2006-04,2014-04,monitor
B000EMWBV0,152,4.401,2350,0.9119,241.421,2006-05,2014-02,monitor
B00026BQJ6,152,4.184,411,0.708,145.026,2005-10,2014-05,monitor
B000BV8604,152,3.941,655,0.8885,82.684,2008-01,2014-07,monitor
B000EVM5DK,150,3.793,897,0.8595,104.153,2006-07,2014-07,monitor
B000ANOY7M,150,3.507,443,0.9233,93.44,2006-09,2014-06,monitor
B00000JDF5,149,4.718,348,0.6351,43.946,2000-05,2014-07,high_volume_high_rating
B000HAOVGM,149,4.456,1773,0.8793,169.06,2006-10,2014-02,monitor
B000EHUE7I,144,4.389,851,0.8884,128.083,2007-04,2014-06,monitor
B00006I5J7,143,4.727,227,0.9251,38.329,2008-01,2014-07,high_volume_high_rating
B0002D03ZW,143,4.343,818,0.8704,145.231,2005-10,2014-07,monitor
B000FNBYKW,143,4.021,76,0.75,84.804,2007-08,2014-06,monitor
B00081A2DQ,143,3.818,301,0.8173,121.524,2005-05,2014-01,monitor
B0007U0GZM,142,4.289,1799,0.8455,193.915,2005-08,2014-05,monitor
B0000VYJRY,141,4.574,173,0.7919,75.496,2005-06,2014-07,high_volume_high_rating
B000067RBT,141,4.553,104,0.8173,46.631,2007-03,2014-07,high_volume_high_rating
B000067RVL,141,4.504,249,0.9518,48.404,2007-11,2014-03,high_volume_high_rating
B000EW8074,141,4.504,2750,0.8207,288.404,2006-05,2014-07,high_volume_high_rating
B000092YQW,140,3.514,418,0.6388,174.243,2003-09,2013-11,monitor
B0006DPMU4,139,4.424,805,0.8373,190.604,2005-02,2014-06,monitor
B00005ML7Q,139,4.129,251,0.8486,53.504,2008-06,2014-07,monitor
B000093UDQ,139,3.957,161,0.8758,75.633,2005-08,2014-07,monitor
B000GIT002,138,4.362,408,0.7083,121.601,2007-12,2014-07,monitor
B00006HYKM,138,3.645,617,0.825,142.319,2002-11,2014-04,monitor
B0001VGFKW,137,4.642,150,0.6933,64.818,2007-01,2014-07,high_volume_high_rating
B0007MWE1E,137,4.496,340,0.6853,57.307,2006-11,2014-07,monitor
B000CMS0XU,137,4.416,509,0.6994,244.876,2008-01,2014-07,monitor
B0007LJHVA,137,4.387,1823,0.9199,195.343,2005-05,2014-01,monitor
B00006HYPV,137,3.489,489,0.6524,117.971,2002-12,2014-07,high_volume_low_rating
B0002RBQO0,136,4.625,1313,0.9604,78.11,2006-01,2014-07,high_volume_high_rating
B00023433U,136,4.544,248,0.7782,66.897,2006-12,2014-07,high_volume_high_rating
B0002YE6FY,136,4.382,409,0.6235,56.331,2005-05,2014-07,monitor
B000EHWCDW,136,4.338,772,0.8951,153.618,2007-01,2014-07,monitor
B00001ZWXA,136,4.316,448,0.7723,50.625,2000-10,2014-07,monitor
B000I1X3W8,135,4.874,2045,0.9134,179.511,2006-11,2014-07,high_volume_high_rating
B000EGI7V4,135,4.459,196,0.8724,69.904,2006-08,2014-07,monitor
B000CS1TLE,135,3.437,802,0.8529,201.259,2006-02,2014-06,high_volume_low_rating
B00007GQLS,134,4.739,1878,0.8594,213.216,2005-07,2014-06,high_volume_high_rating
B0000BZL5A,134,4.724,691,0.7931,101.493,2007-02,2014-07,high_volume_high_rating
B000ABB4HC,133,4.504,158,0.8608,88.173,2009-03,2014-07,high_volume_high_rating
B0000C3GWU,133,3.985,697,0.8623,100.932,2005-01,2014-06,monitor
B00006JQ06,132,4.22,454,0.9317,105.091,2005-06,2014-07,monitor
B000BFNOT8,131,4.405,335,0.9015,85.55,2006-06,2014-05,monitor
B0009H5VVM,131,4.313,411,0.8905,91.794,2007-02,2014-06,monitor
B0002D6QJO,130,4.677,283,0.7633,70.685,2006-10,2014-07,high_volume_high_rating
B0007VPFI4,130,4.131,475,0.9326,59.492,2006-01,2014-06,monitor
B00004XOM3,129,4.822,2295,0.9076,156.209,2001-08,2014-07,high_volume_high_rating
B00003CWDH,129,4.481,149,0.6644,54.45,2006-11,2014-06,monitor
B000EXR0SI,129,4.147,1183,0.8394,210.326,2006-06,2014-06,monitor
B00006B9CR,129,3.992,742,0.8639,163.589,2002-11,2014-07,monitor
B000089GN2,129,3.86,1009,0.8969,152.519,2003-06,2013-11,monitor
B000812QC6,129,3.775,232,0.8103,84.729,2007-01,2014-07,monitor
B000629GES,129,3.457,543,0.8398,119.69,2004-12,2013-12,high_volume_low_rating
B000E43GOO,128,3.828,129,0.6822,93.766,2006-12,2014-07,monitor
B000HGIWN4,127,4.661,2301,0.854,220.953,2006-09,2014-05,high_volume_high_rating
B000A6NV0U,127,3.882,176,0.7727,92.969,2006-01,2014-06,monitor
B000IDC0K2,127,3.827,88,0.6932,113.654,2009-11,2014-07,monitor
B000BP50AY,127,3.78,1324,0.8973,149.449,2005-11,2013-04,monitor
B0002QLQ96,127,3.661,119,0.8319,71.85,2008-01,2014-07,monitor
B0007U9SOC,126,4.206,419,0.7852,105.841,2006-01,2014-07,monitor
B0002IOIMQ,126,3.984,899,0.8432,101.722,2004-10,2014-01,monitor
B0000AZK0D,126,3.944,261,0.8544,129.944,2005-10,2014-07,monitor
B000BP8AY2,126,3.889,1023,0.9443,165.381,2005-11,2014-01,monitor
B000F7857S,126,3.754,46,0.6957,48.667,2009-07,2014-07,monitor
B0001FTVE0,125,4.584,917,0.7361,210.64,2004-06,2014-07,high_volume_high_rating
B00005T3BD,125,4.536,361,0.7507,93.168,2007-03,2014-07,high_volume_high_rating
B00004ZC9V,124,4.484,667,0.6432,58.782,2001-02,2014-07,monitor
B000JJM8XE,124,4.379,490,0.8163,122.798,2007-03,2014-07,monitor
B0001DBEM4,123,4.455,399,0.7494,154.854,2004-09,2014-07,monitor
B000068O16,122,4.754,32,0.7812,42.77,2010-07,2014-07,high_volume_high_rating
B0002UM0JW,122,4.279,942,0.8312,166.541,2004-09,2014-06,monitor
B000ALLMI8,122,4.27,703,0.8862,173.516,2006-03,2014-07,monitor
B00064V6RG,122,4.18,695,0.8935,111.238,2004-12,2014-06,monitor
B00065ANYC,121,4.628,440,0.775,59.215,2005-08,2013-11,high_volume_high_rating
B0001VWHH2,121,4.62,109,0.8349,51.736,2007-05,2014-07,high_volume_high_rating
B000067SOH,121,4.537,46,0.6087,43.545,2006-06,2014-07,high_volume_high_rating
B00008AWKZ,120,4.033,268,0.7761,78.625,2007-09,2014-06,monitor
B000GK8LVE,120,3.942,1612,0.8772,262.425,2006-12,2014-07,monitor
B0006ON0QQ,120,3.9,259,0.8764,97.683,2005-11,2014-07,monitor
B000AP05BO,120,3.708,3342,0.8989,212.483,2004-05,2014-06,monitor
B000BSLW8U,119,4.513,106,0.6981,44.261,2010-06,2014-07,high_volume_high_rating
B0000642RX,119,4.227,476,0.813,125.479,2002-06,2014-06,monitor
B000E8SY5Q,118,4.653,67,0.806,55.254,2007-04,2014-06,high_volume_high_rating
B0001CNMFM,117,4.675,945,0.9153,62.308,2005-11,2014-07,high_volume_high_rating
B000BNY64C,117,4.59,801,0.8489,56.889,2007-01,2014-07,high_volume_high_rating
B0003QIXBY,116,4.759,106,0.8962,59.56,2005-01,2014-07,high_volume_high_rating
B0002BEQN4,116,4.397,60,0.2667,35.69,2009-12,2014-07,monitor
B000A0UHXU,116,4.284,764,0.8455,106.56,2006-08,2014-07,monitor
B0001BVXI6,116,3.905,351,0.9117,126.931,2004-07,2014-07,monitor
B000051299,116,3.888,190,0.7421,80.707,2001-06,2014-07,monitor
B00006I53X,115,4.87,1060,0.7406,162.974,2005-03,2014-05,high_volume_high_rating
B00092GM0Q,115,4.374,208,0.8077,94.6,2006-05,2014-07,monitor
B00004VUGJ,115,4.235,494,0.8806,124.991,2001-01,2014-03,monitor
B0007QN18U,115,4.235,1154,0.9679,168.861,2005-06,2014-05,monitor
B0001F22PA,115,2.565,545,0.8092,138.983,2004-04,2013-11,high_volume_low_rating
B000I5LACO,114,4.491,113,0.7876,55.132,2010-10,2014-06,monitor
B000FITKK8,114,4.439,640,0.8328,101.877,2007-01,2014-03,monitor
B0009GZSSO,114,4.43,3166,0.9548,238.746,2005-06,2014-04,monitor
B00006HSML,114,4.395,237,0.8945,57.93,2007-02,2014-03,monitor
B000IJV4BC,114,4.281,1577,0.7051,206.912,2006-11,2014-07,monitor
B00004ZCKV,114,4.254,788,0.8071,78.596,2001-01,2014-06,monitor
B000HDFXU2,114,4.254,370,0.6622,56.333,2006-07,2014-07,monitor
B000I20AJ6,114,4.228,104,0.8173,55.86,2010-12,2014-06,monitor
B000BI2180,114,3.798,1393,0.9203,152.325,2005-10,2013-12,monitor
B000AO3L84,113,4.673,1262,0.901,107.681,2005-10,2014-05,high_volume_high_rating
B0009WU65I,113,4.54,78,0.9103,44.85,2010-09,2014-07,high_volume_high_rating
B000B6MLPU,113,4.407,155,0.3871,46.46,2006-10,2014-06,monitor
B000EXT5AY,113,4.354,787,0.9022,137.673,2006-07,2014-06,monitor
B0007Q9PWQ,112,4.58,43,0.7907,44.259,2011-08,2014-07,high_volume_high_rating
B00024ENES,112,4.571,398,0.8869,105.536,2005-08,2014-07,high_volume_high_rating
B0002SQ0A4,112,4.464,510,0.8059,126.304,2005-01,2012-11,monitor
B000JLKIHA,112,4.188,1208,0.5811,157.777,2007-09,2014-06,monitor
B0001A06GW,111,4.595,609,0.7044,59.477,2004-01,2014-04,high_volume_high_rating
B000J1H4VI,111,4.55,32,0.75,41.126,2010-01,2014-07,high_volume_high_rating
B000A2BLEC,111,4.117,391,0.9361,55.153,2006-05,2014-01,monitor
B0002GDIII,111,4.081,720,0.6986,157.009,2004-07,2014-01,monitor
B0007SL4IW,110,4.191,103,0.6214,61.673,2006-03,2014-07,monitor
B0002EQU6C,109,4.752,117,0.7009,62.725,2007-07,2014-06,high_volume_high_rating
B00006BBAB,109,4.56,193,0.9016,65.018,2009-04,2014-07,high_volume_high_rating
B0000A0AEM,109,4.174,240,0.8208,70.688,2008-11,2014-07,monitor
B00009W3TY,109,3.963,104,0.8654,58.211,2007-01,2014-07,monitor
1400532655,109,3.807,1117,0.7645,266.78,2010-11,2014-07,monitor
B000CQPWMS,109,3.725,163,0.7607,129.037,2007-09,2014-06,monitor
B00000K135,108,4.509,115,0.7652,39.898,2005-01,2014-07,high_volume_high_rating
B00000K2YR,108,4.019,263,0.6502,105.972,2006-01,2014-07,monitor
B0002GX0ZE,107,4.738,51,0.5686,38.533,2011-06,2014-07,high_volume_high_rating
B000GQMHBI,107,4.692,122,0.7787,143.776,2008-08,2014-07,high_volume_high_rating
B0002MQGOA,107,4.393,87,0.8391,43.701,2006-11,2014-07,monitor
B0007LJHVK,107,4.383,212,0.9387,85.636,2005-12,2013-08,monitor
B00008VF63,107,4.168,273,0.7766,106,2004-04,2014-01,monitor
B000E1FYQA,107,4.065,1175,0.8281,137.822,2006-02,2014-03,monitor
B000J4WPW8,107,3.841,184,0.8533,120.477,2007-04,2014-06,monitor
B000EOSHGQ,106,4.783,1262,0.7956,132.972,2006-03,2014-06,high_volume_high_rating
B00003CWDG,106,4.226,646,0.8808,53.509,2006-05,2014-07,monitor
B000IMSK8Y,106,3.877,387,0.8191,215.274,2006-12,2013-04,monitor
B000FKKWVM,105,4.714,695,0.8532,66.105,2006-11,2014-05,high_volume_high_rating
B00062UW5A,105,4.305,62,0.9355,81.638,2007-01,2014-07,monitor
B0001H27PS,104,4.51,466,0.8734,98.663,2004-07,2014-03,high_volume_high_rating
B000ERAON2,104,4.279,571,0.8827,60.596,2006-09,2014-06,monitor
B00005A1K1,104,4.221,272,0.8897,101.577,2002-12,2014-07,monitor
B00007LTBA,104,3.423,399,0.6942,134.76,2003-08,2011-10,high_volume_low_rating
B0000UV2AW,103,4.495,161,0.677,53.252,2007-08,2014-07,monitor
B00004W3ZQ,103,4.466,99,0.8687,106.039,2008-08,2014-07,monitor
B000B9O83A,103,4.447,1070,0.8963,210.583,2005-12,2014-01,monitor
B000EHYG9K,103,4.417,446,0.8722,156.466,2006-12,2014-07,monitor
B000EPHR0C,103,4.369,1778,0.7812,157.214,2006-09,2014-05,monitor
B000BONJXU,103,4.311,1226,0.9258,142.961,2005-11,2013-11,monitor
B000EGQS5G,103,4.107,373,0.882,58.602,2007-02,2014-07,monitor
B0006PUDQK,103,3.922,460,0.8239,106.243,2007-01,2014-07,monitor
B0006I09OS,103,3.835,327,0.8135,110.621,2005-10,2014-07,monitor
B0002BEWZQ,102,4.725,56,0.8929,41.255,2010-03,2014-07,high_volume_high_rating
B0007NWL70,102,4.539,901,0.9734,103.069,2007-11,2014-04,high_volume_high_rating
B00005T406,102,4.363,308,0.8766,134.784,2003-07,2014-06,monitor
B00006JPDI,101,4.634,372,0.7823,162.168,2003-03,2014-07,high_volume_high_rating
B000BAX50G,101,4.545,485,0.9258,138.673,2005-09,2014-03,high_volume_high_rating
B00008ZPED,101,4.287,338,0.9675,78.01,2006-04,2014-05,monitor
B0007DDK7A,101,4.178,517,0.8124,70.436,2005-10,2014-07,monitor
B000068P8W,101,4.139,152,0.5658,93.04,2006-12,2014-07,monitor
B00009R6JT,100,4.6,571,0.7023,67.8,2006-11,2014-06,high_volume_high_rating
B000J47W12,100,4.6,229,0.9214,47.6,2007-02,2014-07,high_volume_high_rating
B000EZL1EA,100,4.49,95,0.9684,58.3,2008-05,2014-07,monitor
B0009JB7GI,100,4.43,134,0.7612,67.79,2007-03,2014-07,monitor
B000IE8Z4Q,100,4.23,628,0.7229,236.61,2006-10,2014-04,monitor
B000HEW0KW,100,4.14,112,0.8393,87.84,2003-05,2014-07,monitor
B000I4RMOU,100,3.87,138,0.8043,97.74,2006-12,2014-07,monitor
B000AV14M2,99,4.465,422,0.7488,70.646,2006-03,2014-05,monitor
B00006IS4X,99,4.111,1578,0.8821,222.636,2003-10,2014-06,monitor
B000A3WS84,99,4.051,1148,0.6672,246.192,2005-10,2014-06,monitor
B00065AO0K,98,4.633,1313,0.904,57.786,2005-06,2013-12,monitor
B000BMAQAQ,98,4.388,491,0.8778,48.531,2007-08,2014-07,monitor
B000FIVDIA,97,4.381,330,0.7242,92.546,2007-01,2014-07,monitor
B0009K9FZW,97,4.34,704,0.9247,99.701,2005-08,2014-06,monitor
B000EPNDEG,97,4.299,1126,0.7682,135.103,2006-09,2014-07,monitor
B000J1DA3Y,97,4.0,95,0.7579,72.588,2008-08,2014-07,monitor
B0007TOR08,96,4.781,31,0.5806,52.802,2007-08,2014-07,monitor
B000083KIH,96,4.74,163,0.7791,58.073,2008-08,2014-07,monitor
B00004Z5PY,96,4.49,145,0.8207,47.083,2005-08,2014-07,monitor
B000BSJFJS,96,4.406,75,0.8267,74.229,2010-06,2014-07,monitor
B00007AP2O,96,3.948,106,0.8774,50.75,2007-09,2014-07,monitor
B000EXRSVM,96,3.521,424,0.8373,111.708,2006-05,2013-07,monitor
B00009R9A1,95,4.516,397,0.4559,54.632,2007-03,2014-07,monitor
B00009R94Q,95,4.337,279,0.7204,69.032,2007-05,2014-05,monitor
B0002EXJ8Y,95,4.126,141,0.7589,121.926,2004-11,2014-04,monitor
B00007KDVK,95,3.958,452,0.896,118.242,2003-01,2014-06,monitor
B00006I5WJ,95,3.821,779,0.8806,168.305,2003-07,2014-06,monitor
B000I1X6PM,95,3.474,13587,0.9458,154.526,2008-06,2014-03,monitor
B0001XGQTA,94,4.713,146,0.6301,55.298,2007-02,2014-07,monitor
B000JLK5PK,94,4.649,693,0.9177,135.564,2005-04,2014-06,monitor
B000BSN4UY,94,4.415,81,0.6667,38.968,2007-10,2014-07,monitor
B00001P4ZR,94,4.149,357,0.7311,101.681,2002-02,2014-06,monitor
B0002ZAILY,94,4.128,936,0.7746,219.202,2005-01,2013-01,monitor
B0002XN3VS,94,3.851,296,0.7128,86.436,2005-11,2014-05,monitor
B0001FV36E,94,3.404,1181,0.8848,127.564,2004-09,2014-07,monitor
B000053HC5,93,4.914,952,0.8508,199.194,2004-12,2014-06,monitor
B0002VAQR4,93,4.806,124,0.5242,50.581,2006-11,2014-06,monitor
B00007E816,93,4.613,382,0.9136,92.581,2007-02,2014-05,monitor
B00004Z0C7,93,4.333,128,0.9219,61.957,2007-07,2014-07,monitor
B00008EM7U,93,3.72,411,0.8832,64.312,2005-03,2014-07,monitor
B0000AAAPF,93,2.914,688,0.8721,158.054,2003-11,2013-02,monitor
B000HDJY7K,92,4.38,108,0.7685,51.38,2009-01,2014-07,monitor
B000EPJL1A,92,4.37,1833,0.8003,170.837,2006-10,2012-07,monitor
B0009WKBGC,92,4.109,411,0.9221,128.565,2005-10,2013-09,monitor
B0002Y5WXO,92,3.924,1622,0.86,191.772,2004-10,2014-07,monitor
B000HRYV38,91,4.571,169,0.8876,104.747,2007-10,2014-06,monitor
B000H02B6O,91,4.516,70,0.9571,74.363,2011-03,2014-07,monitor
B000EIXX4S,91,4.495,324,0.9599,77.462,2006-11,2014-03,monitor
B000246ST6,91,4.385,95,0.8632,106.121,2008-03,2014-07,monitor
B000FL9E6U,91,4.209,171,0.7427,177.341,2007-01,2014-07,monitor
B000652SOK,91,4.088,55,0.8545,77.44,2011-12,2014-07,monitor
B00032AVN6,91,3.824,853,0.8898,88.132,2008-02,2014-07,monitor
B0002BF09S,90,4.822,58,0.8793,45.444,2009-09,2014-07,monitor
B00020M1U0,90,4.8,92,0.8804,109,2007-12,2013-06,monitor
B000AM3U2I,90,4.578,242,0.8636,103.022,2006-04,2014-06,monitor
B00008W2LC,90,4.522,48,0.7708,110.267,2012-11,2014-04,monitor
B00006B81E,89,4.494,174,0.8046,65.124,2008-07,2014-07,monitor
B00009R9EO,89,4.472,200,0.86,56.629,2007-03,2014-07,monitor
B000EFIJTA,89,4.449,249,0.8675,82.326,2009-02,2014-07,monitor
B000F78582,89,4.225,163,0.8773,49.36,2007-03,2014-07,monitor
B0002J28NQ,89,4.022,276,0.9384,59.697,2007-06,2014-06,monitor
B000B60H0G,89,3.528,266,0.7895,177.393,2010-03,2014-05,monitor
B0007U9KAY,89,3.461,481,0.7443,142.258,2005-05,2011-11,monitor
B0000C73CQ,88,4.761,82,0.7683,43.375,2010-03,2014-07,monitor
B0002EXF38,88,4.693,788,0.9429,151.818,2006-08,2014-07,monitor
B000FFISV8,88,4.614,142,0.7958,47.534,2006-07,2014-07,monitor
B0002MQGOU,88,4.489,32,0.9062,44.091,2007-03,2014-07,monitor
B0009Q4PH4,88,4.17,490,0.8327,257.818,2005-08,2013-01,monitor
B0002AKX6Y,88,3.614,127,0.9606,54.977,2009-03,2014-07,monitor
B0007SXHP0,88,3.614,404,0.9233,121.409,2005-07,2014-03,monitor
B000066R6M,87,4.103,908,0.9714,140.678,2003-09,2014-07,monitor
B0002BEX8W,87,3.931,171,0.8304,50.034,2010-12,2014-07,monitor
B000IDCDZY,87,3.701,104,0.8077,57.517,2008-12,2014-07,monitor
B00006B8K2,86,4.663,181,0.8619,64.337,2006-08,2014-07,monitor
B0007A1IRC,86,4.581,215,0.893,96.291,2005-02,2014-06,monitor
B000GZ6ZQW,86,4.523,45,0.9333,50.326,2009-08,2014-07,monitor
B000JFJZGG,86,4.256,113,0.8673,67.5,2009-11,2014-07,monitor
B00007FGUF,86,4.198,79,0.8734,47.337,2007-11,2014-07,monitor
B000233ZMU,86,4.174,95,0.7263,92,2008-03,2014-07,monitor
B000H866BM,86,4.07,699,0.8412,175.384,2006-09,2014-01,monitor
B0002OZXHO,86,3.988,816,0.6042,229.767,2004-08,2014-04,monitor
B000FGNM6I,85,4.671,69,0.4928,46.988,2007-07,2014-07,monitor
B0001XGR1C,85,4.624,61,0.8033,58.682,2004-12,2014-05,monitor
B0002J2MV4,85,4.529,85,0.9765,67.176,2007-05,2014-07,monitor
B000AM8SK2,85,4.529,361,0.9252,108.376,2006-08,2013-11,monitor
B00005TQ08,85,4.506,184,0.7609,111.918,2002-01,2013-11,monitor
B000063TJY,85,4.306,348,0.6839,137.565,2006-11,2014-04,monitor
B000HZGQ9C,85,4.306,413,0.8063,91.659,2006-11,2013-01,monitor
B000I06JLQ,85,4.235,43,0.8837,45.624,2009-08,2014-06,monitor
B000FJD5IA,85,4.024,181,0.8895,128.506,2006-07,2014-04,monitor
B00081A2CW,85,4.012,355,0.893,85.376,2007-01,2014-06,monitor
B000JLP5UK,84,4.774,174,0.7931,47.262,2006-12,2014-05,monitor
9983891212,84,4.702,54,0.8333,43.012,2010-03,2014-06,monitor
B00065ANYW,84,4.631,315,0.8254,57.536,2006-04,2014-06,monitor
B0001GMIOE,84,4.548,336,0.8393,63.988,2004-11,2014-03,monitor
B000234TYI,84,4.429,13,0.6923,39.774,2006-01,2014-07,monitor
B00009RUCH,84,4.131,516,0.936,81.274,2005-09,2014-07,monitor
B000FV8P24,84,4.071,83,0.6867,108.405,2007-09,2014-07,monitor
B000089GN4,84,3.738,652,0.8972,186.226,2003-04,2014-04,monitor
B000067SG2,83,4.795,30,0.7667,50.482,2008-03,2014-07,monitor
B000ID6DTG,83,4.675,306,0.8627,65.542,2006-09,2014-07,monitor
B00005T3N3,83,4.602,94,0.7979,63.458,2006-11,2014-07,monitor
B0002MQGK4,83,4.506,61,0.623,38.988,2007-01,2014-07,monitor
B000AAZQJU,83,4.434,186,0.8172,52.795,2007-05,2014-06,monitor
B0009N5MCY,83,4.361,280,0.9071,86.386,2005-06,2014-02,monitor
B0001OHH0Q,83,4.169,587,0.9029,103.096,2006-05,2014-06,monitor
B000II6YEA,83,3.398,389,0.7841,250.289,2007-01,2013-11,monitor
B000EUFJXE,82,4.732,117,0.9316,49.293,2008-02,2014-07,monitor
B00005T380,82,4.683,83,0.9277,47.415,2004-01,2014-07,monitor
B000I1YIDQ,82,4.585,1282,0.7988,223.488,2007-12,2014-06,monitor
B00005T3H5,82,4.561,304,0.9441,106.695,2003-06,2014-02,monitor
B0002WPSCG,82,4.524,187,0.7112,110.951,2005-03,2014-05,monitor
B00068U44I,82,4.524,195,0.9077,84.829,2008-12,2014-07,monitor
B000I2C80K,82,4.354,49,0.6939,48.756,2008-05,2014-07,monitor
B00009UT28,82,4.268,463,0.9287,70.012,2004-05,2014-07,monitor
B00067OF80,82,4.268,241,0.9004,135.805,2005-04,2014-03,monitor
B00006HOKR,82,4.256,670,0.9179,161.659,2004-11,2014-07,monitor
B00000JI4F,82,4.134,113,0.8319,70.073,1999-12,2014-07,monitor
B000CNAEEW,82,4.061,416,0.8029,62.659,2007-02,2014-07,monitor
B0007QKXYU,82,4.049,1307,0.9365,178.524,2005-09,2014-07,monitor
B00023KG40,82,3.659,132,0.8712,109.659,2005-11,2014-07,monitor
B000JO7PIM,81,4.296,1090,0.8743,131.667,2007-09,2014-07,monitor
B0002FHENE,81,4.173,642,0.9081,124.235,2005-02,2014-05,monitor
B000FW60FW,81,3.741,72,0.7361,123.741,2007-02,2014-06,monitor
B00006HVLW,81,3.63,328,0.9207,88.593,2007-05,2014-07,monitor
B000IKWBC2,81,3.58,83,0.8554,86.556,2007-08,2014-07,monitor
B0000511U7,80,4.862,185,0.9351,110.05,2008-12,2014-07,monitor
B00018MSNI,80,4.625,1143,0.8119,263.925,2004-01,2014-06,monitor
B00005NIMR,80,4.55,308,0.7857,52.45,2005-05,2014-07,monitor
B0007M0VWS,80,4.525,146,0.8493,58.075,2005-08,2014-07,monitor
B000EMWBT2,80,4.487,1283,0.9072,144.812,2006-04,2014-04,monitor
B000E9U9GC,80,4.463,10,0.9,41.925,2010-05,2014-07,monitor
B00030AXNQ,80,4.45,59,0.5932,45.138,2011-08,2014-07,monitor
B0009JZSKO,80,4.425,105,0.9238,58.712,2009-05,2014-04,monitor
B000HLZXH2,80,4.263,34,0.7647,64.775,2007-05,2014-07,monitor
B000I4UQL6,80,4.213,70,0.7857,77.15,2008-05,2014-06,monitor
B000069EUW,80,4.162,513,0.9493,137.162,2004-04,2014-07,monitor
B000HI9O5W,80,4.138,919,0.8847,96.862,2007-03,2013-12,monitor
B0007Y79B2,80,4.05,2219,0.8616,256.025,2005-09,2014-01,monitor
B000H6CBA4,80,3.938,619,0.8837,112.862,2006-12,2013-12,monitor
B0007VMROE,80,3.413,2100,0.9262,202.062,2005-04,2014-03,monitor
B000056SSM,80,3.312,242,0.8554,151.137,2001-03,2014-06,monitor
B0007N55NM,80,3.275,149,0.7248,91.525,2006-06,2014-07,monitor
B0001A3N6C,79,4.709,719,0.9458,89.418,2006-03,2014-04,monitor
B000JEC7CQ,79,4.671,114,0.8333,49.658,2008-12,2014-07,monitor
B0002GV876,79,4.506,240,0.9083,76.253,2007-08,2014-07,monitor
B000HAR8UI,79,4.494,513,0.8616,143.975,2006-09,2012-12,monitor
B000GABCY2,79,4.266,228,0.7982,120.418,2006-08,2014-01,monitor
B00000J1SC,79,4.241,37,0.7297,52.81,2007-07,2014-07,monitor
B0002XQDSS,79,4.076,208,0.851,95.848,2006-04,2014-07,monitor
B00005AW1H,79,3.823,404,0.8267,115.203,2001-07,2014-03,monitor
B000085BD8,79,3.595,278,0.8129,123.899,2003-02,2014-03,monitor
B0000BZ2WA,78,4.423,92,0.9457,60.128,2004-10,2014-04,monitor
B000E8X5Z0,78,4.397,80,0.6125,61.821,2007-01,2014-07,monitor
B000GU88CQ,78,4.372,942,0.9225,89.756,2007-03,2014-05,monitor
B00003006E,78,4.308,652,0.7883,80.795,2000-10,2014-04,monitor
B000BQ57BU,78,4.295,690,0.8406,112.705,2007-05,2014-03,monitor
B00009ZWC8,78,4.218,56,0.7857,44.59,2007-05,2014-06,monitor
B000075UZ7,78,4.064,418,0.8636,79.5,2003-05,2014-07,monitor
B00009W3E2,78,3.705,222,0.8108,80.513,2009-03,2014-07,monitor
B0002H4YUI,78,3.667,559,0.8855,78.769,2006-04,2014-07,monitor
B00006I53W,77,4.935,1217,0.8981,189.519,2005-07,2014-06,monitor
B00005T3C8,77,4.818,252,0.8968,90.429,2007-03,2014-05,monitor
B0000BZL0G,77,4.688,196,0.801,73.481,2004-10,2014-06,monitor
B0002YE686,77,4.571,326,0.6595,68.506,2005-06,2014-07,monitor
B000I5JHB0,77,4.519,148,0.8243,174.052,2006-12,2014-06,monitor
B0001LTT5K,77,4.312,119,0.8235,83.909,2004-08,2013-07,monitor
B00005BC0J,77,4.052,182,0.7747,89.182,2003-08,2014-07,monitor
B0009RKL5S,77,4.052,189,0.7619,71.948,2006-02,2014-06,monitor
B00009V332,77,4.026,116,0.8017,61.831,2010-01,2014-07,monitor
B000HVVHEU,77,3.961,12,0.6667,64.208,2007-12,2014-03,monitor
B000H72MMU,77,3.351,261,0.8659,89.558,2006-09,2013-12,monitor
B000BY52NK,76,4.842,998,0.9088,232.447,2006-01,2014-07,monitor
B0009GZAGO,76,4.776,1761,0.9347,250.039,2005-07,2013-06,monitor
B000E8OVMQ,76,4.697,287,0.899,75.303,2007-04,2014-02,monitor
B000F34FVM,76,4.671,287,0.8537,104.197,2008-10,2014-05,monitor
B000CP4ML6,76,4.632,212,0.9623,53.618,2006-09,2014-07,monitor
B00001P505,76,4.434,235,0.9234,120.592,2000-07,2014-06,monitor
B000I97N4O,76,4.355,148,0.9122,73.184,2008-10,2014-07,monitor
B00009R6VZ,76,4.184,325,0.7415,76.355,2005-08,2014-07,monitor
B000068O3T,76,4.145,49,0.8367,38.961,2008-04,2014-07,monitor
B0007U9SRE,76,4.118,133,0.8496,53.039,2011-04,2014-07,monitor
B000FNDWLQ,76,3.776,130,0.9,66.711,2008-03,2014-05,monitor
B000JLO31M,76,3.684,885,0.9266,176.645,2007-06,2014-07,monitor
B000A3XRSO,76,3.395,555,0.8991,205.211,2005-11,2014-07,monitor
B00009V6U0,75,4.813,70,0.7857,49.773,2007-07,2014-03,monitor
B000097O5F,75,4.76,116,0.8879,57.053,2006-04,2014-06,monitor
B000JJSQ30,75,4.693,62,0.8065,48.293,2009-01,2014-06,monitor
B0002WPREU,75,4.56,212,0.9198,64.547,2007-07,2014-07,monitor
B000AYJDD6,75,4.56,1617,0.8874,221.96,2005-10,2014-05,monitor
B00007E7K9,75,4.493,235,0.8681,90.133,2006-04,2014-07,monitor
B00009UT3F,75,4.413,350,0.9286,90.48,2004-06,2014-05,monitor
B000JUT2XC,75,4.413,72,0.7917,80.88,2007-12,2014-01,monitor
B00009WQS1,75,4.173,148,0.8784,132.253,2006-08,2014-07,monitor
B000AY5Y5W,75,3.987,360,0.7472,208.6,2005-10,2014-07,monitor
B00006FXR9,75,3.827,644,0.8773,112.053,2002-10,2014-02,monitor
B0009NEUO0,75,3.627,410,0.8976,101.733,2005-07,2013-11,monitor
B000FJEYZS,75,3.507,413,0.9467,149.96,2006-05,2014-07,monitor
B000EW9Y4M,74,4.77,1938,0.8586,218.365,2006-05,2014-06,monitor
B00023JJV6,74,4.554,92,0.7826,134.689,2005-03,2014-04,monitor
B000BM8RFM,74,4.541,84,0.7976,40.338,2008-03,2014-07,monitor
B000I963FE,74,4.419,51,0.8039,39.581,2009-06,2014-07,monitor
B000I661J0,74,4.338,994,0.7183,190.365,2006-09,2014-06,monitor
B0009MX5R4,74,4.284,229,0.7205,70.041,2005-09,2014-07,monitor
B0001PFQ08,74,2.811,301,0.8173,142.986,2004-06,2013-10,monitor
B0007WK8LC,73,4.89,338,0.9112,122.836,2005-07,2013-12,monitor
B0008D76L0,73,4.767,523,0.7897,100.329,2006-04,2013-04,monitor
B000ANGNN0,73,4.562,122,0.6967,81.548,2010-01,2014-06,monitor
B000E8BGCE,73,4.534,27,0.6296,37.507,2009-02,2014-07,monitor
B000BVCSMG,73,4.384,1052,0.6996,126.452,2007-12,2014-06,monitor
B00008Y1BX,73,4.329,232,0.7802,81.452,2003-06,2014-07,monitor
B00009RA60,73,4.26,448,0.8839,162.479,2007-04,2014-07,monitor
B0000AI0OE,73,4.247,165,0.903,73.425,2005-12,2014-07,monitor
B0003QER7S,73,3.945,547,0.8903,208.644,2004-10,2013-12,monitor
B000J3G2CS,73,3.74,347,0.9251,156.26,2006-11,2013-03,monitor
B0007WK8KS,72,4.833,1199,0.8941,135.639,2005-07,2014-07,monitor
B000068O33,72,4.75,47,0.617,52.833,2007-01,2014-07,monitor
B0002J5TGY,72,4.597,78,0.7308,46.319,2007-01,2014-05,monitor
B00013MSUQ,72,4.583,232,0.8578,57.375,2007-02,2014-06,monitor
B0002JFN10,72,4.542,118,0.7627,53.819,2009-03,2014-06,monitor
B000H9J3ZC,72,4.486,103,0.7573,114.264,2008-06,2014-06,monitor
B00006HSYC,72,4.444,72,0.8889,43.736,2007-03,2014-05,monitor
B0009Q56N6,72,4.333,100,0.72,91.097,2006-09,2014-04,monitor
B0000665V6,72,4.25,72,0.6111,50.833,2009-10,2014-07,monitor
B00005BC0K,72,3.986,47,0.7021,80.861,2002-02,2014-07,monitor
B0002Z82XA,72,3.806,78,0.7308,81.139,2008-03,2014-06,monitor
B00009X6PH,72,3.736,443,0.7833,138.194,2003-12,2014-05,monitor
B0002344GG,72,3.153,102,0.7941,73.694,2006-02,2014-07,monitor
B0000BZYPD,71,4.817,20,0.9,40.465,2008-12,2014-05,monitor
B00070QI1I,71,4.732,289,0.8443,52.901,2005-07,2014-07,monitor
B000E8SY5G,71,4.718,49,0.8571,49.507,2007-05,2014-07,monitor
B00005LENO,71,4.521,1045,0.8651,175.859,2005-02,2014-06,monitor
B0006I09LQ,71,4.352,121,0.843,93.775,2007-09,2014-06,monitor
B000FVGM38,71,4.324,147,0.8231,65.099,2007-05,2014-07,monitor
B000A6NUU6,71,4.268,118,0.9492,102.563,2006-05,2014-07,monitor
B000JNG45I,71,4.239,79,0.962,68.831,2007-10,2014-07,monitor
B00006I5XC,71,4.225,143,0.8252,110.831,2007-08,2014-04,monitor
B000HZBR64,71,4.155,1049,0.8637,243.93,2006-11,2014-04,monitor
140053271X,71,3.831,1097,0.8933,206.493,2011-07,2014-05,monitor
B00006B7DB,71,3.746,627,0.8565,99.437,2003-08,2013-11,monitor
B0001FSCZO,71,3.606,578,0.692,192.099,2004-06,2014-01,monitor
B00008NJEP,71,3.042,158,0.8354,75.718,2004-05,2014-06,monitor
B0002KR88A,70,4.643,26,0.6923,35.371,2010-08,2014-07,monitor
B00009MK5M,70,4.5,140,0.8786,49.029,2005-12,2014-07,monitor
B00006B7HB,70,4.314,256,0.8359,101.771,2002-09,2014-04,monitor
B00000K4KH,70,4.257,528,0.8693,98.657,2000-06,2014-06,monitor
B0001LS3EI,70,4.143,17,0.9412,56.2,2007-11,2014-07,monitor
B00001W0EQ,70,4.014,117,0.8974,82.886,2000-04,2014-07,monitor
B00004VX39,70,3.9,73,0.8767,63.571,2001-10,2014-07,monitor
B000FW1X4K,70,3.514,166,0.7651,77.6,2007-11,2014-07,monitor
B00008VWOJ,70,3.371,126,0.8016,102.986,2004-11,2014-07,monitor
B00009R6K7,69,4.812,154,0.9221,63.638,2007-01,2014-06,monitor
B000JLM50I,69,4.507,363,0.9311,90.768,2008-08,2014-07,monitor
B000CSQJ8C,69,4.42,719,0.9736,170.188,2006-03,2014-02,monitor
B00001W0DI,69,4.362,988,0.8897,143.435,2000-05,2014-01,monitor
B000EPRG6W,69,4.29,156,0.8526,50.725,2007-01,2014-07,monitor
B000CRT07U,69,4.246,33,0.8485,59.826,2008-07,2014-05,monitor
B00005Y3OM,69,4.058,1641,0.8836,136.812,2004-09,2014-07,monitor
B000JKHXPQ,69,3.797,214,0.7757,131.826,2006-12,2013-06,monitor
B0000U19F0,69,3.652,542,0.9059,162.913,2004-01,2012-01,monitor
B00008ZPJU,69,3.464,476,0.8487,165.159,2003-07,2014-03,monitor
B00003G1RG,68,4.676,552,0.9022,66.794,2000-11,2013-01,monitor
B000HCGAFK,68,4.676,41,0.6829,40.574,2006-10,2014-07,monitor
B00009R6WU,68,4.529,639,0.8106,144.338,2004-11,2014-06,monitor
B000JO3N3S,68,4.471,387,0.6331,141.75,2007-09,2014-01,monitor
B00006JQ6C,68,4.412,107,0.8692,99.706,2008-02,2014-05,monitor
B0002MQGRM,68,4.235,134,0.7612,54.294,2006-12,2014-06,monitor
B000094Q77,68,4.118,295,0.8542,139.074,2004-04,2013-07,monitor
B0002I5RI0,68,4.118,126,0.8968,73.574,2006-10,2014-07,monitor
B00028ONIA,68,3.838,107,0.8411,76.941,2006-10,2014-07,monitor
B00006IW1X,68,3.824,306,0.7451,87.132,2003-06,2014-07,monitor
B0009STJIW,68,3.809,251,0.9641,132.941,2009-10,2014-07,monitor
B00067TTY0,68,3.735,2072,0.8639,299.809,2004-10,2007-11,monitor
B000261N6M,68,3.456,142,0.8873,98.765,2006-03,2014-05,monitor
B00021EE4U,67,4.716,740,0.9338,190.687,2005-12,2014-06,monitor
B000EN0K94,67,4.687,1091,0.8478,198.418,2006-05,2013-12,monitor
B000AAN76Y,67,4.627,84,0.7024,43.03,2009-03,2014-07,monitor
B000BUDHOA,67,4.448,48,0.8542,90.254,2008-09,2014-06,monitor
B000CCXCYC,67,4.269,255,0.8745,233.701,2005-12,2014-04,monitor
B0009RKL62,67,4.104,182,0.7747,69.433,2006-01,2014-06,monitor
B000CDLCGG,67,4.03,116,0.7069,59.791,2007-05,2014-05,monitor
B000F2KUK8,67,4.03,233,0.8412,113.104,2006-08,2013-11,monitor
B00068YUPM,67,3.343,157,0.3885,75.612,2005-08,2014-05,monitor
B00009YFTI,66,4.697,5,0.8,37.242,2011-07,2014-07,monitor
B00005T3Q2,66,4.682,182,0.7088,90.318,2007-03,2014-05,monitor
B000BO3CW8,66,4.424,1295,0.6958,57.712,2006-04,2014-07,monitor
B00094OX2S,66,4.394,87,0.9425,84.227,2008-03,2014-07,monitor
B00005QBUU,66,4.364,133,0.8571,84.803,2003-04,2014-07,monitor
B0002GX1XA,66,4.348,54,0.6852,45.364,2010-06,2014-07,monitor
B0001UZQWG,66,4.212,51,0.6863,62.333,2006-10,2014-07,monitor
B000BDH2Y8,66,4.136,173,0.8613,132.364,2006-01,2014-01,monitor
B0007UVRVO,66,4.015,154,0.8506,73.848,2005-09,2014-07,monitor
B0000A98AC,66,3.864,203,0.8621,60.636,2005-09,2014-07,monitor
B000G18DR0,66,3.727,412,0.7549,146.212,2006-07,2014-01,monitor
B0000A0AJH,66,3.394,472,0.8347,112.727,2003-11,2012-01,monitor
B00030CHRQ,66,3.333,176,0.625,152.485,2004-08,2012-12,monitor
B0006BKH3S,66,3.242,544,0.875,164.621,2004-12,2014-03,monitor
B0000C0XS0,66,3.015,415,0.8072,171.424,2003-12,2013-11,monitor
B0000C8VEK,65,4.646,2061,0.9098,275.031,2003-09,2013-11,monitor
B0009HGVZW,65,4.569,231,0.7056,54.646,2006-06,2014-05,monitor
B000AOKTJ8,65,4.477,226,0.8717,174.385,2006-09,2014-04,monitor
B000F34IA0,65,4.262,142,0.7042,81.031,2006-12,2014-07,monitor
B00008OE6I,65,4.215,1230,0.8951,256.2,2003-03,2013-12,monitor
B00012F6A6,65,3.877,18,0.6667,67.569,2011-01,2014-07,monitor
B000I20BBI,65,3.8,46,0.8478,52.954,2008-06,2014-05,monitor
B0000DK5LW,65,3.754,332,0.8976,110.585,2007-07,2014-07,monitor
B000BUDHNQ,65,3.415,111,0.8559,80.123,2007-03,2014-07,monitor
B000JJM7S0,65,3.354,72,0.8333,164.538,2007-08,2013-09,monitor
B000I6F0T2,65,3.154,208,0.8894,92.354,2007-05,2014-07,monitor
B0007Y791C,64,4.891,1443,0.8607,246.484,2005-09,2014-04,monitor
B000DZDTKU,64,4.781,1142,0.8222,216.391,2006-03,2014-07,monitor
B000A0CV9S,64,4.719,97,0.8866,52.453,2009-08,2014-07,monitor
B000058AKE,64,4.656,219,0.8813,71.047,2002-09,2014-07,monitor
B00005U21H,64,4.641,428,0.6519,92.406,2002-10,2014-01,monitor
B000B75RDW,64,4.641,219,0.9269,45.141,2011-03,2014-07,monitor
B000J45BK6,64,4.625,151,0.894,57.672,2006-10,2013-09,monitor
B00009XVCU,64,4.438,724,0.8149,157.531,2005-07,2014-06,monitor
B00078GLJY,64,4.438,470,0.717,207.406,2005-01,2008-07,monitor
B0000668YX,64,4.344,222,0.6171,88,2006-02,2014-07,monitor
B0000AKA90,64,4.281,83,0.8916,66.844,2006-07,2014-06,monitor
B0002EPWC0,64,4.219,551,0.9401,107.938,2005-02,2014-06,monitor
B000IT600W,64,4.219,107,0.8411,124.328,2006-11,2013-12,monitor
B00083Y0YG,64,4.125,237,0.903,157.828,2006-01,2013-09,monitor
B00009LI55,64,4.078,148,0.7162,110.484,2003-12,2014-01,monitor
B00012F7HS,64,3.953,401,0.8703,63.844,2004-07,2014-05,monitor
B000051ZOA,64,3.938,308,0.8701,70.922,2004-01,2014-06,monitor
B000EWHEM6,64,3.938,453,0.8609,125.672,2006-05,2014-04,monitor
B000I1D0BW,64,3.844,35,0.8286,49.188,2010-02,2014-07,monitor
B000B6D39I,64,3.5,225,0.7244,152.359,2006-07,2014-07,monitor
B000067G0J,64,3.25,363,0.6584,100.922,2003-01,2014-07,monitor
B000EUJ1PQ,64,3.125,169,0.8402,159.516,2006-09,2014-04,monitor
B00012FVYC,63,4.508,427,0.8501,108.841,2005-02,2014-07,monitor
B0002BF0DE,63,4.508,17,0.5294,46.556,2009-05,2014-07,monitor
B000I97FJ2,63,4.381,119,0.9244,57.571,2009-01,2014-06,monitor
B000JNYWBG,63,4.381,1682,0.8359,296.333,2007-09,2013-07,monitor
B0009SCMKY,63,3.984,272,0.8529,133.571,2007-01,2014-07,monitor
B000EW2XQ8,63,3.889,40,0.275,65.873,2008-05,2014-03,monitor
B00008KWWF,63,3.841,251,0.9402,134.476,2004-06,2014-07,monitor
B0009V6TL4,63,3.81,167,0.8084,99.476,2006-01,2014-07,monitor
B00007KDVJ,63,3.794,424,0.783,178.794,2003-02,2013-11,monitor
B000IM9542,63,3.603,354,0.791,144.27,2006-12,2014-07,monitor
B0006A7X36,63,3.571,356,0.823,152.365,2004-11,2009-06,monitor
B000EXTXSI,63,3.571,668,0.8518,157.889,2006-05,2009-12,monitor
B000E39V9O,63,3.302,185,0.9027,165.73,2006-06,2012-11,monitor
B00009R96C,62,4.887,116,0.8793,60.339,2008-07,2014-07,monitor
B00015GYU4,62,4.677,1430,0.9301,134.952,2004-10,2014-04,monitor
B0009JFF7A,62,4.613,21,0.381,46.242,2009-12,2014-06,monitor
B0001GZ87I,62,4.452,310,0.871,89.032,2004-12,2014-06,monitor
B000EDK8V4,62,4.452,724,0.866,139.742,2006-03,2012-10,monitor
B0002GUBIS,62,4.435,82,0.939,51.339,2007-12,2014-06,monitor
B0009WG6KM,62,4.435,517,0.9478,81.306,2007-12,2014-05,monitor
B000FI9VU2,62,4.387,104,0.6731,74.355,2010-11,2014-07,monitor
B00095W91O,62,4.274,214,0.757,115.468,2006-07,2014-05,monitor
B000HAOVC6,62,4.242,1098,0.9044,149.855,2006-09,2013-08,monitor
B000058BCQ,62,4.113,973,0.9383,232.726,2002-05,2014-05,monitor
B000EP4TWQ,62,4.016,251,0.6454,135.113,2006-09,2014-02,monitor
B000136P8W,62,4.0,368,0.9701,103.984,2005-09,2014-06,monitor
B0007XXU3E,62,3.887,140,0.7929,107.242,2005-10,2014-06,monitor
B000FHD7PI,62,3.839,782,0.9361,156.774,2006-07,2014-05,monitor
B0001YXWVO,62,3.774,62,0.9355,88.532,2005-06,2012-12,monitor
B00028VKLI,62,3.726,90,0.9,75.194,2008-04,2014-06,monitor
B0000DB4D1,62,3.661,1154,0.922,228.258,2003-10,2013-08,monitor
B00065L5SU,61,4.738,396,0.8636,60.262,2005-02,2014-06,monitor
B000F2BLTM,61,4.639,556,0.6655,336.295,2007-06,2014-07,monitor
B000GHTGES,61,4.59,1311,0.8863,262.672,2006-08,2014-03,monitor
B00005T6GZ,61,4.443,290,0.8517,105.705,2001-11,2013-07,monitor
B0007XXHNW,61,4.311,84,0.8452,110.115,2005-08,2013-11,monitor
B0006BGV2Y,61,4.213,52,0.6346,101.869,2006-10,2014-07,monitor
B00004T1XE,61,4.148,689,0.9318,105.443,2001-10,2014-07,monitor
B000E1DSAE,61,4.098,359,0.7354,128.279,2006-02,2013-08,monitor
B000CR78C4,61,3.967,467,0.8223,128.295,2006-03,2013-07,monitor
B000E95T58,61,3.705,88,0.8068,97.59,2006-04,2013-12,monitor
B00004VX15,61,3.574,375,0.936,94.59,2000-10,2014-06,monitor
B00009ZY5C,61,3.082,275,0.8945,85.934,2004-09,2014-07,monitor
B0002HA7FY,61,2.918,112,0.7946,92.934,2005-01,2014-05,monitor
B00061UISM,60,4.85,92,0.8913,33.633,2010-06,2014-07,monitor
B000144I2Q,60,4.8,1527,0.7341,207.567,2005-12,2014-07,monitor
B00009R6GE,60,4.733,394,0.8858,101.4,2007-01,2014-06,monitor
B000I94FAE,60,4.733,10,0.8,54.017,2011-10,2014-07,monitor
B0002E1RZQ,60,4.683,60,0.6667,60.4,2008-06,2014-07,monitor
B00065L5TE,60,4.667,26,0.8462,46.983,2006-08,2014-07,monitor
B000GYI76Y,60,4.633,175,0.9371,104.883,2009-03,2013-09,monitor
B000G3KLPA,60,4.483,196,0.9082,117,2006-10,2014-02,monitor
B000F744T6,60,4.383,71,0.7183,43.267,2007-07,2014-03,monitor
B0009204RI,60,4.333,444,0.8851,152.233,2005-09,2014-03,monitor
B000BSFY48,60,4.283,132,0.7727,111.2,2007-01,2014-05,monitor
B000JFH982,60,4.267,90,0.6111,55.35,2007-07,2014-05,monitor
B00062PN6I,60,4.183,97,0.8763,89.867,2009-08,2014-07,monitor
B0007TC9LW,60,4.067,33,0.7273,44.45,2009-01,2014-05,monitor
B00028D778,60,3.967,516,0.7267,197.883,2005-02,2014-04,monitor
B000ES8EG0,60,2.983,236,0.9025,133.917,2006-08,2013-12,monitor
B00007E89K,59,4.763,572,0.8252,127.78,2005-06,2014-07,monitor
B0007G6RZE,59,4.712,333,0.9129,64.983,2006-04,2014-06,monitor
B0002A9RFM,59,4.678,187,0.8021,72.864,2007-01,2014-07,monitor
B0002TPFTA,59,4.644,222,0.8153,96.559,2007-02,2014-04,monitor
B000EVS4YY,59,4.542,74,0.7162,59.186,2007-04,2014-07,monitor
B00009R6V0,59,4.492,433,0.806,87.034,2006-01,2014-06,monitor
B0009VKJH4,59,4.475,372,0.8925,166.593,2005-08,2014-05,monitor
B000BOLHH0,59,4.475,116,0.9138,45.627,2006-11,2014-07,monitor
B0002CPBUK,59,4.458,226,0.8717,123.966,2004-12,2014-01,monitor
B000EPHP4U,59,4.441,750,0.796,221.102,2006-09,2013-10,monitor
B00009R86L,59,4.356,124,0.9597,86.983,2007-12,2014-06,monitor
B000JO1380,59,4.356,1311,0.8291,173.898,2007-09,2014-07,monitor
B0002ZAIM8,59,4.305,643,0.804,247.678,2005-01,2014-04,monitor
B0002A9U7M,59,4.288,131,0.8931,77.949,2005-05,2014-07,monitor
B000BKN2Y0,59,4.254,452,0.8319,206.61,2006-01,2012-07,monitor
B00023NDLS,59,3.559,451,0.918,155.593,2005-02,2014-05,monitor
B0007L8BT4,59,3.407,62,0.5,73.136,2007-01,2014-07,monitor
B0001AP8CE,59,3.034,186,0.7634,150.627,2004-02,2008-01,monitor
B0002BEPJY,58,4.81,52,0.9038,38.845,2008-06,2014-07,monitor
B0000DK3I4,58,4.707,1241,0.917,45.931,2004-06,2012-02,monitor
B0007Y836W,58,4.707,55,0.6727,58.776,2008-12,2014-07,monitor
B00009XV3M,58,4.672,60,0.8667,79.121,2009-06,2014-05,monitor
B000IXNEI4,58,4.638,41,0.8049,64.914,2007-01,2014-07,monitor
B0000BZL28,58,4.603,465,0.8817,83.586,2007-06,2014-07,monitor
B0001MQUOC,58,4.586,77,0.8961,40.621,2009-03,2014-07,monitor
B0002J2TLC,58,4.5,222,0.8874,73.793,2008-09,2014-07,monitor
B000HDQ2G6,58,4.5,404,0.9554,72.81,2007-03,2014-06,monitor
B00006JPA1,58,4.466,45,0.8222,44.379,2012-04,2014-07,monitor
B000EDKO04,58,4.466,63,0.9365,154.103,2006-05,2014-03,monitor
B00004TBLW,58,4.431,237,0.9283,60.603,2009-08,2014-07,monitor
B000F6MOQM,58,4.414,36,0.9444,42.483,2011-07,2014-07,monitor
B0001MQSB2,58,4.345,118,0.7288,91,2006-04,2014-06,monitor
B000E204LY,58,4.345,189,0.8571,158.828,2006-01,2012-12,monitor
B00006RH5I,58,4.241,243,0.6255,103.466,2003-09,2014-06,monitor
B000BTGVUS,58,4.241,69,0.7971,48.034,2008-01,2014-07,monitor
B0007WZLDC,58,4.207,722,0.8033,276.862,2006-02,2014-01,monitor
B0009W9WHQ,58,4.034,123,0.7236,149.776,2006-06,2014-02,monitor
B00025742A,58,4.017,175,0.7943,80.224,2005-03,2014-07,monitor
B00006HYP6,58,3.983,164,0.7317,154.121,2005-07,2013-12,monitor
B000ER5G58,58,3.828,943,0.8706,188.241,2006-05,2014-04,monitor
B00004SABJ,58,3.69,596,0.8842,72.569,2000-11,2014-07,monitor
B000ESN9GA,58,3.534,81,0.8148,101.466,2006-05,2014-02,monitor
B0009ON12G,57,4.772,184,0.8804,75.544,2008-09,2014-06,monitor
B00008AWL2,57,4.702,44,0.6818,71.175,2008-05,2014-07,monitor
B000FKQ8LA,57,4.579,324,0.8549,97.351,2006-10,2013-09,monitor
B000068O34,57,4.491,89,0.8764,49.386,2011-03,2014-07,monitor
B000BYCKUI,57,4.491,39,0.8718,39.14,2008-07,2014-07,monitor
B000B63KSM,57,4.474,366,0.9426,92.579,2006-02,2014-07,monitor
B0009JR41U,57,4.421,156,0.8526,85.509,2006-11,2014-02,monitor
B000FJ89UO,57,4.351,125,0.728,120.842,2006-08,2014-06,monitor
B0000A1VS3,57,4.316,49,0.8367,41.404,2007-03,2014-06,monitor
B00006HZ0L,57,4.298,400,0.785,194.86,2002-10,2014-03,monitor
B000J022G6,57,4.281,156,0.8462,93.965,2006-11,2014-01,monitor
B000JO1IPI,57,3.684,1183,0.4184,197.719,2007-09,2014-04,monitor
B00080YK9Y,57,3.667,171,0.7018,109.912,2005-10,2014-04,monitor
B0001DZ38U,57,3.632,278,0.8561,65.737,2005-04,2014-07,monitor
B00009UHXR,57,3.579,445,0.9685,161.561,2003-06,2014-03,monitor
B000FTLOL0,57,3.211,503,0.9284,164.456,2006-08,2011-12,monitor
B0007N33IQ,57,2.93,501,0.8563,96.053,2005-08,2013-11,monitor
B0008GP880,56,4.589,130,0.8154,110.75,2007-12,2014-06,monitor
B00000J061,56,4.536,968,0.939,185.839,2000-01,2014-06,monitor
B00006IRS3,56,4.429,304,0.8026,83.125,2005-03,2014-06,monitor
B00001W0DH,56,4.411,208,0.8365,137,2002-01,2014-05,monitor
B00009UTLM,56,4.411,227,0.859,113.643,2006-11,2014-06,monitor
B00006HOLO,56,4.304,548,0.9434,119.679,2003-10,2013-12,monitor
B0009IRUKG,56,4.25,91,0.8022,81.179,2007-01,2014-03,monitor
B000BFNT0W,56,4.196,132,0.8409,124.518,2006-07,2014-07,monitor
B000AY5YI4,56,4.179,316,0.6709,207.304,2005-09,2014-01,monitor
B0002Z45DQ,56,4.161,249,0.9237,198.911,2005-03,2013-09,monitor
B000HCRVQ2,56,4.161,283,0.8834,141.429,2007-02,2014-07,monitor
B000ARSLB8,56,4.107,977,0.9591,188,2005-09,2013-01,monitor
B000IV413S,56,4.089,404,0.75,88.929,2006-11,2014-03,monitor
B0000AQI9E,56,3.911,288,0.9375,74.768,2005-05,2014-06,monitor
B0002WPSB2,56,3.339,376,0.8059,108.911,2004-12,2013-01,monitor
B0006U3ACY,55,4.8,84,0.6786,70.764,2007-02,2014-07,monitor
B0000AHO99,55,4.727,79,0.9494,52.382,2008-11,2014-04,monitor
B00005115S,55,4.673,69,0.8261,70.145,2008-03,2014-07,monitor
B0002YE6EU,55,4.6,560,0.925,111.782,2006-03,2014-07,monitor
B000GU78Z4,55,4.564,299,0.699,171.164,2007-04,2014-07,monitor
B000068NYF,55,4.545,54,0.6667,43.618,2007-02,2014-06,monitor
B0006HU49Y,55,4.509,526,0.8631,249.964,2007-09,2014-06,monitor
B0006OCFFS,55,4.473,113,0.9381,64.418,2007-02,2014-06,monitor
B00009UHFI,55,4.436,21,0.9048,75.909,2008-02,2014-07,monitor
B00009UTL1,55,4.382,137,0.9635,65.655,2009-01,2014-06,monitor
B000AY2L3U,55,4.127,173,0.7861,152.655,2006-04,2010-03,monitor
B000H7GFWS,55,4.036,357,0.888,116.2,2007-07,2014-05,monitor
B000067VBM,55,3.945,51,0.8627,57.364,2006-10,2014-04,monitor
B000F3VHV8,55,3.891,153,0.8431,168.073,2006-06,2014-06,monitor
B000HCRVSK,55,3.873,192,0.8229,203.218,2006-10,2013-10,monitor
B000779RZA,55,3.745,325,0.9292,141.764,2005-03,2012-12,monitor
B000FDTNZK,55,3.727,187,0.8663,94.509,2007-01,2013-11,monitor
B0007Y79E4,55,3.182,329,0.7112,161.818,2005-08,2014-04,monitor
B000026D8E,55,2.982,166,0.7229,101.455,2008-05,2014-02,monitor
B0000513O4,54,4.778,70,0.6571,92.907,2008-07,2014-06,monitor
B00009R6WY,54,4.759,975,0.8564,225.648,2006-01,2014-06,monitor
B000H4CLXS,54,4.685,312,0.8237,94.463,2007-01,2013-11,monitor
B000086EYG,54,4.611,45,0.8667,59.796,2008-05,2014-06,monitor
B00002NDRQ,54,4.574,115,0.5478,47.167,2003-06,2014-07,monitor
B00012EYNG,54,4.463,741,0.8718,209.407,2004-10,2013-05,monitor
B0001FXLW8,54,4.389,393,0.944,94.963,2006-07,2014-04,monitor
B000EXU4YK,54,4.204,798,0.9348,231.204,2006-07,2014-07,monitor
B000EXOXUQ,54,4.167,251,0.8167,147.148,2007-07,2014-05,monitor
B0002BG6RI,54,4.074,67,0.791,74.037,2011-01,2014-07,monitor
B000A6LSKU,54,4.056,153,0.8497,132.63,2006-05,2014-05,monitor
B000CNPAAA,54,3.963,701,0.8245,196.778,2006-07,2014-07,monitor
B000HAVVKG,54,3.926,64,0.9844,84.593,2007-07,2014-07,monitor
B000J1HPXK,54,3.778,472,0.8581,100,2006-11,2013-09,monitor
B000069EV0,54,3.704,170,0.9059,96.889,2004-09,2014-05,monitor
B000CRFI8A,54,3.667,116,0.7931,105.167,2006-05,2013-11,monitor
B0000E6I1N,54,3.481,234,0.8376,176.463,2004-07,2011-11,monitor
B000BI1XNE,54,3.463,133,0.8722,115.907,2006-03,2013-12,monitor
B000G36GOU,54,2.963,121,0.7355,163.796,2006-08,2014-07,monitor
B000FMJLQC,54,2.037,294,0.8435,53.204,2007-01,2014-07,monitor
B00005NCWK,53,4.698,99,0.9192,78,2005-04,2014-06,monitor
B00006JPDG,53,4.453,43,0.6977,93.226,2009-08,2014-07,monitor
B000E312X2,53,4.415,128,0.6719,48.679,2007-03,2014-06,monitor
B00005853Z,53,4.34,248,0.754,143.396,2001-02,2014-04,monitor
B00030DEQE,53,4.321,141,0.8227,84.887,2006-11,2014-05,monitor
B000FVVKQM,53,4.302,643,0.8756,197.868,2007-06,2014-06,monitor
B0000510T7,53,4.283,63,0.8889,84,2007-01,2014-07,monitor
B0000C4G79,53,4.245,240,0.9125,97.509,2005-09,2013-03,monitor
B00008VIX2,53,4.189,263,0.8517,143.679,2004-04,2014-06,monitor
B000GYU9IS,53,4.151,123,0.8699,64.377,2007-01,2014-06,monitor
B0001NNLHK,53,4.094,378,0.7513,248.151,2004-09,2013-12,monitor
B0007MGFFU,53,4.038,152,0.9408,65.17,2005-09,2013-11,monitor
B00008W7LS,53,3.943,301,0.9468,154.585,2004-02,2014-07,monitor
B0001DHHIY,53,3.585,86,0.8837,98.585,2005-12,2013-01,monitor
B000CMS5B2,53,3.472,61,0.7705,111.906,2006-03,2014-05,monitor
B000EEZCEG,52,4.673,203,0.931,55.096,2006-05,2014-06,monitor
B0002J2P2A,52,4.654,68,0.8088,58.5,2010-06,2014-03,monitor
B0002J2MSW,52,4.596,21,0.9048,57,2010-03,2014-07,monitor
B000HATNH4,52,4.596,789,0.9316,197.615,2006-11,2013-11,monitor
B000HJ5N2Y,52,4.596,313,0.9233,162.577,2006-11,2014-04,monitor
B0000AHO92,52,4.5,138,0.8768,43.077,2009-01,2014-07,monitor
B000BN94F8,52,4.481,41,0.9756,108.942,2008-09,2014-05,monitor
B00009R6WL,52,4.423,1075,0.8912,140.212,2005-09,2013-12,monitor
B000EWHH7I,52,4.423,216,0.8056,108.519,2006-08,2012-11,monitor
B000068O6B,52,4.346,75,0.8533,68.481,2010-10,2014-06,monitor
B00005OT5X,52,4.231,140,0.9571,142.481,2007-09,2014-06,monitor
B000FJUMWC,52,4.154,578,0.8443,80.231,2006-06,2013-08,monitor
B000G6M916,52,4.135,148,0.7703,99.75,2008-03,2014-06,monitor
B000BDH2XY,52,4.0,639,0.9531,124.538,2005-11,2014-06,monitor
B0007XDI54,52,3.885,59,0.8305,86.904,2007-02,2014-04,monitor
B000BDG3HU,52,3.788,250,0.876,231.75,2005-10,2014-01,monitor
B0007MGG2M,52,3.769,318,0.783,129.192,2005-02,2013-10,monitor
B000F5FKHI,52,3.077,563,0.8792,178.423,2006-12,2013-12,monitor
B00004SY4H,51,4.725,701,0.8031,316.667,2000-10,2014-07,monitor
B00006346W,51,4.706,102,0.7255,58.706,2008-09,2014-07,monitor
B00009R6UA,51,4.706,13,0.9231,41.373,2007-10,2014-07,monitor
B0000CD0B7,51,4.667,866,0.8372,93.941,2003-12,2010-03,monitor
B00000DM9W,51,4.608,106,0.9906,105.196,2003-06,2011-08,monitor
B000GBO9IM,51,4.588,93,0.8602,46.941,2007-01,2014-03,monitor
B000E5CYW8,51,4.529,36,0.9167,64.824,2007-03,2014-07,monitor
B000IXP946,51,4.529,115,0.8174,103.686,2007-01,2014-03,monitor
B0001MKU48,51,4.51,130,0.9385,56.725,2005-06,2014-07,monitor
B00004Z5VS,51,4.451,44,0.5455,71.647,2007-07,2014-07,monitor
B00009R6VO,51,4.451,149,0.906,77.804,2005-02,2014-07,monitor
B00007FWP2,51,4.431,88,0.4773,51.882,2006-08,2014-07,monitor
B000GFHJUS,51,4.412,114,0.9211,124.529,2008-08,2014-05,monitor
B000EMU4HS,51,4.373,1093,0.9744,155.02,2006-04,2013-03,monitor
B0007GBAZG,51,4.294,118,0.7203,92.373,2006-11,2014-07,monitor
B00004TVSP,51,4.216,246,0.9024,153.039,2007-06,2014-06,monitor
B0009HN57Y,51,4.216,680,0.8471,110.392,2005-08,2014-04,monitor
B000H51GA6,51,4.196,225,0.7956,62.471,2008-01,2014-06,monitor
B000HDZAUA,51,4.176,416,0.9038,147.863,2006-07,2014-05,monitor
B000IVDIL4,51,4.098,710,0.9211,187.608,2006-10,2013-12,monitor
B00012O6QQ,51,4.078,135,0.837,165.706,2011-06,2014-05,monitor
B0000AOWVP,51,3.588,436,0.9083,178.255,2003-10,2013-05,monitor
B000BVC0WO,50,4.94,72,0.9583,80.74,2007-09,2014-06,monitor
B00006HVT4,50,4.74,95,0.6947,38.96,2003-07,2014-07,monitor
B0003NN83U,50,4.74,58,0.6379,50.38,2007-01,2014-07,monitor
B00000JDF6,50,4.68,162,0.9444,50.18,2001-09,2014-05,monitor
B0000632H7,50,4.68,116,0.6034,46.8,2004-10,2014-05,monitor
B00065ANY2,50,4.64,82,0.5854,76.84,2007-05,2014-06,monitor
B000FIH0ZA,50,4.6,123,0.8862,106.26,2010-04,2014-06,monitor
B00009VQJZ,50,4.54,72,0.8889,111.38,2006-07,2014-05,monitor
B000067RWL,50,4.52,139,0.7914,73.78,2007-03,2014-07,monitor
B0007RXDDM,50,4.52,26,0.5385,46.28,2007-01,2014-07,monitor
B000031KIM,50,4.5,1359,0.9161,238.94,2000-05,2013-12,monitor
B000AMLXHW,50,4.48,460,0.7587,199.28,2005-08,2013-12,monitor
B000BVV2IC,50,4.44,214,0.8925,101.08,2006-03,2014-07,monitor
B00006B91Z,50,4.22,205,0.9512,79.44,2002-12,2014-01,monitor
B00009UT18,50,4.14,171,0.8889,77.18,2006-12,2014-02,monitor
B00005T3RC,50,3.94,123,0.8618,96.78,2002-06,2014-02,monitor
B000BUEMOO,50,3.94,842,0.9418,174.32,2006-07,2013-11,monitor
B000652LUG,50,3.92,71,0.831,64.66,2005-09,2014-06,monitor
B00005N5X2,50,3.9,200,0.755,72.38,2007-01,2014-06,monitor
B000J6FWT4,50,3.24,123,0.9512,55.58,2007-09,2014-06,monitor
B000E5E6KG,50,2.9,294,0.8265,175.64,2006-03,2010-05,monitor
B00009WBYL,49,4.878,133,0.9023,124.551,2004-09,2014-07,monitor
B00005108H,49,4.857,19,0.5789,56.122,2003-01,2014-05,monitor
B00009V4G9,49,4.714,39,1.0,63.918,2008-05,2014-06,monitor
B0006OCP0I,49,4.673,45,0.8667,48.98,2008-11,2014-07,monitor
B00079SWNQ,49,4.633,89,0.8989,176.041,2008-01,2014-03,monitor
B000AAZQM2,49,4.633,31,0.8387,50.51,2007-05,2014-07,monitor
B00004YZQ8,49,4.571,618,0.8997,133,2001-09,2014-04,monitor
B00007ISWA,49,4.551,72,0.6389,52.898,2003-07,2014-06,monitor
B0000AG92Z,49,4.551,34,0.6765,51.163,2008-02,2014-07,monitor
B000E7WI0O,49,4.551,22,0.9545,43.347,2008-01,2014-07,monitor
B000928KII,49,4.531,98,0.8673,61.959,2008-11,2014-06,monitor
B0002KR9GG,49,4.51,67,0.8806,44.469,2010-02,2014-06,monitor
B0007QU6WY,49,4.51,60,0.7667,75.571,2010-08,2014-05,monitor
B000BV7ZPG,49,4.429,76,0.8553,112.224,2006-01,2012-07,monitor
B0002MQGKE,49,4.408,41,0.7805,39.061,2007-04,2014-07,monitor
B00004VX3T,49,4.367,131,0.7405,118.776,2000-10,2014-02,monitor
B000068P8R,49,4.286,237,0.8608,101.184,2002-08,2014-07,monitor
B00062QY5W,49,4.265,896,0.7757,150.122,2004-12,2014-02,monitor
B000069K98,49,4.184,116,0.7672,87.367,2002-07,2014-06,monitor
B000GHXTA0,49,4.163,41,0.6585,32.571,2008-08,2014-07,monitor
B0001DQ5YG,49,4.143,257,0.856,133.776,2004-12,2014-01,monitor
B0002MPMKE,49,4.122,45,0.8,82.184,2009-11,2014-04,monitor
B000HCUTU2,49,4.061,113,0.9115,140.898,2006-10,2013-01,monitor
B00006HMPK,49,4.02,861,0.892,166.327,2002-10,2014-06,monitor
B0007U00XU,49,3.939,909,0.8999,185.204,2005-06,2014-07,monitor
B000BUN79K,49,3.939,24,0.875,49.857,2012-03,2014-05,monitor
B0001N3ZRQ,49,3.878,169,0.7515,121.714,2005-08,2014-06,monitor
B0008D5FRW,49,3.837,335,0.8507,75.51,2007-09,2014-06,monitor
B000069K8N,49,3.796,152,0.6908,157.388,2005-02,2011-05,monitor
B0002F3G7M,49,3.796,953,0.9129,91.878,2004-08,2013-12,monitor
B000IBNXX2,49,3.347,449,0.9577,226.224,2006-11,2010-05,monitor
B000EHUR3O,49,3.286,162,0.7469,159.184,2006-04,2014-05,monitor
B000165F26,49,3.245,146,0.9726,111.653,2005-10,2012-04,monitor
B000GT5FK0,48,4.771,296,0.8547,137.354,2006-07,2010-02,monitor
B000067SOL,48,4.729,34,0.8824,54.646,2008-08,2014-07,monitor
B000BH5OW6,48,4.688,214,0.9299,90.896,2008-02,2014-06,monitor
B00009XVA3,48,4.5,333,0.8859,86.646,2004-05,2014-07,monitor
B000E9VKUQ,48,4.5,178,0.7022,208.5,2007-11,2014-04,monitor
B000AM6QHE,48,4.438,407,0.8845,133.771,2006-03,2013-11,monitor
B000HATNI8,48,4.438,1464,0.8525,226.896,2006-09,2014-01,monitor
B000068O3S,48,4.396,11,0.9091,38.896,2010-11,2014-06,monitor
B000E8X5ZU,48,4.375,48,0.9167,58.438,2007-05,2014-07,monitor
B0000CBBNM,48,4.271,271,0.8007,89.583,2006-02,2014-06,monitor
B000ARAPQW,48,4.25,219,0.7443,49,2006-04,2014-06,monitor
B000FL9E6K,48,4.125,70,0.7571,175.75,2007-01,2014-07,monitor
B000GG5LUW,48,4.125,161,0.7578,104.458,2007-03,2014-02,monitor
B0007POE6O,48,4.062,13,0.6154,51.208,2012-11,2014-07,monitor
B00004Z6XS,48,4.042,116,0.7931,76.188,2005-03,2014-07,monitor
B000FGCUSE,48,4.042,58,0.8276,60.25,2012-01,2014-07,monitor
B00006IRR8,48,4.0,184,0.8859,93.792,2003-01,2014-02,monitor
B000EWJYYW,48,3.958,73,0.7945,69.917,2007-09,2014-04,monitor
B0002QLDLC,48,3.833,126,0.7063,89.979,2007-12,2014-06,monitor
B0007N55LO,48,3.792,213,0.8263,116.042,2005-06,2014-02,monitor
B000EIXWPI,48,3.792,36,0.7778,80.958,2010-03,2014-06,monitor
B0002T3UQ0,48,3.75,535,0.9028,198.625,2008-06,2014-02,monitor
B0009O6IXA,48,3.646,935,0.9658,118.042,2005-07,2013-04,monitor
B000F8FNSG,48,3.583,130,0.9,76.458,2007-08,2014-03,monitor
B00004TWM6,48,3.521,101,0.8515,70.792,2003-05,2014-07,monitor
B000GVTX6U,48,3.375,168,0.8155,118.271,2007-01,2013-11,monitor
B0007W1K8M,48,3.312,173,0.7919,132.958,2005-07,2014-06,monitor
B0006Q7FFG,48,3.167,192,0.8385,105.396,2005-03,2014-01,monitor
B0009PAYY8,47,4.83,48,0.75,71.043,2007-12,2014-07,monitor
B00005NPWJ,47,4.787,29,0.5172,50.34,2007-11,2014-05,monitor
B0001MQUOM,47,4.723,23,0.8261,36.66,2010-01,2014-06,monitor
B00005ABC5,47,4.702,293,0.8942,121.149,2006-08,2014-05,monitor
B00009R98A,47,4.681,281,0.968,69.787,2006-12,2014-06,monitor
B000JSFZPS,47,4.638,119,0.8571,140.447,2007-12,2014-03,monitor
B00005AXHW,47,4.617,108,0.8519,91.702,2005-02,2014-06,monitor
B00005LEOH,47,4.574,463,0.7883,210.66,2006-05,2014-06,monitor
B00005T3EM,47,4.489,103,0.7864,54.957,2009-06,2014-04,monitor
B0000AE66P,47,4.468,165,0.8788,59.106,2005-10,2014-03,monitor
B0002MQGKO,47,4.468,63,0.5714,42.617,2005-09,2014-05,monitor
B00004Z6N6,47,4.447,42,0.7619,60.383,2007-07,2014-03,monitor
B0007TJ5OG,47,4.319,2250,0.9707,239.149,2005-04,2013-01,monitor
B000J1F1BI,47,4.298,279,0.8172,135.426,2007-02,2014-07,monitor
B000855034,47,4.17,124,0.871,67.745,2006-09,2014-06,monitor
B0002OF2FC,47,4.149,60,0.9,68.766,2008-06,2014-06,monitor
B00005AB9R,47,4.085,197,0.9086,87.489,2004-06,2014-06,monitor
B00024DIDK,47,4.085,159,0.7673,114.957,2005-09,2014-04,monitor
B0001A99MO,47,4.043,314,0.6975,279.468,2004-02,2013-07,monitor
B00083Y4B0,47,3.979,78,0.8846,51.34,2008-02,2014-06,monitor
B000E6LEIC,47,3.979,438,0.8607,122.426,2006-08,2014-07,monitor
B000ALM3RC,47,3.83,153,0.6667,84.553,2006-12,2014-06,monitor
B000AA2IC8,47,3.809,790,0.9544,120.106,2005-09,2013-01,monitor
B00009RDIF,47,3.787,226,0.8717,108.745,2007-04,2014-06,monitor
B000B5XU06,47,3.745,162,0.6852,217.553,2005-12,2011-03,monitor
B00006I5SQ,47,3.596,462,0.9394,187.319,2003-12,2014-03,monitor
B000FQ245I,47,3.149,85,0.7765,83.872,2007-03,2014-03,monitor
B000F8J0TE,47,3.106,55,0.8909,124.574,2006-09,2014-07,monitor
B00000J1UQ,46,4.804,45,0.8222,49.783,2009-01,2014-06,monitor
B0007KK256,46,4.804,17,0.8824,53.652,2011-06,2014-04,monitor
B000ERAOMS,46,4.783,35,0.8286,45.652,2009-04,2014-06,monitor
B0000AZK4D,46,4.739,53,0.9245,51.37,2010-03,2014-07,monitor
B0002BEQNE,46,4.739,15,0.9333,32.783,2009-04,2014-07,monitor
B00004SQET,46,4.717,48,0.8125,48.87,2009-01,2014-06,monitor
B0002QPC28,46,4.717,215,0.8884,133.717,2006-07,2014-07,monitor
B0002GRUV4,46,4.696,29,0.6552,45.391,2009-07,2014-07,monitor
B0001GAMQK,46,4.674,65,0.8,37.913,2005-10,2014-06,monitor
B0002XQJFA,46,4.674,1398,0.8941,384.717,2004-09,2013-11,monitor
B000J5LA9Q,46,4.674,136,0.7574,61.196,2007-01,2013-09,monitor
B00009UTQK,46,4.652,95,0.8211,87.804,2006-10,2014-06,monitor
B000BRO3PA,46,4.587,58,0.9138,41.435,2009-09,2014-05,monitor
B00009MDBQ,46,4.565,754,0.8024,178.87,2006-03,2014-07,monitor
B00028DM96,46,4.565,431,0.949,159.826,2004-12,2014-05,monitor
B00006343O,46,4.435,102,0.7059,99.283,2009-01,2014-07,monitor
B000A5T7AO,46,4.435,1284,0.9525,255.63,2005-08,2011-07,monitor
B0000BZLBA,46,4.391,205,0.6537,97.739,2008-05,2014-07,monitor
B00006JPEA,46,4.37,196,0.8061,59.848,2010-11,2014-07,monitor
B00068YUN4,46,4.37,42,0.6429,47.783,2011-02,2014-07,monitor
B000JO3Y1O,46,4.37,764,0.7945,199.543,2007-09,2009-06,monitor
B00005AC8J,46,4.326,594,0.8973,106.913,2001-07,2009-05,monitor
B000F8LQ0A,46,4.304,127,0.937,99.413,2009-06,2014-07,monitor
B0008GMHEI,46,4.261,108,0.8056,54.304,2009-12,2014-05,monitor
B00005T3W5,46,4.152,141,0.9645,69.261,2007-02,2013-11,monitor
B00005T3XH,46,4.152,1133,0.9638,172,2002-02,2014-03,monitor
B00004Z0BO,46,4.022,258,0.7209,108.587,2002-12,2013-12,monitor
B0002HBOMO,46,4.022,43,0.6977,60.435,2009-07,2014-07,monitor
B000GGKOG8,46,3.957,137,0.8978,126.022,2008-04,2014-06,monitor
B00004Z0BN,46,3.935,313,0.8243,113.543,2004-09,2014-04,monitor
B0002E50MC,46,3.935,110,0.8364,122.304,2008-01,2014-07,monitor
B000J1CCGA,46,3.891,157,0.7643,128.978,2006-12,2013-07,monitor
B000ETTFRG,46,3.739,232,0.6853,183.239,2006-06,2014-02,monitor
B00022VBAE,46,3.652,101,0.7921,70.978,2005-07,2014-07,monitor
B0001WW3F2,46,2.87,364,0.8324,194.13,2004-12,2012-05,monitor
B0000D89M6,45,4.822,42,0.619,41.022,2007-10,2014-05,monitor
B000068O1A,45,4.8,6,1.0,42.778,2011-06,2014-07,monitor
B000065UDU,45,4.778,279,0.9211,186.578,2002-07,2014-04,monitor
B0002XQWCK,45,4.711,1075,0.8279,121.467,2004-11,2014-04,monitor
B000A2AGYS,45,4.711,74,0.8784,93.378,2007-02,2012-12,monitor
B000HWVOFQ,45,4.711,34,0.6176,43.178,2006-12,2014-01,monitor
B0000Y2WYS,45,4.644,273,0.8462,175.4,2007-11,2014-01,monitor
B000FKYQFA,45,4.644,221,0.9412,96.578,2006-07,2014-06,monitor
B00005125T,45,4.622,34,1.0,63.911,2008-08,2014-04,monitor
B0009SHDGC,45,4.6,39,0.7436,80.378,2009-05,2014-06,monitor
B000FFQ1VM,45,4.578,26,0.8462,37.689,2011-10,2014-07,monitor
B00065L5TY,45,4.556,183,0.8907,97.422,2005-01,2013-12,monitor
B000E65HXA,45,4.556,11,0.5455,57.911,2010-05,2014-06,monitor
B000I8FZQI,45,4.489,61,0.8525,55.267,2011-12,2014-06,monitor
B00006B8BS,45,4.467,67,0.9403,107,2005-12,2014-07,monitor
B000234I6C,45,4.467,49,0.898,115.8,2009-04,2014-07,monitor
B000GISUAS,45,4.4,136,0.9706,98.889,2006-09,2010-11,monitor
B00009UTZA,45,4.356,92,0.9022,93.533,2007-12,2014-07,monitor
B0002YV8EG,45,4.267,122,0.8361,52.533,2007-11,2014-04,monitor
B000BI2CIO,45,4.2,170,0.8882,142.133,2006-03,2013-01,monitor
B00025O7FC,45,4.111,161,0.764,86.822,2004-11,2014-01,monitor
B00066EK2W,45,4.044,570,0.7807,253.089,2004-12,2010-07,monitor
B00003CWDQ,45,4.0,288,0.6979,114.267,2001-08,2014-07,monitor
B0007NIJBC,45,3.822,195,0.8205,90.222,2005-08,2014-06,monitor
B000EVM5DU,45,3.622,407,0.8034,103.6,2006-08,2014-07,monitor
B000GGQ2ZU,45,3.622,115,0.8957,60,2006-11,2014-04,monitor
B00006J07O,45,3.6,67,0.9851,56.267,2005-11,2014-04,monitor
B000BMBT5M,45,3.6,215,0.907,69.756,2007-05,2013-11,monitor
B0001M4E72,45,3.356,132,0.9091,91.044,2005-07,2014-06,monitor
B000FIDTYG,44,4.795,74,0.7973,50.591,2009-01,2014-07,monitor
B00009USW3,44,4.773,725,0.8828,152.909,2005-03,2014-04,monitor
B00006I5JC,44,4.75,26,0.8462,43.182,2007-05,2014-06,monitor
B000FAKUE6,44,4.682,40,0.65,42.727,2008-09,2014-07,monitor
B000ENPDSW,44,4.659,352,0.9403,156.568,2006-05,2013-09,monitor
B000H92BTM,44,4.659,121,0.9339,56.477,2007-08,2014-07,monitor
B0009HN57E,44,4.591,256,0.8672,85.636,2005-08,2014-04,monitor
B000BK393Y,44,4.545,784,0.8061,252.727,2005-11,2013-04,monitor
B000F7VKL6,44,4.545,76,0.9342,63.795,2007-01,2014-07,monitor
B000HMLP5A,44,4.545,218,0.8807,111.591,2007-12,2014-05,monitor
B0002IYOKM,44,4.455,118,0.9492,61.364,2006-12,2013-12,monitor
B00008I9K8,44,4.432,98,0.6633,114.523,2003-06,2014-02,monitor
B000CS40WY,44,4.386,89,0.9213,99.909,2007-08,2014-07,monitor
B000A3WS16,44,4.273,954,0.8029,225.295,2005-10,2014-04,monitor
B000063574,44,4.205,258,0.8527,208.295,2002-03,2005-04,monitor
B0002QIBNK,44,4.205,518,0.8822,108.227,2006-03,2014-06,monitor
B0003QER82,44,4.205,212,0.8679,238.432,2005-01,2014-07,monitor
B0009PXEEU,44,4.182,288,0.8889,104.636,2005-07,2014-05,monitor
B000B0NC2W,44,4.182,119,0.8992,51.477,2007-06,2014-06,monitor
B00007E8D2,44,4.159,218,0.9128,75.591,2005-03,2014-07,monitor
B0001FV364,44,4.159,441,0.8413,138.318,2004-06,2013-05,monitor
B0009IGAPW,44,4.159,116,0.6466,91.273,2007-05,2014-05,monitor
B000I98ZYG,44,4.023,29,0.6897,63.841,2011-05,2014-07,monitor
B0009F4OR6,44,4.0,607,0.911,248.795,2005-07,2011-01,monitor
B00008OE5G,44,3.955,810,0.9358,228.977,2003-03,2014-02,monitor
B00005T3GH,44,3.886,76,0.8553,46.773,2010-11,2014-07,monitor
B0000EZ1KK,44,3.818,398,0.8894,106.159,2004-06,2014-04,monitor
B0001D3K3A,44,3.795,212,0.8255,132.432,2004-08,2014-01,monitor
B000636JD8,44,3.773,126,0.8968,69.477,2005-02,2014-07,monitor
B00019068G,44,3.682,437,0.9176,153.114,2004-03,2013-01,monitor
B00021OCRO,44,3.682,220,0.7909,82.068,2006-02,2013-12,monitor
B00001OWYM,44,3.545,79,0.8228,62.318,2007-01,2014-03,monitor
B0009MYSHU,44,3.455,191,0.8691,133.614,2006-11,2014-06,monitor
B00009R6WW,43,4.767,665,0.7158,179.14,2006-02,2014-06,monitor
B000ELSY0I,43,4.698,266,0.9098,156.837,2006-06,2012-12,monitor
B00030097G,43,4.651,355,0.4423,145.465,2005-08,2013-04,monitor
B000JSFT0Y,43,4.651,153,0.8039,113.605,2007-05,2014-06,monitor
B000E65DG6,43,4.581,180,0.9,143.465,2008-03,2014-06,monitor
B000ASTKWQ,43,4.558,95,0.9158,129.047,2009-07,2014-06,monitor
B0007UQNV8,43,4.488,218,0.8991,97.605,2007-12,2014-06,monitor
B0009QZDL6,43,4.488,241,0.8216,89.93,2007-05,2014-07,monitor
B000EZV3T8,43,4.488,26,0.6154,109.744,2009-04,2014-07,monitor
B00004WCFT,43,4.465,34,0.6471,40.395,2001-07,2014-07,monitor
B00004RC2D,43,4.442,1190,0.9588,229.721,2000-03,2013-11,monitor
B000A1SZ2Y,43,4.419,292,0.8562,123.628,2005-02,2014-06,monitor
B000246USU,43,4.372,304,0.9408,216.279,2005-04,2014-04,monitor
B0002GFORQ,43,4.372,432,0.8148,140.209,2006-03,2014-04,monitor
B00004ZCB4,43,4.349,140,0.6786,72.721,2007-01,2014-04,monitor
B000DLB91A,43,4.302,93,0.957,82.674,2006-05,2013-02,monitor
B0009PTBZ6,43,4.279,57,0.5439,43.279,2009-06,2014-07,monitor
B000J36XR2,43,4.233,1761,0.8972,167.698,2009-03,2013-11,monitor
B00022VZ0K,43,4.163,62,0.8871,57.767,2005-05,2014-07,monitor
B0002KR13M,43,4.163,15,0.8667,54.581,2009-06,2014-07,monitor
B0006VX1G8,43,4.093,1525,0.8702,179.721,2004-12,2014-06,monitor
B0007KK22E,43,4.093,37,0.8378,58.233,2010-10,2014-05,monitor
B000652SZO,43,4.023,37,0.7568,81.767,2012-10,2014-06,monitor
1400501466,43,3.953,227,0.8194,262.512,2011-12,2014-05,monitor
B000JC8WYA,43,3.744,86,0.9186,64.767,2007-03,2014-06,monitor
B00005A9AU,43,3.651,506,0.9427,88.372,2005-04,2014-05,monitor
B000068UY6,43,3.628,147,0.7687,179.279,2002-07,2010-11,monitor
B000BSOBG0,43,3.628,193,0.9223,89.814,2006-03,2014-07,monitor
B000H12VI6,43,3.488,299,0.8696,98.791,2007-01,2014-06,monitor
B000FDOWQK,43,3.186,540,0.7889,163.395,2006-05,2013-05,monitor
B000AY5ZIS,43,2.907,364,0.7885,260.372,2005-09,2010-09,monitor
B00009R6FV,42,4.857,233,0.9399,105.024,2005-08,2014-07,monitor
B000IHN89A,42,4.833,793,0.9357,288.857,2006-11,2014-05,monitor
B000144I30,42,4.81,443,0.4989,185.238,2004-10,2014-03,monitor
B00000J1TX,42,4.738,250,0.836,47.738,2001-06,2014-06,monitor
B00006B81D,42,4.619,136,0.6176,77.714,2009-09,2014-07,monitor
B0006TIA02,42,4.619,205,0.8585,139.905,2005-02,2014-06,monitor
B00005BMSN,42,4.595,19,0.8421,46.238,2003-12,2014-07,monitor
B000F49RAA,42,4.595,177,0.9492,106.214,2006-09,2008-06,monitor
B00004Z5H3,42,4.571,64,0.6562,49,2002-07,2014-07,monitor
B0002GRUJ6,42,4.548,67,0.7761,54.286,2006-03,2014-02,monitor
B0002V85OU,42,4.524,19,0.9474,52.095,2009-01,2014-07,monitor
B0002ZDIKW,42,4.524,117,0.8632,61.571,2007-07,2014-07,monitor
B0000DZEZB,42,4.5,64,0.8125,70.929,2010-01,2014-06,monitor
B000I4T7VG,42,4.5,91,0.9121,69.738,2007-08,2013-12,monitor
B000EBK3FW,42,4.429,623,0.9133,209.643,2006-04,2013-08,monitor
B000EIOQBM,42,4.381,60,0.8667,51.595,2011-03,2014-07,monitor
B000IVDTSG,42,4.381,260,0.8577,166.929,2006-09,2013-09,monitor
B0000A0VET,42,4.333,84,0.7738,55.595,2005-09,2014-07,monitor
B000067RC1,42,4.286,6,0.8333,36,2012-02,2014-07,monitor
B00009R6UI,42,4.286,89,0.8989,92.024,2006-07,2014-07,monitor
B00029X1O6,42,4.238,14,0.7143,59.738,2010-02,2014-07,monitor
B00006ICIW,42,4.214,66,0.9242,50.381,2003-11,2014-07,monitor
B00007JDR0,42,4.214,192,0.8646,174.429,2004-09,2014-04,monitor
B000EBPJCO,42,4.19,158,0.943,125.357,2004-12,2014-06,monitor
B000EMU888,42,4.167,313,0.77,156.643,2006-05,2013-03,monitor
B000GE9XQ2,42,4.143,265,0.9434,73.262,2006-12,2014-06,monitor
B000GOUE7O,42,4.143,111,0.6667,123.333,2006-10,2014-07,monitor
B0002ZPUMG,42,3.952,34,0.9118,62.19,2009-01,2014-07,monitor
B000FCSWX0,42,3.881,20,0.55,125.929,2010-08,2014-06,monitor
B0007OWNCC,42,3.429,234,0.859,187.333,2005-05,2013-04,monitor
B000HB2TJ2,42,3.333,32,0.7812,64.214,2007-04,2014-06,monitor
B00008WMBT,42,3.024,178,0.7135,131.571,2003-07,2012-05,monitor
B000H14IDC,42,3.024,102,0.7255,142.048,2006-12,2011-11,monitor
B000CMNL52,41,4.829,469,0.8913,143.805,2005-12,2014-07,monitor
B0007OWNYA,41,4.707,23,0.913,47.098,2009-10,2014-06,monitor
B000B8IHDS,41,4.707,115,0.7826,48.756,2006-07,2013-07,monitor
B0002BG6B4,41,4.683,9,0.6667,41.39,2011-02,2014-06,monitor
B00005LE75,41,4.659,555,0.8901,144.024,2004-07,2014-02,monitor
B0000ALLYO,41,4.634,259,0.8069,106.171,2007-05,2014-07,monitor
B000068OEO,41,4.61,42,0.881,66.756,2009-04,2014-06,monitor
B000BTCJNG,41,4.61,365,0.7781,64.829,2006-07,2014-07,monitor
B0007LCKJQ,41,4.512,21,0.5714,46.756,2010-05,2014-06,monitor
B000HGMMH6,41,4.463,39,0.5641,64.488,2009-12,2014-06,monitor
B000F6SR0O,41,4.439,368,0.8207,155.146,2006-05,2014-06,monitor
B00006BXBS,41,4.415,68,0.8529,61.317,2005-01,2014-05,monitor
B000E8DMU8,41,4.39,34,0.5588,49.463,2010-02,2014-07,monitor
B000F8XGJO,41,4.39,385,0.826,190.22,2007-12,2014-04,monitor
B0002OD3JY,41,4.341,1069,0.9308,258.488,2004-09,2012-07,monitor
B000001ON6,41,4.293,48,0.625,52.122,2008-09,2014-06,monitor
B00004ZCAT,41,4.293,121,0.6364,79.61,2007-05,2014-06,monitor
B000A213HC,41,4.244,29,0.7931,62.878,2009-04,2014-07,monitor
B000EDB1II,41,4.244,188,0.8989,123.537,2006-03,2014-02,monitor
B00009XVBY,41,4.195,1051,0.8668,118.293,2005-06,2014-07,monitor
B0007NWLXO,41,4.171,128,0.8672,93.341,2008-12,2014-07,monitor
B0000658CH,41,4.122,1447,0.9793,71.439,2002-07,2009-03,monitor
B000JQ17WK,41,4.122,49,0.9388,84.732,2010-07,2014-07,monitor
B000F2JUOK,41,4.098,43,0.6977,66.659,2007-12,2014-07,monitor
B0007UQNKY,41,3.951,442,0.8326,168.829,2007-05,2014-06,monitor
1400599997,41,3.902,861,0.8444,424.098,2009-12,2013-11,monitor
B000066JQU,41,3.878,181,0.779,109.122,2002-09,2008-05,monitor
B000BFO4OC,41,3.805,245,0.7633,144.902,2005-10,2012-08,monitor
B000IN004K,41,3.78,70,0.8,85.22,2007-01,2014-02,monitor
B000FI2EAG,41,3.707,54,0.7963,51.707,2009-01,2014-07,monitor
1400532620,41,3.61,752,0.9122,329.537,2010-07,2014-06,monitor
B00005ARK4,41,3.537,111,0.7568,184.878,2001-06,2006-11,monitor
B0002ZLYYY,41,3.537,971,0.8744,259.61,2005-09,2013-12,monitor
B00009MK3T,41,3.415,472,0.7881,232.293,2004-11,2014-04,monitor
B000AL7A0C,41,3.317,67,0.8806,60.293,2006-11,2014-05,monitor
B000FGI970,41,2.244,530,0.934,182.902,2006-08,2013-01,monitor
B000BUK7KW,40,4.95,167,0.9701,144.25,2007-03,2014-03,monitor
B00000K13L,40,4.725,25,0.8,44.925,2004-11,2014-07,monitor
B00006HQR8,40,4.675,67,0.806,41.425,2009-08,2014-07,monitor
B0001XGQV8,40,4.65,62,0.6452,41.425,2007-04,2014-07,monitor
B00007B4DM,40,4.6,18,0.7222,57.575,2006-09,2014-05,monitor
B0002BEUZ8,40,4.6,24,0.7917,42.475,2011-06,2014-06,monitor
B00009R89L,40,4.55,248,0.9073,135.975,2005-06,2014-07,monitor
B00005114Z,40,4.525,16,0.875,51.425,2007-01,2014-06,monitor
B00006JPWW,40,4.525,46,0.9348,50.4,2007-11,2014-05,monitor
B0000AQNX2,40,4.525,51,0.9412,61.65,2007-07,2014-06,monitor
B000EI3W8U,40,4.475,47,0.8723,90.8,2007-07,2013-11,monitor
B000GLIIFW,40,4.45,211,0.91,114.65,2007-10,2014-04,monitor
B00005N5WW,40,4.4,506,0.8933,139.85,2002-08,2014-07,monitor
B000I94FLS,40,4.375,30,0.7667,36.6,2010-07,2014-07,monitor
B0002BBP7Y,40,4.35,11,0.7273,45.125,2011-07,2014-07,monitor
B000EBBJ6Y,40,4.35,738,0.8591,380.175,2006-04,2014-07,monitor
B000IHGJ50,40,4.3,656,0.9162,128.425,2008-01,2013-07,monitor
B0000TO0BQ,40,4.25,42,0.6905,80.775,2010-02,2014-03,monitor
B000GAS3A8,40,4.225,23,0.8696,43.075,2011-11,2014-07,monitor
B000HNJ6U0,40,4.225,155,0.8065,181.85,2006-11,2014-07,monitor
B0000DBJ8A,40,4.2,277,0.8375,115.15,2003-12,2014-04,monitor
B000BDDBLG,40,4.2,56,0.9107,108.65,2005-12,2014-02,monitor
B00004Z5LZ,40,4.15,95,0.7158,65.925,2011-02,2014-07,monitor
B00009U0XI,40,4.15,492,0.9593,94.3,2003-10,2013-12,monitor
B00009R6UU,40,4.1,213,0.8028,73.625,2006-02,2014-06,monitor
B000I98ZQY,40,4.0,117,0.7436,80.55,2009-02,2014-01,monitor
B0002A0206,40,3.85,1184,0.7796,284.9,2004-08,2008-12,monitor
B000IZCUTQ,40,3.85,50,0.88,54.575,2007-02,2014-05,monitor
B000I4RFO2,40,3.775,28,0.7143,47.7,2008-05,2014-06,monitor
B000E5GKW8,40,3.75,171,0.7661,165.925,2006-06,2014-03,monitor
B0006TIEZS,40,3.675,556,0.8903,194.575,2005-01,2013-12,monitor
B0006TZK6O,40,3.65,112,0.8393,71.95,2006-10,2013-03,monitor
B00006B9H9,40,3.6,179,0.7207,136.325,2002-08,2014-01,monitor
B000EWD4TS,40,3.05,537,0.7449,174.3,2006-05,2013-09,monitor
B00061IYJC,40,3.0,139,0.7266,177.175,2004-12,2013-02,monitor
B00009WO51,39,4.872,33,0.8788,91.256,2005-09,2014-07,monitor
B0000TU7I6,39,4.846,590,0.9424,211,2006-04,2014-02,monitor
B00011KLOI,39,4.821,155,0.8452,152.179,2005-09,2014-04,monitor
B000IV6S9S,39,4.795,29,0.8621,59.179,2009-11,2014-06,monitor
B00015Y0FK,39,4.744,13,0.7692,63.179,2011-07,2014-07,monitor
B000BEQLFS,39,4.692,54,0.8148,53.308,2009-09,2014-07,monitor
B00004TS16,39,4.667,769,0.9519,225.128,2000-06,2010-08,monitor
B000EWI8IK,39,4.667,84,0.631,103.564,2006-11,2013-06,monitor
B0009NZ6M0,39,4.564,144,0.8125,63.923,2006-04,2014-05,monitor
B000J1N3HW,39,4.462,700,0.75,317.026,2005-01,2014-05,monitor
B00013M6NK,39,4.436,83,0.9398,43.718,2005-07,2014-04,monitor
B00009X3UA,39,4.385,329,0.9119,96.923,2009-04,2014-05,monitor
B0002JUH3O,39,4.385,639,0.8811,275.744,2004-10,2011-02,monitor
B000EUGX7A,39,4.256,211,0.8294,147.513,2006-05,2010-05,monitor
B00004ZCDD,39,4.231,104,0.6731,92.718,2003-06,2014-06,monitor
B0001G6U5M,39,4.231,891,0.9091,219.564,2004-05,2012-01,monitor
B000H2W4E6,39,4.231,294,0.8503,244.744,2006-12,2013-08,monitor
B000243DNA,39,4.205,107,0.6822,120.41,2005-01,2014-04,monitor
B000EITTLE,39,4.179,531,0.9322,198.769,2006-04,2013-07,monitor
B0007WTHLY,39,4.154,441,0.8866,246.769,2004-09,2011-04,monitor
B00006I53A,39,4.103,616,0.8117,114.718,2003-05,2014-06,monitor
B000I5KSNQ,39,4.103,17,0.8824,78.436,2008-10,2014-04,monitor
B0009MZ9UA,39,4.051,89,0.9101,84.667,2006-06,2014-03,monitor
B000I04WWY,39,4.0,340,0.7882,98.436,2006-10,2014-06,monitor
B0007ZFLYI,39,3.974,263,0.8479,93.077,2005-05,2012-12,monitor
B0007LCLPE,39,3.949,101,0.7525,98.462,2006-07,2014-07,monitor
B00005LLY4,39,3.795,59,0.8644,55.205,2001-11,2014-07,monitor
B00005854B,39,3.744,167,0.8204,161.538,2001-03,2014-02,monitor
B0009DT87O,39,3.462,148,0.7432,60.256,2005-07,2014-07,monitor
B0002K6Y9E,39,3.436,305,0.8361,136.179,2004-10,2014-02,monitor
B0001WXTF0,39,3.077,150,0.66,283.154,2004-07,2010-07,monitor
B000067SGI,38,4.842,94,0.7872,45.421,2006-09,2014-06,monitor
B00009R896,38,4.816,109,0.8899,95.395,2007-02,2014-04,monitor
B00000K13A,38,4.737,137,0.9343,71.026,2004-03,2014-05,monitor
B000063UZW,38,4.632,99,0.9798,64.5,2003-03,2014-06,monitor
B0002R282O,38,4.605,815,0.9178,320.395,2004-09,2014-03,monitor
B000237C9M,38,4.579,22,0.8182,40.5,2012-04,2014-07,monitor
B00065DGF0,38,4.553,146,0.9726,62,2006-07,2014-05,monitor
B00004WCGC,38,4.526,87,0.7701,110.684,2006-08,2014-07,monitor
B00006L4F1,38,4.526,35,0.7429,48.816,2010-07,2014-05,monitor
B000GHXMO8,38,4.5,382,0.8429,112.553,2007-04,2014-02,monitor
B000JK7FMW,38,4.5,67,0.5522,76.474,2009-10,2014-05,monitor
B000ELSXFY,38,4.474,72,0.8333,71.395,2009-04,2014-06,monitor
B0006GCCO0,38,4.447,135,0.9185,115.526,2006-04,2014-07,monitor
B000AYGDIO,38,4.421,1358,0.958,191.947,2005-09,2014-06,monitor
B000I3XIEE,38,4.395,45,0.9778,72.079,2008-02,2014-03,monitor
B000AKX15G,38,4.342,160,0.9375,67.105,2005-12,2014-06,monitor
B000BSJFFC,38,4.289,30,0.4,37.132,2009-04,2014-07,monitor
B000E1PTGK,38,4.263,453,0.6115,267.921,2006-05,2012-03,monitor
B0000C6E3P,38,4.184,238,0.9412,68.474,2008-03,2014-07,monitor
B000FCSXBQ,38,4.184,360,0.9139,187.974,2006-07,2009-04,monitor
B0006VJ7TI,38,4.158,127,0.5906,66.263,2007-01,2014-03,monitor
B00024ENWU,38,4.132,81,0.6173,52.368,2008-01,2014-02,monitor
B00004T1XK,38,4.105,186,0.9301,63.026,2007-08,2014-07,monitor
B00008Z1PT,38,4.079,49,0.8776,88.605,2005-07,2014-02,monitor
B000GKD5PQ,38,4.079,118,0.9407,59.158,2006-12,2014-07,monitor
B00008AWL0,38,4.053,250,0.88,118.974,2005-08,2013-12,monitor
B0003V577C,38,4.053,239,0.9205,113.789,2005-03,2013-12,monitor
B000227PLS,38,4.0,301,0.9568,155.237,2005-07,2014-07,monitor
B0002JKGRQ,38,3.921,110,0.7818,85.868,2004-08,2014-01,monitor
B000A6NUUQ,38,3.868,77,0.7662,133.395,2005-12,2012-03,monitor
B000A1FFOK,38,3.816,229,0.9258,115.895,2006-02,2014-06,monitor
B00007IFDR,38,3.763,69,0.8841,132.026,2007-05,2014-07,monitor
B0003NN81M,38,3.395,54,0.4259,75.263,2008-01,2014-07,monitor
B0002I7288,38,3.289,159,0.805,164,2004-10,2014-06,monitor
B00007E7K1,37,4.757,18,0.7778,45.649,2006-09,2014-06,monitor
B000068O40,37,4.73,10,0.9,31.027,2009-08,2014-07,monitor
B000BNDEZY,37,4.73,153,0.8824,145.027,2006-04,2009-09,monitor
B000JNA4LS,37,4.73,158,0.9177,200.243,2007-03,2010-11,monitor
B0000C16R5,37,4.703,127,0.9213,86.838,2007-02,2014-06,monitor
B000EH6GKM,37,4.676,37,1.0,52.27,2010-11,2014-06,monitor
B0000ALKAN,37,4.649,192,0.8802,130.432,2003-09,2014-05,monitor
B0002WTK4S,37,4.622,116,0.7672,128.351,2007-02,2014-01,monitor
B000I96AUM,37,4.622,94,0.9149,47.486,2011-02,2014-07,monitor
B0002SAE56,37,4.595,401,0.9751,156.135,2004-10,2014-02,monitor
B0000A2QBX,37,4.486,115,0.7478,95.027,2004-05,2013-06,monitor
B00004S9AK,37,4.459,243,0.8724,156.973,2000-04,2013-04,monitor
B00005A1KZ,37,4.432,195,0.8667,262.054,2001-02,2012-08,monitor
B000CNPK3M,37,4.432,36,0.9167,56.541,2011-01,2014-06,monitor
B0000645C9,37,4.378,384,0.9219,266.73,2002-05,2011-06,monitor
B000EJVWGS,37,4.378,815,0.8933,341.27,2006-06,2011-07,monitor
B0000DC643,37,4.351,142,0.8592,231.757,2004-07,2014-03,monitor
B0009PAVI2,37,4.27,111,0.9369,96.649,2009-06,2014-03,monitor
B000ACHVVE,37,4.27,507,0.8876,382.676,2005-08,2007-12,monitor
B000023VW2,37,4.243,231,0.8355,66.405,2001-07,2014-05,monitor
B000HE6OAE,37,4.243,60,0.9333,52.784,2007-11,2014-06,monitor
B000IK5XWW,37,4.243,267,0.7378,68.027,2006-11,2014-06,monitor
B000AM6QH4,37,4.216,185,0.8541,109.324,2006-06,2010-06,monitor
B000ILIHTC,37,4.216,319,0.9592,127.703,2007-01,2014-05,monitor
B00004VWM3,37,4.081,552,0.9185,193.243,2000-08,2006-01,monitor
B0000A1WGL,37,4.081,620,0.9645,102.973,2007-06,2014-07,monitor
B00083XXTY,37,4.081,568,0.919,280.378,2005-06,2014-03,monitor
B0002DG9XW,37,4.027,362,0.9282,100.541,2005-11,2013-12,monitor
B000I2HAVW,37,4.027,155,0.7871,82.135,2007-10,2014-06,monitor
B000F4C2AM,37,3.946,648,0.9213,223.351,2006-06,2014-03,monitor
B0002ER5B6,37,3.892,590,0.9102,137.243,2004-10,2012-05,monitor
B0007PGADE,37,3.892,22,0.9545,49.784,2006-04,2014-04,monitor
B00005I9RU,37,3.784,140,0.8857,93.027,2004-09,2014-06,monitor
B0000DJEK7,37,3.73,503,0.8926,241.081,2003-12,2014-06,monitor
B000EVOOO8,37,3.73,232,0.8534,119.054,2006-05,2014-06,monitor
B000I8AGRG,37,3.703,25,0.64,42.73,2013-11,2014-06,monitor
B000C77XSS,37,3.649,289,0.8235,153.568,2005-12,2014-03,monitor
B000HKGK9I,37,3.649,52,0.5385,70.324,2008-06,2014-07,monitor
B00006G2OJ,37,3.405,165,0.8121,142.811,2002-11,2013-08,monitor
B0002ZPF6W,37,3.378,89,0.6517,63.784,2007-01,2014-07,monitor
B00006HSM2,37,3.351,78,0.6795,49.324,2008-07,2014-07,monitor
B0009RML8S,37,2.378,191,0.7644,190.973,2005-10,2013-07,monitor
B000053HBB,36,4.861,547,0.9177,184.194,2005-01,2014-05,monitor
B0000BVDM7,36,4.861,27,0.8519,46.667,2007-01,2014-07,monitor
B0001F347K,36,4.861,71,0.8732,109.25,2010-01,2014-06,monitor
B0002Z241Q,36,4.861,226,0.8274,161,2006-12,2013-12,monitor
B0000513US,36,4.806,114,0.8772,73.028,2003-07,2014-05,monitor
B0009ST7DY,36,4.806,101,0.9505,66.028,2005-09,2012-06,monitor
B000JLK5NW,36,4.806,72,0.9722,70.944,2009-08,2014-07,monitor
B000067O7T,36,4.778,78,0.8462,101.167,2007-11,2014-06,monitor
B000G0134G,36,4.778,95,0.8421,45.528,2007-01,2009-06,monitor
B00003CWDK,36,4.667,21,0.5714,72.278,2007-10,2014-05,monitor
B0009BX0AM,36,4.667,68,0.7794,98.333,2008-02,2014-06,monitor
B0003NN83K,36,4.639,56,0.8393,81.528,2006-12,2014-06,monitor
B00006B828,36,4.583,78,0.7564,79.861,2009-10,2014-07,monitor
B000G5S4JI,36,4.583,11,0.4545,34.361,2008-07,2014-06,monitor
B000HDJXMQ,36,4.583,13,0.5385,37.972,2008-01,2014-06,monitor
B000IZECH4,36,4.583,21,1.0,36.861,2010-10,2014-07,monitor
B0009VT9MU,36,4.528,67,0.8806,79,2006-07,2013-05,monitor
B000EVS4YE,36,4.528,101,0.6436,56.806,2007-01,2014-05,monitor
B00003006K,36,4.472,90,0.7667,92.444,2000-10,2014-01,monitor
B00006YZ3Y,36,4.444,164,0.8171,98.389,2004-05,2014-06,monitor
B0000CD7K9,36,4.417,70,0.8857,39.778,2006-05,2014-07,monitor
B000EF3D64,36,4.361,158,0.8101,95.472,2006-08,2014-06,monitor
B000F0DUT8,36,4.333,18,0.7222,62.472,2012-10,2014-07,monitor
B000I20B86,36,4.333,20,1.0,39.278,2011-05,2014-07,monitor
B000067SRA,36,4.306,23,0.7391,46.389,2007-01,2014-07,monitor
B000CSWHCY,36,4.306,409,0.9169,313.611,2006-07,2013-04,monitor
B0002T74QC,36,4.222,388,0.8351,198,2004-07,2013-06,monitor
B00004WCFY,36,4.194,303,0.8845,160.917,2006-11,2014-03,monitor
B0007KQUP2,36,4.194,1107,0.972,185.722,2005-02,2012-03,monitor
B000EVEH6I,36,4.167,37,0.7838,65.389,2009-07,2014-07,monitor
B00083XXQM,36,4.139,733,0.8759,237.944,2005-04,2011-01,monitor
B000DZMC3K,36,4.139,285,0.8877,164.667,2006-06,2013-03,monitor
B000FU2AMG,36,4.111,125,0.92,105.667,2008-03,2014-07,monitor
B00008X5DE,36,4.056,131,0.8931,66.389,2008-01,2014-07,monitor
B0007XHLXO,36,3.972,880,0.9557,119.194,2005-08,2014-07,monitor
B0002WTK48,36,3.861,282,0.9184,145.5,2005-08,2014-01,monitor
B000083CUA,36,3.75,412,0.8932,167.056,2003-03,2013-07,monitor
B00028DJTY,36,3.75,634,0.5142,277.472,2004-08,2006-07,monitor
B000AUIM9G,36,3.75,61,0.9508,76.972,2009-02,2014-07,monitor
B00004X0ZO,36,3.722,255,0.8706,128.889,2000-10,2013-10,monitor
B000EFHPKO,36,3.583,625,0.9344,149.417,2007-05,2014-05,monitor
B000IXP96Y,36,3.556,81,0.8889,46.306,2007-01,2014-05,monitor
B00081GX8O,36,2.972,76,0.9737,69.417,2005-09,2013-03,monitor
B0006G36TA,36,2.472,194,0.7938,160.722,2005-02,2013-10,monitor
B0002BG69Q,35,4.829,6,0.6667,43.143,2010-06,2014-04,monitor
B000GA7048,35,4.8,222,0.8784,214.571,2007-11,2009-08,monitor
B00004TX6Z,35,4.743,111,0.982,91.057,2002-06,2013-02,monitor
B0000932A9,35,4.714,8,0.375,35.486,2007-01,2014-07,monitor
B0009JR82U,35,4.714,28,0.9286,49.514,2007-09,2014-07,monitor
B0002E1TWC,35,4.686,61,0.8689,63.057,2007-03,2014-07,monitor
B000GHD73Y,35,4.686,82,0.5488,82.714,2008-09,2014-06,monitor
B00000J1EQ,35,4.657,4,0.75,48.686,2011-08,2014-07,monitor
B0006TI9WG,35,4.657,148,0.8446,45.829,2005-05,2013-03,monitor
B000BNHM0C,35,4.629,533,0.8236,323.886,2011-02,2014-02,monitor
B000DT7ZJM,35,4.629,16,0.875,67.771,2007-11,2013-12,monitor
B00083JQY0,35,4.6,329,0.8632,64.371,2005-04,2013-12,monitor
B000JLI4Q2,35,4.6,203,0.9113,148.743,2004-12,2014-06,monitor
B000F46CQM,35,4.571,58,1.0,86.457,2009-11,2014-05,monitor
B00076WOC4,35,4.514,463,0.892,71.2,2008-01,2014-05,monitor
B000GHXTBO,35,4.514,16,0.6875,51.771,2009-02,2014-07,monitor
B000067VBL,35,4.429,144,0.8889,67.943,2002-11,2014-04,monitor
B00064V6SK,35,4.429,284,0.8873,60.686,2005-06,2014-07,monitor
B000AAM1YI,35,4.429,57,0.6842,65,2006-03,2014-07,monitor
B0009KA6P0,35,4.343,119,0.7983,49.429,2009-05,2014-02,monitor
B000BWRIE8,35,4.343,121,0.8595,104.829,2008-07,2014-07,monitor
B00006HZ0K,35,4.314,90,0.6,150.829,2003-04,2013-12,monitor
B0007LCL90,35,4.314,59,0.7966,76.857,2011-03,2014-06,monitor
B000F1O0X2,35,4.314,64,0.7969,116.8,2006-06,2013-05,monitor
B000067SBL,35,4.286,39,0.8974,40.114,2006-01,2014-04,monitor
B00032AIGG,35,4.257,18,0.7778,93.943,2008-10,2014-05,monitor
B000GX484U,35,4.2,87,0.954,56.971,2007-11,2014-07,monitor
B00068NUM6,35,4.114,32,0.8438,53.743,2008-08,2014-03,monitor
B0007P11M4,35,4.086,174,0.7184,141.771,2009-08,2014-06,monitor
B00004Z7G9,35,4.057,215,0.9116,195.8,2002-12,2014-04,monitor
B00008ZLHG,35,4.057,127,0.8661,56.2,2003-06,2014-04,monitor
B00012FVYM,35,4.057,143,0.965,118.143,2007-12,2014-01,monitor
B00083Y4HO,35,4.057,107,0.8972,62.657,2005-07,2013-12,monitor
B00005T3EV,35,3.971,93,0.8387,56.743,2009-05,2013-06,monitor
B0000AKVHF,35,3.971,480,0.8792,118.457,2003-11,2012-10,monitor
B00076FVP6,35,3.971,201,0.9104,96.057,2007-10,2014-05,monitor
B000BRWHMQ,35,3.971,77,0.8571,100.657,2007-03,2010-06,monitor
B000FIY08U,35,3.971,101,0.901,65.143,2007-11,2014-06,monitor
B00003WGP5,35,3.914,588,0.9014,145.914,2000-05,2014-03,monitor
B0006LSIIE,35,3.829,130,0.9615,74.286,2006-12,2014-06,monitor
9625993428,35,3.8,36,0.8889,57.171,2010-04,2014-07,monitor
B000069106,35,3.743,172,0.8372,117.229,2005-03,2014-04,monitor
B000BMXJR8,35,3.743,215,0.9907,138.171,2006-01,2013-11,monitor
B000EFVALY,35,3.514,58,0.931,72.514,2008-01,2014-04,monitor
B000B5H2BE,35,3.371,179,0.9385,101.857,2007-03,2014-03,monitor
B0007SM8OQ,35,2.886,32,0.9062,72.8,2008-03,2014-04,monitor
B000I6P1UA,35,2.857,528,0.8902,110.629,2008-01,2013-03,monitor
B000FPIVLU,35,2.771,239,0.8075,172.771,2006-06,2013-01,monitor
B0001PFQAI,34,4.882,13,0.6154,39.176,2008-08,2014-07,monitor
B0002IP2TY,34,4.824,15,0.8667,44.471,2008-07,2014-07,monitor
B0002YE35M,34,4.794,18,0.9444,71.265,2009-09,2014-04,monitor
B000EOGW9K,34,4.794,37,0.7838,84.235,2008-11,2014-04,monitor
B000IXP932,34,4.794,65,0.8,66.441,2007-01,2014-07,monitor
B000HPZ97W,34,4.735,135,0.9111,87.588,2008-03,2014-01,monitor
B0002E51CQ,34,4.676,54,0.2778,47.912,2010-02,2014-06,monitor
B0000AI0NC,34,4.647,71,0.9296,68.676,2010-10,2014-07,monitor
B0002D017M,34,4.647,57,0.8596,63.706,2010-09,2014-07,monitor
B000AYKUUQ,34,4.647,1146,0.9075,216.324,2005-09,2011-11,monitor
B000FMXKC8,34,4.647,30,0.6667,44.676,2007-06,2014-07,monitor
B0001G6U3Y,34,4.618,978,0.9571,232.882,2005-06,2014-06,monitor
B0002Z240M,34,4.618,86,0.7558,133.853,2006-12,2013-05,monitor
B000DZFWL4,34,4.588,1855,0.9423,253.029,2006-07,2014-02,monitor
B0000AQR8F,34,4.559,17,0.8235,63.618,2012-09,2014-06,monitor
B0000BYBVT,34,4.559,44,0.9091,70.029,2010-01,2014-07,monitor
B0000CDJPQ,34,4.559,98,0.8776,54.853,2005-12,2014-05,monitor
B00094OX32,34,4.529,83,0.8193,82.206,2007-06,2014-06,monitor
B0002QYSA0,34,4.5,66,0.6515,101.294,2007-07,2014-06,monitor
B0002INUIY,34,4.471,857,0.958,276.118,2004-08,2013-11,monitor
B000I1YU5C,34,4.471,7,0.8571,40.265,2010-02,2014-03,monitor
B000JJSQ8U,34,4.471,27,0.963,76.088,2008-06,2014-04,monitor
B000EG5ULO,34,4.441,43,0.9535,52.5,2007-05,2014-07,monitor
B00006HOAQ,34,4.412,229,0.7729,61.206,2006-07,2014-04,monitor
B000E8OVNK,34,4.412,42,0.5714,56.412,2007-05,2014-04,monitor
B0001H29OW,34,4.382,97,0.8041,86.706,2005-07,2014-03,monitor
B000JU0NK8,34,4.382,180,0.9389,108.912,2008-11,2014-04,monitor
B000001OM4,34,4.353,73,0.8904,84.235,2005-08,2014-06,monitor
B000JQJG32,34,4.353,23,0.7826,39.529,2010-09,2014-06,monitor
B0007TJ5AK,34,4.324,826,0.8898,246.529,2005-03,2014-02,monitor
B0002J26LA,34,4.294,36,0.8056,51.588,2009-03,2014-07,monitor
B0002KKIUA,34,4.235,156,0.7179,72.147,2009-08,2014-07,monitor
B00080O0UI,34,4.206,1368,0.9671,282.853,2005-04,2014-04,monitor
B000BK107G,34,4.147,35,0.9714,78.088,2008-06,2014-06,monitor
B000EGOEBG,34,4.0,27,0.5556,37.088,2009-08,2014-03,monitor
B0006OCEFY,34,3.971,411,0.871,245.882,2004-12,2014-06,monitor
B000GD3J3G,34,3.971,81,0.8148,283.853,2007-02,2014-05,monitor
B000AYDQB6,34,3.941,307,0.6906,170.471,2007-06,2014-07,monitor
9573212919,34,3.882,190,0.8368,67.765,2010-03,2014-07,monitor
B000066CCU,34,3.853,236,0.9237,103.529,2002-12,2013-12,monitor
B0000ACOBG,34,3.706,160,0.8375,98.294,2004-03,2013-09,monitor
B00008ZOYE,34,3.647,490,0.8898,222.912,2003-04,2009-09,monitor
B000DINCIQ,34,3.647,164,0.872,149.441,2006-01,2014-03,monitor
B000FAQ6S0,34,3.618,48,0.875,53.941,2007-04,2014-05,monitor
B00011G5FW,34,3.412,456,0.7654,234.147,2004-02,2009-04,monitor
B000A4AVQO,34,3.412,201,0.8308,227.941,2006-01,2014-03,monitor
B000CSP8IO,34,3.382,83,0.8795,101.559,2006-01,2014-02,monitor
B0001BXVA4,34,3.088,146,0.8973,133,2005-05,2013-07,monitor
B0000E658Q,34,2.941,100,0.77,144.853,2004-01,2013-11,monitor
B0009RKLMG,34,2.206,60,0.7667,44.265,2008-08,2014-07,monitor
B0002ER2YQ,33,4.848,47,0.8723,60.121,2011-03,2014-07,monitor
B000AV14OK,33,4.848,12,0.5833,37.909,2009-03,2014-06,monitor
B0001MQUNS,33,4.818,22,0.8636,34.485,2009-09,2014-07,monitor
B00005Q5U5,33,4.788,640,0.9094,269.424,2001-09,2014-01,monitor
B00009UHKW,33,4.788,30,0.9,55.939,2009-03,2014-05,monitor
B00068NUOE,33,4.758,17,0.9412,33.909,2007-04,2014-06,monitor
B00004Z68P,33,4.727,32,0.875,43.303,2005-03,2014-06,monitor
B00077IG3O,33,4.667,22,0.5455,68.727,2009-06,2014-05,monitor
B000JJSQ3A,33,4.667,21,0.8571,93.758,2010-11,2014-05,monitor
B00005LB8P,33,4.636,332,0.9157,197.848,2001-06,2012-08,monitor
B00024VU5I,33,4.636,21,0.6667,56.636,2007-03,2014-05,monitor
B0009RKL6M,33,4.636,66,0.8333,53.242,2006-05,2014-07,monitor
B0009VT9OS,33,4.636,67,0.7313,95.636,2008-05,2013-11,monitor
B000HI4VHI,33,4.636,269,0.8439,110.788,2007-06,2013-08,monitor
B00006JPDF,33,4.606,101,0.8515,109.091,2007-09,2014-04,monitor
B000GDEZLQ,33,4.576,123,0.878,229.939,2006-10,2013-12,monitor
B0006GCCN6,33,4.545,376,0.75,271.818,2007-01,2014-04,monitor
B0000AKVJC,33,4.485,187,0.8128,84.212,2004-04,2014-06,monitor
B000EDRSGW,33,4.455,418,0.9498,142.455,2006-05,2014-02,monitor
B000292DO0,33,4.424,35,0.4857,88.424,2008-08,2014-07,monitor
B000JLWFNA,33,4.364,91,0.9011,181.545,2007-02,2012-01,monitor
B0000AZ67Z,33,4.333,84,0.8095,97.697,2003-12,2014-01,monitor
B0009MZ9UK,33,4.333,23,0.8261,68.455,2006-10,2014-05,monitor
B000EM8GDW,33,4.303,105,0.8476,85.333,2007-08,2014-06,monitor
B000EPOPQG,33,4.303,19,0.7895,70.03,2010-05,2014-02,monitor
B000FJ4XP4,33,4.303,86,0.7674,78.818,2007-08,2014-07,monitor
B00002EQCS,33,4.242,47,0.7234,50.939,2000-12,2014-07,monitor
B000EQ5HSK,33,4.242,147,0.7755,93.758,2006-12,2014-06,monitor
B000F31KLA,33,4.242,268,0.9478,182.182,2006-04,2014-07,monitor
B00004SYNX,33,4.212,85,0.7882,74.242,2000-06,2014-01,monitor
B000CP4JMS,33,4.212,230,0.9174,84.273,2007-06,2011-12,monitor
B000FNKV2Y,33,4.212,19,0.7368,43.455,2010-05,2014-06,monitor
B0001FV3C8,33,4.182,508,0.9114,117.485,2004-06,2010-03,monitor
B00008OE5I,33,4.121,448,0.7589,260.242,2003-04,2013-10,monitor
B0001G6U52,33,4.121,665,0.9414,320.061,2004-04,2009-06,monitor
B000JG3WBY,33,4.121,115,0.9652,87.576,2007-03,2013-08,monitor
B000HJPK0Y,33,4.091,368,0.8342,186.485,2006-11,2014-01,monitor
B0000XOB7U,33,4.03,57,0.7193,95.303,2010-07,2014-07,monitor
B0002UPGOI,33,4.03,19,0.4737,54.909,2010-04,2014-07,monitor
B00009R6UC,33,3.848,162,0.6111,65.727,2005-06,2014-05,monitor
B000BM2Q7W,33,3.848,437,0.9062,218.424,2005-11,2011-05,monitor
B000GP845M,33,3.848,127,0.937,128.061,2006-10,2013-01,monitor
B000JET9EA,33,3.788,232,0.8879,328.909,2006-12,2011-09,monitor
B000HHYEKI,33,3.515,240,0.75,217.455,2006-11,2011-06,monitor
B00007FGUE,33,3.485,42,0.9048,64.242,2008-04,2013-10,monitor
B0002BRMNA,33,3.485,301,0.7575,240.636,2004-07,2009-10,monitor
B00008XETO,33,3.424,158,0.8228,140.212,2003-06,2014-04,monitor
B000FFRZ1W,33,3.364,116,0.8362,184.212,2006-06,2013-12,monitor
B00006JPRQ,33,3.121,33,0.8788,45.879,2009-03,2014-07,monitor
B000EPFCC2,33,3.121,124,0.9274,92.333,2006-07,2014-05,monitor
B000BSLTIS,33,3.0,42,0.8095,120.606,2007-01,2013-08,monitor
B0002F4EO6,33,2.909,185,0.7514,142.03,2004-07,2010-01,monitor
B000FYZARY,32,4.938,257,0.9416,183.969,2008-03,2014-07,monitor
B000H2WIUQ,32,4.781,15,0.6667,93.344,2011-05,2014-05,monitor
B00005LE77,32,4.75,690,0.7217,127.5,2005-02,2014-01,monitor
B0007WTEVM,32,4.75,29,0.8966,33.219,2011-04,2014-07,monitor
B000I21Z5E,32,4.75,20,1.0,48.531,2010-05,2014-06,monitor
B000087NBW,32,4.656,60,0.8833,54.906,2007-08,2014-07,monitor
B0002HRBSU,32,4.594,12,0.5833,29.969,2012-09,2014-07,monitor
B00006IBLQ,32,4.562,45,0.6889,50.75,2008-09,2014-07,monitor
B0002J1WTC,32,4.562,25,0.72,36.75,2011-04,2014-07,monitor
B000COZ504,32,4.531,4,0.75,49.156,2011-07,2014-05,monitor
B000J3HTQG,32,4.531,113,0.8673,89.031,2008-08,2014-07,monitor
B00006HCJI,32,4.5,343,0.8688,296.188,2002-11,2008-08,monitor
B0006B088W,32,4.5,51,0.9412,79.375,2006-07,2014-05,monitor
B00005LEOO,32,4.469,1092,0.913,211.438,2004-12,2014-04,monitor
B0002Q7VO0,32,4.469,15,0.8667,49.594,2009-01,2014-07,monitor
B000196C2A,32,4.438,56,0.7679,82.156,2005-09,2014-07,monitor
B00005OTG6,32,4.406,158,0.9241,112.219,2003-09,2014-07,monitor
B000EB7OTU,32,4.406,134,0.9701,203.688,2006-04,2013-06,monitor
B000A6EXNO,32,4.375,44,0.7273,61.281,2009-09,2014-07,monitor
B00006I53V,32,4.312,470,0.7702,137.219,2005-05,2014-05,monitor
B000EPJLGK,32,4.312,268,0.7948,157.25,2006-11,2013-05,monitor
B00008NG7N,32,4.281,160,0.9688,67.656,2007-06,2014-07,monitor
B000HSS78M,32,4.281,89,0.8652,107.875,2007-04,2014-01,monitor
B00008VF91,32,4.25,336,0.7768,83,2005-03,2013-04,monitor
B0007Y79AI,32,4.219,276,0.8261,210.625,2005-09,2013-03,monitor
B000069E1V,32,4.188,41,0.7317,94.094,2004-11,2013-07,monitor
B0001YEOCU,32,4.156,327,0.8624,136,2005-12,2014-06,monitor
B0006N3EVS,32,4.156,9,0.7778,96.219,2007-08,2013-11,monitor
B000F5IE9Y,32,4.156,132,0.8939,128.031,2007-01,2014-07,monitor
B0002UB2P0,32,4.094,214,0.7617,261.781,2004-09,2008-11,monitor
B0009HN588,32,4.062,74,0.4865,74.219,2007-06,2014-06,monitor
B00007K3A3,32,4.031,170,0.9176,172.438,2003-02,2006-09,monitor
B000FBSREK,32,4.0,138,0.8551,117.781,2006-11,2013-12,monitor
B000IF4TPY,32,4.0,832,0.8438,220.5,2006-09,2012-03,monitor
B000JFN1XY,32,4.0,453,0.9426,237.031,2006-11,2014-05,monitor
B000FFLWLQ,32,3.969,61,0.7705,74.719,2008-09,2014-06,monitor
B000GFZTQO,32,3.969,349,0.914,199.625,2006-10,2010-12,monitor
B000233YDK,32,3.906,546,0.8352,220.781,2004-08,2010-02,monitor
B000FA7PQ2,32,3.906,164,0.8841,170.781,2006-07,2012-12,monitor
B000EDK8XC,32,3.844,368,0.8016,183.344,2006-06,2014-07,monitor
B000BKY3Q6,32,3.812,104,0.8269,129.562,2006-02,2014-03,monitor
B0000AQIFW,32,3.781,175,0.8114,235.781,2003-10,2006-06,monitor
B000AYKV4G,32,3.781,325,0.7846,191.062,2005-10,2013-12,monitor
B00005Q4ZV,32,3.75,165,0.8121,84.406,2003-05,2014-07,monitor
B0002ZPFAS,32,3.656,13,0.5385,44.094,2006-12,2014-06,monitor
B000CD6B6W,32,3.625,472,0.5805,155.031,2006-09,2014-03,monitor
B0002AHS12,32,3.312,230,0.9217,162.469,2005-02,2011-05,monitor
B00005AWBJ,32,3.281,222,0.7973,151.344,2001-05,2014-03,monitor
B0002CE0XY,32,3.219,283,0.8869,178.656,2004-09,2014-03,monitor
B000085ZKV,32,3.188,90,0.8556,104.875,2003-06,2014-07,monitor
B00013VHAS,32,3.188,129,0.7519,127.75,2004-03,2013-08,monitor
B0002IG356,32,3.125,185,0.7243,169.344,2004-09,2010-04,monitor
B0000DF2LT,32,2.969,136,0.8088,139.5,2004-04,2014-06,monitor
B00007EDYY,31,4.806,126,0.9365,87.903,2008-04,2014-06,monitor
B00006RHZG,31,4.742,82,0.7195,55.29,2005-03,2014-03,monitor
B00004X10B,31,4.677,189,0.9524,128.516,2004-02,2014-07,monitor
B00007E7QS,31,4.677,39,0.8462,75.839,2007-01,2014-07,monitor
B0001HKIK4,31,4.677,170,0.8588,107.419,2006-03,2014-06,monitor
B00028OP2Y,31,4.677,28,0.7143,80.742,2009-11,2014-07,monitor
B0002O77T6,31,4.645,47,0.5957,52.194,2006-06,2014-07,monitor
B000BYCNM8,31,4.645,196,0.9592,115.71,2006-03,2010-05,monitor
B00000J1V3,31,4.613,95,0.9579,42.032,2006-12,2014-02,monitor
B00005111L,31,4.613,109,0.4587,86.71,2009-08,2014-07,monitor
B0000AHO91,31,4.613,37,0.7838,48.806,2010-01,2014-04,monitor
B000GFWFY8,31,4.613,556,0.9173,303.806,2006-10,2011-11,monitor
B000HC8Q70,31,4.613,42,0.9048,77.323,2007-09,2014-05,monitor
B0000B35CK,31,4.581,262,0.9198,97.871,2004-03,2013-01,monitor
B0007KPRK6,31,4.581,15,0.6,42.677,2011-01,2014-07,monitor
B00005V8R8,31,4.548,164,0.9268,92.839,2005-10,2014-03,monitor
B000A3WS20,31,4.548,261,0.7893,283.323,2005-10,2013-04,monitor
B00009W3FR,31,4.516,46,0.9348,33.161,2009-06,2014-07,monitor
B000E5FOYS,31,4.516,134,0.791,53.452,2006-06,2011-09,monitor
B000EGLXTW,31,4.452,669,0.9462,202.548,2006-03,2008-07,monitor
B00006346B,31,4.419,75,0.7333,54.29,2008-03,2013-12,monitor
B0002BEVXY,31,4.419,18,0.5556,54.516,2010-03,2014-07,monitor
B0002CE0XO,31,4.419,43,0.8837,112.29,2008-07,2014-03,monitor
B000C0QGAQ,31,4.419,32,0.5,52.71,2007-01,2014-05,monitor
B00004ZCA5,31,4.387,38,0.6316,51,2001-02,2014-05,monitor
B0001G6U4S,31,4.387,334,0.9281,257.452,2004-07,2014-01,monitor
B000COZ45K,31,4.387,24,0.7917,47.71,2007-12,2014-07,monitor
B000FZXHGO,31,4.355,171,0.924,152.129,2007-01,2012-04,monitor
B000G6M91G,31,4.323,194,0.9227,129.71,2006-09,2014-05,monitor
B000067RVJ,31,4.29,59,0.7797,63,2005-04,2014-05,monitor
B000068MP2,31,4.29,79,0.8481,86.71,2003-01,2013-10,monitor
B00009UHJS,31,4.29,5,0.8,32.032,2010-10,2014-03,monitor
B0001YGIB0,31,4.29,139,0.7122,144.065,2004-07,2012-01,monitor
B00002SWHH,31,4.258,945,0.8751,270.161,1999-12,2002-07,monitor
B0000CEOYI,31,4.194,546,0.8352,320.29,2003-09,2012-09,monitor
B0009I4VE4,31,4.194,939,0.7934,216.194,2005-06,2014-01,monitor
B000JJM2GW,31,4.194,75,0.8267,87.581,2007-12,2014-05,monitor
B0002MRN4W,31,4.161,196,0.8878,99.548,2005-01,2008-10,monitor
B000EP35US,31,4.129,208,0.7163,136.903,2006-09,2013-06,monitor
B000GHULTM,31,4.129,510,0.8706,257.29,2006-10,2011-12,monitor
B000063EJW,31,4.097,72,0.75,179.194,2002-12,2013-05,monitor
B0000DBJJT,31,4.097,668,0.8728,291.935,2003-10,2014-02,monitor
B0001FTVDG,31,4.065,79,0.5949,164.419,2004-07,2013-10,monitor
B000CHRK6S,31,4.065,157,0.8089,90.419,2007-05,2014-06,monitor
B00006JILW,31,4.032,102,0.902,93.258,2004-06,2013-12,monitor
B000EU0880,31,4.032,40,0.9,82.452,2007-05,2014-07,monitor
B000I5PGOM,31,4.032,285,0.6947,258.645,2006-11,2012-07,monitor
B000HP3IS4,31,3.968,71,0.9577,62.355,2008-01,2014-04,monitor
B000AOTLP6,31,3.871,101,0.5446,218.548,2006-05,2014-01,monitor
B000067RC5,31,3.806,104,0.9519,51.71,2008-02,2014-07,monitor
B000IM5GBS,31,3.677,169,0.7396,136.645,2006-12,2013-12,monitor
B0000ALPBJ,31,3.613,262,0.9198,201.484,2003-08,2012-11,monitor
B0009GBRS4,31,3.613,87,0.7471,67.161,2009-06,2014-07,monitor
B000FP0K78,31,3.613,185,0.7784,187.097,2006-09,2010-04,monitor
B000GOUE7Y,31,3.613,197,0.868,108.161,2006-12,2013-08,monitor
B0002375F8,31,3.548,99,0.8485,75.065,2005-10,2014-07,monitor
B00006JILC,31,3.516,158,0.8861,96.452,2004-04,2012-12,monitor
B0009MFQ12,31,3.29,811,0.9433,230,2005-07,2013-01,monitor
B0001OY2VS,31,3.258,80,0.825,188.871,2005-03,2010-04,monitor
B0002A9SJ2,31,3.097,355,0.8394,119.226,2004-11,2014-06,monitor
B00007AKDL,31,3.0,136,0.6324,189.484,2010-07,2014-05,monitor
B0006V7QAK,31,2.903,89,0.6292,72.484,2006-09,2013-10,monitor
B0009IQ1BU,30,4.867,17,0.8824,52,2009-08,2014-05,monitor
B000GL3MOY,30,4.833,13,0.6923,35.267,2011-04,2014-07,monitor
B00077INZU,30,4.8,50,0.96,81.833,2010-10,2014-07,monitor
B000BP2YLC,30,4.8,91,0.8571,165.8,2006-06,2012-08,monitor
B000I1GZ0U,30,4.8,16,0.8125,40.733,2011-02,2014-03,monitor
B00006B82N,30,4.767,44,0.8182,45.533,2010-06,2014-04,monitor
B00007E7K0,30,4.733,19,0.9474,42.9,2009-04,2014-06,monitor
B000BGZMTC,30,4.733,146,0.7671,55.367,2006-08,2014-05,monitor
B000EY1LCI,30,4.733,175,0.9429,179.5,2006-06,2014-01,monitor
B000JREMTO,30,4.667,29,0.8621,64.1,2007-12,2013-04,monitor
B00009KYCN,30,4.633,83,0.7108,78.3,2008-08,2014-06,monitor
B00004Z5L8,30,4.6,29,0.7931,34.967,2002-10,2014-07,monitor
B00099I0EK,30,4.6,112,0.9554,97.467,2006-01,2009-12,monitor
B000E1S3OA,30,4.6,47,0.9149,45.867,2009-11,2014-05,monitor
B0002YE6G8,30,4.567,208,0.9615,171.633,2004-12,2009-10,monitor
B00004TX71,30,4.533,197,0.9289,138.067,2006-08,2010-10,monitor
B00008OE6F,30,4.533,28,0.8214,39.6,2007-03,2014-03,monitor
B000J4J6T8,30,4.533,126,0.9683,102.067,2007-06,2014-03,monitor
B00006LV79,30,4.5,594,0.9209,240.633,2002-12,2013-11,monitor
B0000AN4EG,30,4.5,322,0.8447,240.667,2003-09,2013-09,monitor
B0001ZA4PA,30,4.5,167,0.8743,56.333,2005-03,2014-07,monitor
B000B525DY,30,4.5,14,1.0,97.667,2009-03,2014-03,monitor
B000165ARQ,30,4.467,7,1.0,40.633,2007-05,2014-07,monitor
B000F4CTUK,30,4.467,629,0.8569,277.8,2006-04,2010-11,monitor
B000HDU0Q4,30,4.467,23,0.6087,70.333,2007-03,2014-06,monitor
B00000J4FS,30,4.433,1075,0.9098,206.267,1999-07,2014-06,monitor
B00005B8HO,30,4.433,91,0.7582,100.567,2001-09,2013-03,monitor
B0001VWIR6,30,4.433,22,0.8182,97.167,2007-09,2014-07,monitor
B00006B9H8,30,4.4,112,0.6786,66,2002-11,2014-05,monitor
B0002ZSFTG,30,4.4,173,0.7746,207.8,2007-06,2013-08,monitor
B0009JR45Q,30,4.4,140,0.9714,138.167,2007-09,2013-12,monitor
B000A22V6Y,30,4.4,108,0.963,77.2,2006-11,2014-04,monitor
B000IWTHYA,30,4.4,80,0.9625,63.133,2007-12,2013-12,monitor
B00007JDRV,30,4.333,290,0.6966,124.1,2003-04,2013-11,monitor
B000I5NQA8,30,4.333,161,0.8447,96.5,2007-11,2014-04,monitor
B0007XL43M,30,4.3,203,0.8768,243.467,2006-12,2012-06,monitor
B00000J1QR,30,4.267,149,0.8993,62.233,2010-02,2014-04,monitor
B00004TZF9,30,4.267,46,0.8913,43.767,2001-10,2014-07,monitor
B00030ATTO,30,4.267,369,0.8482,145.3,2005-11,2014-04,monitor
B000DZH4D8,30,4.267,888,0.9617,276.433,2006-03,2013-12,monitor
B000065BPA,30,4.233,295,0.861,165.333,2003-04,2011-09,monitor
B000071A7U,30,4.233,618,0.89,311.133,2002-11,2006-01,monitor
B00022OBOM,30,4.233,51,0.9216,82.4,2010-08,2014-07,monitor
B0009F3SGE,30,4.233,322,0.8851,193.1,2006-02,2008-01,monitor
B0002D6Q0I,30,4.167,72,0.9306,87.3,2005-11,2013-08,monitor
B000085BDB,30,4.133,68,0.8235,94.767,2007-03,2014-06,monitor
B000ACGQI8,30,4.133,185,0.8595,243.4,2005-11,2008-06,monitor
B00022OBRE,30,4.1,14,0.5714,56.767,2010-03,2014-04,monitor
B000EIWCFE,30,4.1,108,0.8611,93.233,2007-08,2014-07,monitor
B0001HA8WW,30,4.067,74,0.9189,60.9,2005-02,2014-06,monitor
B00065X51U,30,4.067,501,0.9202,185.4,2004-10,2014-06,monitor
B000IMDPS4,30,4.067,83,0.8434,91.2,2007-02,2013-05,monitor
B000068O3L,30,4.033,42,0.2619,53.533,2011-02,2014-07,monitor
B000EMCZ52,30,4.033,14,0.6429,72.7,2007-12,2014-07,monitor
B000G3FNVM,30,4.033,203,0.8719,195.267,2007-02,2014-05,monitor
B00008WFVI,30,3.9,362,0.8785,284.533,2003-04,2012-07,monitor
B00066Z9XG,30,3.9,193,0.943,71.767,2008-02,2014-07,monitor
B00068DIB4,30,3.9,122,0.9098,69.167,2006-08,2014-05,monitor
B000EF3YQI,30,3.9,371,0.8679,53.667,2007-01,2014-07,monitor
B00005NCWM,30,3.833,123,0.878,87.367,2006-11,2014-01,monitor
B00066EK40,30,3.833,433,0.8614,180.1,2004-12,2014-06,monitor
B00007LTB6,30,3.8,80,0.8375,140,2003-11,2014-06,monitor
B000GFPTQY,30,3.767,780,0.7897,193.767,2007-10,2014-07,monitor
B000E1FYRO,30,3.7,83,0.8313,128.167,2006-03,2014-03,monitor
B0000BVV37,30,3.667,117,0.8974,72.7,2004-03,2011-09,monitor
B00076QA6K,30,3.667,122,0.918,102.233,2005-09,2014-02,monitor
B0009TQB00,30,3.667,113,0.9558,170.167,2006-01,2008-11,monitor
B000AY0IT4,30,3.667,121,0.7438,170.967,2005-10,2013-07,monitor
B000EWARBG,30,3.667,223,0.7444,166.2,2006-05,2014-05,monitor
B0000AQIFZ,30,3.6,349,0.7966,312.833,2003-10,2014-04,monitor
B0001KWGOW,30,3.567,330,0.8667,158.867,2004-08,2013-10,monitor
B000IBROQE,30,3.533,95,0.8,166.433,2006-09,2013-08,monitor
B000EGGRG6,30,3.267,85,0.9176,79.5,2007-06,2014-07,monitor
B0001GRTK2,29,4.931,125,0.84,46.448,2004-11,2013-04,monitor
B0002E52S4,29,4.897,18,0.6667,39.862,2011-07,2014-06,monitor
B0000WKYU4,29,4.862,243,0.93,101.517,2007-01,2014-03,monitor
B000BMZHX2,29,4.862,20,0.8,66,2012-07,2014-07,monitor
B00005T3G5,29,4.828,12,0.9167,35.241,2011-01,2014-05,monitor
B0009X3JBU,29,4.724,81,0.9877,83.276,2007-04,2014-03,monitor
B000ANRP82,29,4.724,53,0.9811,125.931,2006-01,2013-12,monitor
B000HWZJYS,29,4.724,29,0.7586,69.966,2009-01,2014-03,monitor
B000067RMT,29,4.69,18,1.0,36.655,2005-04,2014-03,monitor
B00006J053,29,4.69,225,0.8667,79.897,2006-07,2013-05,monitor
B0000U1N38,29,4.655,285,0.614,109.552,2007-04,2014-07,monitor
B0002855KK,29,4.655,115,0.9217,113.897,2009-03,2014-04,monitor
B0002E3WKO,29,4.655,71,0.8169,48.138,2005-09,2014-03,monitor
B00004YZLX,29,4.621,688,0.9317,141.517,2000-12,2013-11,monitor
B00008OT2G,29,4.621,451,0.8714,240.034,2003-04,2014-06,monitor
B000I634WC,29,4.621,17,1.0,54,2011-06,2014-06,monitor
B0000E1VRT,29,4.586,20,0.95,52.138,2010-05,2014-07,monitor
B0002343AS,29,4.586,20,0.85,59.897,2008-03,2014-06,monitor
B000I9643K,29,4.586,13,1.0,57.483,2011-11,2014-03,monitor
B0007QCT0G,29,4.552,87,0.8736,168.103,2006-04,2013-12,monitor
B000DZH9H4,29,4.552,465,0.8946,117.862,2006-07,2014-04,monitor
B000I28RU0,29,4.552,17,0.6471,37.276,2006-10,2014-01,monitor
B00006L4FX,29,4.517,199,0.9347,149.31,2003-10,2014-05,monitor
B0002JUHS4,29,4.517,45,0.9778,96.517,2007-01,2014-07,monitor
B000I96BVK,29,4.517,16,0.625,76.759,2010-07,2014-06,monitor
B0006TIA0C,29,4.483,199,0.8794,119.241,2005-10,2014-03,monitor
B000I5YZL2,29,4.483,31,0.7742,53.034,2007-10,2014-05,monitor
B0002GRL7M,29,4.448,38,0.9474,48.828,2007-11,2014-06,monitor
B0002QYS8W,29,4.448,101,0.5743,181.966,2008-11,2014-05,monitor
B0002ZPTBI,29,4.448,121,0.6942,126.759,2008-06,2014-06,monitor
B00006L7RV,29,4.414,320,0.7937,239.414,2004-01,2014-04,monitor
B00009R6N0,29,4.414,220,0.8955,112.241,2005-12,2014-05,monitor
B0002QL9UC,29,4.414,75,0.8533,77.517,2010-11,2014-05,monitor
B000H84LBE,29,4.414,84,0.9643,107.241,2007-02,2014-02,monitor
B00067OOHC,29,4.379,65,0.9385,125.655,2006-12,2014-03,monitor
B000234I5I,29,4.345,41,0.8049,74.207,2008-01,2013-12,monitor
B0007CZ70Y,29,4.345,863,0.9316,312.345,2005-02,2013-01,monitor
B00006IAAN,29,4.31,73,0.8767,77.793,2008-03,2014-07,monitor
B0002A4M4I,29,4.31,35,1.0,47.586,2007-05,2014-07,monitor
B000CSQNL0,29,4.31,744,0.957,220.759,2006-04,2014-01,monitor
B000EOOU6M,29,4.276,49,0.4898,63.379,2007-02,2014-05,monitor
B000F6VRJC,29,4.241,30,0.9333,113.345,2008-02,2014-05,monitor
B00006I5FQ,29,4.207,193,0.8187,206.069,2003-02,2006-01,monitor
B000HPX4AQ,29,4.207,47,0.9149,99.552,2007-01,2014-03,monitor
B0000A0AEO,29,4.172,225,0.9333,100.034,2009-01,2014-07,monitor
B0007KX4TM,29,4.172,746,0.7185,335.828,2005-03,2006-05,monitor
B000CSQRYS,29,4.172,471,0.8938,298,2006-07,2013-12,monitor
B000IF80ZE,29,4.103,96,0.7708,119.828,2005-01,2011-02,monitor
B00012F7G4,29,4.069,57,0.5614,87.69,2009-01,2014-07,monitor
B000JG88JU,29,4.069,343,0.8397,160.897,2007-04,2014-07,monitor
B00017IX10,29,4.034,485,0.8784,161.069,2004-02,2008-03,monitor
B00064GI2O,29,4.034,259,0.9073,143.138,2004-11,2012-03,monitor
B0002IHP58,29,3.966,243,0.7325,141.103,2005-02,2013-10,monitor
B00030099O,29,3.966,121,0.876,129.828,2005-11,2013-11,monitor
B000CFSL4A,29,3.966,90,0.9333,131.207,2006-10,2014-07,monitor
B0000B3ALF,29,3.862,167,0.8263,105.966,2005-02,2014-05,monitor
B0001LS0ZU,29,3.862,66,0.7879,87.138,2004-09,2013-02,monitor
B00005A9AV,29,3.828,178,0.7135,77.517,2001-08,2014-06,monitor
B0007GIXS8,29,3.828,636,0.8223,286.586,2005-10,2013-03,monitor
B000FUVNX8,29,3.793,11,0.7273,48,2010-03,2014-06,monitor
B000I5OJOU,29,3.759,7,0.7143,65.655,2008-06,2014-04,monitor
B000JV6TQY,29,3.759,355,0.8197,207.414,2006-12,2013-11,monitor
B0000AOWWY,29,3.724,169,0.8284,203.103,2003-11,2011-05,monitor
B0002VM8RU,29,3.724,93,0.871,85.345,2011-03,2014-06,monitor
B000098XIJ,29,3.103,74,0.7162,103.655,2004-03,2014-03,monitor
B0001DYXOU,29,3.0,465,0.8796,194,2004-05,2013-11,monitor
B000I6P1I2,29,2.931,445,0.8787,148.034,2008-01,2011-04,monitor
B0002J226O,28,4.964,24,0.6667,93.036,2010-02,2014-02,monitor
B00009R6KN,28,4.821,55,0.8727,58.964,2009-09,2014-06,monitor
B000I991LM,28,4.714,5,0.4,39.75,2009-06,2014-03,monitor
B00009R90O,28,4.679,57,0.807,66.036,2007-11,2014-06,monitor
B00009W3BQ,28,4.679,122,0.959,81.143,2008-06,2014-04,monitor
B0000YD2JC,28,4.679,98,0.9286,101.429,2007-10,2014-05,monitor
B000BYVA8Q,28,4.679,266,0.9586,179.571,2006-08,2013-11,monitor
B000067V62,28,4.643,133,0.9398,161.571,2003-11,2014-01,monitor
B00009R6KK,28,4.643,51,0.8627,61.821,2009-03,2014-04,monitor
B0009W9PBE,28,4.643,27,0.9259,36.036,2007-12,2014-05,monitor
B000CRLBN6,28,4.643,170,0.8647,139,2007-02,2014-07,monitor
B000FD8MJS,28,4.607,210,0.9524,195.857,2006-05,2010-02,monitor
B00004VXNI,28,4.571,56,0.875,91,2010-12,2014-04,monitor
B0009JR42E,28,4.571,60,0.8167,76.607,2007-01,2014-04,monitor
B000BY52O4,28,4.571,222,0.8604,104.036,2006-03,2014-06,monitor
B000EOUYH6,28,4.571,122,0.9508,132.25,2006-07,2014-02,monitor
B000GBN42E,28,4.571,157,0.8153,175.964,2007-05,2014-01,monitor
B00025O7LQ,28,4.536,97,0.9485,125.393,2006-11,2012-10,monitor
B0007Y798U,28,4.536,268,0.7351,279.286,2005-09,2014-03,monitor
B00006HOAN,28,4.5,305,0.859,73.786,2006-12,2014-03,monitor
B00009PZX6,28,4.5,10,0.7,40.321,2007-04,2014-05,monitor
B0001LRIT4,28,4.5,38,0.7368,67.607,2005-03,2014-06,monitor
B00069ECVI,28,4.5,151,0.8742,97.536,2005-09,2011-03,monitor
B000BSJJ1M,28,4.5,11,0.6364,75.964,2012-05,2014-07,monitor
B000B7C3DY,28,4.464,64,0.8594,72.714,2010-11,2014-05,monitor
B00006B7RK,28,4.393,102,0.9412,49.75,2007-09,2014-07,monitor
B0002BA57A,28,4.393,98,0.9796,55.607,2007-04,2014-06,monitor
B0006Q3B2W,28,4.393,173,0.7341,126.071,2006-11,2014-01,monitor
B000BTAH62,28,4.393,205,0.922,72.321,2006-12,2014-06,monitor
B00002JXFH,28,4.357,136,0.9265,202.321,1999-12,2007-07,monitor
B00003006R,28,4.357,131,0.8321,93.929,2000-08,2010-12,monitor
B00005Y1Z6,28,4.357,592,0.9324,199.429,2002-03,2011-11,monitor
B000A6PTHI,28,4.357,408,0.9167,136.286,2006-11,2014-02,monitor
B000165AS0,28,4.286,39,0.7692,47.107,2005-01,2014-03,monitor
B00000J4GE,28,4.25,13,0.6923,89.036,2008-11,2014-07,monitor
B00009KIYM,28,4.25,108,0.7407,92.286,2004-08,2013-06,monitor
B000HARTYI,28,4.25,460,0.9022,242.286,2006-09,2014-06,monitor
1400698987,28,4.214,226,0.7699,105.321,2013-05,2014-07,monitor
B00004Y3UX,28,4.214,66,0.8939,88.036,2007-05,2014-06,monitor
B000067VB7,28,4.214,33,0.8485,94.464,2003-06,2014-01,monitor
B0000AOWW9,28,4.214,121,0.8347,148.286,2003-10,2013-10,monitor
B000EGLZUE,28,4.214,113,0.6637,154.893,2006-06,2011-07,monitor
B000HCNZI0,28,4.214,48,0.6458,60.571,2013-02,2014-07,monitor
B0000EI9VR,28,4.179,741,0.7706,350.107,2003-11,2005-04,monitor
B00080DSEM,28,4.179,25,1.0,110.643,2006-11,2014-06,monitor
B0000665P5,28,4.143,178,0.8258,99.179,2003-05,2014-03,monitor
B00020H1TG,28,4.107,88,0.75,126.464,2005-05,2010-01,monitor
B00004TEN2,28,4.071,216,0.8935,100.714,2000-07,2003-02,monitor
B0007XGOTG,28,4.071,735,0.8857,225.143,2005-06,2010-11,monitor
B000092M1T,28,4.036,770,0.6922,140.071,2005-01,2014-03,monitor
B000I4UQFC,28,4.036,56,0.8571,173.714,2007-01,2014-05,monitor
B000FHFPHG,28,3.964,68,0.8824,98.464,2008-03,2013-11,monitor
B00006B9W3,28,3.929,39,0.8718,81.393,2007-01,2014-06,monitor
B00066EK3G,28,3.893,268,0.7052,181.25,2004-12,2011-09,monitor
B000CQP5YS,28,3.893,90,0.9556,295.571,2007-01,2013-04,monitor
B000652T8A,28,3.857,8,0.5,72.179,2013-01,2014-07,monitor
B000JLNO3A,28,3.821,20,0.75,99.75,2008-04,2009-06,monitor
B0000228GF,28,3.75,281,0.9181,116.071,2000-05,2014-06,monitor
B000087BXU,28,3.75,520,0.9442,302.036,2003-07,2007-10,monitor
B000GU8B28,28,3.607,91,0.6813,104.714,2008-05,2014-04,monitor
B0007KK2DS,28,3.571,18,0.9444,79.893,2010-12,2014-05,monitor
B000G35S08,28,3.571,304,0.8651,207.857,2007-01,2013-06,monitor
B000CFO3WY,28,3.536,167,0.8922,49.107,2006-01,2014-02,monitor
B00008Z1QI,28,3.5,99,0.6768,179.643,2003-11,2014-05,monitor
B000FL2EJE,28,3.321,116,0.9483,149.857,2007-11,2014-06,monitor
B000E4K2GO,28,3.25,88,0.6705,112.071,2007-02,2014-05,monitor
B000H97UC0,28,2.929,168,0.8214,177.893,2006-11,2014-04,monitor
B0000TW3RE,28,2.357,113,0.8142,151.679,2005-03,2013-12,monitor
B00005LE76,27,4.815,564,0.672,193.37,2006-04,2014-02,monitor
B00006I5JA,27,4.815,22,0.5455,48.259,2008-03,2014-06,monitor
B0009HTB0Y,27,4.815,111,0.8919,109.889,2005-12,2014-06,monitor
B00004Z5KA,27,4.778,43,0.5814,43.185,2007-11,2014-05,monitor
B00009EFQT,27,4.778,46,0.8696,49.296,2008-08,2014-03,monitor
B00004Z5QU,27,4.741,47,0.8511,39.926,2002-08,2014-04,monitor
B00006412G,27,4.741,367,0.9673,296.407,2002-04,2007-08,monitor
B0000691IO,27,4.741,259,0.9189,61.185,2002-07,2014-04,monitor
B00008T1TZ,27,4.741,75,0.96,84.222,2009-09,2014-06,monitor
B0001L10Y8,27,4.741,48,0.5833,62.963,2008-03,2014-04,monitor
B0006HQ1AK,27,4.741,68,0.7353,64.148,2006-07,2014-05,monitor
B0002EKEHS,27,4.704,223,0.9283,103.63,2010-11,2014-02,monitor
B000G6U8VY,27,4.704,46,0.8043,66.852,2009-02,2014-07,monitor
B0002P19PS,27,4.667,351,0.8234,162.519,2006-07,2014-05,monitor
B00067OLOS,27,4.667,41,0.7805,117.444,2007-12,2014-06,monitor
B000CQ73PW,27,4.667,101,0.9802,110.148,2007-03,2014-01,monitor
B0002ZPJZY,27,4.63,24,0.7083,38.037,2005-03,2014-03,monitor
B000HGQJZW,27,4.63,336,0.7738,251.333,2006-12,2013-11,monitor
B0000E1717,27,4.593,180,0.95,83.63,2004-10,2014-03,monitor
B000IBLMHQ,27,4.593,397,0.9572,201.037,2007-04,2014-03,monitor
B000HKDA0U,27,4.556,38,0.6842,154.704,2007-09,2014-03,monitor
B00069BVIK,27,4.519,20,0.5,68.963,2008-05,2014-06,monitor
B000HDONV2,27,4.519,27,0.6667,48.259,2012-01,2014-07,monitor
B00007EE00,27,4.481,337,0.8843,158.37,2006-12,2014-03,monitor
B00009R6AY,27,4.481,41,0.9512,93.37,2010-08,2014-06,monitor
B0000CD08M,27,4.481,742,0.9124,112.778,2003-10,2014-02,monitor
B0009PYV6K,27,4.481,285,0.8526,198.889,2005-10,2014-04,monitor
B000EPNES6,27,4.481,469,0.8721,270.222,2006-09,2009-02,monitor
B000HWQ75I,27,4.444,84,0.9405,121.259,2006-12,2009-04,monitor
B000JC5DAG,27,4.444,9,0.8889,95.481,2010-09,2014-07,monitor
B000HEEG54,27,4.407,52,0.8846,49.407,2009-06,2014-02,monitor
B000067SPR,27,4.37,12,0.75,37.37,2007-10,2014-07,monitor
B0007MGFI2,27,4.37,646,0.9288,141.963,2005-08,2013-12,monitor
B000BKUSS8,27,4.37,62,0.7903,106.037,2008-10,2014-07,monitor
B000ENTFDG,27,4.37,392,0.9184,240.815,2006-06,2013-01,monitor
B0002SQ0AE,27,4.333,192,0.8906,195.333,2004-11,2013-12,monitor
B0007YFQH6,27,4.333,32,0.7188,61.185,2007-04,2014-02,monitor
B000ENN9BK,27,4.333,335,0.9552,175.63,2006-05,2013-04,monitor
B0001F21IS,27,4.296,364,0.8681,114.852,2004-05,2011-11,monitor
B000COT2CQ,27,4.296,10,0.7,54.778,2010-08,2014-07,monitor
B00005T3EY,27,4.259,20,0.85,67.407,2011-10,2014-06,monitor
B000CD8BGU,27,4.259,182,0.7418,116.222,2007-07,2014-05,monitor
B000FZ1YSW,27,4.259,35,0.8571,68.37,2008-06,2014-07,monitor
B000H0QIDG,27,4.222,63,0.6032,117.519,2007-11,2013-03,monitor
B0007WTF34,27,4.148,20,0.75,57.074,2010-06,2014-06,monitor
B000GBCYF2,27,4.148,121,0.8264,73.963,2007-02,2014-04,monitor
B0001IM95U,27,4.111,93,0.9462,85.519,2004-10,2014-06,monitor
B000FMPENQ,27,4.111,112,0.7143,84.185,2009-12,2014-07,monitor
B00028Y826,27,4.074,589,0.9694,213.185,2004-07,2011-05,monitor
B0002J2A48,27,4.074,52,0.7885,122.111,2008-02,2013-09,monitor
B00066EK36,27,4.074,180,0.8222,227.63,2004-12,2007-01,monitor
B0000ULJWS,27,4.037,189,0.9048,94.556,2004-08,2012-05,monitor
B000E479JC,27,4.0,91,0.6703,120.815,2010-01,2014-07,monitor
B000I992XY,27,4.0,13,0.5385,61.37,2009-07,2014-05,monitor
B000J1HPJY,27,4.0,140,0.8714,185.111,2006-12,2010-11,monitor
B000BS4PZW,27,3.963,257,0.9222,237.852,2006-02,2013-12,monitor
B000HM1GUY,27,3.963,47,0.8298,156.63,2007-05,2012-06,monitor
B000AL6NVO,27,3.926,54,0.7778,97.889,2007-12,2014-04,monitor
B00009K7E3,27,3.889,289,0.8927,165.778,2006-05,2014-04,monitor
B0007PN5MS,27,3.852,67,0.8806,76.704,2007-01,2014-06,monitor
B000001OM5,27,3.815,138,0.8261,76.259,2006-11,2014-07,monitor
B00009VQJ7,27,3.778,75,0.96,52.074,2009-10,2014-07,monitor
B00005UK9P,27,3.667,264,0.9583,70.37,2003-09,2013-06,monitor
B000EDQPYI,27,3.667,39,0.8718,77.963,2008-11,2014-01,monitor
B000IZ7BDG,27,3.593,42,0.7143,93.111,2008-01,2014-05,monitor
B000ETY3LO,27,3.481,349,0.9799,126.815,2006-11,2014-04,monitor
B000EPNMKQ,27,3.407,84,0.8929,67.778,2007-09,2014-04,monitor
B000FJJASO,27,3.407,27,0.8148,85.185,2007-07,2014-03,monitor
B000GQXFUK,27,3.37,211,0.7678,160.815,2006-09,2014-05,monitor
B00005MOZG,27,3.296,121,0.8512,92.259,2003-12,2014-01,monitor
B0007V5X4U,27,3.259,41,0.8049,78.778,2010-05,2014-06,monitor
B000BREQN4,27,3.222,179,0.8994,99.556,2005-12,2013-05,monitor
B0009V5ZQ4,27,3.037,56,0.6786,161.148,2006-09,2010-10,monitor
B000DZDMB6,27,3.037,314,0.9459,126.926,2006-06,2011-12,monitor
B000A6NUVA,27,2.889,69,0.5362,101.185,2005-11,2014-03,monitor
B000EF1820,27,2.889,174,0.8621,179.667,2006-04,2010-03,monitor
B000EEXEIW,27,2.852,513,0.883,82.259,2006-04,2014-06,monitor
B000B651DO,27,2.815,125,0.752,159.741,2006-07,2013-02,monitor
B00094OT36,27,2.778,60,0.7667,114.519,2006-12,2013-12,monitor
B0002XQI2E,26,4.846,644,0.9441,181.615,2004-09,2014-02,monitor
B000EPHPPE,26,4.846,173,0.7572,133.231,2006-09,2014-02,monitor
B00009UU2H,26,4.769,42,0.9286,90.192,2008-03,2014-03,monitor
B0001Y0OY2,26,4.769,21,0.9524,81.654,2009-08,2014-06,monitor
B00022TN86,26,4.769,56,0.8929,43.615,2007-08,2014-03,monitor
B000F1TD2A,26,4.769,102,0.9608,73.577,2007-09,2014-03,monitor
B0002KR1OG,26,4.731,11,0.9091,36.077,2008-02,2014-04,monitor
B000ARLOE4,26,4.731,82,0.6098,56.346,2006-09,2012-03,monitor
B000FHAXPA,26,4.731,41,0.8537,124.577,2011-03,2014-05,monitor
B00009R8EK,26,4.692,13,0.9231,47.769,2010-12,2014-05,monitor
B0002LHSG6,26,4.692,263,0.9316,61.808,2005-09,2014-06,monitor
B000DZH9MY,26,4.692,265,0.7774,151.769,2006-08,2014-04,monitor
B000EH6GH0,26,4.692,34,0.7353,50.923,2008-10,2014-07,monitor
B000HZ999Q,26,4.654,18,1.0,36.423,2007-08,2014-06,monitor
B00006JPES,26,4.615,54,0.9259,37.385,2007-01,2014-06,monitor
B00009EFR2,26,4.615,34,0.4412,56.923,2010-08,2014-05,monitor
B0000DD7OH,26,4.615,40,0.475,48.731,2004-07,2014-07,monitor
B0007LBPBA,26,4.615,57,0.5789,119.731,2007-12,2014-06,monitor
B000B68LSG,26,4.615,92,0.7717,89.846,2006-03,2013-03,monitor
B000FTLSR0,26,4.615,387,0.9612,225.731,2006-08,2014-04,monitor
B000I5HE38,26,4.615,17,0.9412,71.962,2011-07,2014-05,monitor
B0009B05H8,26,4.577,99,0.9697,54.269,2008-05,2014-06,monitor
B000CP15JS,26,4.577,13,1.0,52.923,2011-08,2014-04,monitor
B000F2PHDI,26,4.577,148,0.7365,217.077,2006-09,2014-01,monitor
B00002N7FQ,26,4.538,9,0.7778,61.423,2011-03,2014-06,monitor
B0001V3AVY,26,4.538,81,0.9259,122.192,2009-06,2014-07,monitor
B0001ZUZR2,26,4.538,18,0.8333,43,2008-09,2014-07,monitor
B00023CJI6,26,4.538,70,0.9429,72.192,2008-02,2013-12,monitor
B000067SPP,26,4.5,105,0.8286,36,2005-12,2013-11,monitor
B000F2P2XI,26,4.5,134,0.8657,247.654,2006-09,2007-11,monitor
B000I97N0S,26,4.5,8,0.5,34,2011-02,2014-06,monitor
B00005V51P,26,4.462,12,0.9167,35.846,2010-02,2014-06,monitor
B0000C4G78,26,4.462,9,0.4444,38.423,2006-09,2014-05,monitor
B00008L3IS,26,4.423,60,0.95,44.115,2008-05,2014-07,monitor
B000AL8JKW,26,4.423,495,0.8465,168.923,2005-12,2014-07,monitor
B000I1IGQ6,26,4.423,38,0.7895,58.5,2010-08,2014-06,monitor
B000B8UOTS,26,4.385,620,0.8968,269.269,2005-11,2009-01,monitor
B00021EE7W,26,4.308,513,0.8713,212,2005-03,2014-07,monitor
B0002BEPU8,26,4.269,26,0.9615,92.577,2010-03,2014-07,monitor
B0009VFOME,26,4.269,77,0.8182,65.269,2009-11,2014-06,monitor
B000GX31G6,26,4.269,158,0.8797,221.038,2008-02,2013-12,monitor
B0000D8IYC,26,4.231,69,0.7971,71.423,2005-11,2013-01,monitor
B000C1U8XG,26,4.231,38,0.9737,88.615,2008-05,2014-03,monitor
B000H3B6EO,26,4.231,248,0.9113,92.769,2007-06,2014-05,monitor
B0009W7OJO,26,4.192,13,0.6923,74.654,2008-06,2014-02,monitor
B00009UHRE,26,4.154,15,0.6667,76.269,2009-02,2014-07,monitor
B000256R9G,26,4.154,97,0.9072,90.115,2005-12,2014-07,monitor
B000DZHA6O,26,4.154,398,0.9397,317.692,2006-06,2012-08,monitor
B000E8BGCO,26,4.154,31,0.9677,46.692,2007-07,2014-07,monitor
B000F7689A,26,4.154,38,0.7105,86.115,2007-09,2014-06,monitor
B0000AOWWM,26,4.115,129,0.7674,111.538,2004-02,2014-03,monitor
B0007CIWZG,26,4.115,17,1.0,96.115,2007-12,2014-07,monitor
B000H94W4O,26,4.115,114,0.9123,127.577,2007-02,2014-06,monitor
B000FLNS76,26,4.077,168,0.869,108.962,2006-09,2014-04,monitor
B000BV6B6K,26,4.038,205,0.8341,105.577,2008-08,2014-06,monitor
B00005105N,26,4.0,158,0.9367,85.962,2001-07,2014-03,monitor
B000069092,26,4.0,395,0.8962,231.154,2002-07,2012-02,monitor
B00007EDZ7,26,4.0,122,0.7131,74.423,2007-12,2014-02,monitor
B00004Z5CQ,26,3.962,51,0.8039,63.308,2009-10,2014-06,monitor
B0009R5KMM,26,3.885,132,0.9167,171.385,2006-05,2014-07,monitor
B000EA0EDO,26,3.885,503,0.9503,226.923,2006-04,2013-05,monitor
B000F9LRYO,26,3.885,276,0.9529,157.077,2006-09,2013-07,monitor
B00005QXWI,26,3.808,109,0.8716,214.846,2001-12,2007-10,monitor
B000AA2SMS,26,3.808,32,0.75,36.154,2007-01,2014-07,monitor
B000BFYPM8,26,3.654,64,0.7344,81.538,2006-11,2014-05,monitor
B000EF3D4Q,26,3.654,114,0.8772,167.346,2006-04,2014-01,monitor
B000FEDRN8,26,3.654,35,0.8571,93.423,2009-01,2014-06,monitor
B0000DIET2,26,3.577,90,0.6,97.808,2004-06,2014-04,monitor
B00007LTAQ,26,3.5,114,0.8509,137.885,2004-04,2013-11,monitor
B0001DYUJ8,26,3.462,579,0.848,166.885,2005-04,2011-12,monitor
B0007ZFM38,26,3.462,176,0.8068,112.962,2006-01,2010-06,monitor
B00005AWCL,26,3.346,221,0.819,289.692,2001-05,2002-06,monitor
B0002Y7DO0,26,3.346,770,0.7948,266,2004-10,2013-11,monitor
B000FFYQ1E,26,3.308,63,0.4921,63.615,2007-02,2014-03,monitor
B000F007K8,26,3.269,323,0.9133,245.346,2006-06,2012-02,monitor
B0002DUQCM,26,2.962,338,0.9379,115.962,2006-08,2013-05,monitor
B00008SB1D,26,2.462,104,0.8846,131.577,2003-09,2011-08,monitor
B0009N5MDI,26,2.385,136,0.8676,134.923,2005-08,2013-03,monitor
B0001FV2YM,26,1.731,52,0.9423,120.923,2005-08,2013-05,monitor
B0009M1O9A,25,4.92,21,0.9048,64.56,2008-06,2014-06,monitor
B000067RJB,25,4.88,9,0.8889,61.2,2009-03,2014-07,monitor
B000EIQMHS,25,4.88,23,0.8696,50.44,2010-08,2014-05,monitor
B0000511BI,25,4.84,14,1.0,36.8,2011-12,2014-06,monitor
B00006HOAE,25,4.84,75,0.96,110.24,2005-07,2014-05,monitor
B00006B83E,25,4.8,4,0.75,30.8,2012-12,2014-05,monitor
B00013J89K,25,4.76,21,0.8571,62.6,2012-10,2014-07,monitor
B000BSJFO8,25,4.76,36,0.8333,30.16,2009-04,2014-07,monitor
B0000DZ5OE,25,4.72,225,0.88,106.68,2006-04,2014-07,monitor
B0007UQ6LK,25,4.72,33,0.8182,42.28,2005-07,2014-01,monitor
B000BGZMSI,25,4.72,51,0.902,58.76,2007-08,2014-06,monitor
B000CBLYVG,25,4.72,81,0.9259,259.32,2010-05,2014-04,monitor
B000ELOQS2,25,4.72,163,0.7914,254.16,2006-07,2007-06,monitor
B000EON3WY,25,4.72,28,0.9643,112.92,2007-05,2013-04,monitor
B00009UTQD,25,4.68,110,0.9182,62.12,2009-05,2014-05,monitor
B0001VWHGS,25,4.68,80,0.6875,58.52,2005-11,2012-08,monitor
B000C0V5RU,25,4.64,25,0.84,170,2006-04,2014-06,monitor
B000087NBV,25,4.6,12,0.6667,45.44,2010-08,2014-04,monitor
B0000TU7IG,25,4.6,60,0.8167,69.04,2006-02,2014-01,monitor
B0007V6JCK,25,4.6,12,1.0,46.76,2007-01,2014-04,monitor
B000JCNJPM,25,4.6,39,1.0,53.12,2009-08,2014-06,monitor
B000051174,25,4.56,45,1.0,87.12,2010-03,2014-05,monitor
B00006B82A,25,4.56,15,0.4667,39.92,2013-01,2014-06,monitor
B00006I5SI,25,4.56,160,0.8625,102.2,2004-11,2014-05,monitor
B0002M0Q1E,25,4.56,39,0.7949,54.96,2006-06,2014-04,monitor
B0002IQ1I0,25,4.52,110,0.8455,63.92,2005-01,2007-11,monitor
B000095ISG,25,4.44,199,0.8794,201.56,2003-05,2013-02,monitor
B000IXNEKC,25,4.44,152,0.8882,94.96,2007-01,2013-09,monitor
B0001GGXQI,25,4.4,38,0.9474,72,2006-01,2014-05,monitor
B000I98ZE6,25,4.4,3,1.0,51.72,2012-04,2014-05,monitor
B000JFQ3ZC,25,4.4,76,0.7632,138.52,2007-06,2011-12,monitor
B00009R6H2,25,4.36,40,0.625,54.64,2009-02,2014-07,monitor
B00019JPRO,25,4.36,143,0.5385,84.12,2007-04,2014-04,monitor
B00005OQMO,25,4.32,153,0.9085,180.36,2001-11,2013-10,monitor
B000F6X7RM,25,4.32,188,0.8085,150.28,2006-06,2013-03,monitor
B000FED6NO,25,4.32,6,0.3333,25.56,2011-08,2014-07,monitor
B00009R8DD,25,4.28,66,0.7879,89.16,2007-01,2014-05,monitor
B0006BHCEK,25,4.28,99,0.8889,105.6,2007-01,2014-03,monitor
B00009R72R,25,4.24,265,0.9774,96.32,2007-04,2014-06,monitor
B0002K6RK0,25,4.24,57,0.7368,76.2,2006-12,2014-06,monitor
B000IS1ZZI,25,4.24,51,0.8039,143.8,2006-11,2013-03,monitor
B000067SL4,25,4.2,28,0.8929,57.12,2009-08,2014-07,monitor
B0002F8578,25,4.2,48,0.7083,91.48,2007-01,2014-06,monitor
B000EHCYBC,25,4.2,113,0.6814,52.16,2006-06,2014-01,monitor
B000HAQ8EK,25,4.2,521,0.8964,198.52,2006-11,2013-04,monitor
B0000510IA,25,4.16,26,0.8846,41.52,2011-05,2014-06,monitor
B0000A4F05,25,4.16,48,0.8125,76.52,2010-08,2014-05,monitor
B00011KHTM,25,4.16,34,1.0,66.56,2007-09,2013-12,monitor
B0002ER2YG,25,4.16,59,0.6102,65.64,2008-12,2014-04,monitor
B000H0IDUW,25,4.16,91,0.7033,150.72,2007-06,2012-05,monitor
B00005B8M3,25,4.12,134,0.806,47.16,2003-08,2014-05,monitor
B00009UVPN,25,4.12,30,0.8333,51.64,2010-01,2014-04,monitor
B000BDDOP4,25,4.12,70,0.7,86.48,2010-07,2014-07,monitor
B0000XKBQU,25,4.08,50,0.76,62.96,2006-03,2014-06,monitor
B0002GS4ZA,25,4.08,289,0.9343,135.08,2004-10,2013-07,monitor
B000EBM7N8,25,4.08,362,0.8591,202.32,2006-03,2008-10,monitor
B000EGHU9O,25,4.08,34,0.7941,69.76,2010-01,2014-06,monitor
9575871979,25,4.04,185,0.8919,82.84,2007-10,2014-07,monitor
B0001G6U9I,25,4.04,629,0.8967,205.28,2004-04,2007-12,monitor
B000AUQICO,25,4.04,434,0.7604,209.12,2005-10,2013-10,monitor
B000BBYH8O,25,4.04,203,0.9458,104.24,2005-12,2012-04,monitor
B00009XT3H,25,4.0,250,0.864,69.24,2008-07,2014-07,monitor
B0001FV3AK,25,4.0,78,0.9103,165.88,2004-09,2013-08,monitor
B000BVIBGI,25,4.0,84,0.9286,101.96,2006-09,2012-01,monitor
B000I8CP0M,25,4.0,19,0.7895,108.76,2013-01,2014-05,monitor
B000JO7RVC,25,4.0,454,0.848,240.16,2007-09,2009-09,monitor
B00022OBOC,25,3.96,37,0.7297,87.92,2009-04,2014-07,monitor
B000CBSGYE,25,3.92,130,0.8231,103.96,2006-03,2013-11,monitor
B000CSQK5E,25,3.84,283,0.9223,137.08,2010-09,2014-05,monitor
B000G2BGFK,25,3.84,136,0.9559,128.68,2006-09,2012-11,monitor
B0007MVHZS,25,3.8,2000,0.977,161.12,2005-03,2013-05,monitor
B000H12IAC,25,3.8,71,0.8169,179.68,2007-03,2014-07,monitor
B000I98ZM8,25,3.76,32,0.875,52.04,2009-03,2013-12,monitor
B000ID37EA,25,3.76,91,0.3516,88.88,2008-01,2014-07,monitor
B0007UQNWW,25,3.72,70,0.9429,88.68,2008-12,2014-07,monitor
B0009H9PZU,25,3.72,177,0.8249,272,2005-06,2013-07,monitor
B000GP4G1I,25,3.72,357,0.8263,219.16,2006-09,2013-09,monitor
B000058EGT,25,3.68,144,0.8819,203.48,2001-05,2013-12,monitor
B00006HOL1,25,3.68,131,0.8779,68.48,2003-12,2014-06,monitor
B00007E7NH,25,3.68,198,0.9242,71.8,2004-05,2014-05,monitor
B0002OZXGU,25,3.68,1092,0.9167,234.8,2004-09,2013-01,monitor
B0006HTPQ2,25,3.68,511,0.8552,296.52,2005-03,2009-11,monitor
B000AYA59M,25,3.68,53,0.7925,61.6,2006-01,2014-02,monitor
B000CBZT5I,25,3.68,61,0.459,51.12,2008-08,2014-04,monitor
B00005Y1Z7,25,3.64,605,0.8975,212.84,2002-03,2014-03,monitor
B0000BYRIN,25,3.6,538,0.8401,243.32,2003-12,2013-01,monitor
B0000D8HK1,25,3.6,66,0.803,100.56,2004-07,2011-09,monitor
B00007GWC6,25,3.36,170,0.9529,104.64,2005-08,2013-08,monitor
B000E1PXES,25,3.36,317,0.9495,137.36,2009-11,2014-07,monitor
B000051SGX,25,3.32,151,0.7881,109.6,2001-12,2014-03,monitor
B0006G0II2,25,3.32,1817,0.9257,217.92,2005-02,2014-01,monitor
B000EXVTJY,25,3.32,135,0.7185,150.68,2007-03,2012-10,monitor
B000IXQPO4,25,3.28,81,0.8272,97.96,2007-01,2014-07,monitor
B00006JKXN,25,3.24,501,0.8663,225,2002-10,2005-10,monitor
B000E0I9K4,25,3.24,125,0.808,422.32,2006-11,2010-03,monitor
B000HXGIHE,25,3.2,316,0.8165,227.32,2007-05,2010-07,monitor
B000H96IN2,25,3.12,273,0.8718,149,2006-12,2013-07,monitor
B0002DQUHC,25,3.08,141,0.8156,99.76,2005-03,2008-02,monitor
B000B58VNM,25,3.0,107,0.8598,95.72,2006-11,2014-02,monitor
B000JJPZW0,25,2.96,95,0.8211,89.52,2007-03,2014-01,monitor
B000AOAAN8,25,2.8,32,0.8438,137.24,2005-12,2013-11,monitor
B000FBSREU,24,4.958,18,0.7778,62.833,2008-01,2013-10,monitor
B00005AC8W,24,4.875,92,0.8913,82.75,2001-06,2013-10,monitor
B000FIQABU,24,4.875,36,0.8333,53.375,2009-05,2013-07,monitor
B00004WLJ9,24,4.833,25,0.84,45.375,2009-05,2014-03,monitor
B00067JSM8,24,4.833,32,0.9688,37.792,2007-11,2014-07,monitor
B000CLCRVM,24,4.833,35,0.8571,83.208,2006-05,2013-07,monitor
B00006I5O1,24,4.75,69,0.9275,84.583,2007-05,2013-09,monitor
B00004R8VC,24,4.708,468,0.8547,163.583,2000-04,2010-08,monitor
B00005QFZF,24,4.708,639,0.9734,281.917,2001-11,2008-09,monitor
B0000CFYM9,24,4.667,52,0.8269,51.792,2007-02,2011-05,monitor
B00005T3G9,24,4.625,6,0.3333,33.292,2012-01,2014-03,monitor
B0001WE6U2,24,4.625,15,0.7333,39.625,2007-05,2014-07,monitor
B00005854F,24,4.583,58,0.6724,70.292,2003-04,2014-05,monitor
B00009R6AV,24,4.583,56,0.875,91.917,2007-10,2014-06,monitor
B0001G6U48,24,4.583,1043,0.8543,283.292,2005-01,2014-04,monitor
B0002E3FBA,24,4.583,4,0.75,39.042,2010-06,2014-07,monitor
B000BHQCP4,24,4.583,33,0.8788,46.417,2010-03,2014-07,monitor
B00004THDE,24,4.542,406,0.8842,178.708,2000-09,2014-07,monitor
B0002ILKWM,24,4.542,172,0.7442,162.208,2004-10,2014-04,monitor
B00030BYJI,24,4.542,29,0.6207,51.083,2011-01,2014-07,monitor
B000A36LQ4,24,4.542,142,0.7606,135.083,2008-03,2014-07,monitor
B000IN3RUE,24,4.5,29,0.6897,74.333,2011-05,2014-07,monitor
B000IYYMJS,24,4.5,25,0.84,56.708,2008-07,2014-07,monitor
B00006B8DX,24,4.458,35,0.8286,48.417,2007-11,2014-02,monitor
B00006HYPD,24,4.458,253,0.9209,152.667,2003-01,2014-02,monitor
B0000B3ALD,24,4.458,36,0.7778,116.167,2005-10,2014-04,monitor
B000F6OJOC,24,4.458,23,0.5217,54.833,2007-03,2012-11,monitor
B000HDONWQ,24,4.458,3,1.0,40.042,2011-05,2014-07,monitor
B000HVVO98,24,4.458,55,0.7455,50.333,2006-11,2014-04,monitor
B00004Y7TD,24,4.417,305,0.8393,215.875,2000-11,2012-08,monitor
B00064O1P0,24,4.417,567,0.94,247.792,2004-10,2013-01,monitor
B0009SUEX6,24,4.417,59,0.7288,48.25,2009-11,2014-07,monitor
B000AM6QHO,24,4.417,107,0.8785,140.583,2005-12,2011-01,monitor
B00006JKW5,24,4.375,123,0.813,80.917,2004-10,2014-07,monitor
B0002OKCX4,24,4.375,147,0.9592,204.5,2004-08,2010-11,monitor
B00006I5H5,24,4.333,75,0.6933,120.667,2006-04,2013-12,monitor
B000EJUCVE,24,4.333,66,0.9545,86.208,2007-10,2014-07,monitor
B000J38QBS,24,4.333,10,0.5,88.917,2009-10,2014-05,monitor
B0000899ZB,24,4.292,154,0.487,104.333,2003-10,2014-03,monitor
B00029U13A,24,4.292,325,0.9046,185.625,2004-11,2010-07,monitor
B0002GWY38,24,4.292,32,0.7812,99.75,2010-02,2014-06,monitor
B0002YY9PG,24,4.292,101,0.9703,88.5,2008-02,2014-03,monitor
B000E8OVMG,24,4.292,16,0.5625,49.5,2007-05,2014-02,monitor
B000HDJXNA,24,4.292,6,0.1667,48.458,2009-08,2014-04,monitor
B00006FRUI,24,4.208,257,0.8093,150.042,2003-01,2010-12,monitor
B0000C8Y55,24,4.208,114,0.9035,123.583,2003-11,2010-12,monitor
B00076RJV0,24,4.208,4,0.75,53.083,2008-01,2014-05,monitor
B000E1WDS2,24,4.208,7,1.0,98.125,2010-06,2014-07,monitor
B000F3MAU0,24,4.208,60,0.9667,92.25,2008-03,2013-11,monitor
B00005UKBG,24,4.167,54,0.9259,117.458,2005-04,2014-05,monitor
B000065BPC,24,4.125,201,0.6368,209.708,2002-10,2014-05,monitor
B00011CS0S,24,4.125,47,0.9574,93.542,2009-07,2014-06,monitor
B0002MH3HO,24,4.125,97,0.8351,83.083,2006-12,2014-06,monitor
B0006398PY,24,4.125,134,0.7761,77.042,2005-09,2014-06,monitor
B000069E1H,24,4.083,491,0.7047,227.125,2005-03,2014-07,monitor
B00006JINY,24,4.083,97,0.7732,49.125,2007-06,2014-06,monitor
B0001G6UF2,24,4.083,311,0.8939,253.792,2004-06,2014-04,monitor
B0002ZAIMI,24,4.083,242,0.9008,79.292,2005-03,2013-01,monitor
B000EDKP8U,24,4.083,101,0.9406,198.25,2006-05,2011-08,monitor
B000F2R5HO,24,4.083,236,0.9153,158.583,2006-09,2012-02,monitor
B000GLQZJI,24,4.083,100,0.91,131.917,2008-05,2014-04,monitor
B0002AZNKA,24,4.042,578,0.9481,346.25,2004-07,2013-04,monitor
B000FML9NA,24,4.042,373,0.9705,151.417,2006-07,2013-05,monitor
B0009MFV0I,24,4.0,285,0.9263,123.042,2005-08,2013-08,monitor
B000COJ8NY,24,4.0,510,0.9039,169.875,2006-01,2010-09,monitor
B000EUFJX4,24,4.0,18,0.6667,48.208,2007-01,2014-07,monitor
B000F7JYJQ,24,3.958,48,0.8542,46.792,2006-12,2014-04,monitor
B00004UE2R,24,3.917,398,0.902,220.208,2000-10,2004-08,monitor
B000069EUX,24,3.875,110,0.8545,74.542,2006-11,2011-09,monitor
B00006HO3O,24,3.875,294,0.9048,160.5,2003-11,2013-01,monitor
B0002EOFFK,24,3.833,39,0.8462,99.625,2007-01,2014-06,monitor
B0002SAF64,24,3.833,27,0.7037,104.875,2007-02,2014-06,monitor
B0002MKBI2,24,3.792,53,0.8302,46.083,2007-12,2014-06,monitor
B00012F8AY,24,3.75,88,0.9091,92.583,2007-08,2013-10,monitor
B000IZC0GO,24,3.708,68,0.8088,116.333,2007-03,2014-07,monitor
B000069K8O,24,3.667,101,0.6535,220.042,2004-08,2008-06,monitor
B0002KMQJ6,24,3.667,67,0.8955,113,2008-06,2014-04,monitor
B000A0QIEC,24,3.667,461,0.9089,217.542,2006-01,2010-12,monitor
B00000JSGF,24,3.583,278,0.8741,161.292,1999-11,2003-11,monitor
B00009KAPX,24,3.583,222,0.8514,145.875,2003-10,2014-04,monitor
B0001OY2W2,24,3.583,65,0.7077,185.875,2005-03,2007-05,monitor
B00063ZVJQ,24,3.542,83,0.9759,94.833,2006-01,2013-12,monitor
B00008IHOZ,24,3.5,92,0.7174,244.667,2003-05,2013-08,monitor
B000068UY7,24,3.458,67,0.7015,140.5,2002-07,2004-12,monitor
B0001LS12C,24,3.417,62,0.8548,119.542,2008-07,2014-07,monitor
B0007N55OQ,24,3.208,624,0.9359,230.917,2005-10,2013-08,monitor
B000A6LSVY,24,3.083,157,0.8981,145.458,2005-11,2014-02,monitor
B0001F22R8,24,3.042,133,0.8797,210.25,2004-08,2013-07,monitor
B000A0K2JO,24,3.042,51,0.8235,47.042,2011-12,2014-05,monitor
B000CCUG64,24,3.042,42,0.5714,108.542,2007-03,2014-01,monitor
B0001IXUDK,24,2.917,934,0.7987,157.5,2005-01,2013-01,monitor
B000GR3XYM,24,2.75,46,0.7609,137.75,2007-04,2014-05,monitor
B0006OCZOY,24,2.667,110,0.8455,61.708,2005-03,2009-03,monitor
B000B622CW,24,2.542,229,0.7729,191.292,2005-10,2008-07,monitor
B00008N9M7,24,1.958,43,0.9302,70.667,2003-11,2014-07,monitor
B00008BO8M,23,4.957,82,0.9634,93.174,2007-01,2014-05,monitor
B0002J1LEI,23,4.826,11,0.2727,46.043,2007-01,2014-02,monitor
B0002J1LES,23,4.826,9,0.6667,51.739,2007-04,2014-01,monitor
B0006O4VNC,23,4.826,163,0.9571,81,2005-10,2013-11,monitor
B000BYH8EQ,23,4.826,51,0.902,57.739,2008-12,2014-06,monitor
B000EI0EB8,23,4.826,34,0.9412,92.826,2009-08,2014-06,monitor
B00000J4EY,23,4.783,35,0.8,93.565,2009-01,2014-06,monitor
B0009OAFI4,23,4.783,357,0.9188,114.609,2006-07,2014-02,monitor
B000IBTK7U,23,4.783,30,0.8333,162,2007-10,2014-03,monitor
B000JC5GSK,23,4.783,20,0.85,53.391,2010-12,2014-05,monitor
B000JO1MU4,23,4.783,60,0.6333,105.696,2007-09,2014-01,monitor
B00005NPWK,23,4.739,6,1.0,42.087,2008-01,2014-07,monitor
B00004XRED,23,4.696,61,0.8361,151.565,2001-07,2013-05,monitor
B000JJN9PK,23,4.696,40,0.95,103.261,2009-04,2014-07,monitor
B000065CEV,23,4.652,72,0.9444,97.522,2009-07,2014-07,monitor
B0000AE679,23,4.652,21,0.9048,43.174,2007-02,2014-04,monitor
B0002D6Q2G,23,4.652,6,0.6667,51.043,2010-03,2014-06,monitor
B0006U3A1U,23,4.652,390,0.9462,232.435,2005-01,2007-11,monitor
B0007D54GU,23,4.652,6,0.6667,33.957,2010-03,2014-05,monitor
B000FBF08Q,23,4.652,152,0.9079,197.217,2008-08,2014-07,monitor
B0001OQTLY,23,4.609,52,0.8077,83.043,2006-02,2014-01,monitor
B0002LHSFW,23,4.609,176,0.8409,71.652,2004-07,2014-07,monitor
B0002V9IKK,23,4.609,96,0.9062,85.609,2005-12,2013-12,monitor
B0007CGXU2,23,4.565,703,0.9616,190.522,2005-05,2014-06,monitor
B00009R9EB,23,4.522,87,0.6782,64.826,2008-08,2014-07,monitor
B000234LBE,23,4.522,24,1.0,53.348,2009-08,2014-02,monitor
B000BKBVT8,23,4.522,9,0.8889,36.478,2008-04,2014-06,monitor
B000EPNEY0,23,4.522,602,0.7143,298.783,2006-09,2013-11,monitor
B000FTU77C,23,4.522,183,0.9071,151.043,2006-12,2013-12,monitor
B000JLO6RS,23,4.522,71,0.7606,101.783,2008-02,2014-05,monitor
B00005AT7Y,23,4.478,127,0.9134,153.739,2001-05,2008-12,monitor
B0001LS35W,23,4.478,21,0.5238,53.565,2009-08,2014-07,monitor
B0002379UO,23,4.478,61,0.8852,61.043,2008-09,2014-05,monitor
B0002BESTQ,23,4.478,6,1.0,70.087,2011-03,2014-07,monitor
B00064V6R6,23,4.478,194,0.9588,70.826,2005-11,2013-01,monitor
B0006LSISO,23,4.478,10,0.8,42.696,2010-03,2014-06,monitor
B000FECBSA,23,4.478,48,0.9375,70.435,2009-03,2014-05,monitor
B000HGHMF8,23,4.478,76,0.9737,71.043,2008-09,2014-03,monitor
B0001MKTZS,23,4.435,32,0.875,50.391,2005-09,2014-07,monitor
B0009NMQ2I,23,4.435,75,0.9067,133.217,2006-04,2009-02,monitor
B0009VU7RG,23,4.435,41,0.7317,88.87,2008-07,2014-07,monitor
B000FBRC6Y,23,4.435,16,0.6875,132.261,2007-03,2013-01,monitor
B000JO7T7E,23,4.435,25,0.6,78.696,2007-09,2014-05,monitor
B0001XO674,23,4.391,27,0.7407,66.478,2008-05,2014-05,monitor
B000329HEK,23,4.391,3,0.6667,31.391,2009-01,2014-07,monitor
B0009V1BEY,23,4.391,12,0.9167,48.217,2007-07,2010-12,monitor
B0001G6U5W,23,4.348,751,0.9134,223.565,2004-03,2013-10,monitor
B0001NA3S0,23,4.348,263,0.9734,129.217,2004-08,2008-09,monitor
B000F6MOQC,23,4.348,21,0.619,36.348,2008-08,2014-07,monitor
B00004WLJ2,23,4.304,12,0.8333,54.478,2011-11,2014-05,monitor
B00008WIX3,23,4.304,112,0.9554,120.522,2005-12,2014-07,monitor
B00009R90P,23,4.304,38,0.8421,69.304,2011-10,2014-06,monitor
B0000CCVC9,23,4.304,164,0.878,128.348,2008-01,2014-06,monitor
B000GR1CBI,23,4.304,66,0.8788,148.217,2007-01,2013-01,monitor
B00000J1QK,23,4.261,120,0.8917,81.87,2002-07,2014-04,monitor
B00008XETL,23,4.217,491,0.947,88.478,2005-02,2014-05,monitor
B000F1MSJK,23,4.217,58,0.8966,93.87,2006-09,2013-12,monitor
B0000C4DX6,23,4.174,63,0.9048,107.826,2004-11,2014-05,monitor
B0000ATNH3,23,4.13,84,0.6667,61.13,2010-04,2014-06,monitor
B0009NEUOA,23,4.13,701,0.9872,113.522,2005-07,2014-06,monitor
B000E1FYS8,23,4.13,112,0.875,186.391,2006-03,2012-08,monitor
B000FPH3SM,23,4.13,12,0.3333,45.217,2012-05,2014-07,monitor
B000062R4P,23,4.087,95,0.9368,78.13,2004-06,2014-05,monitor
B0000633EO,23,4.087,161,0.9068,311.739,2002-05,2004-12,monitor
B00016UVHU,23,4.087,52,0.8077,66.478,2006-02,2014-07,monitor
B00004TDL2,23,4.043,616,0.8864,310.957,2000-05,2002-03,monitor
B000BSLS0W,23,4.0,8,0.875,64.913,2010-01,2014-07,monitor
B000H7FXHG,23,4.0,109,0.9174,128,2007-01,2010-12,monitor
B0000DCRHA,23,3.957,86,0.7558,93,2004-01,2014-04,monitor
B00019OWU4,23,3.957,346,0.8092,168.696,2005-01,2012-09,monitor
B0001D3JXG,23,3.913,110,0.8545,150.783,2004-06,2012-01,monitor
B0007U0INM,23,3.913,127,0.8976,216.435,2006-01,2012-09,monitor
B000AYGD8E,23,3.913,402,0.8184,256.783,2005-10,2011-08,monitor
B000JPGQ4U,23,3.913,65,0.8923,81.348,2009-11,2013-09,monitor
B000EGLZU4,23,3.87,117,0.8974,73,2006-08,2014-01,monitor
B00086HTMI,23,3.826,106,0.8113,217.609,2005-06,2013-09,monitor
B000ANJVKW,23,3.826,16,1.0,79.87,2009-06,2014-04,monitor
B000ASBKJ2,23,3.783,362,0.8619,184.565,2005-10,2009-11,monitor
B00006JPER,23,3.739,49,0.6327,59.478,2006-07,2014-07,monitor
B0002VO7HO,23,3.739,94,0.7766,63.696,2007-05,2014-02,monitor
9984984354,23,3.696,47,0.8085,45.435,2010-06,2013-05,monitor
B0002XIX0O,23,3.696,72,0.9167,53.174,2007-03,2014-04,monitor
B00030DEOQ,23,3.696,77,0.4286,70.217,2008-03,2014-07,monitor
B0006N2PDQ,23,3.696,184,0.9076,120.435,2006-07,2013-02,monitor
B0000DZET4,23,3.652,267,0.9101,188.13,2003-12,2013-01,monitor
B00008X5DD,23,3.609,15,0.6667,71.043,2007-11,2014-07,monitor
B000EUCMWK,23,3.609,146,0.8836,140.696,2006-04,2011-05,monitor
B000092YQK,23,3.565,62,0.8871,182.826,2007-03,2011-06,monitor
B0009A4LU6,23,3.565,37,0.8649,45.783,2009-07,2014-07,monitor
B000E5XLZM,23,3.522,40,0.85,84.261,2008-10,2014-02,monitor
B000FFIJRQ,23,3.435,111,0.9369,98.435,2007-08,2013-12,monitor
B00005AR4L,23,3.391,181,0.8895,151.565,2001-04,2012-05,monitor
B00023C6SE,23,3.391,211,0.8863,181.565,2005-08,2012-06,monitor
B0002ZH71S,23,3.391,165,0.9333,162.391,2005-01,2010-03,monitor
B00065XSP8,23,3.391,98,0.7857,135.739,2005-04,2012-11,monitor
B0002BEQAM,23,3.348,34,0.7941,97.826,2010-06,2014-07,monitor
B0000658CE,23,3.261,302,0.8444,206,2002-06,2013-12,monitor
B00006JPRP,23,3.261,25,0.72,100.043,2007-10,2014-05,monitor
B0008G1VCC,23,3.261,56,0.8929,65.696,2006-03,2014-03,monitor
B000AMPXN2,23,3.261,108,0.8426,75.087,2006-04,2014-06,monitor
B000FDDUXG,23,3.217,51,0.7059,186.783,2007-01,2014-03,monitor
B00005NVBT,23,3.174,123,0.8211,152.696,2001-10,2013-11,monitor
B0000Y2WTS,23,3.174,18,0.6111,64.783,2007-10,2014-05,monitor
B0007L29LK,23,3.13,336,0.7202,246.13,2005-02,2011-12,monitor
B000FJ3I5U,23,2.957,63,0.8571,112.174,2006-12,2014-03,monitor
B000HNHA12,23,2.957,64,0.8281,162.913,2006-11,2014-05,monitor
B0009B0H08,23,2.783,75,0.7333,123.304,2008-02,2014-04,monitor
B000BIFY6Q,23,2.783,59,0.7797,198.87,2007-03,2010-11,monitor
B0000DYV9H,22,5.0,47,0.8936,54.818,2007-07,2014-06,monitor
B000B69WVG,22,4.909,28,0.8214,62.545,2006-08,2014-03,monitor
B000BC7QMM,22,4.909,71,0.9155,86.5,2006-04,2014-07,monitor
B000GWLL0K,22,4.818,24,0.9583,39.182,2006-11,2013-05,monitor
B00006AG6C,22,4.773,111,0.9099,133.818,2006-07,2010-06,monitor
B00009R89C,22,4.773,70,0.8286,168.909,2007-03,2013-11,monitor
B0001GDEE2,22,4.727,50,0.92,44.727,2008-01,2013-04,monitor
B0006TTDF8,22,4.727,35,0.9714,47.682,2007-09,2013-12,monitor
B000I6UV1Y,22,4.727,101,0.8416,157.818,2009-01,2014-01,monitor
B0002ZPIOQ,22,4.682,25,0.96,34.409,2010-11,2014-03,monitor
B000B68I2K,22,4.682,576,0.8854,426.364,2005-11,2011-09,monitor
B000CDA802,22,4.682,143,0.7972,149.182,2007-07,2014-05,monitor
B000GRHP4G,22,4.682,46,0.913,62.909,2007-11,2014-05,monitor
B0000Y2WY8,22,4.636,78,0.8846,218.955,2008-11,2013-07,monitor
B0007GIXSI,22,4.636,295,0.9119,245.318,2005-10,2013-01,monitor
B00083XXZS,22,4.636,102,0.8039,45.636,2006-07,2014-07,monitor
B000GJYPEC,22,4.636,67,0.8507,99.955,2007-10,2014-01,monitor
B000067RCU,22,4.591,81,0.1481,43.045,2007-08,2013-12,monitor
B00007E7RF,22,4.591,54,0.963,85.273,2007-02,2014-02,monitor
B00009UTVO,22,4.591,175,0.8914,87.955,2006-11,2014-01,monitor
B0000XMUWS,22,4.591,46,0.5217,52.909,2009-01,2014-07,monitor
B0007TSYCK,22,4.591,254,0.8307,192.182,2005-08,2014-06,monitor
B000IZE8XM,22,4.591,39,0.7949,89.182,2008-08,2014-02,monitor
B00009R6Q8,22,4.545,14,0.8571,53.091,2008-02,2014-03,monitor
B0006BK4ZY,22,4.545,123,0.9593,95.136,2005-06,2013-09,monitor
B000I1IG8Y,22,4.545,12,0.6667,40.909,2012-08,2014-07,monitor
B000IEO964,22,4.545,22,0.8636,47.318,2010-07,2014-07,monitor
B00007CW54,22,4.5,42,0.7381,73.682,2009-12,2013-11,monitor
B00022OBUQ,22,4.5,88,0.9886,60.045,2008-11,2014-01,monitor
B0002Z2416,22,4.5,150,0.8933,192.318,2007-10,2014-01,monitor
B0006TIF2K,22,4.5,257,0.9339,159.818,2005-04,2010-11,monitor
B000AB286S,22,4.5,35,0.9143,49.5,2011-01,2014-07,monitor
B000JQLPZE,22,4.5,52,0.8077,104.409,2007-05,2013-06,monitor
B00004TYBM,22,4.455,85,0.9529,90.773,2006-01,2014-05,monitor
B0000510R4,22,4.455,78,0.8718,114.273,2011-07,2014-06,monitor
B00005LE6Z,22,4.455,341,0.8827,131.091,2003-07,2014-06,monitor
B00005RKSK,22,4.455,120,0.5833,131.636,2005-09,2014-02,monitor
B00006J07K,22,4.455,18,0.9444,81.091,2007-07,2014-05,monitor
B0002J2D0Y,22,4.455,1,1.0,60.409,2011-01,2014-06,monitor
B0002SAF3C,22,4.455,70,0.8571,186.182,2004-11,2008-12,monitor
B0002ER2OG,22,4.409,10,0.8,46.818,2008-06,2014-04,monitor
B0009WPSEC,22,4.409,120,0.95,119,2005-08,2008-05,monitor
B000A7XSSY,22,4.409,474,0.9072,344.045,2005-10,2013-07,monitor
B000C1DXLU,22,4.409,53,0.9245,85.864,2007-09,2013-08,monitor
B000GU9I6Q,22,4.409,99,0.9394,84.909,2009-01,2014-05,monitor
B000HDL05O,22,4.409,49,0.9592,87.955,2009-02,2014-05,monitor
B000IBJKIE,22,4.409,179,0.933,112.455,2007-01,2013-07,monitor
B000IVL3DE,22,4.409,52,0.7115,85.682,2007-03,2013-01,monitor
B000067REG,22,4.364,38,0.9737,52.864,2007-08,2014-07,monitor
B0001VWHT0,22,4.364,29,0.8621,125.045,2012-11,2014-06,monitor
B0007MXVH0,22,4.364,111,0.9459,56.091,2006-01,2014-06,monitor
B000EN62YG,22,4.364,87,0.8506,123.864,2006-05,2007-11,monitor
B000HKIPVE,22,4.364,361,0.9224,183,2005-12,2007-05,monitor
B00006B9W2,22,4.318,42,0.7857,81.045,2011-10,2014-06,monitor
B0000C8817,22,4.318,634,0.8801,307.182,2004-01,2014-02,monitor
B0001HKIJK,22,4.318,170,0.9176,150.182,2008-10,2014-04,monitor
B00022OCCI,22,4.318,11,0.6364,69.409,2008-09,2014-07,monitor
B0007VNGLC,22,4.318,84,0.9167,85.818,2005-08,2014-01,monitor
B000BT7XUK,22,4.273,60,0.9167,80.636,2009-12,2014-07,monitor
B000FJKJHU,22,4.273,189,0.8201,118.318,2007-04,2014-02,monitor
B000JJSQ1M,22,4.273,3,0.6667,79.364,2012-12,2014-05,monitor
B0000C1ZNV,22,4.227,55,0.8364,109.5,2004-06,2009-12,monitor
B0002ZPFD0,22,4.227,5,0.0,33.227,2012-12,2014-07,monitor
B000FKP55K,22,4.227,118,0.8729,130.045,2009-06,2014-04,monitor
B00017LRF4,22,4.182,103,0.9126,149.136,2008-04,2014-02,monitor
B0002AHRVI,22,4.182,295,0.9051,175.136,2004-11,2010-08,monitor
B0006FS2IQ,22,4.182,91,0.9011,95.773,2005-03,2012-11,monitor
B00009V2PG,22,4.136,88,0.9318,79.455,2005-11,2011-06,monitor
B0007YFQCG,22,4.136,534,0.9476,391.864,2005-05,2006-03,monitor
B00004TKVD,22,4.091,177,0.8588,80,2007-01,2014-05,monitor
B000FKP55U,22,4.091,122,0.6967,137,2008-05,2013-07,monitor
B0001MHL0Y,22,4.045,931,0.9366,369.182,2004-04,2008-05,monitor
B0007NP7ZS,22,4.045,42,0.881,62.136,2007-01,2013-12,monitor
B0009JR5IM,22,4.045,130,0.9615,133.364,2005-10,2013-11,monitor
B000BDD56W,22,4.045,181,0.6906,159.273,2006-03,2013-11,monitor
B00004Z6M7,22,4.0,84,0.7024,82.909,2009-01,2014-05,monitor
B00013M6NU,22,4.0,46,0.913,71.545,2005-07,2014-05,monitor
B0000665V7,22,3.955,75,0.8267,77.727,2007-02,2014-06,monitor
B00009J5W0,22,3.955,234,0.6624,223.682,2003-05,2011-06,monitor
B0000AE6G9,22,3.955,79,0.9114,56.227,2008-01,2014-06,monitor
B0001VQEYY,22,3.955,313,0.8754,172,2004-04,2014-04,monitor
B000GM7F6O,22,3.955,38,0.8684,139.409,2007-01,2010-08,monitor
B00005T3ND,22,3.909,212,0.9434,130.636,2001-12,2013-01,monitor
B0002X7V1Q,22,3.909,30,0.5333,69.591,2009-03,2014-07,monitor
B000GE7E6S,22,3.909,24,0.875,61.045,2010-03,2014-06,monitor
B000J1BRY8,22,3.909,4,0.75,47.318,2010-12,2014-05,monitor
B000067RLZ,22,3.864,7,0.5714,54.773,2011-04,2014-01,monitor
B000A2EXI8,22,3.864,330,0.9061,189.318,2005-10,2012-07,monitor
B000BKICZY,22,3.864,300,0.64,148.364,2006-01,2010-05,monitor
B0001V3IB6,22,3.818,158,0.962,76,2005-07,2014-05,monitor
B000246U1C,22,3.818,113,0.9823,118.409,2005-08,2013-01,monitor
B000BPRGK6,22,3.818,182,0.9011,183.273,2006-12,2010-06,monitor
B00008VFBE,22,3.773,35,0.9143,79.818,2008-08,2014-06,monitor
B00009QOWW,22,3.773,34,0.7941,82.045,2006-01,2014-07,monitor
B00009W3TZ,22,3.773,22,0.7273,94.227,2007-12,2014-02,monitor
B0000B3E8U,22,3.727,571,0.9405,225.273,2004-08,2010-06,monitor
B000BFLFHQ,22,3.727,51,0.9412,99.818,2006-03,2013-12,monitor
B00005NOKT,22,3.682,158,0.8608,133.682,2002-02,2008-04,monitor
B000BP8GQO,22,3.682,9,0.7778,60.955,2010-06,2014-03,monitor
B0002BEVO8,22,3.636,15,0.8667,62.636,2010-12,2014-06,monitor
B0002XJ9IY,22,3.636,179,0.9274,118.364,2004-10,2008-04,monitor
B000HS3O2G,22,3.636,49,0.9184,120.591,2007-05,2013-12,monitor
B00008CLZS,22,3.5,155,0.7419,98.955,2003-05,2012-09,monitor
B0001KWGP6,22,3.5,118,0.8814,212.045,2004-05,2014-07,monitor
B0008JFCWY,22,3.5,216,0.9074,223.455,2005-06,2010-08,monitor
B000B6KXM8,22,3.5,171,0.9649,223.136,2005-10,2007-08,monitor
B000G6U2W4,22,3.5,23,0.6087,57.636,2009-04,2014-04,monitor
B000028F42,22,3.455,409,0.9389,92.591,2000-11,2014-03,monitor
B0001M2FZK,22,3.455,50,0.84,106.727,2005-02,2010-08,monitor
B0002EXJRA,22,3.455,46,0.7609,81.045,2007-01,2013-12,monitor
B0000AC88K,22,3.409,115,0.9739,152.136,2008-12,2013-02,monitor
B0007SM8OG,22,3.409,48,0.9583,111.955,2007-01,2014-02,monitor
B000BJUJSS,22,3.409,28,0.9286,72.364,2010-08,2013-09,monitor
B00007DTDB,22,3.364,62,0.6935,95.136,2003-03,2013-11,monitor
B000621S4Y,22,3.364,342,0.8392,165.818,2005-01,2009-04,monitor
B000BYCNKU,22,3.364,34,0.7647,63.545,2010-08,2014-07,monitor
B00011Y1MQ,22,3.318,116,0.7759,219.818,2004-07,2011-05,monitor
B000AV3NPI,22,3.318,40,0.975,45.545,2007-03,2014-03,monitor
B00005853X,22,3.273,200,0.745,177.818,2001-02,2013-11,monitor
B00005KB24,22,3.273,102,0.8137,159.273,2001-08,2007-01,monitor
B000HVHYJW,22,3.136,38,0.6579,94.909,2009-01,2014-05,monitor
B0002QWU3W,22,3.091,1162,0.8348,240,2005-04,2007-05,monitor
B00006B9HC,22,3.045,175,0.8,156.318,2003-01,2013-06,monitor
B00008VF5W,22,3.0,71,0.9437,70.364,2006-08,2013-12,monitor
B00007079A,22,2.773,169,0.9408,166.455,2005-02,2013-12,monitor
B0002IQ1F8,21,4.905,86,0.9767,83.714,2006-01,2014-06,monitor
B0000512US,21,4.81,8,0.75,51.905,2007-11,2014-07,monitor
B00009QOW4,21,4.81,20,0.8,110.667,2011-08,2014-06,monitor
B0000AE68O,21,4.81,30,0.9,47.714,2007-03,2014-07,monitor
B000A5LP5Y,21,4.81,58,0.8793,110.333,2005-09,2014-05,monitor
B000FCFYT0,21,4.81,61,0.8525,45.095,2007-01,2008-04,monitor
B00009UU2J,21,4.762,54,0.7037,70.429,2007-09,2014-06,monitor
B0000AOWXO,21,4.762,3,1.0,39.762,2010-08,2014-06,monitor
B000BLJE8W,21,4.762,36,0.8889,75.333,2007-10,2014-07,monitor
B00009W8XH,21,4.714,208,0.851,216.143,2005-09,2014-06,monitor
B0002J2R1E,21,4.714,22,0.8636,46.333,2010-06,2014-06,monitor
B00099C2M6,21,4.714,189,0.8148,181.238,2007-01,2013-12,monitor
B000ARJIYC,21,4.714,30,0.9333,54,2006-11,2014-05,monitor
B00006IJO4,21,4.667,79,0.9241,136,2002-10,2011-04,monitor
B0000ET9DG,21,4.667,202,0.7574,165.333,2005-10,2013-03,monitor
B000FBT47E,21,4.667,28,0.9286,54.524,2010-04,2014-03,monitor
B00000J1U8,21,4.619,12,0.6667,31.952,2007-01,2014-07,monitor
B00006B83L,21,4.619,29,0.7241,47.524,2007-01,2014-06,monitor
B00009R6JP,21,4.619,155,0.6258,65.524,2007-10,2014-04,monitor
B00009W3F3,21,4.619,36,0.9722,64.571,2008-06,2014-02,monitor
B0000DIESU,21,4.619,45,0.8444,61.429,2007-02,2014-07,monitor
B000E7RACK,21,4.619,472,0.8771,251.333,2006-04,2012-01,monitor
B000IGGCCG,21,4.619,150,0.78,106.381,2007-10,2013-08,monitor
B00005LE72,21,4.571,608,0.8882,261.619,2005-12,2014-03,monitor
B0009RKL6C,21,4.571,34,0.2059,42.048,2007-06,2014-06,monitor
B000AM8WQM,21,4.571,119,0.8824,163.571,2005-11,2014-01,monitor
B000BBCTHU,21,4.571,175,0.72,117.095,2005-10,2014-07,monitor
B00009R7RJ,21,4.524,36,0.6111,61.286,2008-06,2014-07,monitor
B0001HWL9A,21,4.524,28,0.8571,45.095,2010-12,2014-05,monitor
B0006HVKM4,21,4.524,50,0.86,61.905,2009-05,2014-05,monitor
B0006TTDEO,21,4.524,8,0.125,56.714,2007-12,2014-05,monitor
B000EIZPLM,21,4.524,30,0.8,91.476,2007-01,2014-07,monitor
B000JE5CKA,21,4.524,247,0.7935,251.762,2007-07,2014-07,monitor
B000JJSQBM,21,4.524,47,0.9574,74.143,2008-12,2011-06,monitor
B0000AQJ7J,21,4.476,316,0.9494,291.095,2004-12,2014-01,monitor
B0000AQR8T,21,4.476,30,0.9333,53,2006-08,2014-06,monitor
B000E1CB1Q,21,4.476,130,0.8,147.952,2006-02,2009-09,monitor
B000F8WC4O,21,4.476,135,0.9407,103,2007-01,2010-06,monitor
B000HKNFOQ,21,4.476,24,0.7917,68.429,2008-12,2013-12,monitor
B000JJSQBW,21,4.476,19,0.8421,64.429,2008-09,2013-01,monitor
B0002K6XOK,21,4.429,153,0.7974,110.905,2004-12,2014-02,monitor
B0002WT6S8,21,4.429,439,0.8383,118.381,2006-09,2014-04,monitor
B0006HQ7HC,21,4.429,24,0.625,72.143,2009-07,2014-06,monitor
B000BKLNHS,21,4.429,34,0.9118,77,2006-06,2011-03,monitor
B000BYA5NC,21,4.429,59,0.9492,109.905,2006-12,2014-05,monitor
B000CDITCQ,21,4.429,76,0.8816,61.19,2006-04,2014-01,monitor
B00006I53D,21,4.381,53,0.6226,233,2010-07,2014-03,monitor
B0001DBEKG,21,4.381,83,0.8554,135.81,2005-10,2014-03,monitor
B000GFIDLC,21,4.381,22,0.8182,109.81,2008-10,2013-07,monitor
B00007B8SN,21,4.333,188,0.9043,89.905,2003-10,2012-03,monitor
B00008Y0TM,21,4.333,101,0.6238,108.476,2010-07,2014-06,monitor
B0002ILKMW,21,4.333,378,0.8228,286.619,2004-08,2013-07,monitor
B00024VTKE,21,4.286,625,0.9696,277.667,2004-10,2014-02,monitor
B0007KX4TC,21,4.286,405,0.8519,290.048,2005-03,2006-11,monitor
B00083ET5G,21,4.286,49,0.9388,159.857,2006-03,2014-05,monitor
B000IHBZHC,21,4.286,309,0.9417,300.238,2006-10,2008-11,monitor
B00004TL5Q,21,4.238,189,0.9471,160,2000-05,2007-08,monitor
B00006I5BW,21,4.238,184,0.9348,67.714,2007-08,2014-01,monitor
B00016V3VI,21,4.238,89,0.8764,51.19,2003-01,2014-05,monitor
B000DZKNM2,21,4.238,161,0.8199,163.857,2006-11,2012-11,monitor
B000E5GGQI,21,4.238,26,0.6923,66.762,2006-07,2013-04,monitor
B0001FV30K,21,4.19,268,0.8918,154.238,2005-01,2008-03,monitor
B00008V6NI,21,4.143,125,0.816,209.19,2003-06,2009-09,monitor
B000092TS9,21,4.143,88,0.9318,122.476,2009-10,2014-02,monitor
B000EHYMIA,21,4.143,30,0.6667,52.619,2009-01,2014-03,monitor
B000FI9VTS,21,4.143,32,0.7188,102.048,2011-08,2014-06,monitor
B000IXQPJO,21,4.143,95,0.5895,61.81,2007-01,2014-05,monitor
B000189W8M,21,4.095,450,0.8911,260.333,2004-03,2011-12,monitor
B0002EXJPM,21,4.095,21,0.7619,142.333,2006-08,2014-05,monitor
B000AYGDWU,21,4.095,672,0.9702,184.143,2005-09,2014-03,monitor
B000H8L748,21,4.095,85,0.8824,114.857,2007-01,2014-05,monitor
B00007KDX6,21,4.048,130,0.8692,123.81,2004-10,2014-04,monitor
B0000996BA,21,4.048,21,0.8095,46.524,2006-02,2014-05,monitor
B000E0TERQ,21,4.048,17,0.9412,103.524,2011-06,2014-07,monitor
B000E5DLIE,21,4.048,142,0.838,275.762,2006-05,2013-02,monitor
B000I3XIE4,21,4.048,80,0.95,85.238,2008-07,2014-01,monitor
B00009V7MU,21,4.0,146,0.7671,124.476,2003-12,2006-07,monitor
B0001FI49I,21,4.0,346,0.8526,218,2004-05,2014-02,monitor
B00064O89Y,21,4.0,510,0.8725,177.81,2004-10,2009-07,monitor
B0007PN5N2,21,4.0,76,0.8684,64.429,2006-12,2014-04,monitor
B0007UQNY0,21,4.0,103,0.9417,142.19,2006-06,2014-07,monitor
B000BI7NGU,21,4.0,78,0.9231,97.143,2006-01,2013-12,monitor
B000JPCAL8,21,4.0,11,0.9091,62.857,2011-06,2014-05,monitor
B00000JD34,21,3.952,43,0.7907,93.762,2007-01,2014-03,monitor
B000058E2B,21,3.952,452,0.8385,213.143,2001-03,2013-12,monitor
B0000C20XD,21,3.952,96,0.8958,151.238,2004-04,2014-01,monitor
B00083LFW6,21,3.905,28,0.9286,36.476,2007-03,2014-07,monitor
B000AXSBEY,21,3.905,91,0.7253,49.905,2008-02,2013-01,monitor
B00009UHYQ,21,3.857,239,0.9289,109.19,2007-03,2013-10,monitor
B000EDOSFQ,21,3.857,6,1.0,70.762,2008-01,2014-01,monitor
B000067SC4,21,3.81,43,0.7907,70.286,2006-11,2013-11,monitor
B00006FMPP,21,3.81,428,0.9159,233,2002-12,2007-03,monitor
B0006SD4PE,21,3.81,197,0.8629,180.048,2005-01,2009-01,monitor
B000FPIUBQ,21,3.81,142,0.9577,113.952,2008-01,2014-07,monitor
B0007Y7976,21,3.762,724,0.895,184.286,2005-09,2007-06,monitor
B00004XO1V,21,3.714,144,0.7847,243.571,2000-09,2003-04,monitor
B00005T408,21,3.714,345,0.8783,134.857,2004-01,2014-03,monitor
B00008XOMX,21,3.714,72,0.8611,88.667,2006-02,2013-05,monitor
B000CATP4A,21,3.714,126,0.881,85.333,2012-03,2014-07,monitor
B00008I9K9,21,3.667,82,0.878,157.476,2003-04,2014-02,monitor
B00009KAPW,21,3.667,196,0.8367,116.429,2003-12,2013-06,monitor
B00005MIS8,21,3.619,241,0.8299,86.095,2002-09,2014-01,monitor
B000FIB8S0,21,3.619,138,0.9348,143.952,2006-09,2011-10,monitor
B000DIM9AS,21,3.571,77,0.9091,143.857,2006-06,2013-12,monitor
B000I5K4MQ,21,3.571,171,0.8363,127.048,2006-11,2013-01,monitor
B000EC3GDC,21,3.429,27,0.7407,74.571,2009-07,2014-05,monitor
B0007T27BE,21,3.381,173,0.9075,130.524,2005-08,2014-07,monitor
B00008ZPJQ,21,3.333,461,0.8959,91.143,2005-01,2012-11,monitor
B000FFLYI2,21,3.286,41,0.3902,103.857,2008-05,2014-06,monitor
B00005B4BW,21,3.238,536,0.9459,244.952,2000-03,2009-05,monitor
B0009VU7BW,21,3.238,222,0.9505,153.571,2005-12,2013-11,monitor
B0008JFHII,21,3.095,45,0.6444,56.667,2010-08,2014-06,monitor
B000AV14J0,21,3.095,215,0.8744,225.381,2006-04,2014-07,monitor
B000FJEZ0C,21,3.048,105,0.8952,106.524,2006-07,2012-12,monitor
B00006HYJ5,21,3.0,136,0.8088,197.952,2002-12,2013-01,monitor
B000E8SWQM,21,3.0,167,0.7365,89.143,2007-05,2014-06,monitor
B00006HYWR,21,2.905,138,0.7826,180.857,2002-10,2007-08,monitor
B000EBRLHK,21,2.762,116,0.7586,114.81,2006-03,2011-06,monitor
B0009B0K2I,21,2.524,20,0.8,86.81,2009-02,2014-04,monitor
B000IXLHM4,21,2.19,153,0.9281,117.524,2006-12,2014-04,monitor
B0002E3WIQ,20,5.0,10,0.9,55.15,2008-03,2014-06,monitor
B000067SLX,20,4.95,6,0.8333,53.9,2011-09,2014-07,monitor
B00006IRRY,20,4.9,7,0.8571,59.7,2009-02,2014-07,monitor
B0006HU4OO,20,4.9,199,0.9146,311.75,2006-11,2013-11,monitor
B00006JU62,20,4.85,128,0.8984,172.65,2003-02,2014-06,monitor
B0002MPNPI,20,4.8,18,0.5556,30.75,2005-07,2014-05,monitor
B000068O4E,20,4.75,9,0.5556,41.4,2011-07,2014-05,monitor
B00009UHK2,20,4.75,17,0.9412,27,2009-12,2014-07,monitor
B0006VT1TY,20,4.75,86,0.9535,357.7,2005-05,2013-12,monitor
B00005TQKQ,20,4.7,44,0.8409,54.35,2006-08,2014-07,monitor
B00017LUOC,20,4.7,117,0.7863,98.75,2007-06,2013-09,monitor
B0002J2BOM,20,4.7,56,0.9643,98,2008-07,2014-01,monitor
B00064NVBK,20,4.7,134,0.7537,99.1,2006-04,2013-12,monitor
B0007QQJWA,20,4.7,14,0.7143,111.55,2009-05,2014-04,monitor
B000EIPE3Q,20,4.7,291,0.9931,185.2,2006-05,2013-01,monitor
B00008KA6Z,20,4.65,20,0.55,58.6,2009-11,2014-03,monitor
B00066UTBS,20,4.65,106,0.9151,228.6,2005-05,2008-04,monitor
B00004Z5P4,20,4.6,17,0.9412,40.5,2006-08,2014-04,monitor
B00008AYBE,20,4.6,33,0.8485,67.3,2004-11,2014-01,monitor
B0007KS7D0,20,4.6,49,0.7959,113.4,2008-09,2014-07,monitor
B0007TC39A,20,4.6,93,0.8065,73.7,2005-09,2012-03,monitor
B0009XHOBG,20,4.6,109,0.8807,78.25,2006-07,2013-06,monitor
B000AQF4JG,20,4.6,115,0.9304,97.85,2007-05,2014-02,monitor
B000EDG6EM,20,4.6,187,0.9198,161.85,2006-08,2013-08,monitor
B00005U244,20,4.55,97,0.5567,161.35,2002-06,2014-01,monitor
B0001656FW,20,4.55,69,0.9565,63.1,2006-01,2014-05,monitor
B0002J22BO,20,4.55,44,0.6136,81.7,2007-06,2014-05,monitor
B000GPHQWO,20,4.55,193,0.8031,166.9,2007-01,2014-04,monitor
B00004TDN2,20,4.5,598,0.9465,228.7,2000-05,2014-06,monitor
B00009VS6P,20,4.5,363,0.8017,279.5,2003-11,2012-12,monitor
B000BI2162,20,4.5,129,0.9922,138.75,2006-01,2010-03,monitor
B000BP8QB4,20,4.5,25,1.0,55.75,2012-04,2014-07,monitor
B000CFUP9Y,20,4.5,72,0.9306,124.65,2007-10,2013-02,monitor
B000EC8WEU,20,4.5,108,0.9074,137.45,2006-11,2013-05,monitor
B000EGAMBW,20,4.5,195,0.8923,203.85,2006-03,2014-05,monitor
B000GABVOS,20,4.5,168,0.7321,218.5,2006-12,2010-07,monitor
B000JKERJG,20,4.5,114,0.6491,89.55,2006-12,2011-09,monitor
B00006B8JX,20,4.45,47,0.9574,40.65,2009-09,2014-06,monitor
B000093UPO,20,4.45,60,0.6333,66.8,2009-04,2014-04,monitor
B00009R6K1,20,4.45,57,0.4211,95,2008-07,2014-05,monitor
B0002F8ZGO,20,4.45,48,0.8542,98.05,2008-04,2014-03,monitor
B0007M610Y,20,4.45,340,0.8882,278.65,2005-02,2006-02,monitor
B000EPHSLK,20,4.45,214,0.8645,232.95,2006-09,2014-07,monitor
1400501520,20,4.4,237,0.8354,174.95,2012-12,2014-03,monitor
B00005LEOS,20,4.4,325,0.6646,181.7,2004-06,2014-03,monitor
B00006J054,20,4.4,169,0.7811,147.85,2004-03,2014-07,monitor
B0009OAFJ8,20,4.4,117,0.7863,130.9,2006-06,2013-12,monitor
B0009XQPGQ,20,4.4,253,0.9051,233.75,2005-08,2010-05,monitor
B000FKKO74,20,4.4,282,0.9645,301.25,2006-06,2011-04,monitor
B000068O4N,20,4.35,27,0.7407,52.2,2010-03,2014-06,monitor
B00025LDLS,20,4.35,63,0.873,51.6,2007-08,2014-02,monitor
B00061IYII,20,4.35,105,0.9619,111.15,2005-08,2008-04,monitor
B00067KZA2,20,4.35,229,0.8472,272.6,2004-11,2006-08,monitor
B000932AKQ,20,4.35,409,0.8191,271.6,2005-07,2006-08,monitor
B0009Q4UBK,20,4.35,371,0.8302,303.2,2005-05,2013-02,monitor
B000H7MHFC,20,4.35,573,0.8691,300.55,2006-10,2013-01,monitor
B0002TQQUW,20,4.3,166,0.9157,70.1,2006-07,2014-05,monitor
B00067PS7W,20,4.3,16,0.625,109.45,2012-03,2014-05,monitor
B00068E56G,20,4.3,143,0.9231,148.9,2004-12,2008-12,monitor
B0007KQWDC,20,4.3,898,0.971,284.1,2005-05,2011-07,monitor
B0008ESGAY,20,4.3,687,0.9651,208.75,2005-04,2014-04,monitor
B000BNUDXK,20,4.3,101,0.5248,67,2007-01,2014-07,monitor
B000CSWZ6M,20,4.3,5,0.8,66.1,2011-09,2014-06,monitor
B000EVQ0OU,20,4.3,360,0.9861,72.7,2007-05,2014-02,monitor
B000F4S9EU,20,4.3,15,0.9333,49.5,2011-07,2014-05,monitor
B00008WIX5,20,4.25,115,0.9391,91.95,2009-03,2014-07,monitor
B000GAMMBO,20,4.25,113,0.9027,181.2,2006-08,2011-05,monitor
B00063G0BO,20,4.2,333,0.8919,248.4,2004-10,2008-06,monitor
B000ARHJPW,20,4.2,121,0.4793,103.7,2005-11,2014-05,monitor
B000F9LS0W,20,4.2,57,0.8246,126.4,2006-11,2012-12,monitor
1400501776,20,4.15,372,0.957,195.45,2012-04,2014-04,monitor
B00005RKSO,20,4.15,206,0.8398,202.85,2007-03,2014-04,monitor
B0000CE1VP,20,4.15,312,0.9006,327.15,2004-12,2009-09,monitor
B0002E47AI,20,4.15,16,0.9375,34.95,2007-05,2014-04,monitor
B0006OIT30,20,4.15,24,0.75,71.25,2009-03,2014-02,monitor
B000FG795I,20,4.15,36,0.4722,48.65,2008-10,2014-07,monitor
B000FQ9MV2,20,4.15,0,,30.95,2012-10,2014-04,monitor
B000I1GZE6,20,4.15,15,0.5333,33.2,2010-07,2014-02,monitor
B00004WCIA,20,4.1,484,0.9174,130.9,2000-11,2014-01,monitor
B00006A7AY,20,4.1,112,0.9464,176.9,2002-09,2005-02,monitor
B0006I09MK,20,4.1,90,0.7333,189.15,2010-01,2014-02,monitor
B000G6RVSW,20,4.1,53,0.8113,144.9,2009-08,2014-05,monitor
B00000J434,20,4.05,280,0.9607,171.95,1999-12,2009-05,monitor
B000095S9V,20,4.05,66,0.7576,115.5,2003-11,2013-08,monitor
B0000ALPBA,20,4.05,43,0.8605,139.8,2005-01,2010-08,monitor
B0001WV6W8,20,4.05,1158,0.9534,235.1,2004-07,2009-04,monitor
B0002ZQHFA,20,4.05,31,0.9677,88.95,2007-01,2014-01,monitor
B000BT97UO,20,4.05,172,0.5407,218.95,2005-10,2013-07,monitor
B000G0JD0C,20,4.05,71,1.0,92.85,2007-06,2010-11,monitor
B000165O18,20,4.0,9,0.7778,77.1,2008-10,2014-07,monitor
B0006B3QY0,20,4.0,2,1.0,43,2011-06,2014-07,monitor
B000BTGVV2,20,4.0,40,0.825,56.1,2007-11,2014-02,monitor
B00009W44B,20,3.95,67,0.7463,131.6,2005-09,2013-07,monitor
B00029X1MI,20,3.95,3,0.6667,63.7,2010-07,2014-06,monitor
B0007UVYOY,20,3.95,330,0.9667,296.55,2005-06,2011-09,monitor
B00083PGFS,20,3.95,112,0.6875,99.15,2005-08,2014-05,monitor
B0009MFTSW,20,3.95,115,0.8435,99.6,2006-06,2014-02,monitor
B0009O19LQ,20,3.95,16,0.875,85.55,2007-01,2013-11,monitor
B000IAPGIS,20,3.95,111,0.6847,71.1,2007-02,2014-06,monitor
B000058BCR,20,3.9,438,0.9361,266.35,2001-10,2013-03,monitor
B00005NVBF,20,3.9,129,0.876,197.55,2001-10,2010-04,monitor
B000069DOV,20,3.9,237,0.8692,140.15,2005-08,2014-07,monitor
B00009J5VX,20,3.9,158,0.7405,208.85,2003-05,2008-04,monitor
B000196C34,20,3.9,51,1.0,80.45,2006-03,2014-01,monitor
B0007LZGD8,20,3.9,264,0.8258,224.7,2005-05,2009-02,monitor
B0007Z6RAA,20,3.9,37,0.8649,67,2006-09,2011-01,monitor
B000A7NRQ2,20,3.9,68,0.9412,86.75,2006-05,2014-06,monitor
B0000DFZ67,20,3.85,119,0.6891,178.4,2003-12,2009-07,monitor
B000H312RK,20,3.85,175,0.96,196.6,2006-09,2012-04,monitor
B000I42QO6,20,3.85,525,0.96,292.55,2006-11,2011-10,monitor
B000A1AQOO,20,3.8,178,0.764,151.45,2005-08,2010-03,monitor
B000HVI2HU,20,3.75,47,0.766,101.15,2007-01,2010-05,monitor
B0002UB2K0,20,3.7,84,0.6667,74.95,2007-09,2014-07,monitor
B0000CG4DI,20,3.65,116,0.6552,131.05,2003-11,2013-12,monitor
B0006ZM4XK,20,3.65,344,0.7703,139.9,2005-01,2014-06,monitor
B00081GAVY,20,3.65,81,0.4321,50.65,2008-02,2014-04,monitor
B0000AMK36,20,3.6,175,0.56,144.95,2004-07,2013-03,monitor
B0002ZAEX6,20,3.6,369,0.6287,197.5,2004-11,2012-12,monitor
B00032BOLO,20,3.6,158,0.8608,147.7,2008-01,2014-05,monitor
B000F7A832,20,3.6,45,0.8889,89.55,2007-11,2014-05,monitor
B000EN8A7S,20,3.55,84,0.9167,114.45,2007-01,2012-02,monitor
B000799LPE,20,3.5,105,0.9429,146.5,2007-05,2014-03,monitor
B000EVOP6A,20,3.5,225,0.9467,156.2,2006-03,2008-07,monitor
B000FK7C9C,20,3.5,101,0.9406,86.7,2007-01,2013-07,monitor
B000JNL6WO,20,3.5,23,0.7391,137.7,2007-03,2014-04,monitor
B00000J6WY,20,3.35,270,0.8852,189.5,2000-10,2014-04,monitor
B00005T3NH,20,3.35,253,0.6403,146,2003-04,2014-03,monitor
B0002EQUL2,20,3.3,32,0.7188,68.45,2005-02,2014-07,monitor
B000GC98H8,20,3.3,107,0.7103,151.9,2006-12,2013-06,monitor
B000059MSI,20,3.2,398,0.8392,163.9,2001-03,2014-02,monitor
B000E5BL18,20,3.2,51,0.6863,91.7,2006-12,2013-09,monitor
B00021ZVL0,20,2.95,282,0.8475,210.55,2004-06,2007-05,monitor
B000HZB1GA,20,2.95,48,0.7083,97.3,2007-01,2012-03,monitor
B0001H4BMU,20,2.8,287,0.777,204.6,2004-07,2006-06,monitor
B0001YFZ46,20,2.25,344,0.8576,176.7,2004-06,2009-09,monitor
B0001Y7Z4Y,19,5.0,3,0.3333,30.368,2007-12,2014-07,monitor
3744295508,19,4.947,6,0.5,35.474,2010-05,2014-01,monitor
B0007QQJX4,19,4.895,24,0.9583,102.737,2009-01,2014-07,monitor
B0000632H2,19,4.842,11,1.0,44.158,2007-11,2014-07,monitor
B00007DWEA,19,4.842,6,0.8333,75.368,2009-12,2013-11,monitor
B00009XVD5,19,4.842,807,0.9653,251.684,2004-05,2014-06,monitor
B0006LSIOI,19,4.842,56,0.875,60.421,2006-04,2014-07,monitor
B00004WLJ4,19,4.789,31,0.8387,52.842,2009-05,2014-04,monitor
B0000659A7,19,4.789,128,0.8594,86.526,2002-11,2013-11,monitor
B00006B8E3,19,4.789,16,0.875,48,2011-12,2014-05,monitor
B000096B01,19,4.789,140,0.9714,87.526,2005-04,2014-05,monitor
B00009R98B,19,4.789,112,0.9107,75.368,2007-07,2014-04,monitor
B000GTRBQQ,19,4.789,41,0.9756,108.053,2008-10,2014-06,monitor
B00009R89E,19,4.737,33,0.9091,69.947,2007-02,2013-10,monitor
B0000XMWQW,19,4.737,31,0.871,58.842,2008-11,2014-06,monitor
B0001KO7UI,19,4.737,85,0.9176,238.158,2008-07,2014-05,monitor
B0002MPMAE,19,4.737,32,0.8438,131.316,2007-06,2014-02,monitor
B0007RSZX0,19,4.737,60,0.75,131.947,2009-11,2014-06,monitor
B000E7WMOQ,19,4.737,191,0.911,77,2005-07,2013-01,monitor
B000GGQCIM,19,4.737,66,0.7576,88.895,2006-12,2013-11,monitor
B000095S9H,19,4.684,97,0.6804,65.526,2007-01,2013-07,monitor
B0001Y6J14,19,4.684,2,1.0,49.263,2012-05,2014-06,monitor
9985511476,19,4.632,4,0.75,45.579,2012-10,2014-04,monitor
B0000665V1,19,4.632,10,0.9,75.158,2009-03,2014-06,monitor
B000068O4J,19,4.632,4,0.75,38.579,2011-01,2014-05,monitor
B00009R6WN,19,4.632,321,0.8505,176.895,2006-01,2014-07,monitor
B000231D1K,19,4.632,633,0.9779,275.737,2004-09,2013-02,monitor
B0002GWRXK,19,4.632,29,0.6897,55,2008-12,2014-03,monitor
B00005137P,19,4.579,13,0.6923,60.684,2002-06,2014-06,monitor
B000068ILF,19,4.579,6,1.0,70.895,2009-03,2014-04,monitor
B000095SA6,19,4.579,22,0.8182,44.211,2007-02,2014-06,monitor
B00009V2W9,19,4.579,45,0.6222,70.737,2005-06,2013-08,monitor
B0001VWJIY,19,4.579,33,0.8485,66.526,2004-11,2014-04,monitor
B00028A1Z4,19,4.579,3,1.0,34.895,2009-05,2014-07,monitor
B0002BESI2,19,4.579,8,0.75,35.632,2009-08,2014-06,monitor
B0007N55OG,19,4.579,42,0.8095,132.526,2006-01,2014-04,monitor
B000CC1RPS,19,4.579,156,0.9167,95.895,2006-12,2013-11,monitor
B000HGSL4E,19,4.579,185,0.8865,193.632,2006-12,2010-01,monitor
B000HVRRJO,19,4.579,7,1.0,46.895,2009-01,2013-11,monitor
B000050AQ7,19,4.526,78,0.7949,64.632,2001-03,2014-03,monitor
B000067RRQ,19,4.526,14,1.0,64.526,2007-03,2014-02,monitor
B00006I5J4,19,4.526,251,0.8048,169.474,2008-07,2014-07,monitor
B00009R6UJ,19,4.526,88,0.7841,64.158,2006-09,2014-07,monitor
B00020E4QO,19,4.526,72,0.75,154.632,2004-07,2012-03,monitor
B0002RSPE4,19,4.526,49,0.7959,73.789,2007-05,2014-03,monitor
B000HZ8942,19,4.526,50,0.84,54.158,2007-01,2014-06,monitor
B000F4TCDM,19,4.474,48,0.7917,46.105,2010-02,2014-07,monitor
B00006B9QF,19,4.421,349,0.8825,55.737,2003-02,2013-05,monitor
B00007AKAZ,19,4.421,127,0.8504,93.947,2003-12,2013-11,monitor
B000083JZH,19,4.421,36,0.6389,54.737,2008-09,2012-05,monitor
B0000899ZA,19,4.421,131,0.7405,207.211,2004-10,2012-07,monitor
B0001GNJWY,19,4.421,87,0.9195,64.632,2005-07,2011-04,monitor
B00021OCRE,19,4.421,85,0.7882,72.895,2006-12,2010-08,monitor
B0006GCCWW,19,4.421,292,0.887,270.842,2005-07,2014-05,monitor
B000B898N6,19,4.421,16,0.4375,81.421,2007-10,2014-01,monitor
B00004TDSC,19,4.368,23,0.5652,46.053,2003-02,2014-03,monitor
B00005NBR6,19,4.368,111,0.964,143,2001-09,2007-06,monitor
B00007LAYN,19,4.316,199,0.7487,78.316,2003-11,2014-04,monitor
B0000A1GOF,19,4.316,51,0.6471,94.263,2003-09,2013-03,monitor
B0000AE66S,19,4.316,21,0.8571,53.368,2008-09,2013-07,monitor
B0001XGQKY,19,4.316,15,0.4667,52.526,2008-01,2014-07,monitor
B0002BA570,19,4.316,25,0.84,78.474,2009-09,2014-07,monitor
B000792SA4,19,4.316,91,0.9121,99.579,2005-08,2010-03,monitor
B0009RKKUY,19,4.316,501,0.9441,297.316,2005-07,2007-02,monitor
B000H0338Y,19,4.316,83,0.9036,105.632,2007-10,2014-04,monitor
B000HDMUU8,19,4.316,2,1.0,47.632,2011-06,2014-06,monitor
B00006B8EC,19,4.263,50,0.86,182,2005-11,2014-06,monitor
B00006HVWL,19,4.263,33,0.9697,39.105,2008-01,2014-06,monitor
B00006JPEV,19,4.263,26,0.6154,63.211,2008-04,2014-05,monitor
B0000A0AE7,19,4.263,78,0.7692,57.842,2007-04,2014-06,monitor
B000189W0A,19,4.263,106,0.8491,126.263,2004-11,2009-12,monitor
B0002FGEAS,19,4.263,28,0.6786,101.263,2007-05,2013-02,monitor
B0002MRO2S,19,4.263,235,0.7702,166.947,2004-11,2008-08,monitor
B0006TIA48,19,4.263,76,0.8947,82.684,2011-03,2014-03,monitor
B000ALAT14,19,4.263,9,0.7778,41,2009-04,2014-06,monitor
B000BWSQ2G,19,4.263,189,0.9259,232.579,2006-04,2010-04,monitor
B000F38GS0,19,4.263,11,0.8182,54.053,2012-01,2014-06,monitor
B000HU2CCC,19,4.263,118,0.7627,82.895,2007-03,2013-03,monitor
B000051SEN,19,4.211,189,0.8942,174.158,2005-02,2014-05,monitor
B00006CJKC,19,4.211,74,0.9459,56.316,2007-01,2014-04,monitor
B00009UTL9,19,4.211,26,0.5769,68.895,2010-03,2014-07,monitor
B0001ILXGQ,19,4.211,330,0.9606,236.684,2004-03,2010-05,monitor
B0007XCT18,19,4.211,148,0.8986,109.632,2006-01,2013-12,monitor
B000EEQ83K,19,4.211,350,0.96,284.053,2006-08,2013-02,monitor
B000F5NFTS,19,4.211,16,0.5,66.947,2010-11,2014-04,monitor
B000J02P1I,19,4.211,81,0.963,99.789,2006-12,2012-09,monitor
B00006IR39,19,4.158,324,0.9228,222,2002-11,2014-06,monitor
B00009RL1X,19,4.158,320,0.8156,234.737,2003-07,2013-09,monitor
B0001MMH9E,19,4.158,203,0.9655,118.947,2004-11,2014-07,monitor
B000HRFB78,19,4.158,3,1.0,52.947,2008-03,2014-06,monitor
B000066TPN,19,4.105,260,0.9192,269.789,2002-08,2006-08,monitor
B00009VQA2,19,4.105,70,0.8,132.368,2006-05,2014-06,monitor
B0000C4GEE,19,4.105,33,0.697,43.737,2009-02,2014-03,monitor
B00016BYHQ,19,4.105,77,0.9221,90.789,2005-06,2014-02,monitor
B000ECQ59O,19,4.105,88,0.8409,140.211,2006-09,2012-07,monitor
B000J5M69Y,19,4.105,92,0.8043,84.474,2007-04,2013-11,monitor
B000JSSY74,19,4.105,123,0.9024,183.526,2007-05,2012-03,monitor
B0006B5V6G,19,4.053,388,0.701,258.947,2004-09,2013-10,monitor
B000CQVX5I,19,4.053,23,0.8696,138.632,2006-07,2013-11,monitor
B000IMYIBM,19,4.053,172,0.9477,114.158,2006-12,2013-02,monitor
B0007QCO6A,19,4.0,169,0.6982,131.895,2006-12,2014-05,monitor
B0009EXVFI,19,4.0,56,0.9107,76.263,2008-10,2014-01,monitor
B000EIZJF4,19,4.0,198,0.8131,275.789,2006-05,2011-04,monitor
B000051SD1,19,3.947,48,0.8125,105.421,2004-02,2014-03,monitor
B00008Z1PS,19,3.947,5,1.0,72.421,2010-09,2014-04,monitor
B0001EZN52,19,3.947,349,0.9341,253.895,2004-07,2006-12,monitor
B0006GD9CE,19,3.947,458,0.8057,118.579,2005-01,2014-03,monitor
B0009N544A,19,3.947,22,0.5455,76.368,2006-08,2013-02,monitor
B000BSHI4C,19,3.947,21,0.9048,44.947,2008-06,2014-03,monitor
B00013BNLQ,19,3.895,50,0.68,110.789,2007-05,2014-03,monitor
B00029X21S,19,3.842,41,0.6829,54.895,2007-12,2013-05,monitor
B0002GRLL8,19,3.842,24,0.875,50.526,2009-02,2014-05,monitor
B000AY649C,19,3.842,119,0.7563,202.684,2006-01,2009-12,monitor
B000IMRTFO,19,3.789,223,0.861,106,2009-12,2014-06,monitor
B0007T27D2,19,3.737,71,0.8873,154.474,2005-07,2014-04,monitor
B00080FPRU,19,3.737,340,0.5912,118.737,2005-06,2009-02,monitor
B0009PKU9C,19,3.737,156,0.9487,155.684,2005-07,2009-03,monitor
B00008XKYO,19,3.684,83,0.9277,103.263,2006-01,2014-01,monitor
B00009R6WG,19,3.684,172,0.9477,98.421,2007-04,2013-01,monitor
B000ITLFXO,19,3.684,39,0.8205,81.684,2007-11,2014-07,monitor
B00006LK1O,19,3.632,309,0.8317,282.579,2002-12,2011-08,monitor
B00009W3DV,19,3.632,24,0.75,45.053,2009-02,2014-03,monitor
B00066FHHO,19,3.632,102,0.8333,280.789,2005-12,2010-04,monitor
B000CDWNSW,19,3.632,76,0.7895,100.684,2007-07,2013-03,monitor
B000EU0UVA,19,3.632,196,0.7245,165.579,2006-04,2014-07,monitor
B000IN72KK,19,3.632,68,0.8529,146,2006-11,2014-02,monitor
B000CR1V5O,19,3.579,31,0.8387,114.421,2009-07,2014-04,monitor
B000DZS0G8,19,3.579,432,0.5069,115.053,2006-11,2013-09,monitor
B00083KUVS,19,3.526,174,0.8391,96.474,2007-01,2014-04,monitor
B000G35RYK,19,3.526,30,0.6,125.316,2007-02,2013-08,monitor
B000IELOY4,19,3.526,382,0.8953,375.158,2006-10,2013-05,monitor
B00009M6TG,19,3.474,57,0.7544,74.842,2005-03,2014-05,monitor
B000ALLMII,19,3.474,79,0.8481,82.789,2007-08,2014-04,monitor
B0001BXV9U,19,3.368,206,0.8301,233.579,2004-04,2013-06,monitor
B00064X4QM,19,3.368,241,0.6763,211.053,2004-12,2013-09,monitor
B0006IBOEM,19,3.368,122,0.877,66.842,2008-01,2013-09,monitor
B0008G1RSU,19,3.368,267,0.7828,269.263,2005-06,2006-09,monitor
B0001HMFIC,19,3.316,53,0.7925,110.842,2007-01,2013-11,monitor
B000E3TTIM,19,3.316,96,0.9167,68.842,2007-05,2014-06,monitor
B0000AOWVC,19,3.211,27,0.8519,81.105,2004-03,2013-01,monitor
B000FA76JS,19,3.158,112,0.9107,146,2007-01,2013-05,monitor
B00009KXA3,19,3.053,269,0.7175,213.526,2003-09,2013-03,monitor
B000G36GOK,19,3.053,14,0.5,155.789,2007-04,2013-06,monitor
B00006JPF8,19,2.737,97,0.8969,192.789,2005-03,2014-02,monitor
B00009YW8B,19,2.632,73,0.8082,147,2004-01,2012-10,monitor
B000HVHDJ8,18,5.0,23,1.0,67.889,2009-11,2014-06,monitor
B00000J1V7,18,4.944,5,1.0,48.889,2008-01,2014-03,monitor
B00004TDLD,18,4.944,177,0.9209,106.167,2010-08,2014-03,monitor
B000067RRX,18,4.944,4,0.75,50.278,2011-03,2014-06,monitor
B00007E8D1,18,4.889,305,0.9934,167,2004-12,2010-08,monitor
B0006DPNNK,18,4.889,97,0.8969,74.611,2006-03,2014-04,monitor
B000BSN274,18,4.889,8,0.875,45.944,2010-04,2014-06,monitor
B0000511A8,18,4.833,1,1.0,50.389,2008-09,2014-06,monitor
B00005LEOK,18,4.833,226,0.885,225.667,2008-07,2014-01,monitor
B0004FQRLC,18,4.833,37,0.8378,57.611,2009-01,2014-06,monitor
B000C0QGB0,18,4.833,317,0.9401,237,2006-08,2014-06,monitor
B00006I52Z,18,4.778,224,0.9152,149.111,2005-09,2013-01,monitor
B00009XVBU,18,4.778,779,0.8601,204.222,2005-07,2013-11,monitor
B0000EI9VU,18,4.778,37,1.0,59.722,2005-10,2014-06,monitor
B00029IYUM,18,4.778,19,1.0,51.833,2010-01,2014-07,monitor
B0002MPNLC,18,4.778,111,0.5495,116.944,2008-06,2014-02,monitor
B000CNI016,18,4.778,142,0.8873,155.556,2006-11,2014-04,monitor
B000G1ENQA,18,4.778,12,0.9167,72.889,2011-05,2014-05,monitor
B00005219A,18,4.722,118,0.9661,172,2000-12,2011-03,monitor
B0006NAB9G,18,4.722,106,0.8113,160.722,2006-05,2014-05,monitor
B000GZUN9W,18,4.722,362,0.9807,291.889,2006-09,2012-01,monitor
B00009WBYJ,18,4.667,51,0.8039,95.889,2006-05,2014-07,monitor
B0000BZL8X,18,4.667,146,0.7603,115.389,2007-11,2013-07,monitor
B0000CDZ82,18,4.667,35,1.0,68.833,2006-11,2013-12,monitor
B00028DAKW,18,4.667,58,0.9483,59.5,2007-02,2013-04,monitor
B0006HU49E,18,4.667,246,0.8211,257.333,2005-05,2007-07,monitor
B0007W1E4W,18,4.667,71,0.9437,175.167,2006-06,2013-12,monitor
B00097CUIE,18,4.667,50,0.72,59.722,2009-01,2014-05,monitor
B000BG0UF8,18,4.667,75,0.9333,138.722,2006-07,2013-02,monitor
B000I29DQC,18,4.667,40,0.825,45.056,2006-10,2014-06,monitor
B00004TDN0,18,4.611,183,0.918,187.722,2000-05,2002-01,monitor
B000068CNU,18,4.611,171,0.8655,102.167,2004-06,2011-02,monitor
B0000BVDG8,18,4.611,62,0.5161,86.944,2005-06,2014-07,monitor
B0002J2MTQ,18,4.611,10,0.7,57.556,2009-04,2014-02,monitor
B0009JGJF2,18,4.611,2,1.0,48.667,2011-03,2014-07,monitor
B000AROO1Y,18,4.611,7,0.7143,33.389,2006-06,2014-06,monitor
B000CS1JRS,18,4.611,235,0.8681,266.889,2006-01,2008-12,monitor
B000H9054A,18,4.611,200,0.925,180.111,2006-11,2014-07,monitor
B000J3ZGXY,18,4.611,327,0.9419,277.389,2007-05,2014-06,monitor
B00006HQV5,18,4.556,15,0.5333,53.111,2011-09,2014-07,monitor
B00008IOX9,18,4.556,50,0.96,90.778,2005-08,2014-05,monitor
B00009WO6D,18,4.556,13,0.7692,71.333,2009-09,2014-05,monitor
B0000BZM56,18,4.556,56,1.0,46.944,2007-03,2014-03,monitor
B000165AOY,18,4.556,59,0.9492,112.722,2005-10,2013-11,monitor
B0001DKLHS,18,4.556,372,0.9113,351.833,2004-03,2013-04,monitor
B000CSH44K,18,4.556,13,0.9231,98.056,2006-03,2013-06,monitor
B000HGKF34,18,4.556,80,0.9875,58.111,2006-12,2011-07,monitor
B000HI5LZY,18,4.556,54,0.7963,58,2009-08,2013-08,monitor
B000068CNM,18,4.5,38,0.6842,68.611,2006-01,2014-05,monitor
B00009MJK7,18,4.5,107,0.9159,94.722,2006-03,2013-04,monitor
B00009UU26,18,4.5,49,0.8571,120.833,2006-05,2014-04,monitor
B000117DF8,18,4.5,136,0.8603,187.944,2004-11,2012-05,monitor
B0001CXRXY,18,4.5,94,0.8511,104.778,2005-12,2014-04,monitor
B0007PO3EM,18,4.5,16,0.875,79.167,2008-01,2014-07,monitor
B000EVT0XS,18,4.5,35,0.9429,87.5,2006-12,2010-07,monitor
B00005LE74,18,4.444,231,0.7835,129.333,2008-11,2014-01,monitor
B00008OE46,18,4.444,163,0.8957,236.556,2003-05,2013-05,monitor
B00009QORL,18,4.444,343,0.93,115.444,2006-06,2014-07,monitor
B00009UTCA,18,4.444,53,0.9245,103.444,2007-11,2014-05,monitor
B0000C8VF9,18,4.444,185,0.8595,281,2003-12,2014-02,monitor
B000281XGK,18,4.444,35,0.5429,77.889,2006-09,2013-07,monitor
B0004HQQSE,18,4.444,293,0.8191,497,2004-11,2014-04,monitor
B0006HU4DK,18,4.444,282,0.805,383.111,2008-02,2013-04,monitor
B000I54FFS,18,4.444,107,0.8505,188.611,2007-02,2010-08,monitor
B000023VUL,18,4.389,186,0.9624,88.778,2000-09,2003-03,monitor
B0000775AA,18,4.389,113,0.646,70.722,2002-12,2013-11,monitor
B00063E98U,18,4.389,36,0.9167,109.333,2005-10,2014-05,monitor
B0006OQY2S,18,4.389,237,0.8903,401.278,2007-02,2014-02,monitor
B0009A1F6Y,18,4.389,50,0.72,77.778,2007-07,2013-06,monitor
B000AKX10G,18,4.389,26,0.9615,77.833,2006-06,2013-01,monitor
B000AUMHVA,18,4.389,22,0.4091,45.778,2007-01,2013-08,monitor
B000BR3OHI,18,4.389,85,0.7882,53,2006-10,2009-01,monitor
B000CNBQAS,18,4.389,61,0.8525,62.722,2007-07,2014-07,monitor
B000GDAY6Q,18,4.389,94,0.8298,57.278,2006-12,2014-06,monitor
B000I6QWP8,18,4.389,44,0.9773,52.056,2007-05,2014-01,monitor
B000JC9BXG,18,4.389,122,0.9836,115.444,2010-12,2013-06,monitor
B00009X3UV,18,4.333,114,0.9298,152.5,2011-06,2014-07,monitor
B0009PCX7O,18,4.333,36,0.8333,105.944,2007-01,2014-06,monitor
B000ELSXZE,18,4.333,193,0.715,159.611,2006-05,2009-04,monitor
B000H87IIC,18,4.333,31,0.9355,96.833,2008-05,2011-07,monitor
B000I62PEU,18,4.333,141,0.7376,125.167,2006-12,2014-04,monitor
B000038AB2,18,4.278,734,0.9714,190,1999-12,2012-11,monitor
B0001A967W,18,4.278,632,0.9098,265.167,2004-02,2005-12,monitor
B00005T3FO,18,4.222,121,0.9174,54.056,2003-06,2009-05,monitor
B00006364D,18,4.222,31,0.8065,59.944,2007-07,2014-01,monitor
B0000DK39Z,18,4.222,228,0.7719,298.389,2003-12,2012-12,monitor
B0009YFS4A,18,4.222,28,0.5357,64.111,2008-06,2013-11,monitor
B000AOYWVE,18,4.222,85,0.6941,122.889,2007-11,2014-04,monitor
B000BKOFLY,18,4.222,19,0.8947,96.111,2010-10,2014-07,monitor
B000EN4CVQ,18,4.222,344,0.8837,212.278,2006-03,2007-01,monitor
B00006HOE3,18,4.167,101,0.9406,56.444,2004-02,2014-01,monitor
B00006JLOT,18,4.167,416,0.8702,210.056,2002-12,2009-01,monitor
B000085BCX,18,4.167,76,0.8421,63.944,2004-06,2010-09,monitor
B00009R88X,18,4.167,59,0.8305,85.833,2007-06,2013-06,monitor
B0002ILKNQ,18,4.167,157,0.7452,121.889,2004-08,2013-06,monitor
B0009VU7TO,18,4.167,7,0.8571,46.556,2008-01,2014-01,monitor
B000FI2Y5Q,18,4.167,113,0.885,128.722,2006-08,2014-03,monitor
B000JEWIV6,18,4.167,83,0.8795,126.5,2007-03,2014-06,monitor
B00001W0DD,18,4.111,96,0.9167,96.722,2000-05,2014-04,monitor
B00006345D,18,4.111,389,0.8535,133.444,2008-05,2014-01,monitor
B00009R6N3,18,4.111,151,0.8146,143.889,2006-06,2013-02,monitor
B0000BZL79,18,4.111,52,0.6923,106.444,2007-11,2014-06,monitor
B00018Q4GA,18,4.111,105,0.6952,200.222,2008-09,2014-06,monitor
B0002K6XQI,18,4.111,69,0.9275,109.611,2005-08,2014-05,monitor
B0007SXGJW,18,4.111,80,0.9625,110.167,2006-01,2013-08,monitor
B0009GWXAK,18,4.111,49,0.551,189.167,2007-02,2014-02,monitor
B000GYW936,18,4.111,65,0.8769,63.111,2007-08,2013-05,monitor
9888002198,18,4.056,100,0.99,121.389,2010-01,2014-04,monitor
B00003CW9Q,18,4.056,50,0.62,70.944,2000-11,2014-05,monitor
B00006B9QD,18,4.056,118,0.8898,105.889,2003-03,2013-11,monitor
B0006OC16G,18,4.056,40,0.8,147.444,2005-05,2014-05,monitor
B0007GIXQU,18,4.056,363,0.9118,321.389,2005-06,2014-04,monitor
B0007RALGO,18,4.056,104,0.9038,148.333,2005-12,2012-08,monitor
B0009PEU3Y,18,4.056,20,0.8,55.278,2007-05,2014-03,monitor
B000CD6B3A,18,4.056,592,0.951,298.778,2006-02,2010-02,monitor
B000FVTPX2,18,4.056,83,0.8554,210.5,2007-11,2014-07,monitor
B000JRPCDO,18,4.056,475,0.9663,275.722,2007-01,2010-04,monitor
B0000DIESW,18,4.0,17,1.0,71.278,2006-11,2014-05,monitor
B0001A99LA,18,4.0,247,0.6761,185.722,2004-03,2013-03,monitor
B000E3ZFSA,18,4.0,168,0.7619,277.778,2006-03,2008-01,monitor
B000EGJTL6,18,4.0,62,0.8548,159.833,2006-05,2011-07,monitor
B000FCI7KS,18,4.0,55,0.8909,123.333,2006-05,2009-05,monitor
B000J0AON4,18,4.0,73,0.7945,46.389,2008-05,2014-07,monitor
B00004Z5VB,18,3.944,56,0.7321,54.333,2002-12,2014-06,monitor
B00005T3N0,18,3.944,75,0.92,55.056,2004-07,2014-06,monitor
B00006HXF4,18,3.944,137,0.8394,98,2003-04,2013-08,monitor
B00006JHZ0,18,3.944,27,0.5926,47.389,2008-10,2014-05,monitor
B000EIW3E4,18,3.944,48,0.8333,163.833,2006-11,2011-12,monitor
B000FF9WF4,18,3.944,41,0.8293,113.722,2006-12,2013-09,monitor
B000117D9O,18,3.889,264,0.7235,109.611,2004-03,2007-11,monitor
B0002YV4FO,18,3.889,74,0.9189,73.111,2007-12,2013-08,monitor
B000FMNBXG,18,3.833,277,0.8484,365.389,2007-06,2013-12,monitor
B000G31SRU,18,3.833,130,0.9154,141.222,2006-12,2014-02,monitor
B000HCMTJG,18,3.833,14,0.5,106.667,2008-01,2014-07,monitor
B000HVHCKS,18,3.833,18,0.8333,75.278,2009-03,2014-04,monitor
B000JJSQ9O,18,3.833,51,0.7451,81.667,2008-06,2014-07,monitor
B0007GGZ06,18,3.778,239,0.9331,84.833,2007-01,2013-02,monitor
B000BFO320,18,3.722,36,0.6944,118.389,2006-01,2014-07,monitor
B000F3Q7HM,18,3.722,31,0.871,46.444,2009-07,2014-03,monitor
B00061S2OO,18,3.667,685,0.892,458.389,2004-11,2011-08,monitor
B0007KQWF0,18,3.667,505,0.9228,293.556,2005-05,2008-12,monitor
B000CQXI6A,18,3.667,105,0.9143,143.5,2005-12,2013-12,monitor
B000ELOQGE,18,3.667,132,0.5909,181.889,2006-08,2011-01,monitor
B0000ALPB9,18,3.611,68,0.8529,112,2003-11,2011-05,monitor
B0001XGQSG,18,3.611,37,0.7297,54.778,2006-09,2013-08,monitor
B0007ZFLYS,18,3.556,60,0.85,65.333,2006-02,2009-01,monitor
B000FNLPAQ,18,3.556,193,0.8394,183.167,2006-12,2013-03,monitor
B000068CS0,18,3.5,98,0.9286,75.556,2002-08,2013-08,monitor
B000FPDKPM,18,3.5,22,0.8636,106.389,2011-02,2014-06,monitor
B00006B7T7,18,3.444,37,0.9189,74.611,2009-01,2014-04,monitor
B00009EFR4,18,3.444,25,0.8,120.778,2004-02,2014-02,monitor
B0002BEUYO,18,3.444,65,0.9385,98.556,2009-07,2014-05,monitor
B000FDL3XU,18,3.444,110,0.8,111.778,2006-07,2014-05,monitor
B000GFK81K,18,3.444,10,0.9,50.222,2012-05,2014-05,monitor
B000IDUP3G,18,3.444,37,0.8919,122.556,2007-11,2014-02,monitor
B000JL8Z4I,18,3.444,284,0.669,100.5,2006-12,2014-03,monitor
B000BSJDZE,18,3.389,95,0.9474,73.667,2010-09,2014-06,monitor
B000I0RORO,18,3.389,115,0.8435,130.722,2007-03,2009-12,monitor
B000IM88EA,18,3.389,187,0.7433,215,2006-09,2008-09,monitor
B000B8AJ2U,18,3.167,159,0.9057,191.556,2005-10,2007-05,monitor
B000F8DBF8,18,3.167,118,0.8729,276.056,2006-10,2014-03,monitor
B00005YXZE,18,3.111,288,0.8646,184.333,2002-05,2008-01,monitor
B00000J1EJ,18,2.833,172,0.9593,119.611,2001-11,2013-06,monitor
B000051SHL,18,2.833,49,0.8163,111.5,2001-06,2004-09,monitor
B000F99FDE,18,2.778,557,0.6661,204.722,2006-06,2009-04,monitor
B000JP1TFG,18,2.778,26,0.9231,126.722,2007-10,2014-01,monitor
B000DZM4TC,18,2.722,253,0.8933,157,2006-03,2014-02,monitor
B0000UI304,18,2.5,90,0.8111,211.167,2004-05,2014-05,monitor
B00026Z9CQ,18,2.333,133,0.9624,56.833,2006-03,2013-03,monitor
B00006BAKJ,18,2.111,76,0.9342,131.944,2002-07,2007-03,monitor
B000067SF5,17,4.941,5,0.6,30.412,2009-05,2014-03,monitor
B00013J86I,17,4.941,36,0.8889,90.471,2009-10,2014-06,monitor
B00080CM30,17,4.941,16,0.9375,89.176,2006-08,2011-10,monitor
B000JLU2A8,17,4.941,45,0.9778,59.765,2007-05,2014-04,monitor
B000AO5OMA,17,4.882,207,0.8889,242.353,2006-09,2008-11,monitor
B00004WCEY,17,4.824,136,0.9559,71.765,2006-07,2014-02,monitor
B0000DCW2V,17,4.824,31,0.9355,69.647,2009-04,2014-05,monitor
B0009HAHD4,17,4.824,14,0.6429,32.353,2007-02,2014-06,monitor
B0009JO2YC,17,4.824,20,0.9,48.412,2007-08,2013-11,monitor
B000GGOKN6,17,4.824,10,0.8,45.941,2008-11,2014-03,monitor
B000HDJXNU,17,4.824,11,1.0,33.706,2011-09,2014-03,monitor
B000JQ372S,17,4.824,4,0.5,47.647,2011-11,2014-02,monitor
9983891204,17,4.765,13,0.9231,38.882,2010-05,2014-03,monitor
B00004YMCA,17,4.765,5,0.8,48,2007-11,2014-06,monitor
B000067RFT,17,4.765,14,0.9286,32.647,2011-10,2014-04,monitor
B0000AE6AE,17,4.765,45,0.9333,91.941,2005-09,2013-10,monitor
B0000AI0NO,17,4.765,20,1.0,41.235,2008-04,2014-04,monitor
B0007LQ286,17,4.765,131,0.9542,112.824,2006-08,2010-03,monitor
B000GEAD8O,17,4.765,44,0.7955,132.294,2009-04,2014-04,monitor
B000I2JI3A,17,4.765,53,0.8491,59.235,2011-11,2014-06,monitor
B00005QI59,17,4.706,147,0.932,207,2001-12,2013-01,monitor
B000067SCY,17,4.706,2,0.5,39.176,2009-01,2013-12,monitor
B000068O5H,17,4.706,22,0.7273,59.588,2011-04,2014-06,monitor
B00009QOU5,17,4.706,24,0.5417,67,2007-02,2014-07,monitor
B00009WC22,17,4.706,22,1.0,117.824,2008-06,2013-12,monitor
B0002KRCTU,17,4.706,6,1.0,59.706,2009-07,2014-07,monitor
B0006HBBF0,17,4.706,27,0.8519,84.059,2008-02,2014-02,monitor
B000CSIUWA,17,4.706,24,0.6667,90.176,2009-09,2014-07,monitor
B000I1IG7U,17,4.706,5,0.4,45.176,2010-03,2014-05,monitor
B00005LELD,17,4.647,57,0.9298,84.471,2008-12,2014-07,monitor
B00006I5TD,17,4.647,112,0.9286,102.294,2004-09,2011-04,monitor
B0000DIFGJ,17,4.647,360,0.9083,225.176,2003-11,2008-01,monitor
B0001MQUO2,17,4.647,16,0.875,33.588,2009-12,2014-06,monitor
B00026KYFS,17,4.647,82,0.9512,106.471,2005-09,2014-07,monitor
B0002BESIM,17,4.647,5,1.0,32.882,2011-02,2014-05,monitor
B0009M069Y,17,4.647,29,0.9655,46.588,2009-10,2014-05,monitor
B000FA07NK,17,4.647,95,0.9684,159.471,2010-01,2014-07,monitor
B000JPCAKY,17,4.647,57,1.0,75.235,2010-01,2014-01,monitor
B000059Y4N,17,4.588,350,0.9771,280.882,2001-03,2011-12,monitor
B000068O0U,17,4.588,5,0.6,57.118,2011-12,2014-07,monitor
B00009XW5J,17,4.588,126,0.9048,126.529,2007-01,2014-05,monitor
B0007NP8SY,17,4.588,32,0.8438,49.647,2006-04,2013-10,monitor
B0007W4IW2,17,4.588,809,0.9345,594.176,2005-05,2013-12,monitor
B0009H62Q0,17,4.588,44,0.9318,181.353,2006-11,2013-12,monitor
B000AXQN12,17,4.588,20,0.9,45.118,2007-03,2014-07,monitor
B000BNLGJA,17,4.588,622,0.8585,539.706,2006-01,2013-03,monitor
B000BTFZZA,17,4.588,113,0.8053,107.176,2006-05,2013-09,monitor
B000DZFUIO,17,4.588,411,0.7981,172.353,2006-03,2013-05,monitor
B000EPFG6Y,17,4.588,25,0.32,62.882,2008-04,2011-12,monitor
B000EPTA0C,17,4.588,11,0.8182,46.941,2010-05,2013-10,monitor
B00001ZT4H,17,4.529,312,0.9904,109.882,2003-07,2012-12,monitor
B00007AKDP,17,4.529,155,0.8194,235.294,2003-01,2013-12,monitor
B00009R89T,17,4.529,79,0.9367,288.176,2007-07,2014-03,monitor
B000167KPQ,17,4.529,82,0.8902,96.706,2004-11,2009-04,monitor
B0002ATWPW,17,4.529,37,0.5405,56.529,2006-01,2014-03,monitor
B00032Q1J4,17,4.529,48,0.5208,43,2008-03,2014-03,monitor
B000BT2PZS,17,4.529,92,0.7717,79.588,2006-03,2013-12,monitor
B000G29FX0,17,4.529,16,0.8125,55.235,2007-09,2013-12,monitor
B00004RDMR,17,4.471,641,0.9641,283.882,2000-07,2008-07,monitor
B00006B8BN,17,4.471,10,0.3,62,2012-02,2014-04,monitor
B00008ZGSO,17,4.471,44,0.9318,79.176,2004-04,2013-12,monitor
B00009R886,17,4.471,56,0.8929,221.294,2009-07,2014-07,monitor
B0002I5RHG,17,4.471,65,0.8769,81.471,2005-12,2011-03,monitor
B0002WYJSU,17,4.471,11,0.7273,48.706,2011-02,2014-04,monitor
B000ES8B4K,17,4.471,19,1.0,54.235,2009-10,2014-07,monitor
B000F2P31E,17,4.471,166,0.9578,310.235,2006-06,2009-09,monitor
B000GDEZLG,17,4.471,107,0.7009,283.471,2006-12,2008-01,monitor
B000I3NUQ0,17,4.471,39,0.9487,106.588,2007-11,2012-07,monitor
B000I5ZC3W,17,4.471,51,0.902,53.824,2006-11,2014-04,monitor
B000JJKX4K,17,4.471,190,0.8684,86.412,2007-03,2013-08,monitor
B00004WLJ5,17,4.412,8,1.0,35.412,2012-08,2014-07,monitor
B00009R9EQ,17,4.412,218,0.7523,93.294,2007-02,2014-01,monitor
B0000AI1HN,17,4.412,38,0.7895,50.588,2009-06,2014-05,monitor
B0000C20T5,17,4.412,48,0.8542,170.941,2003-12,2010-03,monitor
B0001LTT64,17,4.412,103,0.9126,61.176,2005-11,2013-11,monitor
B00061J2BQ,17,4.412,94,0.4787,94.176,2007-03,2014-05,monitor
B00094F6CO,17,4.412,343,0.9534,141.824,2005-06,2006-12,monitor
B000ESLD2M,17,4.412,96,0.9375,116.529,2007-02,2009-02,monitor
B00008ZPNR,17,4.353,262,0.9237,93.353,2003-08,2013-07,monitor
B000219896,17,4.353,88,0.8977,91.882,2004-04,2014-07,monitor
B000EA8U12,17,4.353,65,0.8154,213.765,2006-08,2008-07,monitor
B000068PE8,17,4.294,161,0.8447,111.882,2002-12,2004-12,monitor
B00006B9HO,17,4.294,56,0.6964,84.176,2002-11,2014-01,monitor
B00006RVNW,17,4.294,100,0.68,166.882,2005-02,2013-10,monitor
B00009UU27,17,4.294,32,0.875,147.412,2008-12,2014-07,monitor
B0000AERK6,17,4.294,94,0.6596,229.941,2007-06,2014-02,monitor
B00015GYTU,17,4.294,25,0.76,83.706,2005-05,2010-09,monitor
B0001DA0CO,17,4.294,620,0.9435,260.706,2004-06,2012-11,monitor
B0002BEQWK,17,4.294,13,1.0,40.294,2011-09,2014-04,monitor
B000HJ9X0M,17,4.294,168,0.9167,126.529,2007-02,2014-05,monitor
B000065Q6B,17,4.235,51,0.9608,98.765,2008-06,2014-01,monitor
B0000AOWVN,17,4.235,78,0.9231,109.706,2005-04,2010-03,monitor
B0002BEY04,17,4.235,11,1.0,46.059,2010-08,2014-07,monitor
B0002YUMY8,17,4.235,17,0.7647,84.882,2010-02,2014-07,monitor
B000CDFYNS,17,4.235,32,0.9062,120.882,2007-11,2014-07,monitor
B000EALPT6,17,4.235,19,0.8421,67.647,2007-06,2014-06,monitor
B000FIQBNW,17,4.235,22,0.6364,212.706,2012-01,2014-02,monitor
B000HGGA24,17,4.235,75,0.9333,110.294,2007-08,2011-02,monitor
B00005MA9X,17,4.176,325,0.8954,235,2001-07,2010-02,monitor
B0001EMLXE,17,4.176,103,0.7961,267.412,2004-04,2008-02,monitor
B0006PKY5A,17,4.176,14,0.7857,63.765,2008-06,2014-06,monitor
B000BKBYY0,17,4.176,290,0.7241,153.765,2006-03,2012-05,monitor
B000BKI6NM,17,4.176,73,0.6575,127.294,2005-11,2008-02,monitor
B000DZFSFY,17,4.176,215,0.8419,199.471,2006-06,2013-11,monitor
B000EXPVRK,17,4.176,100,0.91,74.706,2007-01,2013-12,monitor
B000FPXOJO,17,4.176,55,0.8182,163.941,2009-08,2014-07,monitor
B000H0K8VY,17,4.176,125,0.928,165.824,2008-08,2014-04,monitor
B0000504DH,17,4.118,71,0.8873,136.647,2001-02,2013-12,monitor
B00006IJX7,17,4.118,76,0.8947,114,2002-11,2013-11,monitor
B00008OE43,17,4.118,300,0.9433,157.882,2003-04,2013-09,monitor
B0007OV46S,17,4.118,544,0.8824,266.941,2005-06,2014-03,monitor
B000CRQI4I,17,4.118,38,0.8684,89.294,2007-10,2013-06,monitor
B000FGEC94,17,4.118,226,0.8673,318.294,2006-07,2013-05,monitor
B000H6I7EI,17,4.118,301,0.7276,437.941,2006-10,2010-03,monitor
B0000228GG,17,4.059,468,0.9274,325,2000-03,2011-05,monitor
B00005RKSS,17,4.059,119,0.6134,216.235,2007-07,2013-11,monitor
B00005Y6OR,17,4.059,7,0.5714,67.471,2010-10,2014-05,monitor
B000JIOHDE,17,4.059,38,0.8158,78.471,2008-03,2014-06,monitor
B00004Z7CQ,17,4.0,34,0.8529,70.118,2007-02,2013-12,monitor
B00004ZC9Y,17,4.0,97,0.567,53.412,2004-05,2014-07,monitor
B00005V8S8,17,4.0,96,0.9167,88.471,2008-06,2014-03,monitor
B000069JWX,17,4.0,720,0.9028,241.882,2003-03,2009-04,monitor
B00063E26Y,17,4.0,26,0.7308,84.706,2005-12,2014-07,monitor
B00092D5E2,17,4.0,24,0.7917,68.765,2006-06,2009-05,monitor
B000BJ3BRO,17,4.0,477,0.9329,355.647,2005-12,2009-10,monitor
B000C0OF54,17,4.0,116,0.8448,86.529,2006-07,2014-05,monitor
B000EICPQU,17,4.0,182,0.8462,166.882,2006-06,2009-03,monitor
B000HZEX1K,17,4.0,40,0.8,87.471,2007-02,2013-04,monitor
B000J4GCV8,17,4.0,8,0.75,57.118,2007-03,2014-05,monitor
B00006JQLD,17,3.941,160,0.9,114.412,2004-01,2014-02,monitor
B0002KR7EK,17,3.941,78,0.7179,49.941,2009-07,2014-05,monitor
B0003QER5U,17,3.941,228,0.9649,268.118,2004-12,2010-03,monitor
B000FE7SGA,17,3.941,36,0.8056,96.647,2007-04,2013-12,monitor
B000FHQTNU,17,3.941,22,0.9545,57.882,2009-09,2013-08,monitor
B0000TNZDK,17,3.882,90,0.8111,247.235,2004-01,2013-07,monitor
B0009IIE4W,17,3.882,102,0.9412,82.647,2005-05,2014-01,monitor
B000FS5APW,17,3.882,30,0.6,80.176,2008-05,2013-01,monitor
B000HVHGI6,17,3.882,5,1.0,132.471,2008-10,2014-03,monitor
B000085BD7,17,3.824,189,0.7937,126.412,2003-01,2006-08,monitor
B00008N6VM,17,3.824,181,0.884,277.647,2003-03,2005-10,monitor
B00009R6J7,17,3.824,102,0.7353,62.588,2006-04,2013-02,monitor
B000CSIHW8,17,3.824,39,0.7692,108.824,2006-07,2012-10,monitor
B000IMWI6E,17,3.824,49,0.8163,146.588,2007-02,2013-05,monitor
B00008IP5F,17,3.765,253,0.9289,145.882,2003-02,2010-04,monitor
B0000ZJDXU,17,3.765,172,0.8605,202.706,2006-08,2014-06,monitor
B000B63KQ4,17,3.765,9,1.0,54.118,2007-09,2013-03,monitor
B000I6JZGQ,17,3.765,82,0.7439,73.353,2008-01,2012-11,monitor
B00006B7SK,17,3.706,15,0.8,53.765,2008-06,2014-06,monitor
B0007VTUB2,17,3.706,269,0.9368,180,2005-05,2014-02,monitor
B000BF106C,17,3.706,15,0.8667,66.529,2008-02,2014-03,monitor
B000CRWRZ2,17,3.706,48,0.8958,77.059,2007-01,2014-07,monitor
B0000630TO,17,3.647,407,0.8624,101.882,2002-03,2013-11,monitor
B0000ZI1FG,17,3.647,92,0.75,142.706,2004-05,2013-10,monitor
B000BBAKSA,17,3.647,324,0.9537,166.118,2005-09,2014-06,monitor
B0001PFQ7G,17,3.529,38,0.8947,136.765,2004-06,2013-02,monitor
B00075RAHE,17,3.529,84,0.7024,134.706,2005-12,2013-03,monitor
B000DZH4CO,17,3.529,394,0.8198,206.824,2006-03,2009-02,monitor
B000H91K7Q,17,3.529,239,0.9372,250.118,2006-09,2010-12,monitor
B0002BEY22,17,3.471,16,0.625,64.176,2011-03,2014-01,monitor
B0002UE9WI,17,3.471,259,0.9266,139.353,2005-01,2008-11,monitor
B000FBF400,17,3.471,111,0.955,110.647,2007-05,2012-12,monitor
B000117DGW,17,3.412,89,0.7079,144.529,2004-05,2007-06,monitor
B00023MEL8,17,3.412,191,0.9686,119.941,2005-09,2013-01,monitor
B0000632FZ,17,3.353,144,0.8958,140.294,2002-12,2011-09,monitor
B0006FU7O8,17,3.353,76,0.8289,140.118,2005-11,2013-07,monitor
B000IMYIA8,17,3.353,157,0.8981,189.412,2007-04,2012-12,monitor
B000J40STK,17,3.353,16,0.9375,48.706,2012-05,2014-07,monitor
B000066AX5,17,3.294,161,0.7205,170.706,2002-04,2013-08,monitor
B000J1FABY,17,3.294,54,0.6481,45.412,2007-11,2014-04,monitor
B000050NPX,17,3.176,169,0.8698,236.647,2000-11,2013-11,monitor
B0002UB2Q4,17,3.176,329,0.9422,193.412,2004-10,2006-12,monitor
B0000952XX,17,3.118,28,1.0,56,2007-02,2014-07,monitor
B0000EI9UC,17,3.118,143,0.9161,156.471,2004-01,2012-06,monitor
B000HNJ96Q,17,3.118,53,0.7736,139.471,2006-11,2011-11,monitor
B0007OWNBI,17,3.059,50,0.64,126.765,2005-12,2013-12,monitor
B000EHCUIY,17,3.059,246,0.6748,231.765,2006-08,2010-03,monitor
B000FGGG34,17,3.059,54,0.7037,102.882,2008-01,2013-12,monitor
B00008V3EE,17,3.0,205,0.922,108.118,2003-11,2014-07,monitor
B00067ARYQ,17,3.0,68,0.8971,163.765,2005-02,2009-12,monitor
B0008G1RWG,17,3.0,635,0.9354,311,2005-08,2013-02,monitor
B00005M1UY,17,2.941,111,0.8829,148,2001-10,2005-06,monitor
B0007XFGAE,17,2.941,46,0.913,204.765,2008-10,2014-03,monitor
B0001CJF3A,17,2.824,229,0.917,171.706,2004-06,2011-10,monitor
B000H9J3WA,17,2.765,24,0.5833,147.647,2007-05,2013-08,monitor
B000EHODZ2,17,2.706,182,0.8956,186.588,2006-07,2013-12,monitor
B000FOA9MA,17,2.706,253,0.7233,291.824,2006-10,2012-09,monitor
B00004Z6KW,17,2.647,161,0.8323,78.529,2002-01,2013-09,monitor
B0007N5XPW,17,2.588,196,0.8469,283.471,2007-03,2014-02,monitor
B0000AKA8T,17,2.471,42,0.9286,107.353,2006-01,2013-05,monitor
B00005T3A9,17,2.412,118,0.8136,101.471,2002-03,2009-06,monitor
B000JEUNZY,17,2.294,71,0.8873,82,2007-04,2013-09,monitor
B0000C20XI,17,2.176,122,0.7131,103.235,2004-08,2014-03,monitor
B000BI95W0,17,2.118,19,0.7368,57.353,2007-04,2014-02,monitor
B0003404RW,17,1.941,121,0.843,219.765,2004-10,2009-04,monitor
B0001MQURE,17,1.412,202,0.9158,107.294,2004-08,2013-01,monitor
B00005119M,16,5.0,15,0.9333,67.25,2009-09,2014-07,monitor
B000067SCH,16,5.0,5,0.6,29.25,2008-02,2014-05,monitor
B000BQU1F2,16,4.938,32,0.9375,102.688,2011-08,2014-05,monitor
B000HKLIVI,16,4.938,278,0.8993,317.812,2006-11,2010-04,monitor
B000067RG5,16,4.875,14,0.9286,46.938,2007-08,2014-03,monitor
B0000E1VRL,16,4.875,38,1.0,61.375,2008-09,2014-06,monitor
B00016566G,16,4.875,17,1.0,48.812,2009-10,2014-03,monitor
B0002J2EPI,16,4.875,14,1.0,42.938,2011-03,2013-11,monitor
B0006MOTRW,16,4.875,27,0.963,131.75,2008-03,2012-01,monitor
B000FL60AI,16,4.875,1,1.0,36.625,2010-01,2014-03,monitor
B000GKQL70,16,4.875,62,0.8226,51.438,2007-02,2009-02,monitor
B000JP37JC,16,4.875,18,0.9444,49.062,2008-06,2014-01,monitor
B00009XVKW,16,4.812,21,0.8571,82.5,2008-08,2014-06,monitor
B0006BCCAE,16,4.812,40,0.925,43.688,2012-09,2014-06,monitor
B000G7WYZG,16,4.812,21,0.8571,112.688,2008-09,2014-05,monitor
B000GBERAM,16,4.812,30,0.6,86.625,2008-04,2014-01,monitor
B00000J4DV,16,4.75,15,0.6667,60,2007-08,2014-07,monitor
B00004R8VE,16,4.75,478,0.9728,213.312,2000-05,2013-12,monitor
B00004RC2I,16,4.75,169,0.9822,165.5,2000-03,2014-01,monitor
B00005LEOD,16,4.75,132,0.9167,124,2007-06,2013-12,monitor
B0000634T6,16,4.75,52,0.9423,88.562,2005-07,2014-02,monitor
B00009R96B,16,4.75,30,0.8667,57.312,2009-12,2013-10,monitor
B00009UU2F,16,4.75,20,1.0,68.375,2007-09,2013-12,monitor
B00009V3CG,16,4.75,99,0.596,65.938,2010-01,2013-12,monitor
B0000AI1HP,16,4.75,90,0.9667,70.875,2006-02,2014-06,monitor
B0000AZK3Z,16,4.75,9,0.8889,35.5,2012-03,2014-06,monitor
B0002JTD2A,16,4.75,52,0.9423,86.438,2010-07,2014-05,monitor
B0002K6Y1C,16,4.75,148,0.9459,122.938,2004-12,2009-03,monitor
B00063KO5C,16,4.75,98,0.9184,125.625,2006-04,2013-09,monitor
B00065TGTA,16,4.75,12,0.8333,64.188,2008-08,2014-05,monitor
B0006MD1Q2,16,4.75,7,1.0,72.875,2005-10,2013-12,monitor
B000B753CC,16,4.75,35,1.0,96.812,2009-09,2013-07,monitor
B00004WCI7,16,4.688,174,0.8621,197.938,2007-06,2014-07,monitor
B0000645C8,16,4.688,214,0.9813,319.625,2002-04,2004-07,monitor
B00009MF83,16,4.688,67,1.0,97.625,2006-06,2013-11,monitor
B00009XVDB,16,4.688,179,0.933,63,2006-02,2014-03,monitor
B0002RSPFS,16,4.688,31,0.8065,90.125,2007-01,2014-03,monitor
B000ARD9PG,16,4.688,36,0.9167,143.312,2006-08,2010-05,monitor
B000FBYS2U,16,4.688,59,0.9322,37,2010-12,2014-05,monitor
B000FIS7KC,16,4.688,68,0.6029,60.25,2008-10,2013-09,monitor
B00006I5O4,16,4.625,122,0.8443,143.812,2005-01,2007-05,monitor
B0001YH7JW,16,4.625,184,0.8859,343.625,2010-06,2012-12,monitor
B0002JTD2K,16,4.625,47,0.7234,53.75,2009-06,2013-12,monitor
B00069QMPC,16,4.625,24,0.8333,73.188,2010-11,2014-07,monitor
B000BS24V4,16,4.625,34,0.8235,86.125,2008-03,2014-06,monitor
B000EPNB52,16,4.625,130,0.5,145.125,2006-09,2014-04,monitor
B000ERAOL4,16,4.625,22,1.0,54.438,2010-08,2014-04,monitor
B000JFJDAE,16,4.625,187,0.9465,452.688,2007-03,2010-12,monitor
B000068O53,16,4.562,4,1.0,36.875,2011-01,2014-07,monitor
B0000AI1FZ,16,4.562,67,0.8657,90.75,2006-11,2014-07,monitor
B0000E2XEB,16,4.562,62,0.8226,123.188,2004-06,2014-01,monitor
B000234W04,16,4.562,15,0.8,69.375,2011-01,2014-05,monitor
B00032Q30Q,16,4.562,39,0.9487,73.562,2011-02,2014-02,monitor
B00062WV86,16,4.562,112,0.7321,69.062,2005-08,2009-03,monitor
B0009HN57O,16,4.562,47,0.8936,43.875,2007-01,2010-03,monitor
B0009I6K7K,16,4.562,197,0.9645,153.5,2005-07,2011-07,monitor
B0009JR3SE,16,4.562,23,0.913,93.312,2007-10,2014-03,monitor
B000BQYM0W,16,4.562,3,0.6667,70.5,2011-05,2014-06,monitor
B000BSJGL0,16,4.562,6,0.3333,40.875,2010-12,2014-05,monitor
B00004X10C,16,4.5,58,0.9655,183.25,2003-10,2014-02,monitor
B00006B8CH,16,4.5,15,0.9333,55.312,2005-08,2014-01,monitor
B00009QOTA,16,4.5,7,0.7143,82.875,2011-12,2014-07,monitor
B00009R7BI,16,4.5,47,0.383,57.438,2007-03,2014-02,monitor
B00009UTZJ,16,4.5,28,0.9643,55.375,2008-06,2014-06,monitor
B00009W3U5,16,4.5,27,0.7037,42.25,2007-01,2013-02,monitor
B00009ZHS7,16,4.5,129,0.8915,109.25,2004-10,2009-09,monitor
B000A36XZS,16,4.5,62,0.9194,106.625,2006-10,2014-07,monitor
B000GAYXV6,16,4.5,4,0.75,47.625,2011-07,2014-01,monitor
B000HQH2Y4,16,4.5,11,0.8182,43.875,2013-01,2014-06,monitor
B00004Z6HJ,16,4.438,58,0.6379,63.312,2002-12,2014-06,monitor
B00005T3Z7,16,4.438,40,0.675,47.5,2010-02,2014-05,monitor
B000068O48,16,4.438,7,0.8571,43.5,2011-08,2014-06,monitor
B000069E2V,16,4.438,173,0.4971,143.75,2006-02,2013-06,monitor
B00009R8AI,16,4.438,132,0.9697,200.062,2006-01,2013-11,monitor
B0001IVB1S,16,4.438,16,0.75,114.375,2005-07,2012-09,monitor
B0002HLY8S,16,4.438,45,0.9333,130.938,2008-05,2014-06,monitor
B0007MWE14,16,4.438,13,0.6923,39.5,2011-02,2014-07,monitor
B00091R6KC,16,4.438,97,0.8763,189.688,2005-08,2013-10,monitor
B000BNNGUC,16,4.438,421,0.6698,330.5,2006-01,2007-01,monitor
B000BP8XTO,16,4.438,12,0.6667,69.312,2009-02,2013-09,monitor
B000CINFQ6,16,4.438,46,0.8043,110.688,2009-01,2014-04,monitor
B000EPHS6A,16,4.438,298,0.8523,213,2006-06,2007-05,monitor
B000IMC16G,16,4.438,16,0.8125,92.5,2007-10,2013-07,monitor
B000IOM3TO,16,4.438,94,0.8191,89.688,2007-05,2011-06,monitor
B00005T3EZ,16,4.375,7,1.0,58.438,2013-03,2014-05,monitor
B00006HXMQ,16,4.375,42,0.9286,50.375,2005-03,2013-12,monitor
B0000APONO,16,4.375,272,0.9191,208.75,2003-10,2013-07,monitor
B0000DYTDJ,16,4.375,585,0.9658,203.25,2004-06,2007-06,monitor
B000165C10,16,4.375,17,1.0,41.25,2007-06,2014-07,monitor
B0001M3982,16,4.375,138,0.7029,105.375,2007-04,2010-11,monitor
B00020BJA8,16,4.375,18,0.8889,89.125,2009-07,2014-07,monitor
B0002BEQKM,16,4.375,11,0.5455,46.75,2011-05,2014-05,monitor
B0007UQNNQ,16,4.375,353,0.9292,336.875,2007-09,2014-04,monitor
B000BRQU0Q,16,4.375,58,0.8276,61.062,2008-09,2014-07,monitor
B000BY9F4W,16,4.375,75,0.9067,230.25,2007-01,2012-07,monitor
B000EHSN9Y,16,4.375,13,1.0,39.438,2011-08,2014-07,monitor
B000GXBBL8,16,4.375,271,0.8155,320.062,2006-10,2008-01,monitor
B000IZC19A,16,4.375,63,0.873,110.375,2006-11,2012-12,monitor
B00006RVNS,16,4.312,45,0.8222,103,2007-11,2013-03,monitor
B00008O35T,16,4.312,319,0.8558,314.25,2003-07,2011-02,monitor
B00012OJ22,16,4.312,80,0.7,41.062,2004-11,2013-07,monitor
B0001AOGAE,16,4.312,179,0.9162,138.375,2008-07,2013-03,monitor
B0002LCV4U,16,4.312,141,0.9291,105.75,2005-09,2011-12,monitor
B0006HU2ZU,16,4.312,524,0.6775,303.312,2005-01,2006-02,monitor
B0007TC9M6,16,4.312,23,0.5652,68.688,2009-11,2014-03,monitor
B0007ZL6DS,16,4.312,11,0.9091,93.5,2009-06,2014-03,monitor
B0009T8JPA,16,4.312,49,0.7143,58.062,2006-08,2013-09,monitor
B000FEKENO,16,4.312,86,0.8605,99.25,2009-12,2013-12,monitor
B00004RC2E,16,4.25,330,0.9,251.125,2000-05,2004-05,monitor
B00005NOHQ,16,4.25,62,0.8226,87.125,2001-11,2014-05,monitor
B00005NVPW,16,4.25,444,0.9392,191.188,2001-09,2003-03,monitor
B00006DY6M,16,4.25,162,0.7284,109.625,2002-12,2013-07,monitor
B00006F2MW,16,4.25,364,0.978,204,2002-11,2012-09,monitor
B00078E31W,16,4.25,15,0.8,46,2013-04,2014-05,monitor
B000ANCZ28,16,4.25,45,0.7556,55.188,2008-03,2013-12,monitor
B000BNJWQE,16,4.25,34,0.9706,50.375,2007-01,2014-04,monitor
B000E8HUNS,16,4.25,3,1.0,43.688,2007-05,2014-06,monitor
B000IS1ZYO,16,4.25,22,0.6818,139.938,2007-08,2011-06,monitor
B00000JD4V,16,4.188,341,0.9326,166.125,1999-12,2013-09,monitor
B00004Z6Q6,16,4.188,104,0.875,144.312,2001-07,2014-06,monitor
B0000512LA,16,4.188,41,0.7805,80.688,2008-11,2014-06,monitor
B00005JAD8,16,4.188,147,0.8912,74.062,2004-03,2013-03,monitor
B00008AYBF,16,4.188,162,0.9506,137.75,2004-02,2013-06,monitor
B00009W3U4,16,4.188,44,0.9545,67.75,2008-05,2012-04,monitor
B0000D89CX,16,4.188,97,0.4742,63.25,2006-05,2013-03,monitor
B00016L0VQ,16,4.188,332,0.759,97.312,2004-11,2008-09,monitor
B00018RT1E,16,4.188,31,0.9677,81,2005-11,2014-02,monitor
B0001A99LK,16,4.188,241,0.834,303.188,2004-02,2009-12,monitor
B0002AHQL4,16,4.188,322,0.9161,201.938,2004-09,2007-08,monitor
B00032CIJQ,16,4.188,66,0.7727,105.188,2009-04,2014-05,monitor
B00068NULW,16,4.188,27,0.7778,50.438,2009-09,2014-04,monitor
B0006HW668,16,4.188,15,0.6667,47.812,2007-09,2014-07,monitor
B0007U6IFY,16,4.188,198,0.8788,83.875,2005-06,2007-07,monitor
B000BONMMI,16,4.188,29,0.8276,129.438,2008-03,2014-03,monitor
B000C12GH2,16,4.188,39,0.641,128.875,2007-05,2014-04,monitor
B000C1MY1A,16,4.188,70,0.9429,90.562,2011-11,2014-06,monitor
B00004R8V6,16,4.125,259,0.9421,266.812,2000-04,2003-07,monitor
B00009W3U9,16,4.125,15,0.8,72.188,2008-03,2013-06,monitor
B000BMQPCE,16,4.125,33,0.8485,97.25,2008-02,2014-06,monitor
B000CBG0XI,16,4.125,103,0.9417,100.062,2007-02,2013-02,monitor
B000E1B29I,16,4.125,400,0.855,221.375,2006-05,2008-01,monitor
B000GIPHNQ,16,4.125,83,0.8916,144.875,2006-08,2012-04,monitor
B000J421ZY,16,4.125,49,0.8571,41.062,2007-01,2013-09,monitor
B00004Z5UM,16,4.062,17,0.8824,43.688,2008-11,2014-05,monitor
B00005LD4W,16,4.062,103,0.9126,75.125,2006-03,2013-12,monitor
B000068BRB,16,4.062,561,0.943,263.5,2002-06,2005-01,monitor
B0000TW3N8,16,4.062,19,0.7895,77.875,2007-01,2014-07,monitor
B0001FV37S,16,4.062,314,0.7611,139.562,2004-05,2013-09,monitor
B0001M47F6,16,4.062,63,0.9206,65.562,2005-06,2010-11,monitor
B0009X1U3O,16,4.062,68,0.7794,75.25,2007-05,2013-03,monitor
B000A6V7MY,16,4.062,31,0.7419,48.938,2007-06,2012-10,monitor
B000BSLT38,16,4.062,24,0.2917,28.875,2009-04,2014-06,monitor
B000DZG66O,16,4.062,1,1.0,50.125,2009-09,2014-02,monitor
B000F3DYUU,16,4.062,118,0.839,300.25,2006-06,2011-04,monitor
B000FFSDCC,16,4.062,274,0.9708,192.312,2007-04,2011-09,monitor
B000HQ071O,16,4.062,69,0.8116,71.062,2007-08,2009-06,monitor
B000I30HOS,16,4.062,49,0.7347,139,2007-04,2013-07,monitor
B00005LE71,16,4.0,346,0.7832,147.125,2009-01,2014-02,monitor
B00005V52C,16,4.0,22,0.5,58,2002-10,2014-04,monitor
B00006HSBC,16,4.0,70,0.8286,50.062,2007-01,2014-03,monitor
B00006L7RT,16,4.0,136,0.5882,129.125,2004-07,2014-02,monitor
B00009W3BW,16,4.0,19,0.7368,112.5,2010-12,2014-06,monitor
B0002MSTW2,16,4.0,375,0.8373,107.062,2004-10,2013-01,monitor
B000ELQTZA,16,4.0,46,0.8696,171,2006-10,2014-02,monitor
B000ETFY3K,16,4.0,14,0.5714,114.75,2009-10,2013-03,monitor
B000EW1LLG,16,4.0,21,0.9048,97.062,2008-06,2014-06,monitor
B00008X5DF,16,3.938,39,0.9231,72.375,2005-07,2013-07,monitor
B0001WV08S,16,3.938,207,0.9517,96.875,2006-01,2011-12,monitor
B000203PBY,16,3.938,150,0.7,139.625,2004-05,2013-08,monitor
B00024BK2G,16,3.938,80,0.925,96.062,2007-10,2013-05,monitor
B0002SAF3M,16,3.938,105,0.8095,151.812,2004-12,2007-11,monitor
B0007GIXR4,16,3.938,356,0.8848,340.188,2005-12,2011-10,monitor
B000H859RE,16,3.938,113,0.9646,120.438,2007-01,2011-06,monitor
B000I3C6CE,16,3.938,135,0.9259,127,2007-02,2014-04,monitor
B000A8JYB8,16,3.875,270,0.9111,300.375,2005-11,2011-07,monitor
B000F7HBGY,16,3.875,22,0.8636,67.75,2008-12,2013-06,monitor
B00005N6KF,16,3.812,108,0.8519,160.938,2001-11,2014-03,monitor
B00066D1GI,16,3.812,104,0.9327,222.438,2005-10,2014-06,monitor
B0009E3UUY,16,3.812,142,0.8099,117.75,2006-02,2009-08,monitor
B0000635UX,16,3.75,210,0.9095,238.75,2002-07,2010-01,monitor
B00006I53T,16,3.75,255,0.8,201.312,2005-04,2013-02,monitor
B00007GQLT,16,3.75,359,0.8524,193.312,2006-08,2013-08,monitor
B000087KY8,16,3.75,215,0.8233,200.438,2003-04,2009-04,monitor
B00009W5FF,16,3.75,400,0.865,246.062,2003-06,2013-12,monitor
B0009BB644,16,3.75,81,0.6296,124.812,2005-07,2009-09,monitor
B00000JCTO,16,3.688,66,0.9242,61.375,2001-02,2014-06,monitor
B000068IDS,16,3.688,34,0.9412,61.875,2010-01,2014-04,monitor
B0006MVJUW,16,3.688,30,0.6333,128.438,2005-08,2013-09,monitor
B0007WKB14,16,3.688,286,0.8776,310.5,2005-03,2008-08,monitor
B000BY42TA,16,3.688,162,0.9136,80.875,2007-12,2014-07,monitor
B000E95SQS,16,3.688,220,0.8727,155.438,2006-03,2008-11,monitor
B000EUJ1Q0,16,3.688,125,0.928,135.188,2006-05,2009-08,monitor
B000IZAN4K,16,3.688,94,0.766,113.812,2007-03,2014-01,monitor
B000JC3NOY,16,3.688,152,0.9934,146.688,2007-07,2014-04,monitor
B00006LHO7,16,3.625,344,0.7587,242.562,2002-10,2004-02,monitor
B00008JOMD,16,3.625,5,1.0,47.562,2006-12,2014-05,monitor
B00022KOWU,16,3.625,49,0.9184,104.125,2008-12,2014-06,monitor
B0002Y5WXY,16,3.625,146,0.5068,125.812,2004-11,2010-03,monitor
B0006LSINO,16,3.625,10,0.9,69.938,2007-01,2011-06,monitor
B0007TJDFW,16,3.625,12,0.8333,51.812,2010-02,2014-03,monitor
B000BS2V80,16,3.625,19,0.5789,96.438,2006-04,2013-11,monitor
B000E7UN5G,16,3.625,28,0.8571,96,2006-12,2013-04,monitor
B00006B780,16,3.562,56,0.875,105.688,2007-05,2014-06,monitor
B0001Y9UEW,16,3.562,154,0.9675,106.75,2004-10,2013-05,monitor
B000FL5OIW,16,3.562,12,0.5833,132.625,2008-11,2014-06,monitor
B000ELDX2W,16,3.5,113,0.7257,146.938,2006-06,2007-11,monitor
B000JC76B0,16,3.5,4,1.0,46.812,2008-10,2014-06,monitor
B000F34O1S,16,3.438,33,0.9697,118.438,2008-09,2014-06,monitor
B00000J3UJ,16,3.375,14,0.2857,107.188,2008-02,2014-04,monitor
B00006OLCT,16,3.375,301,0.9269,144.625,2003-02,2009-12,monitor
B0006698SS,16,3.375,95,0.9053,202.062,2005-04,2011-05,monitor
B000FFYNS0,16,3.312,10,1.0,96.125,2008-07,2014-07,monitor
B00005B9W6,16,3.25,205,0.7268,116.625,2002-04,2014-03,monitor
B0002ZLZ02,16,3.25,761,0.8463,309.562,2004-11,2014-06,monitor
B00009RL1W,16,3.188,234,0.8504,213.125,2003-08,2013-10,monitor
B000HZTB80,16,3.125,173,0.7457,182.875,2006-10,2011-01,monitor
B0002229JQ,16,3.062,174,0.9425,248.938,2004-05,2013-12,monitor
B0009BBBM6,16,3.062,146,0.726,96.625,2005-08,2014-02,monitor
B000BZTKNC,16,3.062,33,0.5758,64.5,2007-01,2011-08,monitor
B000051WW9,16,3.0,195,0.9795,163.625,2000-12,2007-05,monitor
B0002KQR3M,16,3.0,304,0.8059,194.25,2004-08,2008-11,monitor
B000088NO8,16,2.875,28,0.8929,128.625,2003-12,2014-07,monitor
B0007RPW2C,16,2.875,178,0.8315,309.188,2005-05,2014-01,monitor
B000067SLZ,16,2.812,54,0.8519,54.625,2003-11,2014-02,monitor
B00008EM7V,16,2.812,179,0.8994,98.25,2004-01,2013-07,monitor
B0001G6U7K,16,2.75,169,0.7337,147.688,2004-09,2013-12,monitor
B00000J08Q,16,2.5,256,0.9609,82.938,2004-01,2013-06,monitor
B00008WM9J,16,2.375,36,0.7222,122.875,2003-12,2013-09,monitor
B0009OWAKU,16,2.375,38,1.0,77.438,2008-01,2014-01,monitor
B000799LQS,16,2.125,80,0.8375,113.625,2005-02,2012-12,monitor
B000JC5SOM,15,5.0,46,1.0,66.733,2008-05,2014-05,monitor
B00006B81J,15,4.933,15,1.0,74.2,2007-08,2014-07,monitor
B00065DGYQ,15,4.933,49,0.9796,115.2,2007-01,2014-06,monitor
B00004Y2MM,15,4.867,118,0.8898,125.133,2001-01,2014-03,monitor
B00004Z5KZ,15,4.867,17,0.7059,42.067,2007-08,2014-06,monitor
B00004ZC9B,15,4.867,28,0.9643,63,2007-12,2014-05,monitor
B00009L1UX,15,4.867,150,0.96,215.2,2008-01,2011-04,monitor
B00009R97U,15,4.867,111,0.8919,85.667,2008-06,2013-12,monitor
B0007876PC,15,4.867,92,0.5326,88.267,2005-02,2011-10,monitor
B000I21Y3M,15,4.867,3,1.0,34.667,2010-01,2013-10,monitor
B00005LEOM,15,4.8,192,0.8177,278.267,2005-07,2014-01,monitor
B00005S8KM,15,4.8,170,0.9,248.667,2002-07,2012-07,monitor
B00006ID3V,15,4.8,4,1.0,35.667,2012-04,2014-02,monitor
B00067OS0A,15,4.8,16,0.8125,171.733,2012-12,2014-06,monitor
B000B7PKKW,15,4.8,45,0.9333,118.667,2007-11,2013-01,monitor
B000E1G0LI,15,4.8,23,0.9565,137.533,2009-11,2014-04,monitor
B000FUO1BY,15,4.8,88,0.8864,132.733,2008-01,2014-03,monitor
B000GFWVCE,15,4.8,44,0.9318,60.333,2006-09,2009-03,monitor
B00006B938,15,4.733,50,0.92,75.8,2004-03,2014-04,monitor
B0001DBZKK,15,4.733,232,0.9698,195.8,2006-11,2014-01,monitor
B00023JE7U,15,4.733,60,0.9,60,2011-04,2014-03,monitor
B00030F7I2,15,4.733,13,1.0,53.267,2007-07,2014-06,monitor
B0009DRSM6,15,4.733,3,1.0,45.333,2007-11,2014-05,monitor
B000JJLHIQ,15,4.733,5,0.8,28,2011-03,2014-07,monitor
B00008IOUE,15,4.667,47,0.8511,106.867,2010-01,2013-09,monitor
B00009R89A,15,4.667,70,0.6714,71,2007-04,2011-05,monitor
B0000YTZOS,15,4.667,52,0.9038,80.067,2007-10,2013-12,monitor
B0002GRTZQ,15,4.667,6,0.6667,57.333,2007-07,2014-03,monitor
B0002ZPIOG,15,4.667,16,0.9375,41.8,2010-01,2014-03,monitor
B00076N568,15,4.667,81,0.8642,94.2,2006-02,2014-06,monitor
B0007KK24M,15,4.667,13,1.0,43.467,2009-04,2013-11,monitor
B000BP5RIE,15,4.667,23,1.0,42.667,2008-10,2014-04,monitor
B000BVB2FK,15,4.667,71,0.9014,178.8,2006-11,2012-12,monitor
B000EPJOX0,15,4.667,518,0.9305,348.067,2011-03,2011-09,monitor
B000G65R60,15,4.667,76,0.8684,154.933,2008-11,2014-06,monitor
B000HZD2XK,15,4.667,106,0.9811,88.4,2006-11,2013-01,monitor
B000I4WHD6,15,4.667,41,0.878,80.533,2008-07,2014-04,monitor
B00001OXQ9,15,4.6,44,0.9545,76.8,2002-10,2014-07,monitor
B00004TWM0,15,4.6,74,0.8649,88.067,2000-11,2013-12,monitor
B00004Y3UY,15,4.6,33,0.9091,79.333,2009-09,2014-02,monitor
B000067O7N,15,4.6,125,0.968,121.933,2005-03,2014-02,monitor
B000068O42,15,4.6,2,1.0,35.133,2012-03,2014-07,monitor
B00009R9CZ,15,4.6,52,0.8846,78.533,2007-05,2013-10,monitor
B0000TSJVI,15,4.6,12,0.9167,45.467,2006-05,2014-06,monitor
B00017LRCM,15,4.6,89,0.8427,182,2009-01,2014-04,monitor
B0002P19XK,15,4.6,129,0.8605,129.067,2006-12,2013-10,monitor
B0007U83HU,15,4.6,22,0.9091,81.867,2007-05,2013-03,monitor
B0009DTJBO,15,4.6,19,0.6842,102,2011-02,2013-11,monitor
B0009YU7Z0,15,4.6,16,0.6875,62.4,2011-05,2014-06,monitor
B000BZ4TYM,15,4.6,21,0.9524,91.8,2007-07,2014-05,monitor
B000DZH4V0,15,4.6,15,0.8667,40.533,2008-08,2014-07,monitor
B000EIDARS,15,4.6,204,0.9314,163.867,2006-05,2012-12,monitor
B000GHIBC6,15,4.6,94,0.8723,158.533,2010-11,2014-04,monitor
B00000K13I,15,4.533,18,1.0,66.467,2007-01,2014-05,monitor
B00003CWG2,15,4.533,169,0.8343,118,2000-08,2011-07,monitor
B00004TJ0L,15,4.533,35,0.8,53.067,2001-02,2012-04,monitor
B00006JLOS,15,4.533,204,0.9118,207.467,2003-03,2014-05,monitor
B0000952XU,15,4.533,282,0.9255,249.133,2003-10,2008-02,monitor
B00009UT1Q,15,4.533,24,0.9583,69.267,2007-10,2013-07,monitor
B00009X3V8,15,4.533,16,0.125,47.6,2008-02,2014-07,monitor
B0001LFRIS,15,4.533,396,0.851,255.467,2004-04,2013-12,monitor
B0002A6YVC,15,4.533,362,0.6934,286.4,2004-11,2009-11,monitor
B0003QER8C,15,4.533,30,0.9667,217.467,2005-01,2012-11,monitor
B0006HU2IM,15,4.533,472,0.8178,273.2,2005-01,2005-09,monitor
B000AODZQ2,15,4.533,28,0.9643,123.933,2006-08,2007-11,monitor
B000EPJNHW,15,4.533,271,0.8487,244.133,2006-06,2007-03,monitor
B000I5LU60,15,4.533,48,1.0,78,2007-04,2013-12,monitor
B00004VXNF,15,4.467,62,0.8387,105.2,2007-01,2014-06,monitor
B000056KYO,15,4.467,17,1.0,49.933,2011-03,2014-07,monitor
B00006JKWX,15,4.467,107,0.6168,65.867,2004-05,2014-05,monitor
B00007JDRS,15,4.467,28,0.2857,70.4,2009-11,2013-11,monitor
B00009UTCD,15,4.467,57,0.9474,59.933,2007-04,2014-04,monitor
B000167OAC,15,4.467,315,0.946,133.467,2005-03,2013-09,monitor
B0002ZPIQ4,15,4.467,16,1.0,47.933,2010-02,2014-03,monitor
B000FUOSF8,15,4.467,12,0.75,54.467,2007-02,2014-07,monitor
B000HSEMPO,15,4.467,19,0.6842,47.8,2012-10,2014-07,monitor
B000J56K1O,15,4.467,27,0.963,76.067,2009-02,2014-06,monitor
B0000514G8,15,4.4,93,0.9355,200.8,2005-11,2014-07,monitor
B00005NHH8,15,4.4,274,0.8686,118.067,2001-12,2013-07,monitor
B00006FDRB,15,4.4,196,0.648,263.4,2002-10,2006-01,monitor
B0001AVVO8,15,4.4,47,0.8511,136.667,2007-05,2014-04,monitor
B0001GMITO,15,4.4,132,0.8712,63.8,2005-08,2013-07,monitor
B0001HCNIE,15,4.4,11,0.8182,63.667,2008-01,2014-06,monitor
B00021OCQU,15,4.4,81,0.6543,51.267,2006-05,2011-04,monitor
B0002BEPH6,15,4.4,32,0.9062,90.2,2010-04,2014-02,monitor
B0007KX4VU,15,4.4,170,0.8824,100.4,2005-08,2014-02,monitor
B0007QN18K,15,4.4,94,0.7447,248.733,2005-03,2009-12,monitor
B000COZ43C,15,4.4,17,1.0,57.8,2007-02,2013-03,monitor
B000FCNA2I,15,4.4,31,0.871,133.333,2007-12,2010-01,monitor
B000GAAP8Q,15,4.4,39,0.8462,75.533,2006-09,2013-12,monitor
B000I21YDM,15,4.4,11,0.9091,66.533,2009-10,2014-04,monitor
B000JILHF0,15,4.4,227,0.9339,163.067,2007-05,2012-05,monitor
B00005LENC,15,4.333,79,0.962,88.2,2007-02,2014-03,monitor
B00008UA9I,15,4.333,106,0.9057,138.867,2003-11,2013-06,monitor
B00009R7VN,15,4.333,8,1.0,49.6,2009-07,2014-01,monitor
B00011KHTW,15,4.333,58,0.8448,71.733,2007-01,2013-08,monitor
B0007WRQQ2,15,4.333,24,0.625,64.4,2008-04,2014-05,monitor
B0009I96LC,15,4.333,53,0.8302,95,2008-06,2014-04,monitor
B000AS374I,15,4.333,83,0.9277,127.267,2005-12,2014-02,monitor
B000G1EWZ2,15,4.333,28,0.9286,47.933,2007-05,2014-02,monitor
B000HE8KU6,15,4.333,155,0.9677,208.867,2006-10,2013-10,monitor
B000J13TEE,15,4.333,101,0.7624,213.267,2006-12,2012-04,monitor
B00004Z62S,15,4.267,29,0.7931,57.867,2004-12,2014-04,monitor
B00004Z8BC,15,4.267,24,0.9167,74.333,2008-03,2014-06,monitor
B000051YGP,15,4.267,237,0.9367,178.867,2001-02,2009-03,monitor
B00006JPNE,15,4.267,18,0.8889,73.267,2006-01,2014-01,monitor
B000083EAB,15,4.267,3,1.0,40.533,2012-12,2014-05,monitor
B000083EAI,15,4.267,153,0.9608,129.067,2003-03,2010-03,monitor
B00008XOHI,15,4.267,89,0.8315,105.333,2003-05,2011-07,monitor
B00009VSIM,15,4.267,181,0.9448,139.733,2003-08,2013-08,monitor
B0000A0BOB,15,4.267,42,0.6905,75.2,2006-08,2014-05,monitor
B0000E6RIC,15,4.267,2,1.0,49.4,2010-09,2014-07,monitor
B00027X2YM,15,4.267,57,0.6491,141.4,2005-01,2014-06,monitor
B00062NHTS,15,4.267,12,0.9167,111.6,2009-06,2014-01,monitor
B00067R5XW,15,4.267,48,0.8542,204.067,2006-06,2007-07,monitor
B0007IOYU2,15,4.267,116,0.931,72.467,2008-07,2013-04,monitor
B0009SZQY8,15,4.267,39,0.8974,139.133,2006-04,2013-12,monitor
B000BKH1ME,15,4.267,185,0.8757,225,2006-03,2009-02,monitor
B000F8T4AY,15,4.267,6,0.8333,155.4,2006-11,2013-09,monitor
B000FCQ2WS,15,4.267,119,0.958,173.2,2007-09,2012-05,monitor
B000GUFOC8,15,4.267,343,0.8134,238.2,2008-01,2014-01,monitor
B000GZYMHG,15,4.267,287,0.8711,321.4,2006-09,2010-11,monitor
B00001W0DC,15,4.2,23,0.7826,109.6,2005-07,2013-10,monitor
B00065F86U,15,4.2,20,0.7,64.4,2008-11,2013-03,monitor
B0006FK42S,15,4.2,100,0.9,173.333,2005-10,2013-09,monitor
B0009WDM2W,15,4.2,29,0.7586,61.933,2006-03,2014-03,monitor
B000FBYSXE,15,4.2,20,1.0,47.2,2007-08,2013-10,monitor
B000FZ33AE,15,4.2,27,0.9259,77.733,2008-12,2014-02,monitor
B000HHROEQ,15,4.2,19,0.9474,51.8,2009-06,2013-07,monitor
B00004WHIL,15,4.133,629,0.9507,362,2000-08,2014-06,monitor
B00005QCT3,15,4.133,92,0.913,190.4,2002-01,2008-06,monitor
B000196ENC,15,4.133,82,0.9512,100.067,2005-11,2008-01,monitor
B000BNP1MS,15,4.133,74,0.6486,141,2006-10,2011-02,monitor
B000CSSHG4,15,4.133,113,0.8496,162.6,2006-05,2014-05,monitor
B000FU4ZM4,15,4.133,22,0.6364,47.333,2007-01,2009-11,monitor
B00004XONF,15,4.067,809,0.9468,157.6,2001-04,2014-05,monitor
B000117DEY,15,4.067,227,0.9207,130,2004-05,2006-05,monitor
B0001IXUEY,15,4.067,114,0.8421,116.2,2005-02,2014-06,monitor
B0001OTBUK,15,4.067,115,0.9217,140.933,2005-09,2013-03,monitor
B0006GX0IC,15,4.067,321,0.8224,271.867,2004-11,2012-02,monitor
B0009P5YA2,15,4.067,264,0.9091,146.133,2005-08,2011-10,monitor
B000BY9CUY,15,4.067,184,0.8098,148.933,2007-04,2014-05,monitor
B000GAUZFO,15,4.067,164,0.4817,220.333,2006-07,2009-01,monitor
B000JN6B92,15,4.067,28,0.8214,101,2008-06,2014-06,monitor
B00006B9HK,15,4.0,38,0.9474,176.4,2003-11,2014-07,monitor
B00012FVYW,15,4.0,36,0.9444,149.533,2005-04,2014-03,monitor
B0001IXUEE,15,4.0,63,0.3492,138.867,2007-01,2012-02,monitor
B0002ZAEYA,15,4.0,236,0.9153,237.8,2005-02,2013-12,monitor
B00067KT94,15,4.0,116,0.8966,123.6,2005-02,2007-11,monitor
B0009Q4PIS,15,4.0,81,0.8395,275.8,2006-02,2012-12,monitor
B000AOMO50,15,4.0,205,0.9854,118.933,2007-04,2014-03,monitor
B000AQOD2U,15,4.0,74,0.8919,124.667,2007-02,2014-02,monitor
B000H97EFS,15,4.0,85,0.6471,163.267,2006-08,2007-10,monitor
B000JV3A20,15,4.0,20,0.95,93,2007-05,2014-06,monitor
B000CMPYRA,15,3.933,72,0.9444,91.333,2008-07,2014-07,monitor
B000J4J6X4,15,3.933,150,0.8267,157.133,2007-01,2013-12,monitor
B000066TPO,15,3.867,234,0.8761,341.733,2002-08,2013-06,monitor
B00006B7SG,15,3.867,39,0.0513,59.667,2008-06,2014-06,monitor
B0002UBDDG,15,3.867,829,0.9457,259.467,2004-09,2010-11,monitor
B000669GA8,15,3.867,251,0.9562,316.133,2004-11,2012-04,monitor
B000BYB4PK,15,3.867,19,0.8947,93.867,2007-05,2013-08,monitor
B000ENWTCU,15,3.867,90,0.8111,70.267,2006-10,2013-07,monitor
B000FL60QM,15,3.867,12,0.6667,72.533,2010-08,2014-06,monitor
B00006686A,15,3.8,37,0.8378,135.467,2004-10,2013-01,monitor
B00006B9QM,15,3.8,34,1.0,94.133,2006-08,2014-07,monitor
B00007IFMJ,15,3.8,135,0.8222,69.267,2003-03,2014-02,monitor
B0000T1R4O,15,3.8,52,0.5192,171.867,2003-12,2007-09,monitor
B0006ZIEUC,15,3.8,13,0.6923,54.733,2011-06,2014-01,monitor
B0009FTXGI,15,3.8,59,0.5593,78.533,2010-03,2013-04,monitor
B000BUEGX6,15,3.8,83,0.8554,99.667,2006-01,2011-04,monitor
B000CPM8X0,15,3.8,29,0.8276,53.267,2006-10,2013-12,monitor
B000EWTBS6,15,3.8,10,0.2,51.933,2006-11,2013-10,monitor
B000FJEYYY,15,3.8,39,0.7949,85.733,2006-12,2012-12,monitor
B000068ODT,15,3.733,171,0.8713,102.8,2008-05,2014-03,monitor
B00008OOWC,15,3.733,171,0.7719,179.733,2003-11,2014-07,monitor
B00008VF4L,15,3.733,73,0.7671,150.867,2003-08,2012-08,monitor
B00011CNWG,15,3.733,118,0.5085,268.2,2004-02,2014-05,monitor
B0002JC2QE,15,3.733,111,0.9099,87,2004-11,2014-04,monitor
B0009JSDYC,15,3.733,18,0.5,146.6,2012-12,2014-06,monitor
B000A1ESIO,15,3.667,59,0.9661,92.267,2006-02,2012-11,monitor
B000HJBERC,15,3.667,5,1.0,77,2007-11,2013-12,monitor
B0000E0ZM0,15,3.6,316,0.9684,193.467,2003-11,2013-01,monitor
B0007LA9EE,15,3.6,1124,0.968,193.533,2005-09,2007-06,monitor
B0009EXVNA,15,3.6,377,0.8727,303.867,2005-06,2013-08,monitor
B0009W7ENU,15,3.6,37,0.7297,57.467,2006-11,2011-01,monitor
B000FDVK2E,15,3.6,45,0.9556,118.533,2007-06,2014-07,monitor
B000GJMUS0,15,3.6,61,0.9344,111,2008-01,2013-11,monitor
B0000EW9M8,15,3.533,151,0.6225,324.2,2003-12,2007-08,monitor
B00024ENYI,15,3.533,77,0.7662,117.2,2005-01,2014-04,monitor
B000AU5N2A,15,3.533,41,0.9268,166.733,2006-01,2008-02,monitor
B000EOOQUW,15,3.533,12,0.8333,117.4,2006-05,2011-01,monitor
B000FEYH7I,15,3.533,326,0.9202,174.933,2006-06,2008-08,monitor
B000HWS0Q2,15,3.533,93,0.8495,172.867,2006-12,2008-11,monitor
B0000511GQ,15,3.467,10,1.0,71.333,2010-03,2014-07,monitor
B00005T3W4,15,3.467,83,0.8193,70.867,2002-01,2008-08,monitor
B0002ZQG24,15,3.467,12,0.25,38.6,2012-07,2014-06,monitor
B00039R23G,15,3.467,50,0.8,111.733,2012-01,2014-07,monitor
B000G1D8HU,15,3.467,29,0.7241,83.733,2006-12,2013-06,monitor
B000HWV8QG,15,3.467,114,0.8772,175.267,2006-12,2013-02,monitor
B00007IFJY,15,3.4,62,0.629,113.6,2005-10,2012-12,monitor
B00009R8I4,15,3.4,48,0.5,49.4,2008-02,2014-03,monitor
B0000ABPKG,15,3.4,86,0.8721,105.4,2004-02,2014-02,monitor
B0006OCJ2W,15,3.4,131,0.771,241.733,2005-06,2008-06,monitor
B0007NWM06,15,3.4,38,0.8684,133.6,2005-10,2013-12,monitor
B00092CKA2,15,3.4,143,0.6084,152.6,2005-08,2013-01,monitor
B000G31SPW,15,3.4,59,0.7119,138.933,2007-01,2013-05,monitor
B0007LOZH6,15,3.333,146,0.863,112.933,2005-05,2013-04,monitor
B0009J6PYW,15,3.333,41,0.5122,65.933,2006-08,2013-09,monitor
B000IJ9O8W,15,3.333,113,0.9823,105.2,2010-10,2014-02,monitor
B000IS1ZYY,15,3.333,77,0.8182,126.267,2006-12,2013-01,monitor
B00009PLIM,15,3.267,48,0.8125,184.667,2005-01,2012-11,monitor
B000B854FM,15,3.267,145,0.7034,129,2005-12,2014-01,monitor
B0000DIK0U,15,3.2,205,0.9073,192.133,2004-07,2014-05,monitor
B0000V3OKM,15,3.2,23,0.8696,164.2,2004-10,2013-03,monitor
B00061UIU0,15,3.2,3,1.0,55,2011-08,2014-04,monitor
B000DZDSME,15,3.2,90,0.7889,152.8,2007-03,2013-05,monitor
B000F9NXXC,15,3.2,63,0.9683,100.467,2007-03,2013-06,monitor
B000FH9UOK,15,3.2,96,0.9062,130.333,2008-07,2014-03,monitor
B0002V8KWM,15,3.133,96,0.7188,244.533,2004-11,2011-04,monitor
B000CBB4N4,15,3.133,52,0.7885,76.067,2007-09,2014-02,monitor
B000FIQBM8,15,3.133,68,0.7647,130.667,2006-06,2012-02,monitor
B000JCQKVM,15,3.133,199,0.8392,71,2010-12,2014-07,monitor
B00009PUM0,15,3.067,60,0.75,195.2,2003-07,2006-12,monitor
B0001YIMAA,15,3.067,43,0.2791,70.4,2011-04,2013-12,monitor
B0007TJ9SI,15,3.0,41,0.6098,63.733,2008-04,2013-11,monitor
B0007Y79G2,15,3.0,147,0.8231,278.467,2006-09,2007-11,monitor
B000BHB5YW,15,3.0,34,0.8235,113.733,2007-12,2013-04,monitor
B000I3T3K2,15,2.933,32,0.9062,98.267,2008-06,2014-05,monitor
B000CFSLXG,15,2.867,17,0.8824,53.933,2007-01,2014-03,monitor
B000EUCMV6,15,2.867,57,0.8246,291.8,2006-06,2014-01,monitor
B0002JY6SQ,15,2.8,209,0.7703,221.4,2004-09,2012-10,monitor
B0000UV0JA,15,2.667,157,0.8471,161.733,2004-01,2008-02,monitor
B00022PUDI,15,2.467,248,0.9073,373.733,2004-10,2007-07,monitor
B00004TENT,14,5.0,55,0.8909,87.429,2000-12,2004-11,monitor
B0002Z2CYU,14,5.0,4,1.0,51.714,2006-11,2014-05,monitor
B000FIJA6W,14,5.0,83,0.9398,188.929,2008-04,2011-06,monitor
B00006B83A,14,4.929,7,1.0,66,2005-02,2014-06,monitor
B00009329J,14,4.929,4,1.0,54.714,2009-08,2014-05,monitor
B00009UHRI,14,4.929,9,1.0,39.5,2011-01,2014-07,monitor
B0009RPY96,14,4.929,19,0.4737,65.214,2008-10,2014-04,monitor
B000E7XM68,14,4.929,13,0.9231,48.929,2007-05,2014-06,monitor
B000GC57E6,14,4.929,27,1.0,46.643,2007-11,2012-01,monitor
B00004TWVY,14,4.857,32,0.9688,78.286,2003-11,2014-04,monitor
B00004WCGD,14,4.857,47,0.9787,115.357,2008-07,2014-05,monitor
B0007OWN9K,14,4.857,1,1.0,37.786,2010-05,2014-02,monitor
B0009SUEXG,14,4.857,13,0.9231,63.071,2009-05,2014-03,monitor
B000I78B6K,14,4.857,15,0.9333,39.071,2008-03,2012-11,monitor
B00000J3SA,14,4.786,143,0.9301,84.143,2001-03,2006-01,monitor
B00001QEMF,14,4.786,325,0.9477,143.214,1999-12,2014-07,monitor
B00006I5O0,14,4.786,81,0.9877,91.143,2005-11,2013-01,monitor
B00008XY4E,14,4.786,147,0.9864,69.857,2003-09,2014-02,monitor
B00062UKIY,14,4.786,6,1.0,44.786,2008-02,2014-05,monitor
B0006HQ7GS,14,4.786,19,0.6316,68.429,2008-03,2013-02,monitor
B000B6A4S6,14,4.786,45,0.9333,92.571,2006-07,2014-06,monitor
B000E44QNE,14,4.786,49,0.6122,67.357,2008-02,2014-05,monitor
B000EXP7Q0,14,4.786,64,0.7656,122.714,2006-09,2013-02,monitor
B000H4WKWK,14,4.786,17,0.7647,63.786,2009-07,2014-03,monitor
B000J3I66S,14,4.786,0,,44.429,2010-11,2014-06,monitor
B00005ATZN,14,4.714,298,0.9463,179.214,2001-05,2002-03,monitor
B00005QFZG,14,4.714,887,0.9786,432.357,2001-11,2003-12,monitor
B00006B8BY,14,4.714,10,0.8,50.929,2011-04,2014-06,monitor
B00006HX1V,14,4.714,10,0.4,58.571,2008-01,2014-02,monitor
B00006RSQU,14,4.714,26,1.0,53.643,2010-09,2014-04,monitor
B0000C47QH,14,4.714,10,0.7,61.643,2007-02,2014-05,monitor
B0000WWP4M,14,4.714,55,0.6545,106.429,2007-07,2014-04,monitor
B000167KQ0,14,4.714,74,0.8784,72.786,2005-01,2013-12,monitor
B0001U5LW6,14,4.714,59,0.9492,86.857,2008-05,2014-04,monitor
B0002H0CQS,14,4.714,4,0.75,51.429,2006-11,2013-10,monitor
B0007LBO7A,14,4.714,41,1.0,90.571,2005-07,2008-07,monitor
B000BLEMIE,14,4.714,30,0.9667,112.5,2010-01,2014-03,monitor
B000FI5OZ8,14,4.714,40,0.875,103.071,2007-02,2007-07,monitor
B000H0IF2S,14,4.714,17,0.3529,121.143,2006-11,2013-06,monitor
B00006B9H6,14,4.643,23,0.6957,87.5,2008-01,2014-05,monitor
B00006JNCM,14,4.643,230,0.9261,208.5,2002-10,2010-08,monitor
B00008IHU2,14,4.643,635,0.9622,281.143,2003-07,2013-03,monitor
B00009X75L,14,4.643,10,1.0,120.929,2007-10,2014-04,monitor
B0002553PA,14,4.643,102,0.7451,136.5,2004-09,2008-07,monitor
B0002BESFA,14,4.643,5,0.4,38.286,2011-12,2014-02,monitor
B0002ER2Z0,14,4.643,16,0.875,81,2010-02,2014-02,monitor
B0002ER2ZA,14,4.643,20,1.0,40.286,2007-01,2014-01,monitor
B0002HMRJ8,14,4.643,14,0.5,41.643,2007-10,2014-02,monitor
B0003009BC,14,4.643,181,0.9724,139.214,2004-10,2014-03,monitor
B0006AZ57M,14,4.643,62,0.9194,61.5,2006-11,2014-03,monitor
B00076VEG6,14,4.643,235,0.7532,271.5,2005-01,2014-04,monitor
B0007XOHTU,14,4.643,77,0.9351,280.857,2005-07,2011-03,monitor
B000HKJKBS,14,4.643,229,0.9301,191.286,2006-12,2014-01,monitor
B000I42XWQ,14,4.643,77,0.9091,206.571,2007-05,2010-12,monitor
B00000JDF8,14,4.571,4,0.5,49.857,2010-03,2014-04,monitor
B00004TWLY,14,4.571,44,0.8182,58.571,2007-09,2014-07,monitor
B000050XL7,14,4.571,400,0.935,319.714,2000-11,2002-06,monitor
B00005B6UF,14,4.571,806,0.9801,251.143,2001-07,2003-02,monitor
B00009RA5Z,14,4.571,75,0.96,265.643,2009-04,2014-04,monitor
B0001OHH5G,14,4.571,48,0.6042,102.071,2005-02,2014-06,monitor
B00022AH6I,14,4.571,509,0.9686,390.643,2004-08,2011-04,monitor
B0002AFTD6,14,4.571,12,0.8333,38.429,2011-02,2014-07,monitor
B0002BEV84,14,4.571,5,0.6,55.571,2010-10,2014-06,monitor
B0006PRMJG,14,4.571,13,0.9231,62.286,2007-10,2011-12,monitor
B0007NWM0Q,14,4.571,58,0.7759,103.357,2005-09,2013-01,monitor
B0009EUSYU,14,4.571,55,0.9273,53.714,2005-10,2013-01,monitor
B0009RJNJ8,14,4.571,33,0.9697,127.214,2006-11,2009-10,monitor
B000BTFZMS,14,4.571,210,0.8952,152.214,2006-02,2013-08,monitor
B000GUKTDM,14,4.571,193,0.9223,324.643,2007-09,2014-06,monitor
B000J2GUS0,14,4.571,14,1.0,64.5,2007-04,2013-01,monitor
B00005UOSN,14,4.5,116,0.9914,144.429,2001-12,2005-07,monitor
B00013MSVK,14,4.5,22,0.7273,65.929,2008-01,2013-11,monitor
B00073MP9O,14,4.5,31,0.9032,75.214,2007-01,2013-10,monitor
B0009SWLE6,14,4.5,14,0.3571,118.429,2011-03,2014-02,monitor
B000AAM1XO,14,4.5,152,0.9671,152.286,2007-05,2014-05,monitor
B000BM66V4,14,4.5,59,0.8983,126.571,2007-01,2013-09,monitor
B000ENRFNS,14,4.5,398,0.9648,317.5,2006-04,2014-03,monitor
B00003CWFA,14,4.429,81,0.8519,117.786,2007-01,2014-05,monitor
B00004X0ZI,14,4.429,120,0.8417,85.786,2001-02,2011-02,monitor
B00004ZCPH,14,4.429,41,0.9756,124.929,2007-09,2014-03,monitor
B00005MEN6,14,4.429,285,0.9684,236.071,2001-08,2013-07,monitor
B00005S0M5,14,4.429,98,0.6327,200.071,2001-11,2014-04,monitor
B00006I58S,14,4.429,124,0.871,74.143,2005-01,2014-01,monitor
B00006JQLJ,14,4.429,64,0.9688,115.429,2004-08,2013-12,monitor
B00007FHDP,14,4.429,60,0.85,110.286,2009-11,2014-06,monitor
B00007GPI1,14,4.429,159,0.956,239.357,2002-12,2010-10,monitor
B00008CQJO,14,4.429,62,0.7903,52.857,2004-09,2013-12,monitor
B000092TR5,14,4.429,1,1.0,41.5,2008-08,2014-01,monitor
B000093S8Z,14,4.429,1,1.0,40.714,2009-08,2014-07,monitor
B00009R8T5,14,4.429,18,0.8333,65.429,2009-08,2014-05,monitor
B00009VSBE,14,4.429,163,0.9141,213.357,2003-09,2013-07,monitor
B0000AZ67Y,14,4.429,128,0.9297,92.929,2003-12,2013-02,monitor
B0002CTETO,14,4.429,26,0.6538,126.786,2007-05,2014-06,monitor
B0007KK2NI,14,4.429,5,0.8,61.5,2010-09,2014-02,monitor
B0007SQED2,14,4.429,51,0.8431,181,2009-11,2014-03,monitor
B0009N9PJA,14,4.429,205,0.878,140.429,2005-12,2011-08,monitor
B0009PXGX4,14,4.429,14,0.8571,108.286,2011-04,2014-06,monitor
B000BOC05I,14,4.429,155,0.9226,208.286,2006-04,2012-07,monitor
B000BSJHRI,14,4.429,2,1.0,39.357,2008-04,2014-07,monitor
B000C6TLDO,14,4.429,47,0.9149,55.643,2007-02,2012-10,monitor
B000CMU0S8,14,4.429,39,0.4103,93.643,2009-12,2013-12,monitor
B000EA0DEO,14,4.429,75,0.92,111.5,2006-09,2009-02,monitor
B000HJ7SM2,14,4.429,16,0.8125,51.214,2007-05,2013-10,monitor
B000HR73BK,14,4.429,9,1.0,139.214,2009-06,2012-01,monitor
B000HWTZVG,14,4.429,69,0.7246,139.357,2006-12,2007-10,monitor
B000HX1P8G,14,4.429,16,0.8125,105.929,2008-03,2014-01,monitor
B0000512GH,14,4.357,74,0.9189,80.286,2003-01,2014-01,monitor
B000068O37,14,4.357,9,0.7778,48.5,2010-08,2014-06,monitor
B00006BBAU,14,4.357,7,0.8571,65.571,2010-10,2013-07,monitor
B000087HWM,14,4.357,278,0.9281,247.786,2003-04,2011-09,monitor
B0000AR0I4,14,4.357,31,0.9677,64.429,2009-12,2013-08,monitor
B0000ARKW3,14,4.357,20,0.65,101.357,2010-04,2014-06,monitor
B0001XGQXG,14,4.357,9,0.5556,46.929,2007-04,2014-04,monitor
B0002GFOVM,14,4.357,65,0.8308,131.714,2006-08,2014-02,monitor
B0002PUI82,14,4.357,10,0.8,49.286,2012-06,2014-06,monitor
B0002ZSFTQ,14,4.357,85,0.6,188.357,2007-08,2013-08,monitor
B000300Y9O,14,4.357,148,0.6892,285.929,2005-03,2014-07,monitor
B0006G9HMA,14,4.357,91,0.9011,236.286,2005-01,2005-11,monitor
B0006ZBHWY,14,4.357,218,0.945,161.429,2005-06,2007-04,monitor
B000A6TNKC,14,4.357,172,0.75,121.786,2005-10,2009-04,monitor
B000E6LK4K,14,4.357,29,0.8276,99.214,2007-05,2012-04,monitor
B000FABL7Q,14,4.357,80,0.9875,147.071,2007-08,2011-02,monitor
B000FJUMW2,14,4.357,66,0.7273,51.643,2007-01,2012-12,monitor
B000GEQ0HW,14,4.357,242,0.9174,211.643,2006-08,2008-06,monitor
B000IDGEPO,14,4.357,204,0.9804,231.857,2006-11,2013-12,monitor
B00004TRD9,14,4.286,84,0.8929,148.357,2000-07,2009-07,monitor
B00005MNSS,14,4.286,193,0.943,201.286,2001-11,2004-12,monitor
B00005OM4J,14,4.286,61,0.8525,224.143,2002-01,2011-02,monitor
B000087L9H,14,4.286,176,0.9261,257.286,2003-09,2007-03,monitor
B000090W7B,14,4.286,48,0.9792,169.857,2006-01,2014-01,monitor
B0002BEV7A,14,4.286,6,0.8333,60.571,2007-06,2014-07,monitor
B0002KXVM2,14,4.286,28,0.4286,67.143,2011-07,2014-06,monitor
B00070QQ1K,14,4.286,39,0.8718,75.071,2007-04,2014-02,monitor
B0007M3PJO,14,4.286,322,0.9534,180,2005-04,2010-09,monitor
B0009OD6R6,14,4.286,103,0.9806,92.214,2005-06,2012-03,monitor
B0009RKKV8,14,4.286,196,0.9541,271.143,2005-11,2013-08,monitor
B000FFV1VW,14,4.286,27,0.5556,157.286,2010-11,2012-12,monitor
B000J4I2MA,14,4.286,44,0.9773,80.429,2006-11,2007-12,monitor
B000J6FTUQ,14,4.286,563,0.9094,289.429,2006-11,2013-09,monitor
B000JEUOB2,14,4.286,54,0.8889,91.071,2006-12,2009-01,monitor
B00004X109,14,4.214,49,0.8367,157,2001-09,2014-04,monitor
B00004Y7TC,14,4.214,219,0.8311,215.071,2000-10,2003-09,monitor
B0000512E1,14,4.214,53,0.9245,123.857,2008-06,2014-03,monitor
B000056KBJ,14,4.214,31,0.9355,64,2002-09,2014-05,monitor
B0000632FX,14,4.214,238,0.9664,162.714,2002-05,2014-07,monitor
B00006343N,14,4.214,31,0.6129,61.429,2006-02,2013-06,monitor
B0000658CI,14,4.214,41,0.9024,120.286,2003-05,2007-05,monitor
B000067O87,14,4.214,107,0.9813,172.571,2005-04,2008-06,monitor
B00064XR5K,14,4.214,130,0.8154,188.5,2005-01,2013-12,monitor
B0006A7X2W,14,4.214,74,0.6486,194,2005-01,2009-09,monitor
B0009FJEUS,14,4.214,81,0.8642,154,2005-08,2012-12,monitor
B000BMAL10,14,4.214,649,0.8952,208.786,2006-02,2009-01,monitor
B000CHK7OA,14,4.214,20,0.85,97.071,2011-09,2014-01,monitor
B000F97FRM,14,4.214,77,0.7273,122.857,2006-12,2013-07,monitor
B000FDNVO4,14,4.214,27,0.8889,81.429,2007-01,2013-08,monitor
B000H84J3Y,14,4.214,18,0.9444,65.857,2007-02,2010-07,monitor
B000H9LM2Y,14,4.214,38,0.8947,85.429,2007-06,2013-06,monitor
B000HD7FGM,14,4.214,43,0.7442,203.5,2007-01,2010-08,monitor
B000HGC04G,14,4.214,19,1.0,51.929,2007-08,2014-02,monitor
B000067VC6,14,4.143,10,0.8,59.786,2011-03,2013-09,monitor
B00008PVXA,14,4.143,117,0.8547,177.214,2003-07,2012-07,monitor
B0001DB6LS,14,4.143,120,0.9583,270.286,2004-08,2007-02,monitor
B0001LS35M,14,4.143,34,0.8235,65.286,2004-10,2014-06,monitor
B000ACGE3U,14,4.143,142,0.7113,55.286,2006-01,2014-04,monitor
B000FJ2OSM,14,4.143,84,0.9405,237.643,2007-02,2012-10,monitor
B00000JYWQ,14,4.071,443,0.9526,198.143,1999-10,2012-09,monitor
B00004Z7H5,14,4.071,72,0.6667,146.643,2004-01,2012-10,monitor
B00005LEOC,14,4.071,149,0.4564,104.071,2005-07,2014-03,monitor
B0000AZJVP,14,4.071,148,0.9527,104.214,2004-10,2007-04,monitor
B000BFFXO2,14,4.071,18,0.9444,152.643,2007-02,2013-12,monitor
B000E8P7Z6,14,4.071,101,0.9208,112.286,2007-02,2013-11,monitor
B00000J3Q1,14,4.0,155,0.929,140.786,2000-01,2011-04,monitor
B00003CWG4,14,4.0,88,0.7159,70.286,2004-03,2013-12,monitor
B00005U243,14,4.0,180,0.9111,287.286,2001-12,2002-12,monitor
B00009VQG6,14,4.0,157,0.7834,211.429,2005-07,2014-05,monitor
B0001VQ11U,14,4.0,207,0.7633,181.5,2006-01,2013-04,monitor
B00021XPZE,14,4.0,46,0.8696,56.214,2005-05,2014-06,monitor
B00065H0QQ,14,4.0,47,0.9362,71.5,2005-08,2013-06,monitor
B0007CZ7BI,14,4.0,304,0.8684,174.071,2005-03,2014-02,monitor
B00083Y85C,14,4.0,66,0.803,60,2007-05,2014-03,monitor
B000GJJMSG,14,4.0,35,0.9143,109.214,2006-11,2013-03,monitor
B000HJBEUY,14,4.0,11,0.6364,66.071,2008-04,2014-07,monitor
B000JDJJ82,14,4.0,65,0.7231,173.357,2007-04,2010-02,monitor
B00064ABSG,14,3.929,46,0.8913,138.286,2006-11,2014-03,monitor
B0007OWASE,14,3.929,128,0.7656,141.5,2006-01,2007-08,monitor
B000AZ2BAW,14,3.929,329,0.8632,185.429,2006-01,2007-10,monitor
B000FA7PQC,14,3.929,36,0.7778,102.286,2007-10,2014-01,monitor
B000HWS0NU,14,3.929,81,0.6543,195.286,2006-12,2008-01,monitor
B000063YA5,14,3.857,318,0.9654,205.143,2003-02,2013-12,monitor
B000068OJM,14,3.857,100,0.88,249,2002-07,2006-10,monitor
B0001BRITE,14,3.857,397,0.7607,277.786,2004-03,2011-03,monitor
B000234498,14,3.857,54,0.463,85.429,2007-02,2014-02,monitor
B0002ED4PM,14,3.857,43,0.7907,118.071,2005-10,2012-11,monitor
B0003N01RQ,14,3.857,8,1.0,56.071,2011-08,2014-04,monitor
B0007Z9QMG,14,3.857,67,0.9104,66.429,2006-03,2012-02,monitor
B00004SPUN,14,3.786,252,0.9325,288.571,2000-07,2003-01,monitor
B00006ELLL,14,3.786,86,0.8953,141.071,2002-12,2008-08,monitor
B00008Z1PF,14,3.786,34,0.8235,61.286,2006-11,2014-04,monitor
B0001M3MVG,14,3.786,195,0.8564,203.857,2004-08,2012-03,monitor
B0002SQ3Z6,14,3.786,17,0.8824,114.143,2005-02,2014-01,monitor
B0006ZQ4E0,14,3.786,36,0.75,44,2009-08,2014-06,monitor
B00092K2IO,14,3.786,104,0.7308,66.143,2007-01,2013-02,monitor
B000A6TN9I,14,3.786,193,0.8342,175.429,2005-09,2011-04,monitor
B000I23TN0,14,3.786,10,0.8,49.286,2009-06,2014-01,monitor
B000I4LEGC,14,3.786,86,0.907,166.857,2006-11,2008-02,monitor
B000I97HWC,14,3.786,2,1.0,43,2011-05,2013-11,monitor
B000JSZ41S,14,3.786,21,0.8095,42.5,2009-12,2014-06,monitor
B00006HU4Z,14,3.714,15,0.8667,61.214,2009-09,2014-01,monitor
B00006IS65,14,3.714,338,0.9645,233.714,2002-11,2008-12,monitor
B00021Z98A,14,3.714,305,0.9541,196.571,2004-07,2009-09,monitor
B0002IYOES,14,3.714,203,0.8768,153.286,2005-10,2013-05,monitor
B0009XQPJ8,14,3.714,82,0.7439,140.071,2006-08,2010-11,monitor
B000EFMPCW,14,3.714,8,0.75,65.071,2011-10,2014-07,monitor
B000H9XDCG,14,3.714,20,1.0,109.071,2010-11,2013-05,monitor
B00006HMPN,14,3.643,128,0.8203,202.071,2003-01,2006-12,monitor
B00006KIYS,14,3.643,303,0.9538,230.786,2002-11,2014-02,monitor
B000087LIG,14,3.643,295,0.8915,128.857,2003-04,2007-02,monitor
B00061IYI8,14,3.643,29,0.8966,202.286,2005-08,2011-10,monitor
B0007OV44U,14,3.643,72,0.7222,50.214,2005-08,2014-06,monitor
B0009VU7BM,14,3.643,91,0.7253,99.5,2005-10,2011-12,monitor
B000A3N6O4,14,3.643,457,0.9168,362.286,2005-08,2007-01,monitor
B00009KO14,14,3.571,98,0.8469,162.5,2004-02,2011-11,monitor
B0009PD2T2,14,3.571,73,0.9315,78.286,2007-02,2010-02,monitor
B000FHGONA,14,3.571,53,0.6981,91.286,2007-01,2012-02,monitor
B00004YBVE,14,3.5,125,0.96,207.714,2001-01,2003-12,monitor
B00005LVWB,14,3.5,174,0.9713,257.357,2001-07,2005-01,monitor
B00006364I,14,3.5,69,0.9565,64.786,2005-08,2014-07,monitor
B0000AQIFY,14,3.5,60,0.8833,220.357,2003-10,2009-08,monitor
B0001PFO3C,14,3.5,40,0.75,132.143,2004-06,2009-07,monitor
B0002Y22VE,14,3.5,183,0.8962,196.071,2005-03,2013-09,monitor
B0006N5I5I,14,3.5,17,0.6471,54,2006-07,2013-09,monitor
B0007NWM10,14,3.5,80,0.8375,131.643,2005-06,2013-08,monitor
B000I51FF6,14,3.5,33,0.7273,140.643,2009-04,2014-01,monitor
B000JDHS5I,14,3.5,115,0.6957,156.714,2006-09,2010-09,monitor
B00007E8AB,14,3.429,32,0.9062,83.857,2007-08,2013-05,monitor
B000093IRC,14,3.429,78,0.5641,103.571,2003-10,2005-11,monitor
B0009ORXF2,14,3.429,61,0.6721,164.357,2005-11,2009-09,monitor
B000FAVYHS,14,3.429,11,1.0,47.929,2007-05,2014-06,monitor
B000IZGI9Y,14,3.429,78,0.9359,62.929,2007-06,2014-03,monitor
B000F007JY,14,3.357,61,0.9344,192.143,2007-02,2009-02,monitor
B0000D80D3,14,3.286,195,0.9744,63.286,2005-01,2014-05,monitor
B000ENQT1W,14,3.286,150,0.8467,136.286,2006-12,2012-12,monitor
B00007LTBI,14,3.214,31,0.871,148.643,2003-12,2008-01,monitor
B00009R6HB,14,3.214,73,0.9041,103.071,2008-12,2012-10,monitor
B0001ML86M,14,3.214,133,0.8195,126.071,2004-06,2008-08,monitor
B00002N5E4,14,3.143,19,0.6316,54.071,2011-08,2014-03,monitor
B00005MO3L,14,3.143,19,0.5263,62.214,2009-11,2014-01,monitor
B000FM0544,14,3.143,80,0.8625,316.5,2007-10,2013-12,monitor
B00000J0D5,14,3.071,62,0.9355,90.5,2000-07,2013-01,monitor
B00000JII6,14,3.071,136,0.9338,115.643,2001-07,2008-04,monitor
B000ANOYMC,14,3.071,40,0.875,96.571,2007-11,2011-11,monitor
B000HWXGOS,14,3.071,101,0.9109,133.286,2006-11,2014-01,monitor
B00007GWBV,14,3.0,21,0.8571,83.929,2005-01,2013-12,monitor
B00008N6X4,14,3.0,53,0.717,96.143,2003-11,2007-05,monitor
B0001WW398,14,3.0,113,0.885,156.5,2004-10,2007-11,monitor
B00095OAQG,14,3.0,10,0.6,91.357,2007-05,2013-09,monitor
B0000DBMKK,14,2.786,300,0.77,142.571,2003-12,2009-07,monitor
B00009KH5P,14,2.714,13,0.7692,158.571,2005-11,2014-03,monitor
B000BTH36E,14,2.714,58,0.7759,49.429,2007-10,2013-12,monitor
B0002S30RU,14,2.643,76,0.6316,98.214,2005-10,2010-08,monitor
B000FNPW96,14,2.643,35,0.9429,114.429,2006-10,2013-03,monitor
B0002KQR28,14,2.571,139,0.6547,170.143,2004-10,2006-05,monitor
B00006B9WE,14,2.5,111,0.8829,64.643,2004-07,2013-12,monitor
B000084FD5,14,2.5,104,0.9135,62.571,2003-05,2011-05,monitor
B000ERD6HS,14,2.5,60,0.75,191.214,2006-04,2011-06,monitor
B0001ML86C,14,2.429,99,0.7475,119.857,2004-11,2012-12,monitor
B00008SJX3,14,2.286,191,0.8429,181.857,2003-06,2005-03,monitor
B0006FS1Z0,14,2.286,91,0.8901,96.571,2005-02,2007-11,monitor
B000GJF76W,14,2.143,89,0.6629,144.643,2006-09,2014-01,monitor
B0006G3BHW,13,5.0,18,0.8889,60.846,2005-07,2014-04,monitor
B0007KK2KG,13,5.0,7,0.8571,40.769,2011-08,2014-06,monitor
B0008JF8UK,13,5.0,21,0.9048,40.462,2011-01,2014-05,monitor
B000EWE3GQ,13,5.0,8,1.0,56.154,2007-05,2013-05,monitor
B000G835DA,13,5.0,100,0.95,234.462,2006-11,2012-03,monitor
B000J38HZ8,13,5.0,33,0.9091,50.154,2010-01,2013-12,monitor
B00005UKBD,13,4.923,324,0.9722,234.923,2001-12,2012-03,monitor
B000065V15,13,4.923,39,0.9231,185.846,2002-05,2005-03,monitor
B00009R6IA,13,4.923,22,1.0,81.462,2005-12,2011-04,monitor
B0000ALKBU,13,4.923,250,0.84,238.538,2006-01,2012-06,monitor
B00019OXF8,13,4.923,8,0.75,146.308,2009-12,2014-06,monitor
B00029HOCG,13,4.923,40,0.95,60.769,2009-01,2014-02,monitor
B0006DPNOE,13,4.923,8,0.75,66,2012-10,2014-05,monitor
B0006VHVB4,13,4.923,26,0.9615,122.385,2005-01,2014-06,monitor
B000AHVGA6,13,4.923,27,0.7778,131.231,2008-06,2009-10,monitor
B000JJSQ9E,13,4.923,7,1.0,59.385,2010-03,2014-05,monitor
B00004TDN4,13,4.846,153,0.9673,176.462,2000-06,2004-02,monitor
B00004YZLZ,13,4.846,190,0.9421,237.077,2001-08,2013-10,monitor
B00005NPW8,13,4.846,12,0.8333,48,2012-03,2014-04,monitor
B00006LU7J,13,4.846,254,0.9331,375.077,2002-12,2013-03,monitor
B00007E809,13,4.846,7,0.8571,51.077,2007-04,2014-04,monitor
B00008ZGSD,13,4.846,10,0.9,41.077,2009-09,2014-05,monitor
B000092YPL,13,4.846,46,0.9348,96.846,2007-08,2013-02,monitor
B00009XV7A,13,4.846,206,0.9709,118.231,2006-09,2014-06,monitor
B0000Y5TI4,13,4.846,229,0.8472,148.769,2005-10,2013-10,monitor
B0002EE5JQ,13,4.846,15,1.0,67.923,2006-01,2014-04,monitor
B000CHPJAM,13,4.846,10,0.7,67.154,2012-09,2014-05,monitor
B000FO1WCQ,13,4.846,63,1.0,105.923,2008-01,2013-05,monitor
B000GLHDH6,13,4.846,11,0.8182,86.308,2008-03,2014-06,monitor
B00004Z5KI,13,4.769,15,0.8667,44.923,2010-09,2014-06,monitor
B00005OMZJ,13,4.769,44,0.9091,68.154,2002-01,2010-04,monitor
B000068O4C,13,4.769,3,0.6667,33.923,2011-06,2014-07,monitor
B00009R6QP,13,4.769,79,1.0,140.692,2006-06,2009-06,monitor
B00009XVHZ,13,4.769,31,0.9677,75.154,2011-08,2014-07,monitor
B0000C47QI,13,4.769,24,1.0,93.923,2006-06,2013-09,monitor
B0000E6S12,13,4.769,18,0.5556,114.615,2007-11,2014-03,monitor
B0000ZL2J8,13,4.769,177,0.9209,193.385,2005-10,2013-08,monitor
B0002J1TUE,13,4.769,19,0.8947,53.385,2010-09,2014-06,monitor
B0003009AI,13,4.769,43,1.0,270.308,2007-01,2011-05,monitor
B0009PAZ0Q,13,4.769,3,1.0,38.077,2007-07,2014-03,monitor
B0009VT9OI,13,4.769,14,1.0,121.923,2009-06,2014-06,monitor
B000BSN63O,13,4.769,6,1.0,45.923,2008-04,2014-04,monitor
B000EHMGBA,13,4.769,30,1.0,55.231,2008-10,2014-07,monitor
B000GL3U0U,13,4.769,8,0.875,35.308,2007-01,2013-11,monitor
B000I672PC,13,4.769,12,0.9167,155.692,2008-11,2012-11,monitor
B000J2V65M,13,4.769,93,0.957,147.231,2007-01,2010-06,monitor
B00005NPWI,13,4.692,5,0.6,46.231,2008-12,2014-03,monitor
B000067SO7,13,4.692,29,0.931,31.923,2007-11,2014-05,monitor
B00006LHDV,13,4.692,18,1.0,71.846,2007-03,2014-03,monitor
B00009MF82,13,4.692,19,0.8947,98.462,2007-03,2013-12,monitor
B0001G6UB6,13,4.692,177,0.9661,190.308,2004-04,2012-12,monitor
B0002861MG,13,4.692,6,1.0,71.231,2010-09,2014-04,monitor
B0002EQVMA,13,4.692,11,0.2727,38.154,2006-07,2014-07,monitor
B0002EXJIY,13,4.692,6,0.5,46.538,2010-08,2014-01,monitor
B0002JFNQU,13,4.692,0,,50.462,2008-08,2012-11,monitor
B0009NXN7K,13,4.692,8,0.5,128.231,2010-01,2012-09,monitor
B0009W8WDQ,13,4.692,20,1.0,98.846,2008-12,2014-03,monitor
B000E9ZQBU,13,4.692,14,0.0714,60.231,2009-02,2013-12,monitor
B000FG30U6,13,4.692,39,0.7949,155.846,2007-02,2014-07,monitor
B000H7GSG6,13,4.692,328,0.8476,260.615,2007-01,2012-09,monitor
B000HDKZPU,13,4.692,7,1.0,38.538,2011-05,2014-05,monitor
B000JJSQCG,13,4.692,23,1.0,80.769,2008-09,2012-05,monitor
B00004YMBK,13,4.615,669,0.9537,165.308,2000-10,2001-08,monitor
B0000632T3,13,4.615,110,0.9182,43.769,2003-08,2013-04,monitor
B000068O3G,13,4.615,5,0.8,31.385,2009-12,2014-06,monitor
B00009RUFZ,13,4.615,19,0.6842,53.615,2006-06,2013-03,monitor
B00016W6ZK,13,4.615,13,0.8462,46.769,2007-07,2014-04,monitor
B0002EXF10,13,4.615,22,0.8636,42.077,2011-04,2014-07,monitor
B0002KRCH2,13,4.615,2,1.0,41.385,2009-08,2014-04,monitor
B00064JWSG,13,4.615,73,0.8219,220.308,2009-01,2014-06,monitor
B0006Z61EI,13,4.615,23,0.8261,49.077,2007-06,2014-07,monitor
B0007KPRJM,13,4.615,0,,43.154,2011-01,2013-04,monitor
B0007X2GIO,13,4.615,34,1.0,105.538,2006-05,2013-11,monitor
B00080M9AG,13,4.615,13,0.8462,81.846,2011-06,2014-04,monitor
B0009K7CZC,13,4.615,60,0.85,119.538,2007-03,2013-11,monitor
B0009K9Q2E,13,4.615,71,0.9437,63.077,2005-10,2013-08,monitor
B000BR0MFK,13,4.615,374,0.9171,134.846,2007-09,2014-07,monitor
B000H6GFKG,13,4.615,185,0.7243,304.846,2006-10,2008-11,monitor
B000IEN8QQ,13,4.615,84,0.9524,240.231,2006-10,2012-09,monitor
B000JSFT2C,13,4.615,33,0.8788,117.538,2008-03,2014-07,monitor
B00000J1EP,13,4.538,9,0.8889,92.615,2007-08,2014-07,monitor
B0000665UZ,13,4.538,11,0.9091,58.308,2011-10,2014-04,monitor
B00007E7UN,13,4.538,67,0.9701,148.692,2005-04,2014-04,monitor
B00007F8UQ,13,4.538,82,0.939,263.846,2003-01,2014-06,monitor
B0000AE68P,13,4.538,11,0.9091,32.154,2011-03,2014-07,monitor
B0000APTOQ,13,4.538,8,0.875,54.462,2007-02,2014-05,monitor
B0000AZ0OP,13,4.538,190,0.8263,64.077,2007-01,2010-11,monitor
B0000BV1LS,13,4.538,25,0.96,61.231,2007-04,2013-01,monitor
B0000C20R9,13,4.538,54,0.8889,252.692,2003-12,2012-01,monitor
B0001EY1GY,13,4.538,354,0.9209,337.538,2004-04,2011-06,monitor
B0002BETIG,13,4.538,3,1.0,53.154,2009-08,2014-06,monitor
B0002BEV9S,13,4.538,3,0.6667,57.923,2009-06,2014-05,monitor
B0002E3WJU,13,4.538,1,1.0,39.846,2011-01,2014-03,monitor
B0002EHOCQ,13,4.538,10,1.0,55.538,2011-08,2014-05,monitor
B0002HMRG6,13,4.538,16,1.0,73.462,2007-03,2014-06,monitor
B0002UHUME,13,4.538,22,0.7727,80.769,2005-02,2011-03,monitor
B0007VTU9O,13,4.538,199,0.8141,136.692,2005-04,2013-08,monitor
B0009S7YJS,13,4.538,8,0.625,76.538,2009-01,2013-11,monitor
B000BF53RY,13,4.538,36,0.8611,51.846,2007-01,2011-10,monitor
B000BYGFYU,13,4.538,117,0.9231,238.077,2006-10,2013-12,monitor
B000EN6GP6,13,4.538,52,0.4615,136.692,2006-08,2011-05,monitor
B000GZ09YQ,13,4.538,27,0.963,67.846,2007-03,2010-11,monitor
B00000J08C,13,4.462,101,0.9208,64.462,2000-06,2014-07,monitor
B00004T0RC,13,4.462,82,0.8902,191.385,2000-08,2009-03,monitor
B00004YZLY,13,4.462,513,0.9766,142.923,2004-06,2013-07,monitor
B00006B8BJ,13,4.462,10,0.4,30.615,2011-01,2014-07,monitor
B00006B9CN,13,4.462,97,0.7938,241.077,2002-10,2013-09,monitor
B00006IS50,13,4.462,46,0.9565,132.077,2006-02,2009-11,monitor
B00009MKHA,13,4.462,96,0.9479,132.615,2006-11,2013-12,monitor
B00009R9A3,13,4.462,127,0.4252,68.692,2007-08,2014-05,monitor
B0000BZ2WC,13,4.462,17,0.7647,83.692,2003-11,2014-05,monitor
B00013UXRQ,13,4.462,10,0.4,41.538,2009-03,2013-10,monitor
B0001XGQRC,13,4.462,9,0.5556,46.385,2008-07,2014-05,monitor
B0002AHQM8,13,4.462,137,0.8832,215.846,2004-10,2013-07,monitor
B0002OGJJA,13,4.462,412,0.966,238.769,2004-09,2011-10,monitor
B0007LI13U,13,4.462,38,0.8684,93.615,2006-04,2012-06,monitor
B000A40M22,13,4.462,190,0.5579,84.692,2007-03,2014-06,monitor
B00006HWX4,13,4.385,101,0.9208,191.692,2003-01,2012-08,monitor
B0000721Z0,13,4.385,3,1.0,58.692,2007-11,2013-12,monitor
B00007FGUC,13,4.385,10,0.6,59.462,2007-09,2013-08,monitor
B00009R89G,13,4.385,81,0.5802,195.769,2007-06,2011-06,monitor
B0000C20V3,13,4.385,73,0.6712,105.462,2004-04,2014-03,monitor
B0000CH58M,13,4.385,269,0.9628,370.385,2003-10,2005-12,monitor
B0000DC0T4,13,4.385,65,0.9231,56.846,2009-05,2014-01,monitor
B0001G6UES,13,4.385,246,0.8537,123.538,2004-08,2014-03,monitor
B0001LS14U,13,4.385,15,0.9333,65.385,2006-02,2014-05,monitor
B0003NFJKA,13,4.385,9,0.6667,44.462,2010-12,2014-07,monitor
B000932JMA,13,4.385,19,0.7895,65.538,2007-05,2013-03,monitor
B000AQ8NVW,13,4.385,7,0.5714,70.846,2010-05,2014-05,monitor
B000E1HXL4,13,4.385,67,0.8358,90.385,2007-03,2010-01,monitor
B000ERAIQ0,13,4.385,38,0.8158,114.923,2007-03,2010-01,monitor
B000F38IQK,13,4.385,118,0.9746,204.077,2006-12,2014-02,monitor
B000FAB84C,13,4.385,52,0.9038,54.308,2007-06,2014-02,monitor
B000FSILBM,13,4.385,21,0.9524,96.769,2008-01,2014-01,monitor
B000GWGHOK,13,4.385,28,0.7857,68.846,2008-01,2012-02,monitor
B000JQB4C8,13,4.385,8,1.0,46.462,2012-04,2014-07,monitor
B000JUZE1Q,13,4.385,28,0.8571,94,2007-07,2012-02,monitor
7214047977,13,4.308,10,0.8,46,2012-12,2014-03,monitor
B00001OPJZ,13,4.308,79,0.962,121,2000-02,2009-04,monitor
B00004ZCB3,13,4.308,71,0.6761,72.462,2009-05,2014-04,monitor
B00005ML58,13,4.308,18,0.9444,112.385,2001-10,2003-04,monitor
B00009R6Q2,13,4.308,43,0.814,92.308,2008-01,2014-02,monitor
B00009R8D3,13,4.308,94,0.8936,111.615,2009-10,2014-01,monitor
B0000AINEO,13,4.308,377,0.8647,310.923,2003-07,2008-04,monitor
B0001XX0NU,13,4.308,15,0.6,50.923,2007-11,2014-07,monitor
B0002HS1A2,13,4.308,116,0.8621,304,2005-01,2008-12,monitor
B0002OE2P8,13,4.308,417,0.7698,311.615,2004-08,2012-09,monitor
B0009292SA,13,4.308,136,0.7353,162.692,2005-08,2013-02,monitor
B000BBYH7U,13,4.308,10,0.8,52.538,2007-02,2014-05,monitor
B000BI6AH8,13,4.308,95,0.9789,292.846,2007-01,2010-03,monitor
B000C3UWHQ,13,4.308,39,0.9231,75.308,2010-04,2013-05,monitor
B000CIY5NS,13,4.308,94,0.8511,51.462,2007-12,2014-06,monitor
B000E7EL0Y,13,4.308,23,0.6957,103.385,2009-08,2013-11,monitor
B000E887XU,13,4.308,25,0.88,71.615,2009-02,2014-04,monitor
B000EZ764E,13,4.308,27,0.8148,107.923,2006-07,2012-01,monitor
B000FHEM5M,13,4.308,83,0.7711,81.154,2006-11,2013-05,monitor
B000FLRXKO,13,4.308,41,0.9268,122.692,2006-08,2013-05,monitor
B000FONSEQ,13,4.308,25,0.96,142.923,2006-11,2013-12,monitor
B000FQ76IS,13,4.308,28,0.9643,151.538,2007-01,2011-03,monitor
B000G6TUOU,13,4.308,76,0.9605,39,2007-04,2014-07,monitor
B00000J3Q7,13,4.231,65,0.9538,128.385,1999-08,2014-05,monitor
B00005NHGP,13,4.231,57,0.6842,54.231,2001-11,2014-07,monitor
B00008IHTY,13,4.231,282,0.883,247.846,2003-06,2011-01,monitor
B0001G0FGW,13,4.231,152,0.7434,111.923,2004-12,2013-01,monitor
B0001YFXCA,13,4.231,38,0.7895,68,2004-07,2009-06,monitor
B0002MQ74E,13,4.231,290,0.931,308.154,2004-08,2006-03,monitor
B0003NN80S,13,4.231,41,0.4146,65.846,2007-01,2014-07,monitor
B00061NL86,13,4.231,17,0.8235,221.308,2009-09,2014-04,monitor
B000AYKUTW,13,4.231,223,0.9238,226.077,2005-10,2013-11,monitor
B000FEHJEG,13,4.231,22,0.6818,62.923,2009-06,2013-05,monitor
B000FPKNZC,13,4.231,22,0.7727,167.769,2007-01,2013-02,monitor
B000HZD2YE,13,4.231,165,0.9697,134.154,2006-10,2012-06,monitor
B00006B8C3,13,4.154,47,0.9574,98,2005-01,2013-10,monitor
B00006HOKW,13,4.154,175,0.9429,96.923,2004-09,2014-04,monitor
B00009WO2M,13,4.154,65,0.8308,101.231,2004-04,2009-07,monitor
B0000V1A7Q,13,4.154,107,0.6916,81.385,2008-04,2014-05,monitor
B0001RM4I8,13,4.154,9,0.8889,63.462,2006-02,2014-02,monitor
B0002DV9DM,13,4.154,412,0.8859,352.077,2004-10,2006-05,monitor
B000329HEU,13,4.154,8,0.875,74.846,2010-05,2014-04,monitor
B0006GBD5O,13,4.154,53,0.9057,169.923,2005-05,2013-01,monitor
B000A3N78Y,13,4.154,309,0.9547,273.769,2005-09,2010-05,monitor
B000AR8VEK,13,4.154,45,0.9111,110.923,2008-07,2014-01,monitor
B000FCP4ZY,13,4.154,26,0.7692,75.692,2007-11,2014-03,monitor
B000FESU9O,13,4.154,358,0.9134,199.308,2006-07,2010-04,monitor
B000HJBESG,13,4.154,30,0.8667,87.385,2006-11,2014-06,monitor
B000HWS0OY,13,4.154,70,0.9,255.923,2006-12,2013-11,monitor
9966694544,13,4.077,37,0.8378,60.231,2013-05,2014-06,monitor
B00000JBHP,13,4.077,15,0.8,64.615,2010-07,2014-06,monitor
B0000326O1,13,4.077,166,0.8554,92.692,2001-07,2013-11,monitor
B00004Y2ZF,13,4.077,86,0.6977,123.231,2000-10,2014-01,monitor
B00006RVNQ,13,4.077,16,0.75,120.231,2006-05,2014-02,monitor
B00009UTLU,13,4.077,123,0.9512,94.462,2004-11,2014-05,monitor
B0000A0AET,13,4.077,27,0.4815,91.154,2009-02,2014-07,monitor
B0000E2PMA,13,4.077,36,0.4167,147.846,2006-07,2010-01,monitor
B0000XMW8U,13,4.077,38,0.7632,98.385,2010-10,2014-05,monitor
B0002OIFR4,13,4.077,15,0.6667,51.385,2010-12,2014-07,monitor
B0009Q4U7Y,13,4.077,173,0.8786,160.077,2005-05,2011-04,monitor
B000A4AWE0,13,4.077,43,0.9535,203.231,2008-03,2014-06,monitor
B000BX47X2,13,4.077,13,0.6923,59.385,2010-02,2014-03,monitor
B000EDO4JG,13,4.077,42,0.5238,105.538,2006-08,2008-09,monitor
B000FVNWRC,13,4.077,39,0.7692,106,2006-12,2014-03,monitor
B000GE404C,13,4.077,11,1.0,80.769,2010-10,2013-10,monitor
B000IF9QW0,13,4.077,25,0.76,94.231,2010-01,2014-06,monitor
B000JEUBTC,13,4.077,186,0.328,76.615,2008-02,2014-06,monitor
B000063CWO,13,4.0,185,0.9243,249.077,2002-05,2005-06,monitor
B00006L43O,13,4.0,38,0.8684,77.538,2006-02,2012-01,monitor
B0000TQABY,13,4.0,91,0.9451,72.692,2007-07,2014-06,monitor
B00012YIA0,13,4.0,57,0.5614,101,2007-09,2014-06,monitor
B0001407XU,13,4.0,148,0.8176,219.615,2004-10,2006-06,monitor
B000233XTA,13,4.0,10,1.0,104.615,2009-04,2014-04,monitor
B00067KZ8Y,13,4.0,66,0.8333,210.769,2004-11,2007-03,monitor
B0006G33UW,13,4.0,98,0.8367,157.692,2005-08,2008-02,monitor
B000701DZE,13,4.0,58,0.931,77.538,2005-08,2011-02,monitor
B000BD7QUS,13,4.0,26,0.9231,191.846,2007-01,2010-03,monitor
B000EI3W5I,13,4.0,7,1.0,189.462,2011-08,2013-07,monitor
B000EX1TGC,13,4.0,32,1.0,51.769,2007-10,2014-07,monitor
B000FTHDOW,13,4.0,135,0.8222,280.538,2006-08,2013-12,monitor
B000FVIHY0,13,4.0,77,0.9091,124.923,2007-10,2014-03,monitor
B000IJFB1G,13,4.0,63,0.8571,93.077,2005-09,2013-07,monitor
B00005T3T6,13,3.923,86,0.8837,101.538,2002-01,2013-12,monitor
B000067SQP,13,3.923,78,0.8846,116.154,2005-03,2012-12,monitor
B00009UTD7,13,3.923,75,0.7067,105.846,2006-01,2014-05,monitor
B0000AE82C,13,3.923,315,0.7873,155.846,2003-11,2010-04,monitor
B0002IYOXY,13,3.923,57,0.9123,84.846,2008-06,2013-11,monitor
B0002VO8GE,13,3.923,122,0.7951,52.231,2007-03,2011-11,monitor
B0007Y6AF8,13,3.923,547,0.9817,327.692,2005-04,2011-05,monitor
B0009JR5K0,13,3.923,29,0.6552,106.923,2007-05,2014-03,monitor
B0009X6QH4,13,3.923,208,0.7548,209.308,2005-08,2009-06,monitor
B000A7NRPI,13,3.923,96,0.9271,123.385,2006-04,2014-01,monitor
B000CSGJCS,13,3.923,152,0.9671,274.769,2006-05,2009-03,monitor
B000EM2I3G,13,3.923,1,1.0,40.231,2011-07,2014-02,monitor
B000ISLKBM,13,3.923,16,0.875,70.769,2009-01,2014-06,monitor
B00004RDL5,13,3.846,109,0.9541,179.692,2006-02,2013-02,monitor
B00006JBJY,13,3.846,85,0.9294,134.077,2002-11,2008-07,monitor
B0000DHVN3,13,3.846,172,0.8895,116.615,2005-01,2012-12,monitor
B0006SD70G,13,3.846,6,0.3333,30.692,2009-09,2013-11,monitor
B000BH2W9O,13,3.846,17,0.8235,47.692,2009-07,2014-04,monitor
B000JFAMZY,13,3.846,85,0.7647,187.769,2006-12,2013-01,monitor
B00000JDHV,13,3.769,357,0.9636,127.077,1999-10,2014-02,monitor
B0000222MY,13,3.769,217,0.9171,152.077,2000-01,2014-06,monitor
B00004RG6K,13,3.769,145,0.8414,220.077,2000-05,2005-03,monitor
B00006D2L3,13,3.769,108,0.8519,140.769,2002-11,2005-05,monitor
B00062GJ8O,13,3.769,35,0.9143,97.538,2006-10,2013-09,monitor
B0007M3PGC,13,3.769,47,0.5532,123.692,2005-06,2008-11,monitor
B000AXU76E,13,3.769,11,0.9091,79,2007-01,2013-04,monitor
B000F2M16E,13,3.769,175,0.7714,170.154,2006-04,2007-05,monitor
B000GJOUGK,13,3.769,173,0.8902,326.538,2006-07,2008-01,monitor
B00000JCT8,13,3.692,135,0.7704,55.231,2000-01,2014-06,monitor
B00004ZCKL,13,3.692,35,0.6286,90.692,2001-06,2012-05,monitor
B00006B7D8,13,3.692,32,0.875,96.231,2006-11,2013-07,monitor
B00006JPD1,13,3.692,98,0.9184,128.308,2004-04,2014-03,monitor
B000088USR,13,3.692,129,0.9302,236.769,2003-04,2009-07,monitor
B000CMGJ0G,13,3.692,16,0.875,130.538,2007-09,2014-04,monitor
B000ETKXK4,13,3.692,33,0.9091,68,2007-08,2011-12,monitor
B000HTF7DE,13,3.692,146,0.9452,196.538,2006-12,2013-08,monitor
B000IZC2B2,13,3.692,53,0.9057,150.769,2007-06,2009-07,monitor
B0000CEPDF,13,3.615,179,0.7654,191.385,2003-12,2008-08,monitor
B0002EXJ98,13,3.615,13,0.9231,98.231,2006-07,2014-07,monitor
B000ELSZBQ,13,3.615,59,0.8305,259.077,2006-08,2008-11,monitor
B000F657DY,13,3.615,30,0.8667,107.385,2006-09,2013-12,monitor
B000HHYZV6,13,3.615,98,0.7653,175.769,2007-01,2014-04,monitor
B00006I5RA,13,3.538,65,0.7692,105.231,2004-12,2010-10,monitor
B00009UHYC,13,3.538,20,0.8,56.923,2005-01,2014-06,monitor
B00064L1AI,13,3.538,357,0.9328,350.385,2004-12,2007-06,monitor
B000DZXDM4,13,3.538,16,0.9375,71.923,2007-08,2014-07,monitor
B000EREM5I,13,3.538,14,0.7857,147.462,2007-02,2013-09,monitor
B000EVSI7M,13,3.538,14,0.2857,165,2013-07,2014-07,monitor
B000JQ3A7A,13,3.538,102,0.9804,94,2009-07,2013-09,monitor
B000060OEO,13,3.462,27,0.7037,117,2006-05,2013-12,monitor
B0000C4DX1,13,3.462,68,0.8382,197.154,2004-01,2009-09,monitor
B0000DC65O,13,3.462,124,0.8065,119.462,2004-04,2010-12,monitor
B0000E1FDJ,13,3.462,160,0.3812,82.308,2004-11,2014-04,monitor
B0001JSSLI,13,3.462,196,0.9592,82.154,2004-12,2009-01,monitor
B00078NING,13,3.462,27,0.9259,141.846,2006-12,2013-06,monitor
B000B7RFSM,13,3.462,95,0.9053,56.077,2006-03,2014-05,monitor
B000BUIP6K,13,3.462,22,0.8636,88.615,2009-05,2014-03,monitor
B000E0KGU0,13,3.462,28,0.8929,83.692,2007-08,2013-03,monitor
B000F8XATA,13,3.462,41,0.9268,94.231,2006-10,2014-04,monitor
B000JRPCHK,13,3.462,45,0.8889,88.846,2007-02,2007-06,monitor
B00005TQ1Y,13,3.385,107,0.8037,140.308,2001-12,2014-07,monitor
B00009R6NZ,13,3.385,62,0.7742,125.615,2004-12,2014-04,monitor
B0009T035E,13,3.385,32,1.0,87.385,2008-03,2013-12,monitor
B000AR95EA,13,3.385,352,0.8778,279.615,2005-12,2007-06,monitor
B000EIHQX2,13,3.385,97,0.8866,139.923,2006-06,2012-11,monitor
B000GT4BCI,13,3.385,138,0.8043,215.615,2006-11,2011-01,monitor
B00005NWVJ,13,3.308,45,0.6889,121.846,2002-01,2009-01,monitor
B000067FCS,13,3.308,130,0.8,225.692,2002-06,2011-01,monitor
B000BPGZOY,13,3.308,95,0.7263,118.077,2005-11,2007-04,monitor
1400532736,13,3.231,90,0.7333,244.231,2012-09,2014-06,monitor
B000083DY0,13,3.231,199,0.7839,163.077,2003-03,2006-07,monitor
B0000AZJZT,13,3.231,14,0.7857,118.462,2010-01,2013-05,monitor
B000ASGFRE,13,3.231,217,0.9585,246.154,2005-12,2013-12,monitor
B000BQQL24,13,3.231,295,0.8373,112.692,2005-10,2010-09,monitor
B000CEE2PS,13,3.231,26,0.4231,54.692,2007-05,2014-04,monitor
B000IOP8ZU,13,3.231,63,0.873,184.231,2006-12,2009-12,monitor
B00005Y7DP,13,3.154,79,0.9241,197.538,2002-07,2012-02,monitor
B000069J56,13,3.154,66,0.8485,178.923,2002-08,2013-03,monitor
B0000ABSQ0,13,3.154,25,0.64,65.846,2007-06,2009-01,monitor
B000BKTET2,13,3.154,56,0.875,123.846,2006-07,2014-01,monitor
B000GZ6ZQC,13,3.154,13,0.7692,50.538,2010-08,2014-03,monitor
B00006B753,13,3.077,38,0.7895,134.846,2004-12,2010-07,monitor
B00024JN3Y,13,3.077,32,0.75,59.077,2008-01,2014-07,monitor
B000BFYCUS,13,3.077,66,0.7424,173.154,2007-01,2014-04,monitor
B000G1Q9GW,13,3.077,113,0.5487,116.538,2006-07,2009-02,monitor
B000IZ78WK,13,3.077,58,0.8621,192.615,2007-03,2014-01,monitor
B000HJ77N2,13,3.0,22,0.9545,52.077,2009-11,2014-07,monitor
B00005AW1X,13,2.846,81,0.7284,143.154,2001-06,2005-02,monitor
B0000CBJ8J,13,2.846,796,0.9384,198,2003-10,2006-07,monitor
B0001F1ZVW,13,2.846,15,0.8,104.154,2006-03,2012-12,monitor
B0002MH3HE,13,2.846,22,0.9091,91.923,2004-12,2013-09,monitor
B0009L1GMG,13,2.846,36,0.5278,102.923,2009-03,2013-10,monitor
B000FN8ZPY,13,2.846,159,0.8553,113.385,2007-10,2014-01,monitor
B000067SNB,13,2.769,50,0.96,104,2006-02,2012-03,monitor
B000BT2XDW,13,2.769,94,0.9468,117.615,2006-06,2013-11,monitor
B0007TC390,13,2.692,83,0.7952,154.538,2005-08,2014-01,monitor
B00007DN1E,13,2.615,92,0.8587,140.462,2003-11,2012-12,monitor
B000GT90QA,13,2.538,99,0.9798,101.154,2006-12,2010-06,monitor
B0000UUR6C,13,2.462,101,0.8119,140.385,2005-01,2013-03,monitor
B0007U093G,13,2.308,346,0.9075,363.231,2005-06,2012-04,monitor
B000EDVT8K,13,2.231,175,0.7829,110.769,2006-12,2011-04,monitor
B000F6UKTU,13,2.0,89,0.8989,129.308,2007-10,2013-07,monitor
B000BOCUUI,13,1.615,73,1.0,137,2006-02,2013-11,monitor
B0000E68U2,12,5.0,223,0.9552,289.5,2006-05,2009-02,monitor
B0001I95CA,12,5.0,6,0.8333,77.083,2008-09,2014-06,monitor
B000G1O7DE,12,5.0,34,0.4706,46,2006-09,2013-06,monitor
B00004YZLV,12,4.917,238,0.958,167.833,2001-01,2014-06,monitor
B00009R88K,12,4.917,34,0.8529,115.167,2006-11,2012-04,monitor
B00009UHCV,12,4.917,11,0.9091,34,2007-06,2013-09,monitor
B0001DKQXM,12,4.917,302,0.9768,189.833,2004-08,2009-04,monitor
B0002BEQL6,12,4.917,3,0.6667,35.083,2011-11,2014-05,monitor
B00065DH04,12,4.917,51,0.8235,61.083,2007-01,2014-02,monitor
B00066HP2E,12,4.917,5,1.0,27.333,2011-10,2014-06,monitor
B00066HQ50,12,4.917,2,1.0,43.75,2011-09,2014-06,monitor
B0006ITZF2,12,4.917,8,0.75,32.583,2007-05,2014-04,monitor
B0009XNPT6,12,4.917,37,0.9459,119.583,2006-03,2010-07,monitor
B000CD8BCY,12,4.917,172,0.9593,110.083,2006-05,2013-05,monitor
B000FG6CO2,12,4.917,15,1.0,64.917,2011-09,2014-04,monitor
B000GE8MF0,12,4.917,54,0.8519,132.083,2007-09,2012-12,monitor
B00006HUJU,12,4.833,6,0.8333,69,2008-06,2014-04,monitor
B00006JQ4I,12,4.833,5,1.0,35.667,2012-02,2014-04,monitor
B000094FV6,12,4.833,46,0.913,72.167,2003-07,2014-06,monitor
B00009R6QC,12,4.833,29,0.8966,63.5,2006-11,2014-01,monitor
B0000D88FU,12,4.833,2,1.0,25.667,2011-09,2014-07,monitor
B0000D898Q,12,4.833,35,0.9429,38.667,2007-03,2013-10,monitor
B00014K3V6,12,4.833,134,0.8582,173,2006-12,2014-03,monitor
B00022OBYW,12,4.833,9,1.0,46.417,2009-03,2013-10,monitor
B0002KR3X0,12,4.833,2,1.0,52.833,2010-07,2014-06,monitor
B0007XYI9O,12,4.833,80,0.825,102.417,2006-01,2013-02,monitor
B000A2I3AM,12,4.833,21,0.7143,42.5,2007-06,2014-05,monitor
B000B6CP7O,12,4.833,9,1.0,56.417,2013-07,2014-03,monitor
B000BKP1JE,12,4.833,172,0.907,232.167,2007-02,2014-06,monitor
B000F4CVAI,12,4.833,72,0.9167,89.5,2007-10,2009-03,monitor
B000ICXVK6,12,4.833,56,0.6607,129.583,2008-03,2013-08,monitor
B000IDWDKO,12,4.833,14,0.7143,51.75,2008-07,2014-04,monitor
B0000300QN,12,4.75,132,0.9621,148.25,1999-12,2014-07,monitor
B00004L8IG,12,4.75,14,0.9286,150.333,2000-06,2014-04,monitor
B00004WHF4,12,4.75,47,0.8085,94,2000-10,2006-01,monitor
B00005ICE3,12,4.75,93,0.9247,100.25,2001-12,2007-09,monitor
B00005LEOR,12,4.75,206,0.9369,164.75,2006-06,2014-03,monitor
B00008W7LN,12,4.75,49,1.0,106.583,2005-09,2008-03,monitor
B0000W4U2M,12,4.75,99,0.9394,155.583,2005-05,2014-03,monitor
B0002KRAP6,12,4.75,41,0.6585,117.583,2007-05,2013-11,monitor
B00065DG0A,12,4.75,29,0.8966,43.25,2007-01,2013-06,monitor
B00067KZBQ,12,4.75,311,0.9871,292.333,2004-11,2005-11,monitor
B00092ZY0A,12,4.75,4,0.75,37.083,2010-02,2014-05,monitor
B0009N7OL6,12,4.75,24,0.9167,151.083,2006-09,2012-04,monitor
B0009WRU8O,12,4.75,28,0.9286,70.5,2009-09,2014-03,monitor
B000AY89U4,12,4.75,9,0.7778,42.917,2007-03,2013-10,monitor
B000H0IKA0,12,4.75,13,0.4615,85.75,2007-04,2008-05,monitor
B000JE5CIC,12,4.75,124,0.7984,178.583,2006-12,2014-04,monitor
B00004W3YK,12,4.667,77,0.9481,152.917,2000-08,2008-08,monitor
B00004WHF9,12,4.667,137,0.8759,172,2000-09,2004-03,monitor
B00004X0ZG,12,4.667,19,0.8421,94.333,2004-04,2012-12,monitor
B0000511X0,12,4.667,32,0.3125,132.333,2009-11,2014-03,monitor
B000068O4Y,12,4.667,12,0.6667,29.583,2011-08,2014-07,monitor
B00006HVLP,12,4.667,20,0.85,101.5,2008-08,2014-07,monitor
B00006JI5H,12,4.667,17,1.0,86.25,2008-07,2014-07,monitor
B00008R9MM,12,4.667,15,0.8667,104.75,2012-08,2014-05,monitor
B00008Z1AA,12,4.667,17,0.8824,62.75,2005-12,2010-07,monitor
B000094AE4,12,4.667,5,1.0,80.083,2008-07,2014-06,monitor
B0000BZMIH,12,4.667,39,1.0,112.583,2012-03,2014-01,monitor
B0001U5M48,12,4.667,59,0.9322,105.333,2008-10,2014-02,monitor
B0002DODXA,12,4.667,81,1.0,119.833,2006-01,2014-06,monitor
B0002ER2WI,12,4.667,76,0.8553,82.083,2008-04,2013-11,monitor
B00079PLQ2,12,4.667,47,0.9149,172.083,2007-06,2014-05,monitor
B00083LJ5Y,12,4.667,72,0.9028,72.167,2006-04,2008-02,monitor
B00095M5EA,12,4.667,23,0.6957,89.083,2011-07,2014-05,monitor
B0009PX8IC,12,4.667,0,,55.25,2007-08,2014-01,monitor
B0009U7Y0U,12,4.667,176,0.6477,167.417,2005-08,2011-09,monitor
B0009V488K,12,4.667,22,0.8636,49.417,2007-04,2009-01,monitor
B000BWEIFU,12,4.667,1,1.0,116.25,2007-12,2014-06,monitor
B000BYGGBM,12,4.667,5,1.0,42.5,2008-02,2013-08,monitor
B000ELIBUG,12,4.667,42,0.9286,147,2006-09,2008-01,monitor
B000GHDPHC,12,4.667,69,0.9275,250.667,2006-08,2010-11,monitor
B000JE5CQO,12,4.667,95,0.8,159,2006-12,2014-06,monitor
B00000J4L8,12,4.583,79,0.7089,103.583,2000-03,2013-05,monitor
B00005T3UD,12,4.583,23,0.913,63.833,2009-02,2013-04,monitor
B00006JPF0,12,4.583,5,0.2,44.333,2012-03,2014-05,monitor
B00006SNZN,12,4.583,39,0.8718,88.667,2007-06,2014-04,monitor
B00009R87T,12,4.583,17,1.0,258.667,2009-03,2014-02,monitor
B00009R898,12,4.583,11,0.9091,82.833,2008-07,2012-11,monitor
B00009R9BT,12,4.583,8,0.625,66.917,2009-07,2014-04,monitor
B0000AAAYY,12,4.583,417,0.9472,341.667,2003-11,2013-11,monitor
B0007M611I,12,4.583,81,0.8272,197.917,2005-04,2007-01,monitor
B00092DAFG,12,4.583,30,0.8,156.833,2005-12,2014-06,monitor
B0009E1YPM,12,4.583,202,0.9307,210.75,2005-09,2013-12,monitor
B0009ORXE8,12,4.583,77,0.961,275.417,2006-03,2007-09,monitor
B000BYCNMS,12,4.583,23,0.913,119.667,2008-02,2014-04,monitor
B000BYCU9O,12,4.583,72,0.9722,267.083,2005-12,2007-06,monitor
B000ES8AWI,12,4.583,181,0.9337,67.917,2007-12,2013-02,monitor
B000FCN6SG,12,4.583,16,0.875,174.167,2006-11,2014-03,monitor
B000HDL022,12,4.583,5,0.4,51.833,2010-07,2014-02,monitor
1400699169,12,4.5,104,0.7981,289.667,2013-05,2014-07,monitor
B00000J1F3,12,4.5,17,1.0,78.167,2010-07,2014-04,monitor
B0000510Z9,12,4.5,7,0.7143,48.833,2013-01,2014-03,monitor
B000059ZYA,12,4.5,45,0.9111,178.5,2001-04,2007-01,monitor
B00005B6TI,12,4.5,203,0.9655,261.667,2001-06,2005-07,monitor
B00005QEYI,12,4.5,214,0.9065,212.417,2001-10,2014-05,monitor
B00005U23R,12,4.5,43,0.907,49.083,2006-02,2014-04,monitor
B000068O1J,12,4.5,5,0.2,40.333,2011-06,2014-03,monitor
B00007JO2V,12,4.5,30,0.8333,171.917,2011-06,2013-10,monitor
B00008YMEV,12,4.5,36,0.9167,76.083,2005-03,2013-12,monitor
B0000DZFVR,12,4.5,42,0.9524,90.75,2004-08,2010-01,monitor
B000592UIG,12,4.5,81,0.7284,81.25,2005-05,2013-02,monitor
B0006Z9K1E,12,4.5,19,0.7895,145.083,2010-07,2013-12,monitor
B0007TJDGQ,12,4.5,6,0.6667,78.333,2009-06,2013-05,monitor
B0007WRN6U,12,4.5,79,0.962,228.083,2006-02,2011-06,monitor
B000979258,12,4.5,68,0.9118,96.083,2011-05,2013-10,monitor
B0009GI7NC,12,4.5,85,0.8824,321.417,2012-11,2014-07,monitor
B000AQNJEI,12,4.5,22,1.0,116.25,2009-02,2013-09,monitor
B000BMMORO,12,4.5,10,0.6,52.5,2010-04,2014-06,monitor
B000BS6RH6,12,4.5,33,0.9697,51.5,2006-08,2008-11,monitor
B000ET97CY,12,4.5,33,0.8788,138.25,2008-03,2014-07,monitor
B000EZYOSU,12,4.5,28,0.9286,139.5,2006-07,2014-01,monitor
B000FD3W1G,12,4.5,92,0.413,145.083,2007-05,2009-07,monitor
B000GDI2EC,12,4.5,26,0.9231,66.583,2012-01,2014-03,monitor
B000I23TXK,12,4.5,39,0.5128,30.25,2011-01,2014-04,monitor
B000I2HJ1S,12,4.5,48,0.8542,82.5,2008-05,2014-05,monitor
B000I2JI3K,12,4.5,35,0.7714,55.667,2010-05,2014-06,monitor
B000JFDZ4Y,12,4.5,5,1.0,45.083,2009-02,2014-05,monitor
B00002SWUE,12,4.417,209,0.9378,229.417,1999-11,2003-10,monitor
B00004WLJ7,12,4.417,10,0.6,42.25,2012-08,2014-01,monitor
B00005U0HU,12,4.417,109,0.9358,96.167,2002-07,2009-06,monitor
B00005U23V,12,4.417,32,0.9375,104.25,2004-10,2014-01,monitor
B00007AKC1,12,4.417,69,0.8841,150.167,2003-03,2013-10,monitor
B00009R6FJ,12,4.417,69,0.8116,54.417,2006-07,2009-03,monitor
B00009UTRR,12,4.417,36,0.8611,64.833,2004-10,2014-06,monitor
B0000CD0F4,12,4.417,184,0.9783,245.333,2003-11,2009-07,monitor
B0000DYUZI,12,4.417,21,0.8095,86.833,2009-01,2014-02,monitor
B0001EFIGQ,12,4.417,55,0.8909,81.417,2011-02,2014-05,monitor
B0002E1NOG,12,4.417,4,0.5,61,2008-07,2014-02,monitor
B0002Q7TME,12,4.417,18,0.9444,37.25,2007-09,2013-03,monitor
B0002XGSS8,12,4.417,33,0.8182,178.75,2004-12,2010-02,monitor
B00066ISFM,12,4.417,18,0.8333,64.75,2008-01,2014-06,monitor
B000776KRI,12,4.417,25,0.92,158.333,2005-07,2014-01,monitor
B000E1WEAO,12,4.417,21,0.7619,95.75,2011-02,2014-06,monitor
B000EXHYJI,12,4.417,56,0.9643,158.25,2007-07,2014-03,monitor
B000F99FP2,12,4.417,30,1.0,144.25,2008-11,2014-01,monitor
B000FZRG5M,12,4.417,18,0.6667,64.25,2012-01,2014-04,monitor
B000GGU09O,12,4.417,14,0.8571,70.583,2007-07,2014-03,monitor
B000HJ9CEO,12,4.417,14,0.9286,59.167,2007-03,2012-10,monitor
B0000226QJ,12,4.333,196,0.9694,194.083,2001-03,2009-07,monitor
B000068V7A,12,4.333,8,0.625,52.667,2008-04,2014-06,monitor
B00006HSHI,12,4.333,17,1.0,87.583,2011-01,2014-03,monitor
B00007L6D3,12,4.333,87,0.9425,48.583,2004-09,2009-11,monitor
B000090W8L,12,4.333,13,0.6154,42.583,2009-01,2014-03,monitor
B0000DBML2,12,4.333,31,0.8387,177.417,2010-02,2014-04,monitor
B0001G0FFS,12,4.333,242,0.9504,212.583,2004-11,2014-05,monitor
B0001MHYK6,12,4.333,157,0.9236,148.417,2004-03,2012-07,monitor
B000683VIY,12,4.333,128,0.9219,309.75,2005-01,2014-01,monitor
B0006VX0CI,12,4.333,8,0.5,53.083,2008-03,2013-12,monitor
B0007NIJBM,12,4.333,173,0.8728,280.583,2005-05,2006-12,monitor
B0007WK8L2,12,4.333,20,0.95,59.167,2008-06,2014-07,monitor
B0007Y6AO4,12,4.333,90,0.9444,240.833,2005-09,2007-10,monitor
B00083J67C,12,4.333,25,0.76,52.167,2005-10,2014-04,monitor
B00093OLKS,12,4.333,49,0.8367,54,2008-04,2014-05,monitor
B0009W8M8Q,12,4.333,31,0.6774,96.167,2007-01,2012-12,monitor
B000AYKV00,12,4.333,2,1.0,27,2012-08,2014-02,monitor
B000B55ANG,12,4.333,108,0.8241,75.417,2006-09,2014-02,monitor
B000CHVLPO,12,4.333,24,0.625,95.833,2011-06,2014-04,monitor
B000E1U4WY,12,4.333,7,0.8571,49,2009-11,2014-05,monitor
B000EEZEVC,12,4.333,6,0.8333,69.917,2006-11,2012-12,monitor
B000EOMWLM,12,4.333,6,0.3333,46.583,2010-11,2014-04,monitor
B000HHOOZ8,12,4.333,3,0.6667,50.25,2011-01,2014-04,monitor
B000HZXX0W,12,4.333,135,0.9407,112.25,2006-10,2013-01,monitor
B000I5L4DE,12,4.333,19,0.9474,131.75,2007-06,2014-06,monitor
B000J0ORMS,12,4.333,97,0.7629,192.75,2006-12,2010-03,monitor
B000J4JEYK,12,4.333,8,1.0,54.5,2012-10,2014-06,monitor
B0000488VI,12,4.25,179,0.933,112,2000-09,2002-12,monitor
B000063CWP,12,4.25,306,0.9739,238.333,2002-06,2007-01,monitor
B0000658CD,12,4.25,214,0.9346,272,2002-05,2004-10,monitor
B000067O8H,12,4.25,130,0.8231,80.333,2003-11,2013-09,monitor
B00006B8C0,12,4.25,29,1.0,66.333,2008-04,2014-07,monitor
B000087ZQC,12,4.25,74,0.8784,276.917,2003-06,2007-11,monitor
B00008UAIO,12,4.25,25,0.96,97.417,2007-08,2014-06,monitor
B00009UU2Q,12,4.25,20,1.0,99.667,2009-06,2014-05,monitor
B0001J3Q9W,12,4.25,17,0.8235,51.583,2005-07,2010-07,monitor
B0002805TG,12,4.25,242,0.9339,213.417,2004-06,2013-04,monitor
B0002821X4,12,4.25,7,0.7143,45.917,2008-02,2014-05,monitor
B000816CEY,12,4.25,42,0.7857,204.333,2005-11,2010-05,monitor
B0009LAYSI,12,4.25,7,0.4286,47.167,2007-11,2014-06,monitor
B000AQDOKM,12,4.25,45,0.9333,274.667,2006-01,2011-09,monitor
B000BFHWXM,12,4.25,32,0.875,53.417,2007-01,2014-07,monitor
B000BNP2KE,12,4.25,256,0.8672,235.083,2006-05,2008-05,monitor
B000BZ8PS8,12,4.25,65,0.7538,176.167,2005-12,2013-12,monitor
B000F8GWPO,12,4.25,206,0.9126,156.167,2006-05,2014-01,monitor
B000F9LRZI,12,4.25,63,0.7778,114.25,2006-09,2009-11,monitor
B000G7WZQY,12,4.25,127,0.9528,128.083,2006-09,2014-02,monitor
B000I4UQZM,12,4.25,34,0.9118,123.083,2007-10,2010-08,monitor
B000IGQGJ0,12,4.25,39,0.8718,151.917,2011-04,2013-11,monitor
B000ILDS0K,12,4.25,3,1.0,37.25,2008-01,2013-10,monitor
B00000JYLO,12,4.167,333,0.9459,174.083,2000-02,2013-01,monitor
B0000226IH,12,4.167,144,0.8889,269.583,2001-12,2014-05,monitor
B00005LENU,12,4.167,28,0.3929,157.583,2009-01,2014-03,monitor
B00007I409,12,4.167,21,1.0,65.667,2005-12,2014-02,monitor
B00008J6VW,12,4.167,217,0.9539,232.75,2003-04,2011-07,monitor
B000093IRE,12,4.167,23,0.9565,68.667,2004-10,2014-07,monitor
B0000E6RVW,12,4.167,17,0.7059,67.583,2010-06,2013-02,monitor
B0007V46JI,12,4.167,26,0.6538,71.5,2005-08,2014-05,monitor
B0009ZFEKM,12,4.167,7,0.7143,46.833,2008-12,2014-03,monitor
B000A7XT3I,12,4.167,117,0.8974,191.167,2005-10,2009-07,monitor
B000E8T8SS,12,4.167,40,0.875,76.5,2008-03,2012-05,monitor
B000EHCUIE,12,4.167,56,0.8214,246,2006-08,2013-07,monitor
B000GFWFZ2,12,4.167,157,0.9554,302.75,2007-02,2014-07,monitor
B00005B9AS,12,4.083,30,0.8,95.583,2002-03,2013-12,monitor
B000068O54,12,4.083,4,0.5,37.75,2010-12,2014-05,monitor
B00006J099,12,4.083,44,0.8182,105.75,2005-05,2013-06,monitor
B00008VFCS,12,4.083,54,0.9259,251.333,2003-06,2007-01,monitor
B00009R996,12,4.083,107,0.9626,102.5,2007-08,2014-01,monitor
B0002KR7FY,12,4.083,7,1.0,97.333,2008-02,2013-12,monitor
B0002KR9PW,12,4.083,13,0.6154,42.75,2009-05,2014-06,monitor
B0002OCF0C,12,4.083,368,0.9266,299.5,2004-09,2014-04,monitor
B0002YU5VS,12,4.083,8,0.75,79,2010-08,2014-01,monitor
B0006PK94Q,12,4.083,384,0.8568,358.833,2006-03,2009-05,monitor
B0007WK8NA,12,4.083,204,0.8431,164.333,2005-09,2013-08,monitor
B0007WTF5C,12,4.083,13,0.5385,64,2009-08,2014-02,monitor
B0009MCNX6,12,4.083,20,0.8,85.25,2008-12,2013-05,monitor
B000BFGB6G,12,4.083,53,0.8113,202.417,2005-11,2013-03,monitor
B000CHRJ8C,12,4.083,40,0.875,104.667,2011-02,2014-06,monitor
B000H3GGJE,12,4.083,44,0.9545,112.5,2008-12,2014-01,monitor
B000HHJU1G,12,4.083,13,0.8462,40.083,2007-11,2014-03,monitor
B000IMWIA0,12,4.083,96,0.6771,106.167,2007-02,2009-10,monitor
B00004ZCK5,12,4.0,33,0.3939,70.083,2007-05,2014-06,monitor
B00005QFAF,12,4.0,62,0.9032,62.25,2005-06,2013-11,monitor
B00006B80L,12,4.0,63,0.9048,125.833,2002-07,2009-12,monitor
B00006BBA5,12,4.0,14,0.7143,58.667,2010-02,2013-11,monitor
B00009KIYL,12,4.0,69,0.7971,80.667,2005-06,2013-01,monitor
B00009R6CO,12,4.0,55,0.4727,71.25,2006-08,2013-05,monitor
B0000D1E04,12,4.0,342,0.8889,233.417,2004-01,2007-01,monitor
B0002376KW,12,4.0,47,0.6596,114.167,2007-11,2014-04,monitor
B0002NUECY,12,4.0,25,0.92,65.25,2007-01,2014-07,monitor
B0006HDFYK,12,4.0,75,0.76,139.167,2006-06,2013-06,monitor
B0007PCB6O,12,4.0,31,0.8387,120.5,2009-04,2014-03,monitor
B0007WKB0U,12,4.0,180,0.95,220.917,2005-05,2009-05,monitor
B00081UPJW,12,4.0,83,0.7229,128.917,2012-04,2014-01,monitor
B000B7C2JO,12,4.0,50,0.74,37.25,2006-07,2013-03,monitor
B000BWRK2S,12,4.0,187,0.9037,283,2006-01,2007-03,monitor
B000CSEL4Q,12,4.0,98,0.9184,227.167,2006-05,2013-03,monitor
B000HPCPLA,12,4.0,24,0.9167,79.083,2007-08,2014-06,monitor
B000ICZZJG,12,4.0,45,0.7556,129.75,2007-06,2014-03,monitor
B00004VXNY,12,3.917,33,0.7879,143.167,2007-10,2013-02,monitor
B00005TQ09,12,3.917,46,0.5652,188,2002-01,2004-07,monitor
B00011X0X2,12,3.917,64,0.9531,105.167,2007-03,2014-01,monitor
B0001UEHOE,12,3.917,142,0.7746,156.75,2004-05,2007-03,monitor
B0002KR5Q0,12,3.917,12,0.9167,44.833,2007-03,2014-06,monitor
B0002WKD80,12,3.917,38,0.5789,112.5,2011-10,2014-05,monitor
B00067PWFU,12,3.917,18,0.7222,35.75,2010-12,2014-07,monitor
B0007M3PKS,12,3.917,393,0.7634,441.333,2005-02,2014-03,monitor
B0007PN5ZK,12,3.917,148,0.8986,184.833,2005-09,2012-12,monitor
B0009FTMK0,12,3.917,133,0.7519,77.083,2006-01,2010-04,monitor
B000B1H89E,12,3.917,47,0.6809,75.083,2007-01,2014-07,monitor
B000BAAM1G,12,3.917,74,0.6081,74.333,2005-11,2013-09,monitor
B000DZRY9C,12,3.917,3,1.0,62.667,2007-09,2014-02,monitor
B000ELC0GM,12,3.917,318,0.9497,105,2006-06,2013-12,monitor
B000HJREXA,12,3.917,21,0.9524,76.583,2007-01,2013-04,monitor
B000038ABH,12,3.833,206,0.9515,207.417,2000-01,2009-03,monitor
B000063D6E,12,3.833,168,0.8155,218.917,2002-03,2004-01,monitor
B000067SR9,12,3.833,15,1.0,45.167,2010-02,2014-04,monitor
B00006HOMA,12,3.833,3,1.0,38.083,2011-12,2014-05,monitor
B00009APTK,12,3.833,84,0.9167,131.583,2004-01,2013-02,monitor
B0000B16FY,12,3.833,37,0.9459,68.25,2008-10,2013-07,monitor
B0001VB1QU,12,3.833,39,0.9231,127.417,2008-03,2013-04,monitor
B0002ZHBIM,12,3.833,54,0.963,111.75,2005-01,2014-07,monitor
B0006VYGRG,12,3.833,109,0.8257,300.917,2005-01,2008-03,monitor
B0007KQWGO,12,3.833,73,0.9452,53.083,2006-03,2013-12,monitor
B0009GUDVQ,12,3.833,73,0.6712,215.5,2005-06,2007-04,monitor
B0009PLO0Q,12,3.833,55,0.8545,223.833,2005-08,2011-01,monitor
B000EANT40,12,3.833,55,0.9091,65.083,2007-10,2014-07,monitor
B000F6Q4MW,12,3.833,24,0.9167,87,2009-05,2012-04,monitor
B000FMTTN2,12,3.833,52,0.5385,105,2006-11,2009-01,monitor
B000HBEKJE,12,3.833,90,0.8889,155.917,2006-10,2011-10,monitor
B000J2AB94,12,3.833,313,0.7891,351.333,2007-03,2010-08,monitor
B000050MJF,12,3.75,128,0.9062,95.25,2003-07,2013-11,monitor
B00009XNUU,12,3.75,55,0.8182,65.75,2005-07,2009-04,monitor
B0002EQUIA,12,3.75,307,0.9121,290.583,2007-10,2014-05,monitor
B0007SPMUS,12,3.75,2,1.0,41.667,2010-03,2014-02,monitor
B0009CDYF2,12,3.75,176,0.8011,151.917,2006-01,2011-05,monitor
B000E1D36S,12,3.75,123,0.6341,162.167,2006-03,2013-02,monitor
B000GBGPAW,12,3.75,31,0.9032,92.917,2007-01,2013-01,monitor
B000HCNFD0,12,3.75,240,0.9083,125.833,2007-05,2013-12,monitor
B000065CE1,12,3.667,68,0.7941,230.417,2002-04,2013-07,monitor
B0000EZQ5K,12,3.667,46,0.8696,142.417,2008-02,2013-02,monitor
B0000YCFEK,12,3.667,15,0.8,70.25,2009-01,2014-02,monitor
B0001Y7PSK,12,3.667,76,0.7368,76.5,2005-06,2008-08,monitor
B0007NIOK8,12,3.667,50,0.92,115.333,2005-11,2013-12,monitor
B0007RB280,12,3.667,58,0.931,97.083,2005-03,2014-06,monitor
B0009JKVZG,12,3.667,131,0.8855,131.417,2005-06,2008-07,monitor
B000B8MFI6,12,3.667,32,0.5625,59.833,2007-09,2014-06,monitor
B000FB44VA,12,3.667,192,0.8646,138.167,2006-07,2009-03,monitor
B000I1GPRS,12,3.667,132,0.9394,225.417,2006-11,2014-02,monitor
B000IXP96O,12,3.667,6,0.6667,62.833,2010-07,2014-05,monitor
B000001OMA,12,3.583,55,0.6909,78.25,2009-10,2014-07,monitor
B00004WCG6,12,3.583,100,0.91,130.75,2005-03,2012-01,monitor
B00009UT1Z,12,3.583,21,0.5238,69.667,2009-06,2014-03,monitor
B0000CEPC0,12,3.583,103,0.6893,129.583,2003-10,2014-02,monitor
B0001CFSX6,12,3.583,79,0.9241,224.917,2004-06,2013-11,monitor
B0007TSWYA,12,3.583,173,0.8555,302,2005-03,2006-02,monitor
B000JQ36Z6,12,3.583,8,0.375,71.083,2011-12,2014-03,monitor
B00005N5WU,12,3.5,40,0.425,206.25,2007-08,2014-03,monitor
B0000658CG,12,3.5,327,0.9113,116.25,2002-04,2008-08,monitor
B000068IFM,12,3.5,51,0.7647,93.667,2003-02,2014-02,monitor
B00009APTT,12,3.5,48,0.7708,178.167,2003-10,2007-01,monitor
B000165GJI,12,3.5,137,0.9562,112.75,2004-06,2013-01,monitor
B0002CPBX2,12,3.5,50,0.8,116.417,2004-11,2014-01,monitor
B00032Q3WY,12,3.5,71,0.8169,100,2005-04,2010-01,monitor
B00099I1F8,12,3.5,265,0.5849,197.917,2005-10,2006-04,monitor
B000GZSMTU,12,3.5,7,0.4286,86.75,2008-05,2014-06,monitor
B00008NG6N,12,3.417,51,0.7451,121.5,2004-11,2012-12,monitor
B00008O393,12,3.417,360,0.8389,91.25,2007-05,2011-06,monitor
B00008ZPJP,12,3.417,197,0.2437,149.417,2004-01,2014-01,monitor
B00009VT1T,12,3.417,416,0.8678,205.5,2003-07,2012-09,monitor
B00067OEPO,12,3.417,136,0.5735,259.5,2007-02,2012-02,monitor
B000E1HVDO,12,3.417,67,0.9552,225.25,2006-03,2012-02,monitor
B000FAPY3S,12,3.417,41,0.8293,89.917,2007-03,2012-12,monitor
B000FQCFUC,12,3.417,57,0.7719,133.833,2006-11,2012-01,monitor
B000I21Z4U,12,3.417,9,0.5556,43.833,2011-06,2013-10,monitor
B000J5GZDC,12,3.417,43,0.907,74.333,2010-01,2013-12,monitor
B00000JGN9,12,3.333,170,0.9235,87.25,2001-02,2014-04,monitor
B0000633E0,12,3.333,57,0.7719,259.5,2002-04,2003-04,monitor
B00007IFKY,12,3.333,24,0.9167,109.833,2003-04,2013-09,monitor
B00008I8OP,12,3.333,171,0.8772,236.333,2003-04,2006-03,monitor
B00062FL4C,12,3.333,66,0.8182,73.667,2005-08,2009-02,monitor
B0006688ZC,12,3.333,16,0.8125,196.667,2006-12,2012-02,monitor
B00070KN0A,12,3.333,18,0.6111,156.5,2009-12,2014-01,monitor
B0009FUX94,12,3.333,45,0.9778,135.333,2007-04,2014-04,monitor
B000FFF4NS,12,3.333,33,0.8788,66.917,2007-04,2011-05,monitor
B00005QFYE,12,3.25,158,0.8544,147.25,2001-11,2007-01,monitor
B00009X6PT,12,3.25,63,0.873,237.917,2003-11,2005-10,monitor
B00022TNHM,12,3.25,36,0.25,66,2006-11,2013-03,monitor
B000230LJK,12,3.25,10,0.6,140.5,2011-03,2014-07,monitor
B000807GJK,12,3.25,173,0.8671,121.833,2006-03,2013-12,monitor
B000BWZOS0,12,3.25,5,0.8,87.333,2010-11,2014-05,monitor
B000E59I22,12,3.25,24,0.9167,129.5,2006-04,2010-08,monitor
B000EQ24Z4,12,3.25,99,0.9394,179.167,2007-08,2013-04,monitor
B000FJP0QU,12,3.25,57,0.7895,202.083,2006-12,2010-12,monitor
B00092HNOA,12,3.167,142,0.8803,209.833,2005-08,2010-12,monitor
B000BO0SGG,12,3.167,40,0.675,127.667,2006-01,2007-07,monitor
B000FVXZ2E,12,3.167,253,0.9447,376.083,2007-06,2011-04,monitor
B000J01HXU,12,3.167,409,0.6577,200.417,2008-02,2014-02,monitor
B000092WYB,12,3.083,89,0.8315,114.167,2005-02,2012-06,monitor
B0001YAPL4,12,3.083,26,0.6154,102,2006-08,2011-05,monitor
B0002KQR2S,12,3.083,413,0.8184,227.333,2004-11,2007-10,monitor
B000BTH36O,12,3.083,32,0.875,128.75,2006-01,2011-06,monitor
B000F4EJH6,12,3.083,275,0.9345,170,2006-04,2014-01,monitor
B00006HMR3,12,3.0,47,0.7872,171.333,2002-10,2004-04,monitor
B0007IQWM0,12,3.0,54,0.8704,109.25,2005-04,2010-08,monitor
B0007L201O,12,3.0,242,0.9298,111.833,2005-03,2008-09,monitor
B000H7NVX4,12,3.0,146,0.9041,227,2006-08,2014-04,monitor
B00068B9RE,12,2.917,55,0.5636,131,2005-06,2007-08,monitor
B000CCBFF0,12,2.917,149,0.7584,265.25,2005-11,2007-12,monitor
B0000UMLYI,12,2.833,420,0.8976,129.833,2005-08,2014-01,monitor
B0007NWM1K,12,2.833,28,0.6786,120,2005-07,2009-07,monitor
B00007EDM0,12,2.667,243,0.8354,313.25,2002-11,2008-03,monitor
B00070FRJW,12,2.667,63,0.6667,120.417,2005-05,2013-12,monitor
B000AOUDYE,12,2.667,14,0.5714,162.75,2009-03,2014-04,monitor
B000EHMIPO,12,2.667,35,0.7714,108,2006-10,2010-12,monitor
B000FBOF96,12,2.667,61,0.918,135.167,2007-07,2010-06,monitor
B00007KVHZ,12,2.583,169,0.6805,109,2004-01,2007-06,monitor
B000I2JBC8,12,2.5,148,0.8919,246.25,2006-05,2010-02,monitor
B0007SKSES,12,2.417,46,0.8696,107.083,2006-01,2012-11,monitor
B000H09RFM,12,2.333,138,0.8551,100.917,2007-11,2014-03,monitor
B00004WHFK,12,2.25,320,0.9219,245.333,2001-03,2010-01,monitor
B00005UPF6,12,2.25,45,0.6667,170.833,2004-07,2011-09,monitor
B00009YUPS,12,2.167,116,0.931,175.583,2004-07,2011-05,monitor
B000068O4W,11,5.0,3,0.6667,52.818,2007-03,2014-04,monitor
B00009R8ZW,11,5.0,20,0.95,53.182,2009-07,2014-06,monitor
B0001M47FG,11,5.0,142,0.8662,156.545,2006-03,2013-01,monitor
B000213ZFE,11,5.0,3,1.0,100.818,2011-02,2014-04,monitor
B0002SPKSM,11,5.0,42,1.0,101.818,2005-10,2010-03,monitor
B00066HJBG,11,5.0,2,1.0,53.545,2013-04,2014-05,monitor
B00066U1AW,11,5.0,10,1.0,46.455,2008-01,2014-03,monitor
B000I1IG8O,11,5.0,1,1.0,36.364,2010-12,2014-07,monitor
B000INZRZW,11,5.0,129,0.969,257.727,2008-01,2013-02,monitor
B00000JBUI,11,4.909,54,0.963,214.364,2000-05,2014-01,monitor
B00001RMCY,11,4.909,137,0.9343,139.909,2000-06,2014-02,monitor
B00004TJ7O,11,4.909,199,0.9698,169.273,2000-10,2013-12,monitor
B000068O51,11,4.909,2,1.0,65.818,2012-04,2014-06,monitor
B00006I5VX,11,4.909,248,0.8871,229.455,2006-09,2014-07,monitor
B00006JPET,11,4.909,33,1.0,60.182,2006-11,2014-03,monitor
B0000D8LSW,11,4.909,45,0.9111,90.091,2005-07,2013-12,monitor
B0000X65K6,11,4.909,16,0.75,47.545,2007-03,2013-11,monitor
B00025XGMC,11,4.909,21,0.9048,53.545,2008-06,2013-08,monitor
B0002BNS6A,11,4.909,4,1.0,43.364,2010-09,2014-01,monitor
B0002K6VVK,11,4.909,10,1.0,56.545,2007-09,2013-04,monitor
B0002PS7SA,11,4.909,79,0.9747,112.727,2008-08,2013-11,monitor
B0006G0WCO,11,4.909,9,0.8889,114.909,2008-02,2014-01,monitor
B000BSLWAS,11,4.909,24,0.9583,42.364,2010-05,2014-02,monitor
B000BYSUQ6,11,4.909,78,0.6154,160.909,2006-09,2011-01,monitor
B000BZATW8,11,4.909,3,1.0,30.909,2013-03,2014-05,monitor
B000EBRFDU,11,4.909,20,0.95,51.455,2007-08,2014-02,monitor
B000EHUFLI,11,4.909,145,0.7793,185.091,2006-11,2014-02,monitor
B000EISIQQ,11,4.909,22,0.9091,122.091,2007-07,2011-06,monitor
B000IE1KZC,11,4.909,19,0.8421,108.818,2008-05,2009-10,monitor
B000051189,11,4.818,6,1.0,29.909,2011-11,2014-05,monitor
B00005I9PG,11,4.818,117,0.9658,174.364,2001-08,2013-01,monitor
B000063WQ0,11,4.818,123,0.9024,171.273,2002-07,2010-07,monitor
B00006AL0S,11,4.818,54,0.7593,204.909,2002-10,2014-05,monitor
B00009UU18,11,4.818,47,0.8936,94.455,2007-05,2013-08,monitor
B00009V3RP,11,4.818,11,0.9091,76.545,2007-12,2014-06,monitor
B0000ACKR1,11,4.818,23,0.7826,30.909,2009-12,2013-09,monitor
B0000AZJZB,11,4.818,63,0.9524,144,2003-10,2014-05,monitor
B00014K3VG,11,4.818,106,0.8585,93.364,2007-05,2013-10,monitor
B0001BFJDG,11,4.818,7,1.0,71.182,2010-05,2013-12,monitor
B00028CAIK,11,4.818,9,0.8889,36.091,2012-02,2014-06,monitor
B0002E53O2,11,4.818,4,1.0,71.909,2010-10,2014-05,monitor
B0002EXF0Q,11,4.818,18,0.9444,57.545,2007-03,2013-08,monitor
B0002ZPR56,11,4.818,7,0.4286,98.182,2008-04,2014-04,monitor
B0006DNW6U,11,4.818,81,0.7778,193.273,2005-02,2014-05,monitor
B0009OE990,11,4.818,43,0.8372,262.273,2007-10,2011-11,monitor
B000E46SUS,11,4.818,18,0.5556,64.364,2012-11,2014-06,monitor
B000F5K3Y8,11,4.818,12,1.0,79.545,2006-12,2014-01,monitor
B000GGCHUO,11,4.818,2,1.0,58.818,2008-02,2014-05,monitor
B000GGY8W4,11,4.818,6,1.0,152.545,2008-04,2010-05,monitor
B000HEANCE,11,4.818,31,1.0,61.727,2007-07,2010-10,monitor
B000I1YLG0,11,4.818,90,0.9111,369.909,2008-08,2014-03,monitor
B000JLK5UU,11,4.818,18,0.8333,90.091,2012-03,2014-06,monitor
B000021YU8,11,4.727,530,0.9792,218.545,1999-11,2009-05,monitor
B000021YUO,11,4.727,451,0.9579,151.818,2000-08,2008-06,monitor
B00005QIZ8,11,4.727,63,0.9365,82.636,2006-11,2014-06,monitor
B00006B8D7,11,4.727,4,0.0,46.636,2012-03,2014-06,monitor
B00006RVNE,11,4.727,19,0.5789,44.545,2012-01,2014-03,monitor
B00009R6PV,11,4.727,21,0.9048,67.909,2009-05,2014-05,monitor
B00009UI03,11,4.727,36,0.6944,93.364,2007-08,2014-03,monitor
B00011KLSO,11,4.727,0,,56.636,2012-09,2014-07,monitor
B0001HKILS,11,4.727,25,0.96,139.545,2010-07,2013-02,monitor
B0002ER2NW,11,4.727,22,0.8636,50.091,2010-04,2014-04,monitor
B0002I71LG,11,4.727,30,0.9333,102.636,2007-02,2013-07,monitor
B000653HL8,11,4.727,25,0.84,46.545,2006-08,2011-07,monitor
B0006G09MW,11,4.727,87,0.3218,60.909,2005-08,2010-12,monitor
B0006ZKX7Y,11,4.727,26,0.9615,151.727,2005-03,2010-11,monitor
B00079AGU8,11,4.727,8,0.875,192.636,2005-10,2011-08,monitor
B0007WK8JY,11,4.727,33,0.8485,70,2006-07,2014-04,monitor
B00083J6K4,11,4.727,12,0.5,39.364,2009-06,2012-04,monitor
B00083XXOE,11,4.727,24,1.0,156.636,2006-01,2013-11,monitor
B000932AMO,11,4.727,141,0.9007,169.364,2006-02,2012-02,monitor
B0009F0SWQ,11,4.727,9,0.8889,52.091,2012-01,2013-08,monitor
B000BY55A0,11,4.727,11,1.0,157.818,2007-02,2013-12,monitor
B000E0RCMU,11,4.727,13,0.9231,38.455,2013-06,2014-06,monitor
B000E5EBGA,11,4.727,59,0.9492,76.636,2006-03,2010-08,monitor
B000EIZJ7M,11,4.727,209,0.9809,241.182,2006-04,2010-05,monitor
B000EZP1QE,11,4.727,105,0.8952,182.091,2006-04,2011-07,monitor
B000FYZ9XO,11,4.727,42,0.619,125.545,2008-01,2014-04,monitor
B000I64NTA,11,4.727,23,1.0,87.273,2006-12,2008-07,monitor
B000IE5XIC,11,4.727,22,0.7727,65.455,2008-06,2014-01,monitor
B000IHX9A8,11,4.727,7,0.5714,46,2011-01,2013-04,monitor
B000ISFJCS,11,4.727,27,0.7778,144.091,2007-01,2014-07,monitor
B000JFHR5C,11,4.727,88,0.6477,54.364,2007-04,2012-12,monitor
B00003IEMD,11,4.636,16,0.9375,67.727,2001-12,2014-07,monitor
B00005V5YP,11,4.636,180,0.6944,226.273,2002-01,2009-04,monitor
B000067RQ2,11,4.636,9,0.8889,52.818,2004-12,2014-02,monitor
B000087BWL,11,4.636,136,0.9559,210.545,2003-04,2013-03,monitor
B00008AOKJ,11,4.636,9,0.7778,120.818,2010-04,2014-06,monitor
B00008L3IV,11,4.636,16,1.0,60.636,2008-12,2014-05,monitor
B00009965D,11,4.636,85,0.9529,195.636,2003-12,2012-08,monitor
B00009R6BK,11,4.636,22,0.9545,97,2007-07,2013-11,monitor
B00009WBYK,11,4.636,11,0.8182,126.182,2011-03,2014-03,monitor
B00016W66Y,11,4.636,2,1.0,50.636,2007-01,2014-01,monitor
B0001AU6H6,11,4.636,177,0.9605,176.273,2004-05,2012-09,monitor
B0001XGQLI,11,4.636,29,0.8276,53.636,2008-02,2013-07,monitor
B0002GOH42,11,4.636,9,1.0,59.636,2007-11,2014-06,monitor
B0002OG6NY,11,4.636,409,0.8068,324.727,2004-09,2005-03,monitor
B0002SQ2MU,11,4.636,22,0.4091,108.455,2004-10,2013-09,monitor
B000653GY6,11,4.636,31,0.7419,60.909,2007-11,2014-02,monitor
B0006DPMUO,11,4.636,123,0.813,309.545,2006-05,2014-03,monitor
B0007LBON4,11,4.636,13,0.9231,163.909,2009-06,2014-05,monitor
B0007WW64Y,11,4.636,1,1.0,46.636,2011-11,2014-05,monitor
B000ANF8FE,11,4.636,31,0.9355,92.091,2008-10,2014-03,monitor
B000AO3PH6,11,4.636,229,0.4934,183.455,2005-11,2011-12,monitor
B000B6JJNC,11,4.636,46,0.7391,170.909,2005-12,2006-12,monitor
B000BH5OUI,11,4.636,38,0.5789,62.273,2007-08,2014-06,monitor
B000CJ2EXA,11,4.636,26,0.9231,186.364,2010-12,2013-12,monitor
B000F291V2,11,4.636,12,1.0,95.091,2007-09,2013-03,monitor
B000F8MFR8,11,4.636,27,0.8148,80,2006-07,2007-10,monitor
B000GS2QX0,11,4.636,11,0.9091,104.273,2013-01,2013-12,monitor
B000I1GZ6O,11,4.636,3,0.3333,35.636,2010-08,2014-05,monitor
B000JLO6OG,11,4.636,25,1.0,63,2007-03,2013-09,monitor
B00004W3YX,11,4.545,345,0.9536,236.909,2000-08,2012-12,monitor
B00004WGNF,11,4.545,201,0.8856,168.818,2000-10,2008-12,monitor
B00004YNWQ,11,4.545,53,0.8868,177.545,2000-12,2013-04,monitor
B00004Z5MG,11,4.545,5,0.8,42.909,2010-09,2014-06,monitor
B00005AMDE,11,4.545,47,0.9362,173.818,2001-04,2003-02,monitor
B00005LD4T,11,4.545,63,0.7937,105.818,2005-10,2013-12,monitor
B000068O5D,11,4.545,7,0.8571,34.182,2010-09,2014-06,monitor
B000069Z5M,11,4.545,19,0.9474,70.545,2011-05,2013-12,monitor
B00008O35W,11,4.545,159,0.761,251.091,2003-08,2009-02,monitor
B00009W2GI,11,4.545,13,0.9231,53.091,2010-05,2014-05,monitor
B0000U9H40,11,4.545,327,0.8899,161.818,2003-11,2014-02,monitor
B00013J8G8,11,4.545,25,0.96,131.273,2006-12,2012-02,monitor
B0001UEHHG,11,4.545,39,0.9744,90.455,2007-01,2013-08,monitor
B0002WT6RY,11,4.545,98,0.898,89.545,2007-08,2014-02,monitor
B0002Y6DGO,11,4.545,107,0.9252,172.818,2005-01,2009-09,monitor
B0003009E4,11,4.545,84,0.8452,132.545,2004-11,2007-08,monitor
B0009JVTMA,11,4.545,3,0.6667,39.273,2012-05,2014-05,monitor
B0009XQPHU,11,4.545,259,0.9807,240.182,2005-10,2013-05,monitor
B0009YIJ2I,11,4.545,5,1.0,80.727,2010-08,2014-05,monitor
B000DZKRSM,11,4.545,117,0.8889,137.818,2006-08,2013-05,monitor
B000E6HFX0,11,4.545,40,0.975,85.545,2007-03,2014-06,monitor
B000EG5U82,11,4.545,57,0.7018,69.545,2007-03,2010-08,monitor
B000GUKWMU,11,4.545,173,0.9422,228.091,2007-01,2010-06,monitor
B000HJOUP0,11,4.545,9,0.6667,67.091,2008-06,2014-07,monitor
B0000326O3,11,4.455,41,0.8293,67.091,2002-12,2011-06,monitor
B00005111M,11,4.455,4,0.75,36.455,2010-12,2014-07,monitor
B00005N5X7,11,4.455,166,0.9578,134.818,2001-10,2003-04,monitor
B00005Q7DG,11,4.455,390,0.9436,271.545,2001-11,2006-10,monitor
B000069Z5U,11,4.455,37,0.8649,78.273,2003-05,2014-06,monitor
B00009R6UV,11,4.455,22,0.2273,47.636,2008-03,2013-11,monitor
B00009R6UX,11,4.455,24,0.7917,72.909,2008-07,2014-05,monitor
B0000AQ58U,11,4.455,41,0.561,47.818,2009-01,2014-02,monitor
B0000B3OUR,11,4.455,33,0.6667,80.273,2011-09,2014-03,monitor
B0000DIESO,11,4.455,19,0.8421,77.727,2008-03,2014-07,monitor
B0000DYV8G,11,4.455,6,0.8333,54.727,2009-05,2014-06,monitor
B0002J2OSK,11,4.455,12,0.8333,49.909,2011-02,2013-06,monitor
B0002JNDIK,11,4.455,10,0.9,50.273,2010-09,2014-03,monitor
B0002R281K,11,4.455,76,0.8421,224.727,2004-12,2013-04,monitor
B000669BVW,11,4.455,42,0.9762,76.818,2007-11,2013-08,monitor
B00067M5O6,11,4.455,131,0.8702,272.818,2005-03,2006-01,monitor
B0007WKB4Q,11,4.455,134,0.694,231.455,2005-05,2006-07,monitor
B0009GZG5O,11,4.455,41,0.9756,32.091,2010-01,2014-02,monitor
B0009L2QQ6,11,4.455,23,1.0,132.455,2007-08,2011-11,monitor
B000ARIT5G,11,4.455,43,0.7674,198.364,2005-09,2011-09,monitor
B000B7670E,11,4.455,18,0.6667,44.909,2007-03,2013-08,monitor
B000B8AF9W,11,4.455,134,0.903,226.273,2007-01,2014-01,monitor
B000BYAJBU,11,4.455,29,0.931,68.455,2008-01,2013-12,monitor
B000CCS440,11,4.455,13,0.6154,99.273,2008-07,2014-07,monitor
B000EN81ZE,11,4.455,181,0.9724,250.545,2006-03,2007-09,monitor
B000EVMK5S,11,4.455,139,0.8777,152.364,2006-03,2007-11,monitor
B000FVZ1G2,11,4.455,21,0.7143,77.727,2008-03,2013-08,monitor
B000H0H04C,11,4.455,17,0.7059,45.636,2007-01,2014-03,monitor
B000HDMVFW,11,4.455,9,1.0,87.364,2010-06,2014-03,monitor
B000I97H54,11,4.455,15,0.7333,35.182,2011-09,2013-10,monitor
B000JILHDC,11,4.455,129,1.0,57,2007-05,2012-06,monitor
B00004U4MT,11,4.364,65,0.8,80.909,2001-11,2010-03,monitor
B00004Y2VV,11,4.364,24,0.7917,104.091,2011-10,2014-02,monitor
B00004Z6PI,11,4.364,138,0.9275,131.727,2001-07,2002-06,monitor
B00005N5XN,11,4.364,135,0.9185,182.545,2004-06,2007-09,monitor
B00006343K,11,4.364,56,0.9643,73.909,2008-02,2014-06,monitor
B00006IRR4,11,4.364,51,0.8627,105.818,2002-12,2007-06,monitor
B00006JM6N,11,4.364,8,0.875,37.182,2007-02,2014-07,monitor
B0000DZIWZ,11,4.364,30,1.0,72.273,2007-03,2012-07,monitor
B000167NZI,11,4.364,18,0.8333,65.727,2009-05,2013-11,monitor
B0001VWJ8Y,11,4.364,53,0.5472,131.364,2007-12,2014-04,monitor
B0002J28N6,11,4.364,6,1.0,89,2009-07,2013-12,monitor
B0002QIAP4,11,4.364,73,0.7534,109.909,2005-09,2009-09,monitor
B00061W8EO,11,4.364,13,1.0,104,2011-05,2014-03,monitor
B000668BKY,11,4.364,172,0.8547,219.273,2005-05,2014-04,monitor
B0007KK2G0,11,4.364,6,0.1667,50.455,2010-02,2014-03,monitor
B0007XXU34,11,4.364,86,0.8023,171,2005-06,2006-05,monitor
B000A2K3Y6,11,4.364,325,0.9631,264.273,2005-08,2008-09,monitor
B000EOR4JM,11,4.364,19,0.8947,137.818,2006-10,2009-03,monitor
B000ES8C2G,11,4.364,75,0.92,165.364,2006-11,2008-07,monitor
B000FJQWJ4,11,4.364,4,0.75,104,2007-05,2012-12,monitor
B000G36GOA,11,4.364,23,0.913,163.636,2008-04,2014-06,monitor
B000GP5F04,11,4.364,54,0.9815,186.909,2006-07,2011-03,monitor
B000HAQUFC,11,4.364,30,0.6667,84.364,2007-01,2008-07,monitor
B000HC0BJG,11,4.364,77,0.4026,64.818,2007-01,2009-07,monitor
B000HCQR8A,11,4.364,31,0.8387,93.818,2006-12,2014-07,monitor
B000HDFH6W,11,4.364,51,0.7843,92.818,2007-10,2013-07,monitor
B000HYSU10,11,4.364,58,0.9655,100.818,2006-12,2012-03,monitor
B000I7U1OK,11,4.364,14,0.4286,100.273,2010-05,2014-06,monitor
B00004Y7CF,11,4.273,86,0.9535,195.636,2001-03,2002-06,monitor
B00005LWLW,11,4.273,255,0.9686,216.909,2001-09,2008-11,monitor
B0000DD7PE,11,4.273,206,0.8495,71,2004-11,2013-01,monitor
B0006ZSQL4,11,4.273,53,0.8302,100.727,2010-01,2013-03,monitor
B000AYHY46,11,4.273,105,0.6952,171.091,2005-10,2008-12,monitor
B000FZX9I0,11,4.273,27,0.3704,41.273,2007-01,2013-01,monitor
B000H0UUV2,11,4.273,22,0.7273,66.545,2007-05,2010-01,monitor
B000HCY8KO,11,4.273,5,1.0,47.091,2008-01,2014-02,monitor
B000HEZFZO,11,4.273,12,1.0,74,2009-05,2013-03,monitor
B000I97G0A,11,4.273,15,0.6667,45,2011-08,2014-07,monitor
B000IF2EHE,11,4.273,21,0.9048,89.364,2009-04,2013-01,monitor
B00004SB96,11,4.182,83,0.9518,74.091,2001-01,2014-01,monitor
B000053HHD,11,4.182,128,0.8125,260.091,2005-11,2013-12,monitor
B00005I9Q0,11,4.182,82,0.939,184.273,2001-11,2007-07,monitor
B000068IKV,11,4.182,35,0.2857,43.455,2003-04,2014-03,monitor
B00007MMNS,11,4.182,112,0.8929,192.091,2003-04,2009-06,monitor
B00009W3U2,11,4.182,8,0.875,51.545,2007-08,2011-12,monitor
B0000A576D,11,4.182,66,0.803,62.545,2005-02,2014-01,monitor
B0000AB4P4,11,4.182,13,1.0,50.455,2007-03,2011-05,monitor
B0000AJB80,11,4.182,162,0.8025,95.818,2005-10,2009-09,monitor
B0000DZFVK,11,4.182,19,0.5789,72.909,2007-11,2014-07,monitor
B000165512,11,4.182,29,0.9655,128.455,2010-12,2014-01,monitor
B00026HZ1E,11,4.182,27,0.0741,69.455,2007-04,2013-03,monitor
B00027BW9Y,11,4.182,15,1.0,104.545,2010-01,2013-11,monitor
B0002C96JC,11,4.182,13,0.8462,214.636,2007-10,2011-06,monitor
B0003MLSMY,11,4.182,13,0.7692,53.545,2011-06,2014-07,monitor
B0006BC57O,11,4.182,69,0.8696,278.364,2005-06,2008-12,monitor
B0007WDIWI,11,4.182,33,0.7273,92,2006-12,2009-03,monitor
B0009612H0,11,4.182,180,0.7444,224,2005-10,2013-11,monitor
B0009L8250,11,4.182,13,1.0,106.909,2011-11,2013-12,monitor
B0009VU7TE,11,4.182,297,0.9764,235.727,2005-10,2010-07,monitor
B000A3X2GQ,11,4.182,16,0.9375,84.091,2006-08,2008-06,monitor
B000A7V2DC,11,4.182,120,0.7833,179.091,2005-09,2010-06,monitor
B000CCBFZK,11,4.182,23,0.5217,39.636,2007-05,2013-05,monitor
B000EH0ZNQ,11,4.182,10,0.8,111.818,2008-01,2014-02,monitor
B000EPHQNA,11,4.182,79,0.5696,91.091,2007-02,2008-02,monitor
B000JEOEE0,11,4.182,3,1.0,118.545,2011-09,2014-07,monitor
B00004SGD3,11,4.091,260,0.8385,309.455,2000-04,2001-07,monitor
B00005S8KY,11,4.091,124,0.8952,194.636,2002-11,2004-12,monitor
B0000669BN,11,4.091,96,0.8958,264,2002-06,2003-10,monitor
B00008L3HH,11,4.091,121,0.8926,295.545,2003-03,2012-08,monitor
B00009L1V7,11,4.091,68,0.4706,116.727,2006-09,2010-01,monitor
B00009X45Q,11,4.091,58,0.8793,60.545,2005-08,2010-11,monitor
B0000AHO8V,11,4.091,4,1.0,45.182,2008-09,2014-06,monitor
B0000DD7P2,11,4.091,93,0.8172,381.182,2003-10,2004-07,monitor
B0000DZOT2,11,4.091,44,0.9091,49.818,2004-10,2014-05,monitor
B0001XE0PC,11,4.091,40,0.9,84.636,2007-12,2013-07,monitor
B0002GO60M,11,4.091,34,0.8235,243.091,2008-11,2009-07,monitor
B0002MQGKY,11,4.091,8,0.875,54.091,2008-03,2013-08,monitor
B0002X6IAQ,11,4.091,28,0.5714,43.182,2010-12,2013-09,monitor
B0007OV45Y,11,4.091,228,0.9693,225.273,2005-05,2008-05,monitor
B0009VE21I,11,4.091,40,0.925,127.727,2006-04,2010-06,monitor
B000B862QC,11,4.091,7,0.7143,41,2009-12,2013-12,monitor
B000BYBD3I,11,4.091,101,0.9802,173.636,2008-12,2014-05,monitor
B000CNM8ZU,11,4.091,95,0.7158,140.364,2005-01,2014-04,monitor
B000EDQOK8,11,4.091,50,0.82,65.273,2007-04,2014-02,monitor
B000EFKK5G,11,4.091,20,0.95,95.273,2010-01,2014-03,monitor
B000FIAYIA,11,4.091,25,0.96,98,2006-11,2009-04,monitor
B000FPM5HQ,11,4.091,2,1.0,49.455,2009-12,2013-01,monitor
B000IXQPNK,11,4.091,48,0.5208,73.273,2007-02,2014-07,monitor
B000J6FTVK,11,4.091,180,0.7056,340.091,2006-10,2012-11,monitor
B00000JFE3,11,4.0,50,0.94,111,1999-07,2005-05,monitor
B00005UKXL,11,4.0,135,0.8741,117.364,2002-05,2011-05,monitor
B00006AGRZ,11,4.0,103,0.9709,93.818,2007-01,2014-06,monitor
B0000AFL2I,11,4.0,33,0.9697,81.182,2006-01,2012-11,monitor
B0000CFYMI,11,4.0,79,0.7848,112.182,2004-04,2013-10,monitor
B00011KLVQ,11,4.0,7,0.7143,94.727,2010-12,2014-05,monitor
B0001DJSYU,11,4.0,220,0.8727,160.182,2004-10,2014-02,monitor
B0002SQEWS,11,4.0,98,0.9286,183.545,2004-11,2009-05,monitor
B0006IB1WW,11,4.0,40,0.85,114.727,2005-01,2007-07,monitor
B0007IQGGW,11,4.0,3,1.0,102.818,2007-06,2013-11,monitor
B0009XG8Y0,11,4.0,300,0.92,391,2005-08,2006-10,monitor
B0009Y7IK2,11,4.0,328,0.936,87.182,2005-08,2008-10,monitor
B000A2K3XW,11,4.0,77,0.7662,253,2006-01,2010-08,monitor
B000E7YLUO,11,4.0,3,1.0,49.182,2012-12,2014-07,monitor
B000FCT04U,11,4.0,34,0.9118,48.273,2011-09,2014-07,monitor
B000FGA76Q,11,4.0,120,0.7417,251.909,2006-12,2007-12,monitor
B000HCN0RG,11,4.0,24,0.7917,129,2010-07,2014-06,monitor
B00006484F,11,3.909,138,0.9058,421.818,2002-05,2004-04,monitor
B00009R8FE,11,3.909,21,1.0,63.545,2005-03,2013-06,monitor
B00009W5KJ,11,3.909,9,0.5556,60.364,2010-06,2014-04,monitor
B0000CEJUO,11,3.909,119,0.7059,112.091,2003-11,2007-09,monitor
B0000X5XQ8,11,3.909,33,0.9394,51,2006-03,2014-02,monitor
B00022OB88,11,3.909,23,0.8696,77.818,2008-03,2014-06,monitor
B0002DF0FU,11,3.909,34,0.9706,50.818,2008-06,2014-03,monitor
B0002LEMZG,11,3.909,68,0.8971,105.091,2005-02,2008-09,monitor
B000BIVCP8,11,3.909,36,0.8889,129.182,2006-11,2014-03,monitor
B000BR1Q1O,11,3.909,10,0.7,43.091,2008-08,2014-02,monitor
B000BYGGBW,11,3.909,7,0.8571,63.909,2008-01,2014-05,monitor
B000F7JIYM,11,3.909,33,0.3636,46.909,2008-05,2014-03,monitor
B000FJELQA,11,3.909,144,0.9097,179.545,2006-11,2007-12,monitor
B000GF3TYI,11,3.909,40,0.825,152.636,2006-10,2009-06,monitor
B000J1E2JU,11,3.909,66,0.7576,139.182,2007-11,2014-02,monitor
B00006HYJ4,11,3.818,59,0.9322,205.909,2003-01,2004-11,monitor
B00006LSVL,11,3.818,34,0.9412,50.636,2009-04,2014-06,monitor
B0000DC6B0,11,3.818,47,0.766,108.182,2004-09,2007-12,monitor
B0002EXI80,11,3.818,13,1.0,92.455,2007-08,2014-02,monitor
B0002GDQZI,11,3.818,132,0.8636,68.636,2004-10,2013-01,monitor
B0006U6GH0,11,3.818,138,0.7246,119.818,2004-12,2007-08,monitor
B00078F54G,11,3.818,29,0.9655,74.182,2008-12,2014-05,monitor
B00078NIUY,11,3.818,9,1.0,75.545,2011-09,2014-02,monitor
B0007R8YGI,11,3.818,47,0.9149,138.727,2005-07,2008-07,monitor
B000ASB7BS,11,3.818,37,0.4595,86.182,2008-08,2014-07,monitor
B000BKE8QQ,11,3.818,88,0.9205,287.364,2006-05,2009-03,monitor
B000BWY0BC,11,3.818,243,0.9218,223.727,2005-12,2007-01,monitor
B000E0I5AI,11,3.818,687,0.9622,502,2006-02,2012-02,monitor
B000E5EF70,11,3.818,35,0.8286,188.545,2007-06,2009-04,monitor
B000EU02YK,11,3.818,125,0.912,119.545,2007-01,2014-06,monitor
B000EUJD3G,11,3.818,56,0.7857,115.636,2007-01,2009-08,monitor
B000EUJD3Q,11,3.818,57,0.807,190.182,2007-05,2009-01,monitor
B000G27E3I,11,3.818,12,0.9167,118.455,2006-11,2013-12,monitor
B000HLZOIU,11,3.818,59,0.8475,304.636,2006-10,2007-11,monitor
B000IITQCC,11,3.818,13,0.9231,173.091,2008-11,2013-12,monitor
B000IY92O8,11,3.818,7,1.0,52.273,2011-05,2014-06,monitor
B00004ZD2X,11,3.727,16,0.75,118.273,2007-03,2014-05,monitor
B000068CNT,11,3.727,95,0.6421,53.182,2006-01,2009-05,monitor
B00009R6LU,11,3.727,55,0.8545,80.182,2007-01,2014-04,monitor
B0000AJI8M,11,3.727,47,0.8511,45.636,2005-10,2014-07,monitor
B00014B4OQ,11,3.727,46,0.8696,154.273,2004-11,2012-08,monitor
B0001DKQXC,11,3.727,221,0.8688,227,2004-04,2013-11,monitor
B00029TN9S,11,3.727,339,0.9322,176.545,2004-08,2008-07,monitor
B000623HE8,11,3.727,53,0.8113,186.455,2005-01,2011-04,monitor
B0007U0IQE,11,3.727,43,0.907,89.636,2006-01,2013-09,monitor
B0009WX4KM,11,3.727,111,0.8919,101.636,2006-03,2007-05,monitor
B000B63KTG,11,3.727,65,0.7077,118.364,2008-09,2013-11,monitor
B000BFO384,11,3.727,18,0.8333,104.909,2006-08,2014-06,monitor
B000BY8BW4,11,3.727,82,0.8415,88,2008-04,2014-05,monitor
B000CC1Q4K,11,3.727,17,0.8824,42.091,2010-11,2014-01,monitor
B000E7QRQK,11,3.727,21,1.0,65.182,2008-10,2014-01,monitor
B000F4C1H6,11,3.727,255,0.8392,147.091,2006-09,2008-06,monitor
B000FBH35E,11,3.727,46,0.8043,172.364,2006-07,2011-09,monitor
B000GHVZOM,11,3.727,104,0.8846,135.273,2006-11,2011-12,monitor
B00006I53R,11,3.636,130,0.6308,309.091,2007-12,2012-10,monitor
B00006JPRM,11,3.636,14,0.4286,46.636,2008-06,2014-06,monitor
B0002MQGE0,11,3.636,72,0.8333,64.636,2007-06,2014-01,monitor
B0007KQWDM,11,3.636,33,0.9091,146.364,2005-05,2013-04,monitor
B0007RA6NW,11,3.636,115,0.9565,137.364,2005-10,2011-10,monitor
B0009EXWQQ,11,3.636,9,0.6667,41.455,2007-11,2014-07,monitor
B000BKK7BG,11,3.636,144,0.9444,122.273,2006-07,2011-02,monitor
B000BYZNMK,11,3.636,233,0.8283,155.273,2005-12,2009-12,monitor
B000CP10O8,11,3.636,39,0.9231,70.818,2007-07,2013-07,monitor
B000H743TK,11,3.636,151,0.9801,129.727,2006-12,2007-09,monitor
B000JEUO7Q,11,3.636,8,1.0,185.909,2006-12,2014-01,monitor
B00000JI48,11,3.545,68,0.8971,57.818,2004-12,2014-07,monitor
B00004ZCC2,11,3.545,106,0.1604,65.909,2001-02,2014-03,monitor
B00005QJCU,11,3.545,211,0.6209,192.091,2001-11,2013-03,monitor
B0001R05XE,11,3.545,10,1.0,114.545,2007-05,2013-04,monitor
B0002OBQMA,11,3.545,359,0.8858,93.727,2004-08,2014-01,monitor
B00065W74G,11,3.545,162,0.7469,349.545,2004-12,2006-11,monitor
B0009UFOTS,11,3.545,33,0.9091,217.364,2005-12,2011-05,monitor
B000BX9I40,11,3.545,36,0.8056,90,2006-01,2013-01,monitor
B000E5EASE,11,3.545,93,0.6452,104.545,2006-04,2012-05,monitor
B000FPKOV0,11,3.545,87,0.8966,166.545,2006-11,2010-08,monitor
B000J0MN7Y,11,3.545,15,0.5333,84.545,2007-12,2014-04,monitor
B00006I5WP,11,3.455,110,0.7636,101.909,2008-11,2013-09,monitor
B00009UHJ9,11,3.455,15,0.6667,41.364,2010-08,2014-02,monitor
B00009VSG6,11,3.455,336,0.8988,132.545,2003-08,2009-07,monitor
B0001OYZTC,11,3.455,45,0.9111,115,2006-05,2013-11,monitor
B0002DG0OA,11,3.455,351,0.9288,108.818,2005-02,2007-09,monitor
B0009PUR5O,11,3.455,48,0.75,60.455,2012-09,2014-05,monitor
B000AXMEDI,11,3.455,236,0.9237,213.182,2005-10,2011-04,monitor
B000FKALWM,11,3.455,7,0.1429,86,2009-04,2014-03,monitor
B000FV8SLW,11,3.455,13,0.9231,65.273,2007-03,2014-03,monitor
B000050X97,11,3.364,42,0.881,108.273,2001-01,2002-01,monitor
B0001R05Y8,11,3.364,71,0.8028,184.818,2004-07,2014-02,monitor
B000271NG6,11,3.364,23,0.6087,74.909,2005-10,2012-02,monitor
B0002R5Y5M,11,3.364,151,0.947,154.545,2004-12,2009-12,monitor
B0007PCFOW,11,3.364,86,0.9419,285.909,2005-07,2006-05,monitor
B0007UW0YM,11,3.364,8,0.5,75.727,2008-04,2010-11,monitor
B000CQCGSG,11,3.364,8,0.25,110.636,2010-01,2014-07,monitor
B000GISJOU,11,3.364,45,0.9556,134.818,2007-03,2009-09,monitor
B00022TN9A,11,3.273,64,0.4375,126.818,2005-01,2009-08,monitor
B0002KR7G8,11,3.273,27,0.8519,84.636,2004-12,2014-02,monitor
B0006ITP3O,11,3.273,11,0.8182,48.727,2007-10,2014-02,monitor
B0008KL7IQ,11,3.273,246,0.939,232.455,2005-05,2007-07,monitor
B0009U6YQK,11,3.273,26,0.9231,66.818,2006-07,2012-04,monitor
B000BY2DJQ,11,3.273,330,0.9333,97.273,2008-06,2014-04,monitor
B000EIEEYG,11,3.273,197,0.4772,161.727,2006-05,2007-04,monitor
B000FARNN2,11,3.273,44,0.6136,69,2006-09,2012-01,monitor
B000GCARGO,11,3.273,30,0.6667,103.727,2007-12,2013-12,monitor
B000IDBXBO,11,3.273,18,0.8889,55,2007-08,2014-06,monitor
B0000ET93T,11,3.182,26,0.4231,59.818,2004-02,2005-03,monitor
B00012T47C,11,3.182,111,0.8198,211.182,2004-03,2013-12,monitor
B0002V8KW2,11,3.182,164,0.8841,253.364,2004-10,2012-04,monitor
B000A6NUVU,11,3.182,108,0.8241,195.273,2005-10,2009-01,monitor
B000FJ8OC2,11,3.182,15,0.6667,73.182,2007-09,2013-07,monitor
B000GU781I,11,3.182,146,0.7192,149.909,2006-03,2009-11,monitor
B00008VELA,11,3.091,16,0.6875,97.273,2008-01,2012-12,monitor
B0007KQWGE,11,3.091,82,0.939,147.182,2006-02,2014-03,monitor
B000E5BKP0,11,3.091,143,0.9301,158.364,2006-07,2010-11,monitor
B000EGLZTA,11,3.091,42,0.7381,241.545,2007-01,2011-11,monitor
B0001V2N62,11,3.0,92,0.8804,89.455,2004-06,2013-10,monitor
B000GT47I6,11,3.0,463,0.7905,253.727,2006-09,2013-10,monitor
B0002GMDQG,11,2.909,348,0.9799,242.545,2004-12,2014-03,monitor
B000BGOWIE,11,2.909,163,0.7239,162.636,2005-10,2010-02,monitor
B000F2M19Q,11,2.909,31,0.9032,165.182,2007-01,2012-05,monitor
B000FKZ32U,11,2.909,177,0.9153,167.273,2006-08,2008-12,monitor
B000JLM3PA,11,2.909,35,0.6,76.364,2010-06,2014-03,monitor
B000JLTVZA,11,2.909,95,0.9474,321.727,2007-02,2014-05,monitor
B0000C0COH,11,2.818,64,0.7656,149,2004-04,2013-11,monitor
B0007XDYW6,11,2.818,90,0.8778,245.545,2007-01,2008-09,monitor
B00083Y17M,11,2.818,249,0.8916,183.909,2006-02,2011-01,monitor
B00092CK9I,11,2.818,123,0.813,149.182,2005-07,2007-02,monitor
B000BMVITE,11,2.818,70,0.8286,195.182,2005-12,2010-02,monitor
B000EI8WM6,11,2.818,113,0.8319,118.091,2006-03,2009-02,monitor
B00006Y0CW,11,2.727,104,0.7788,159.636,2003-07,2006-10,monitor
B0002XZQAE,11,2.727,35,0.8857,124,2005-05,2011-01,monitor
B0007RB28U,11,2.727,37,0.7297,86,2005-07,2014-02,monitor
B000H11RUY,11,2.727,48,0.5833,154.273,2006-09,2007-10,monitor
B000AZJ268,11,2.636,125,0.8,170,2007-11,2013-07,monitor
B00019EYVG,11,2.545,44,0.3636,132.545,2004-04,2013-06,monitor
B000EVOANS,11,2.545,6,0.8333,145.545,2007-05,2013-12,monitor
B000J171MK,11,2.545,383,0.9452,207.182,2006-12,2011-09,monitor
B00004STHL,11,2.455,110,0.8545,164.182,2000-06,2007-08,monitor
B00009Q989,11,2.455,131,0.7099,132.818,2003-07,2005-01,monitor
B0000CCY7A,11,2.455,46,0.7174,206.091,2004-01,2005-04,monitor
B0007POMKM,11,2.455,74,0.9189,218.091,2005-05,2007-11,monitor
B000CATRHK,11,2.455,32,0.6562,182.909,2007-08,2011-09,monitor
B00005AW1F,11,2.364,66,0.8182,248.545,2001-05,2002-08,monitor
B0009MFKDQ,11,2.364,23,0.7826,69.455,2005-12,2013-11,monitor
B000I97H68,11,2.364,16,0.5,44.818,2012-06,2014-02,monitor
B0000C20XG,11,2.273,144,0.8611,133.364,2004-08,2010-08,monitor
B0001JXAF2,11,2.182,60,0.8833,183.182,2004-04,2007-06,monitor
B000CO77RI,11,2.182,674,0.8976,148.545,2006-05,2013-04,monitor
B000068IGO,10,5.0,31,0.9677,142.9,2003-07,2013-10,monitor
B00009R970,10,5.0,13,1.0,58.8,2011-10,2014-06,monitor
B0000TFGWS,10,5.0,47,0.9149,57.6,2004-02,2014-02,monitor
B00029UAJ0,10,5.0,19,0.7368,33.6,2007-05,2009-12,monitor
B0002GWXNE,10,5.0,13,1.0,63.4,2010-06,2014-06,monitor
B00030DEOG,10,5.0,45,0.9778,63.8,2008-07,2014-04,monitor
B0007OV43Q,10,5.0,18,0.8889,61,2006-05,2014-03,monitor
B0009QZPO6,10,5.0,18,0.7222,66.2,2007-02,2013-12,monitor
B000CZ0RL0,10,5.0,39,0.9487,242.4,2010-02,2014-03,monitor
B000IXU3X8,10,5.0,11,1.0,87.2,2011-02,2014-04,monitor
B000051123,10,4.9,136,0.8382,66,2001-02,2008-02,monitor
B000068BQJ,10,4.9,45,0.8889,81.3,2002-09,2014-03,monitor
B00006B81I,10,4.9,1,1.0,96,2010-11,2014-05,monitor
B00006HR5F,10,4.9,52,0.9423,151.4,2007-10,2014-03,monitor
B0000A03NH,10,4.9,76,0.9474,214.5,2004-12,2005-10,monitor
B00011CS1W,10,4.9,12,0.9167,100.3,2006-02,2014-06,monitor
B000271OWO,10,4.9,20,1.0,37.3,2010-02,2014-06,monitor
B0002A9TKA,10,4.9,15,0.9333,59.6,2008-06,2013-11,monitor
B0002WPS76,10,4.9,63,0.9841,64.6,2005-09,2012-12,monitor
B00077KMXG,10,4.9,113,0.9558,225.2,2007-05,2014-01,monitor
B00092DZ6U,10,4.9,5,0.8,26.1,2009-08,2014-06,monitor
B0009WRUZ2,10,4.9,63,0.9048,165.2,2006-02,2006-08,monitor
B000B7CM4E,10,4.9,21,0.9524,79.8,2008-08,2013-06,monitor
B000BSJCT6,10,4.9,2,1.0,49.8,2013-08,2014-07,monitor
B000EDI3Y8,10,4.9,95,0.9263,110.7,2006-10,2008-02,monitor
B000J4DGS0,10,4.9,61,0.9836,172.2,2007-05,2009-02,monitor
B00005ATZO,10,4.8,186,0.9731,222.6,2001-06,2010-05,monitor
B000067RHS,10,4.8,0,,30.9,2011-01,2014-07,monitor
B00009R6LN,10,4.8,26,0.9231,99.5,2009-07,2014-03,monitor
B00009R6WK,10,4.8,129,0.8915,179.9,2006-09,2013-12,monitor
B00009WBYI,10,4.8,98,0.8265,159,2007-02,2013-04,monitor
B00009ZOIZ,10,4.8,9,0.7778,91.8,2007-04,2014-03,monitor
B0000AZK1L,10,4.8,7,0.7143,46.3,2008-03,2013-11,monitor
B000167P0G,10,4.8,19,1.0,200.8,2006-06,2013-02,monitor
B0001HMFKU,10,4.8,4,1.0,44.7,2008-12,2014-05,monitor
B0002J1I32,10,4.8,1,1.0,33.4,2010-11,2014-06,monitor
B00064O8Z8,10,4.8,627,0.815,250.3,2004-12,2013-12,monitor
B0006SKK5Q,10,4.8,34,1.0,157.6,2007-07,2013-12,monitor
B0007LBP92,10,4.8,4,0.75,42.2,2007-11,2014-07,monitor
B00085ESF0,10,4.8,19,1.0,54.5,2006-03,2013-01,monitor
B000981B10,10,4.8,20,0.95,48,2008-06,2014-03,monitor
B0009UFJAM,10,4.8,11,0.7273,59.2,2007-03,2014-06,monitor
B000A7925C,10,4.8,7,0.7143,41.5,2012-08,2014-01,monitor
B000BGZMY2,10,4.8,93,0.9247,159.3,2006-01,2013-05,monitor
B000BR0AES,10,4.8,4,1.0,43.1,2008-01,2014-05,monitor
B000BSGCV2,10,4.8,20,0.6,48.3,2008-10,2013-08,monitor
B000BVOP6I,10,4.8,6,0.6667,51.1,2009-03,2013-03,monitor
B000BZROBM,10,4.8,7,0.8571,40,2007-09,2014-02,monitor
B000EHLIHS,10,4.8,9,1.0,111.9,2010-02,2011-09,monitor
B000ENL6MY,10,4.8,7,0.7143,80.2,2011-08,2014-06,monitor
B000F3NOPK,10,4.8,66,0.8788,67.4,2006-09,2014-01,monitor
B000F3ODEG,10,4.8,5,0.8,69.5,2008-05,2013-07,monitor
B000HVRQQ8,10,4.8,30,0.7,198.5,2007-01,2008-04,monitor
B000HYX2SG,10,4.8,56,0.7679,76,2007-07,2009-06,monitor
B000IHL38I,10,4.8,341,0.912,250.3,2007-11,2013-12,monitor
B00004TS39,10,4.7,29,0.931,38.5,2001-02,2014-04,monitor
B00005B9AQ,10,4.7,89,0.8764,180.3,2001-10,2009-04,monitor
B000065UTR,10,4.7,109,0.9083,113.9,2003-10,2010-10,monitor
B000067DKI,10,4.7,213,0.9577,298.4,2002-07,2011-10,monitor
B00006BA9U,10,4.7,10,1.0,58,2008-02,2014-06,monitor
B00008VEKC,10,4.7,67,0.8806,155.5,2003-05,2007-01,monitor
B0000D8HLL,10,4.7,12,0.8333,52,2009-11,2014-05,monitor
B0001G6UAW,10,4.7,158,0.8228,195.2,2004-03,2007-06,monitor
B0001TSSM2,10,4.7,28,0.9643,80.7,2011-10,2014-06,monitor
B000205J36,10,4.7,209,0.8756,208.2,2005-04,2008-04,monitor
B0002EXI6W,10,4.7,6,0.6667,39.6,2010-07,2014-06,monitor
B0002GRUIC,10,4.7,33,0.9091,58.2,2006-04,2013-10,monitor
B0002REB38,10,4.7,106,0.9717,224.8,2006-12,2008-12,monitor
B0006HQ2VI,10,4.7,1,1.0,48.2,2007-05,2013-12,monitor
B0009KKQO6,10,4.7,55,0.9455,103.3,2007-10,2014-01,monitor
B0009QW4MM,10,4.7,25,0.8,120.1,2010-01,2013-09,monitor
B0009ZF7ZY,10,4.7,10,0.7,51.2,2006-12,2009-02,monitor
B000B59J8I,10,4.7,23,0.9565,70.2,2009-10,2014-02,monitor
B000BBAL0W,10,4.7,32,1.0,122,2006-08,2014-04,monitor
B000BPCWEQ,10,4.7,529,0.9471,295.8,2005-12,2007-04,monitor
B000ENRPTM,10,4.7,47,0.9574,113.6,2006-08,2012-01,monitor
B000GLHDBC,10,4.7,27,0.3333,92.1,2010-03,2014-05,monitor
B000HDONSK,10,4.7,0,,33.5,2010-12,2013-11,monitor
B00004TDSA,10,4.6,8,0.625,33.5,2000-06,2014-06,monitor
B00004Z5IU,10,4.6,8,0.0,33.6,2012-04,2013-07,monitor
B00005K4PE,10,4.6,4,1.0,39.3,2007-12,2014-05,monitor
B00005QXXM,10,4.6,48,0.7292,125.6,2004-02,2014-04,monitor
B0000665V4,10,4.6,10,0.8,58.6,2010-02,2014-07,monitor
B000068NXH,10,4.6,4,0.75,44.2,2013-04,2014-06,monitor
B00006B9QE,10,4.6,103,0.8252,102.5,2003-04,2013-02,monitor
B00006HCCS,10,4.6,136,0.9044,83.8,2003-02,2005-02,monitor
B00006I5EQ,10,4.6,29,1.0,169,2008-03,2012-12,monitor
B00006K0WO,10,4.6,22,1.0,75.2,2006-12,2013-11,monitor
B00006RVNH,10,4.6,86,0.8488,116.5,2004-10,2014-03,monitor
B00008K4BD,10,4.6,205,0.9707,230.9,2003-04,2011-09,monitor
B00009W3UD,10,4.6,24,0.9583,72.8,2007-01,2014-01,monitor
B0001PNLIW,10,4.6,42,0.9524,120.6,2007-05,2013-11,monitor
B0002861N0,10,4.6,21,0.9048,69.5,2007-10,2013-01,monitor
B0002OQXA0,10,4.6,5,1.0,76.1,2006-07,2013-02,monitor
B0002VS66M,10,4.6,31,0.9355,40.5,2008-03,2014-05,monitor
B0002Y5WVQ,10,4.6,10,1.0,62.2,2006-02,2014-03,monitor
B00065DG00,10,4.6,6,0.6667,80.3,2010-05,2014-02,monitor
B00067DUB8,10,4.6,14,1.0,67.4,2007-08,2014-03,monitor
B0006TU546,10,4.6,18,0.8333,73.5,2008-10,2014-06,monitor
B0007XQ2LG,10,4.6,114,0.8684,304,2005-07,2006-03,monitor
B0008JHB14,10,4.6,6,1.0,81.3,2010-12,2014-03,monitor
B0009PYGLA,10,4.6,4,1.0,36.8,2009-07,2014-05,monitor
B0009SA27O,10,4.6,10,0.9,68.9,2007-07,2014-07,monitor
B0009X09IQ,10,4.6,34,0.9118,121.4,2007-02,2014-04,monitor
B000A0O1D2,10,4.6,14,0.7857,87.7,2006-09,2010-01,monitor
B000BJRI1Y,10,4.6,291,0.945,119.6,2005-12,2013-03,monitor
B000BX4J9O,10,4.6,6,1.0,50.8,2012-07,2014-02,monitor
B000CJ2J9O,10,4.6,9,1.0,109.2,2010-04,2013-02,monitor
B000EJU7MI,10,4.6,129,0.9767,146.3,2006-11,2008-05,monitor
B000EMPPBS,10,4.6,76,0.8816,154.6,2006-05,2013-12,monitor
B000F4RC02,10,4.6,227,0.4846,178,2006-04,2010-09,monitor
B000FAKFNC,10,4.6,9,1.0,130,2011-03,2014-07,monitor
B000FSSPOK,10,4.6,23,0.5652,61.2,2007-05,2013-12,monitor
B000HJ7SCC,10,4.6,4,1.0,52.5,2011-05,2014-06,monitor
B000I1DN32,10,4.6,3,0.3333,28,2010-05,2014-06,monitor
B00000JDGQ,10,4.5,64,0.9531,189.7,2000-02,2001-09,monitor
B00005108J,10,4.5,0,,83,2013-08,2014-06,monitor
B00005V619,10,4.5,157,0.9873,264.3,2002-03,2013-05,monitor
B0000996BH,10,4.5,88,0.9432,66,2004-04,2010-11,monitor
B00009W3UF,10,4.5,5,0.8,95.3,2006-09,2012-07,monitor
B0000A12MH,10,4.5,24,1.0,144.9,2007-10,2010-02,monitor
B0000W4U22,10,4.5,55,0.8364,177.4,2007-02,2013-04,monitor
B00015CQ2E,10,4.5,37,0.9459,81.8,2006-07,2014-02,monitor
B0001PFO1O,10,4.5,17,0.8235,74.8,2007-05,2014-07,monitor
B00022HXOW,10,4.5,257,0.7198,420.8,2004-06,2009-02,monitor
B00029X1LO,10,4.5,3,1.0,40.1,2010-12,2014-07,monitor
B0002GVX7Q,10,4.5,6,1.0,42.6,2009-06,2014-02,monitor
B00065W74Q,10,4.5,545,0.9394,403.8,2004-11,2007-06,monitor
B0007LBVH8,10,4.5,97,0.9485,102.7,2005-03,2013-11,monitor
B0007U0IRS,10,4.5,65,0.9538,271,2006-01,2008-02,monitor
B0007WQ5LE,10,4.5,1,1.0,96.9,2006-12,2014-03,monitor
B0007WQ5NM,10,4.5,25,0.88,151.7,2007-10,2014-01,monitor
B000BTQPAO,10,4.5,123,0.8374,136.9,2005-11,2013-08,monitor
B000COW90I,10,4.5,168,0.9702,105.5,2006-08,2013-01,monitor
B000DZDQLM,10,4.5,150,0.9733,194.7,2006-06,2014-06,monitor
B000DZH7JO,10,4.5,93,0.828,129,2007-10,2013-10,monitor
B000EIIGYU,10,4.5,41,0.9512,153.7,2007-01,2013-04,monitor
B000EXV0QQ,10,4.5,110,0.8636,322.7,2006-07,2010-07,monitor
B000FHQTGW,10,4.5,0,,35.5,2009-04,2014-06,monitor
B000FIQNHG,10,4.5,28,0.8214,44,2007-03,2010-08,monitor
B000H82NI2,10,4.5,102,0.8627,77.7,2007-02,2013-11,monitor
B000HE74LC,10,4.5,20,0.7,94.5,2008-01,2014-04,monitor
B000I223LE,10,4.5,3,1.0,51.8,2012-01,2014-02,monitor
B000J2Q9HW,10,4.5,79,1.0,110.3,2007-02,2009-11,monitor
B000001OMI,10,4.4,11,0.7273,78.4,2007-12,2014-06,monitor
B00004ZCLV,10,4.4,14,1.0,66.5,2011-10,2014-03,monitor
B00005JDDZ,10,4.4,4,1.0,65.6,2006-07,2014-07,monitor
B00005LAC5,10,4.4,17,0.8824,117.1,2006-06,2014-02,monitor
B00005Y3V6,10,4.4,105,0.9143,312.8,2002-02,2003-01,monitor
B00006HCCK,10,4.4,180,0.95,134.4,2002-10,2007-05,monitor
B00006I51S,10,4.4,22,0.8636,81.9,2006-06,2013-04,monitor
B00007KVKI,10,4.4,10,0.6,58.3,2011-11,2014-05,monitor
B00008RW8B,10,4.4,141,0.9291,133.9,2003-06,2009-02,monitor
B00008VF8V,10,4.4,20,0.7,73.2,2004-12,2013-08,monitor
B00009R6MK,10,4.4,52,0.8462,139.8,2005-09,2009-05,monitor
B00009R8ES,10,4.4,19,0.5789,66.1,2006-08,2013-11,monitor
B0000BZM1F,10,4.4,65,0.8615,108.8,2011-08,2014-03,monitor
B0002GWXLQ,10,4.4,10,0.5,55.7,2010-03,2013-12,monitor
B0002J2ANE,10,4.4,1,1.0,63.2,2013-05,2014-07,monitor
B0002J2QWE,10,4.4,21,0.6667,47.9,2011-03,2014-04,monitor
B0002KR2RM,10,4.4,6,0.8333,94,2008-12,2014-04,monitor
B0002X8TVW,10,4.4,124,0.9597,97.4,2005-01,2006-11,monitor
B0006N41B0,10,4.4,13,1.0,185.3,2009-10,2014-07,monitor
B00078COKE,10,4.4,46,0.7609,116.6,2005-02,2013-09,monitor
B0007L8ALI,10,4.4,2,1.0,46,2010-03,2014-02,monitor
B0007N55PA,10,4.4,13,0.4615,119.5,2005-11,2013-12,monitor
B0007PRFDS,10,4.4,0,,67.8,2013-08,2014-04,monitor
B0007WDIVO,10,4.4,16,0.875,49.7,2006-01,2013-06,monitor
B0009KVU8W,10,4.4,10,0.9,107.2,2006-08,2012-09,monitor
B0009P8BLQ,10,4.4,33,0.8182,86,2007-01,2008-05,monitor
B000A1AQU8,10,4.4,34,0.8824,132.8,2009-06,2014-05,monitor
B000EGSGUQ,10,4.4,2,1.0,49,2013-03,2014-04,monitor
B000ELSVOM,10,4.4,49,0.898,61.9,2006-05,2008-09,monitor
B000EZKAGA,10,4.4,124,0.9435,186.7,2005-05,2014-06,monitor
B000F6K00O,10,4.4,55,0.9455,151.9,2007-04,2008-06,monitor
B000FBNULK,10,4.4,35,0.9429,121.8,2006-09,2012-12,monitor
B000FFEP92,10,4.4,37,0.3784,93.5,2006-08,2008-10,monitor
B000GFJMS0,10,4.4,4,0.75,33.3,2011-09,2014-07,monitor
B000HJBE0O,10,4.4,37,1.0,156.6,2006-11,2013-02,monitor
B000HZF170,10,4.4,4,0.75,130.9,2008-06,2013-07,monitor
B000I73B2Y,10,4.4,9,1.0,76,2008-02,2011-12,monitor
B00004TDMX,10,4.3,381,0.9659,222.4,2000-06,2001-10,monitor
B00004XSHN,10,4.3,102,0.9608,123.8,2000-11,2013-02,monitor
B00008J639,10,4.3,137,0.9562,206.2,2003-05,2011-11,monitor
B000090169,10,4.3,14,0.9286,77.2,2005-11,2014-02,monitor
B00009WN9P,10,4.3,48,0.9583,179.7,2004-02,2013-02,monitor
B0000A5R5M,10,4.3,112,0.8036,156.5,2003-11,2013-12,monitor
B00022AVDM,10,4.3,112,0.9554,183.5,2004-12,2014-02,monitor
B000246WNI,10,4.3,41,0.9512,99.4,2005-03,2009-08,monitor
B0002DV9DC,10,4.3,163,0.9202,181.3,2004-09,2007-08,monitor
B0002JFOUA,10,4.3,12,0.9167,62.5,2009-12,2013-11,monitor
B0002Q81XA,10,4.3,7,0.5714,79.1,2011-07,2014-07,monitor
B000653KBK,10,4.3,22,0.9545,83.1,2006-09,2014-02,monitor
B00067KZJI,10,4.3,271,0.893,180.1,2005-04,2008-11,monitor
B0006FK400,10,4.3,22,0.9091,84.9,2007-10,2010-01,monitor
B0009E1XF8,10,4.3,55,0.8,202.2,2006-05,2013-06,monitor
B0009JBBS2,10,4.3,35,0.9143,110,2009-05,2013-11,monitor
B000ELSXYA,10,4.3,68,0.6324,114.6,2006-07,2008-07,monitor
B000FBK3RE,10,4.3,18,0.6111,111.4,2007-10,2014-05,monitor
B000GG6GD8,10,4.3,10,1.0,85.6,2008-01,2013-07,monitor
B000H2486S,10,4.3,11,0.7273,98.7,2010-06,2014-03,monitor
B000I965YS,10,4.3,3,1.0,55.5,2011-09,2014-07,monitor
B00004RIUJ,10,4.2,30,0.7,70.2,2000-04,2001-12,monitor
B000067RLH,10,4.2,21,0.6667,60.2,2003-10,2014-01,monitor
B00006B8CM,10,4.2,6,0.6667,51,2011-04,2013-12,monitor
B00006B8EN,10,4.2,33,0.9394,98.6,2007-01,2014-03,monitor
B0000899ZD,10,4.2,57,0.2456,110,2003-07,2014-05,monitor
B00008PVXB,10,4.2,70,0.9714,222.9,2003-09,2006-03,monitor
B00019VAWC,10,4.2,20,0.85,128.6,2004-06,2014-03,monitor
B0001G6UAM,10,4.2,113,0.7965,190.3,2004-06,2010-02,monitor
B0001LGXO0,10,4.2,240,0.8125,221.5,2004-08,2009-11,monitor
B0002EHOAS,10,4.2,9,0.7778,100.5,2011-04,2014-05,monitor
B0002ER2ZK,10,4.2,32,0.9688,66.3,2007-10,2014-06,monitor
B00061UHDS,10,4.2,465,0.843,363.3,2004-12,2010-11,monitor
B0006J5AAU,10,4.2,19,0.8947,130.4,2005-09,2009-11,monitor
B0009KMSL0,10,4.2,26,0.8462,80.8,2007-05,2012-12,monitor
B0009OOBV6,10,4.2,54,0.9259,152.6,2006-04,2007-09,monitor
B000BJHH1K,10,4.2,102,0.9314,86.6,2006-01,2007-08,monitor
B000BNLC3K,10,4.2,315,0.7079,456.5,2006-03,2006-08,monitor
B000COIRRM,10,4.2,25,0.76,97.5,2006-01,2010-02,monitor
B000CSVZTU,10,4.2,111,0.9279,147,2005-12,2011-10,monitor
B000DZH80C,10,4.2,152,0.9079,151,2006-07,2014-01,monitor
B000ELSXVS,10,4.2,43,0.8837,207.7,2007-01,2013-11,monitor
B000FH658O,10,4.2,130,0.7385,380.9,2006-10,2013-01,monitor
B000FJ2OTG,10,4.2,99,0.8687,177.3,2006-12,2013-01,monitor
B000I3XIFI,10,4.2,5,0.8,52.5,2011-03,2013-08,monitor
B0000365CI,10,4.1,283,0.947,167.4,2000-04,2011-11,monitor
B00004TDRH,10,4.1,13,0.5385,36,2008-12,2014-06,monitor
B00004Z5IW,10,4.1,33,1.0,48.4,2005-10,2014-06,monitor
B00004Z9FF,10,4.1,98,0.8878,117.4,2001-12,2004-02,monitor
B00005QSPX,10,4.1,52,0.8462,86.9,2002-05,2013-01,monitor
B00005V8Q8,10,4.1,182,0.9011,130.2,2003-06,2012-12,monitor
B00007B6L5,10,4.1,130,0.9538,301.7,2003-01,2005-10,monitor
B000085OXN,10,4.1,122,0.959,248.5,2004-07,2010-12,monitor
B00008UA3C,10,4.1,207,0.7585,166,2003-04,2013-03,monitor
B00009R9BF,10,4.1,11,0.6364,143.8,2012-07,2014-04,monitor
B0000AH5N1,10,4.1,149,0.8054,234.1,2003-07,2013-02,monitor
B0000ZJDXA,10,4.1,51,0.6471,75.5,2008-02,2014-07,monitor
B0001DKQWS,10,4.1,80,0.9625,191.3,2004-07,2011-01,monitor
B0001W01JC,10,4.1,186,0.9247,299.6,2004-04,2006-03,monitor
B0002ZPNKK,10,4.1,14,0.7143,54.1,2010-04,2014-03,monitor
B00069ECUY,10,4.1,129,0.9922,327.6,2007-07,2012-02,monitor
B0006PRMAK,10,4.1,6,0.6667,45.7,2010-02,2014-01,monitor
B00079PNTM,10,4.1,105,0.9333,143.8,2005-08,2013-02,monitor
B0007LPAW0,10,4.1,60,0.8167,107.7,2006-01,2012-12,monitor
B0007O7DTA,10,4.1,39,0.8718,74.1,2006-02,2013-02,monitor
B0007WLI0W,10,4.1,49,0.898,131.9,2007-01,2014-03,monitor
B000BUNY3E,10,4.1,11,0.6364,110.7,2011-01,2012-12,monitor
B000F2YHRA,10,4.1,28,0.7857,94.1,2006-10,2012-07,monitor
B000F3FPK2,10,4.1,20,0.9,58.2,2006-12,2012-12,monitor
B000FVZC66,10,4.1,54,0.7407,151.5,2006-09,2014-03,monitor
B000FZ1X1K,10,4.1,156,0.9038,311,2006-07,2011-01,monitor
B000HSEEY8,10,4.1,73,0.8767,99.7,2007-02,2009-04,monitor
B000HVXD3S,10,4.1,9,0.6667,76,2007-01,2014-03,monitor
B000I13TBS,10,4.1,65,0.8615,126.9,2007-06,2010-06,monitor
B000IOC9QG,10,4.1,39,0.8462,81.5,2008-04,2013-08,monitor
B00000JPPI,10,4.0,43,0.8605,40.4,2005-09,2014-05,monitor
B00004U47J,10,4.0,189,0.9365,145.7,2002-07,2012-05,monitor
B00004Z7F0,10,4.0,44,0.9773,69.7,2005-10,2014-05,monitor
B00004ZCA0,10,4.0,20,0.7,49.8,2001-02,2014-07,monitor
B00005MAAR,10,4.0,144,0.9028,209.5,2001-07,2007-04,monitor
B00005Y1S2,10,4.0,127,0.9528,194.7,2002-03,2011-03,monitor
B00006L4FY,10,4.0,31,0.7419,234.1,2003-02,2010-12,monitor
B00007EDY5,10,4.0,9,0.7778,50.7,2008-11,2014-04,monitor
B00007FSB9,10,4.0,58,0.9138,89.1,2003-02,2014-04,monitor
B00008IOEJ,10,4.0,129,0.8217,215.2,2003-04,2007-07,monitor
B0000996B9,10,4.0,41,0.8537,65.4,2004-12,2011-03,monitor
B00009UHH2,10,4.0,53,1.0,59.3,2012-01,2014-03,monitor
B0000AFPVJ,10,4.0,12,0.75,41.1,2010-08,2013-10,monitor
B0000BV0XV,10,4.0,126,0.6508,105.1,2003-12,2007-07,monitor
B0000C3GWV,10,4.0,77,0.8961,93.3,2003-12,2010-07,monitor
B000281WDE,10,4.0,9,0.7778,107.3,2011-08,2014-05,monitor
B0002E3FBK,10,4.0,13,0.8462,56,2011-08,2014-06,monitor
B0007OWO4Y,10,4.0,42,0.8571,57.9,2008-12,2013-05,monitor
B0007Z7XTO,10,4.0,67,0.6866,91.5,2006-03,2013-05,monitor
B00080QGCS,10,4.0,22,0.7727,138.4,2010-02,2013-11,monitor
B0009JQLP0,10,4.0,38,0.6842,50.2,2007-10,2013-12,monitor
B000A42D2O,10,4.0,10,1.0,137.6,2006-04,2009-09,monitor
B000A6AXHE,10,4.0,54,0.7037,196.2,2005-11,2009-11,monitor
B000B8WG2G,10,4.0,22,0.7727,44.6,2009-09,2014-03,monitor
B000BQN4IS,10,4.0,6,0.8333,31.9,2013-02,2014-07,monitor
B000C81ZWC,10,4.0,56,0.6964,167.4,2008-05,2014-04,monitor
B000CS7RYM,10,4.0,57,0.8947,84.3,2006-02,2007-09,monitor
B000DZS20M,10,4.0,142,0.9577,136.6,2006-04,2009-07,monitor
B000EDMPQK,10,4.0,14,0.8571,42.6,2008-01,2013-05,monitor
B000FVUZYA,10,4.0,28,0.4286,50.2,2006-06,2013-07,monitor
B000GX43E0,10,4.0,187,0.9198,364.6,2006-12,2007-09,monitor
B000H97NZO,10,4.0,46,0.8913,104.3,2007-01,2011-08,monitor
B000HBVTCA,10,4.0,32,0.8438,170.8,2009-01,2014-05,monitor
B000HYMUBG,10,4.0,63,0.873,72.4,2007-01,2014-07,monitor
B000HZI2YY,10,4.0,16,0.75,108.4,2009-04,2013-03,monitor
B000I1BF9Q,10,4.0,4,1.0,56.1,2010-06,2013-12,monitor
B000I91MXC,10,4.0,227,0.9163,197.1,2006-10,2013-07,monitor
B000ILGEG0,10,4.0,2,0.0,37,2010-01,2014-06,monitor
B000IXOQOK,10,4.0,84,0.8214,192.7,2006-10,2008-01,monitor
B000J400XO,10,4.0,7,1.0,79,2010-02,2014-02,monitor
B000JU4KG6,10,4.0,33,0.9091,120.3,2009-11,2012-04,monitor
B00005MA7J,10,3.9,187,0.9358,168.5,2001-10,2012-12,monitor
B00005T3Y8,10,3.9,257,0.9494,222.6,2002-04,2011-03,monitor
B000063SNE,10,3.9,78,0.9231,82.2,2002-10,2014-07,monitor
B00006I5UH,10,3.9,227,0.9604,72.9,2007-04,2014-07,monitor
B00008VFCW,10,3.9,48,0.7292,189,2004-08,2010-08,monitor
B00009R6SD,10,3.9,29,0.6207,56.2,2010-06,2013-03,monitor
B00009R89V,10,3.9,11,0.7273,73.9,2010-03,2013-10,monitor
B0000AMRTM,10,3.9,24,0.75,83.1,2003-11,2005-09,monitor
B0000AN0XR,10,3.9,18,0.8889,61.8,2007-02,2014-01,monitor
B0000BZL3H,10,3.9,41,0.4878,81.9,2008-04,2014-07,monitor
B0000UMCO2,10,3.9,13,0.6923,53.2,2009-04,2014-05,monitor
B0002U0JPE,10,3.9,58,0.7586,231.5,2004-12,2009-03,monitor
B0007KQWEQ,10,3.9,276,0.8188,184.1,2005-05,2005-12,monitor
B0007L7EZQ,10,3.9,13,0.7692,62.9,2009-10,2013-10,monitor
B0009X499G,10,3.9,41,0.561,109.2,2005-12,2013-05,monitor
B000B5LQCA,10,3.9,5,0.4,170.4,2009-09,2013-02,monitor
B000CS8R46,10,3.9,16,0.9375,116.6,2007-01,2009-08,monitor
B000DZDP9K,10,3.9,90,0.7111,132.4,2006-05,2013-02,monitor
B000FEW8JW,10,3.9,5,0.8,75.7,2007-10,2014-01,monitor
B000GBVA34,10,3.9,148,0.8851,116.3,2006-12,2013-07,monitor
B000JJSQ1C,10,3.9,20,0.85,90,2008-07,2013-02,monitor
B000JLK5Q4,10,3.9,19,0.6842,59.2,2009-07,2014-02,monitor
B00005B8HU,10,3.8,102,0.9216,149.5,2001-11,2010-07,monitor
B00006B81M,10,3.8,13,0.6154,62,2006-12,2014-03,monitor
B00006IROV,10,3.8,12,1.0,68.1,2007-11,2012-05,monitor
B00007FGUD,10,3.8,7,0.4286,44,2007-02,2013-07,monitor
B0000898TE,10,3.8,67,0.8358,119.1,2003-07,2008-01,monitor
B00017LSCG,10,3.8,106,0.7642,102.5,2007-04,2013-01,monitor
B00017LTFC,10,3.8,33,0.7879,66.8,2008-11,2014-03,monitor
B00062N5AY,10,3.8,84,0.7976,293.1,2005-07,2013-01,monitor
B0007CGXPM,10,3.8,27,0.963,136.2,2006-01,2010-01,monitor
B0007NZQ2W,10,3.8,24,0.5833,130.2,2006-02,2010-02,monitor
B0007XXHRS,10,3.8,17,0.5882,78.8,2008-04,2014-02,monitor
B0008032NO,10,3.8,72,0.9167,245.3,2007-06,2014-04,monitor
B00092Q210,10,3.8,66,0.9091,100,2006-01,2014-03,monitor
B000F5JHSQ,10,3.8,29,0.931,85.8,2011-06,2014-05,monitor
B000FK859I,10,3.8,26,0.9615,121.8,2007-04,2013-11,monitor
B000H7CZWC,10,3.8,326,0.9264,344.7,2006-10,2007-06,monitor
B000H93FX8,10,3.8,78,0.8333,121.8,2006-12,2009-12,monitor
B000I965BQ,10,3.8,0,,61.1,2010-12,2014-02,monitor
B000001OL6,10,3.7,106,0.8868,265.2,2007-01,2013-09,monitor
B00004THCY,10,3.7,79,0.8354,108.1,2000-10,2014-04,monitor
B00006345I,10,3.7,54,0.8148,165,2004-10,2014-02,monitor
B00006HOGN,10,3.7,84,0.8929,105.7,2003-05,2006-05,monitor
B00009YDPM,10,3.7,58,0.7241,198.6,2003-08,2005-03,monitor
B0001OZ2K8,10,3.7,9,0.2222,94.4,2009-05,2014-06,monitor
B00022OAFM,10,3.7,34,0.9412,39,2007-02,2014-07,monitor
B0002BAU84,10,3.7,14,0.7857,137.4,2010-10,2014-07,monitor
B0006G10V6,10,3.7,53,0.7736,58.1,2007-07,2014-06,monitor
B0006ZO2CG,10,3.7,46,0.9348,131.3,2005-03,2014-01,monitor
B000AYHY7I,10,3.7,36,0.8056,179.3,2010-06,2014-05,monitor
B000B74H10,10,3.7,4,0.25,78.5,2006-12,2013-11,monitor
B000FOGUTQ,10,3.7,64,0.8125,138.8,2007-05,2013-03,monitor
B000FOUWNQ,10,3.7,11,0.4545,68.3,2013-04,2014-02,monitor
B000G82K3G,10,3.7,31,0.6774,95.8,2010-05,2014-03,monitor
B000I1AQ4Q,10,3.7,120,0.9083,156.6,2007-11,2013-02,monitor
B000J34TPK,10,3.7,288,0.8472,114.4,2006-12,2009-04,monitor
B00004SPC0,10,3.6,22,0.8182,83.8,2000-10,2008-09,monitor
B00005NWQN,10,3.6,41,0.7561,128,2001-11,2010-01,monitor
B00005O70S,10,3.6,380,0.9289,288.8,2001-09,2003-09,monitor
B00005T3VT,10,3.6,276,0.9746,93.8,2004-10,2014-03,monitor
B000063Y73,10,3.6,27,0.963,134.4,2005-02,2014-02,monitor
B0000936B6,10,3.6,217,0.8249,219.1,2005-03,2013-10,monitor
B0000AZW8X,10,3.6,56,0.6786,148.2,2003-12,2008-01,monitor
B00016W67I,10,3.6,18,0.7778,60.2,2007-03,2013-11,monitor
B0007S8C7I,10,3.6,246,0.7358,211.7,2005-05,2010-06,monitor
B00080Q7M2,10,3.6,52,0.6731,224.7,2007-01,2010-11,monitor
B000F3OI3W,10,3.6,24,0.875,65.7,2007-03,2014-03,monitor
B000FJD5H6,10,3.6,22,1.0,185.3,2007-03,2009-12,monitor
B000J56H5I,10,3.6,154,0.8377,163.9,2007-03,2009-09,monitor
B00004R7OI,10,3.5,57,0.6842,131.6,2000-08,2004-03,monitor
B000065DQ2,10,3.5,194,0.9433,222.6,2002-11,2013-12,monitor
B000066HO4,10,3.5,115,0.9391,219.5,2002-11,2011-12,monitor
B00006J05Y,10,3.5,20,0.95,66.5,2004-05,2014-04,monitor
B0000A55BE,10,3.5,30,0.8667,89.4,2003-09,2008-01,monitor
B0000AXOS1,10,3.5,90,0.9778,92.6,2004-08,2013-07,monitor
B0000VYJQU,10,3.5,109,0.7982,115.1,2004-10,2009-03,monitor
B0001XGQBS,10,3.5,17,1.0,45.6,2005-10,2014-02,monitor
B000799LU4,10,3.5,24,0.8333,170.1,2006-10,2008-09,monitor
B0009F7ZEK,10,3.5,22,0.8182,44.7,2007-07,2013-09,monitor
B000AKVJCI,10,3.5,99,0.899,145.4,2007-03,2014-07,monitor
B000BM6Z60,10,3.5,40,0.5,241.9,2006-04,2012-02,monitor
B000EIBVKG,10,3.5,431,0.9536,188.8,2006-06,2014-01,monitor
B000ER23M2,10,3.5,67,0.8209,157.6,2006-12,2010-09,monitor
B000FPLTW8,10,3.5,10,0.8,125.9,2007-03,2013-01,monitor
B000JEMFG4,10,3.5,10,0.8,48.7,2009-04,2013-12,monitor
B00006B9HR,10,3.4,115,0.9391,205.1,2002-08,2004-06,monitor
B00006HZ1R,10,3.4,34,0.8529,141.5,2002-11,2010-05,monitor
B0001RM3WU,10,3.4,27,0.8889,93.2,2006-02,2013-04,monitor
B000220DCG,10,3.4,156,0.9231,147.6,2004-08,2013-07,monitor
B00027IOI6,10,3.4,34,0.6176,130.7,2004-09,2006-09,monitor
B0002Y67UG,10,3.4,157,0.8471,331.9,2004-12,2013-12,monitor
B00063RT82,10,3.4,90,0.8889,83.5,2005-01,2008-05,monitor
B00069QV2Q,10,3.4,14,0.7857,57.2,2010-01,2013-11,monitor
B0006J59YW,10,3.4,29,0.7931,114.4,2005-06,2008-09,monitor
B0007LCL6S,10,3.4,31,0.8065,71.6,2009-02,2014-05,monitor
B0007XY6QY,10,3.4,399,0.9223,253.7,2005-05,2006-11,monitor
B00084NDJS,10,3.4,20,1.0,80.5,2007-10,2013-02,monitor
B000EOX2GG,10,3.4,48,0.6042,94,2007-02,2010-12,monitor
B00003ETSJ,10,3.3,57,0.3333,79.7,2000-05,2003-12,monitor
B000068MP5,10,3.3,32,0.7812,97.1,2002-09,2003-08,monitor
B00006FXHQ,10,3.3,114,0.6491,133.7,2003-04,2014-07,monitor
B00006HYUB,10,3.3,126,0.7619,137.8,2005-01,2011-08,monitor
B00009RL1Y,10,3.3,325,0.9692,216.1,2003-08,2004-08,monitor
B00023JE02,10,3.3,15,0.7333,43.8,2009-09,2014-05,monitor
B000A2JXFQ,10,3.3,111,0.8559,157.1,2005-09,2009-04,monitor
B000BAWJW6,10,3.3,217,0.9355,90.2,2007-01,2012-04,monitor
B000CO77TQ,10,3.3,12,0.0,53.7,2008-03,2010-09,monitor
B000COEVEU,10,3.3,14,0.9286,140.9,2006-01,2011-05,monitor
B000GJTQ00,10,3.3,15,0.9333,148.5,2010-02,2012-10,monitor
B000IZGI6W,10,3.3,3,0.6667,79.6,2007-09,2013-04,monitor
B00001P584,10,3.2,108,0.8241,235.1,2001-03,2014-05,monitor
B00005Y7DQ,10,3.2,168,0.8929,191.7,2002-03,2007-01,monitor
B00006B9HP,10,3.2,41,0.5366,111,2002-08,2009-02,monitor
B0002X5Q72,10,3.2,197,0.9442,129.3,2006-06,2013-03,monitor
B000CR1D20,10,3.2,5,0.8,51.5,2010-06,2013-11,monitor
B000EHODY8,10,3.2,103,0.932,260.6,2006-06,2009-07,monitor
B000EWD6YG,10,3.2,53,0.566,169,2006-07,2007-01,monitor
B000FUOO3E,10,3.2,21,0.5714,84.2,2007-01,2010-07,monitor
B000GE1QBM,10,3.2,117,0.8889,357.4,2006-11,2009-07,monitor
B000IT5WY2,10,3.2,23,0.6957,91.4,2006-11,2011-01,monitor
B000093US1,10,3.1,143,0.8741,260.3,2003-07,2007-07,monitor
B0001ZRLRE,10,3.1,51,0.7255,158,2004-06,2011-08,monitor
B0002ICEIQ,10,3.1,110,0.7909,148.7,2005-01,2007-11,monitor
B0002J6GLG,10,3.1,363,0.8044,474.7,2004-09,2006-10,monitor
B0002OG6MU,10,3.1,304,0.4474,176.8,2004-09,2006-09,monitor
B0007RALH8,10,3.1,128,0.8828,112.7,2005-10,2010-07,monitor
B00094OT54,10,3.1,122,0.8607,104.3,2005-07,2007-05,monitor
B000E3BV42,10,3.1,91,0.5604,228.8,2006-04,2010-10,monitor
B000I4VT1C,10,3.1,4,0.5,73.4,2011-11,2014-06,monitor
B00000J0D2,10,3.0,105,0.9143,78.9,2000-08,2013-08,monitor
B00006HYM3,10,3.0,54,0.9259,150,2003-03,2005-07,monitor
B0000AZW8M,10,3.0,154,0.8312,120.5,2003-10,2008-01,monitor
B00061ZNVE,10,3.0,177,0.9774,306.6,2005-01,2010-11,monitor
B0009EJ92C,10,3.0,211,0.7962,117.7,2005-12,2008-01,monitor
B000CR2130,10,3.0,105,0.9619,122.6,2006-12,2014-01,monitor
B00067TMGA,10,2.9,156,0.9679,167.3,2005-01,2014-02,monitor
B0007VRPZA,10,2.9,122,0.7869,91.4,2005-03,2013-02,monitor
B0009N4OIC,10,2.9,59,0.6949,152.9,2005-06,2009-04,monitor
B00000K4LF,10,2.8,32,0.7812,90.1,2002-04,2014-06,monitor
B000204SVU,10,2.8,93,0.8925,134.6,2004-07,2009-01,monitor
B0002CWPV8,10,2.8,32,0.9688,158.6,2005-01,2009-08,monitor
B0007LXRB6,10,2.8,47,0.766,93.1,2005-05,2013-10,monitor
B000BLI0DW,10,2.8,96,0.8125,179.3,2007-01,2013-02,monitor
B000JUTW4Q,10,2.7,19,1.0,113.2,2008-03,2014-02,monitor
B00005R5CC,10,2.6,48,0.75,150.2,2002-06,2009-10,monitor
B0000AR8Z1,10,2.6,152,0.8355,228.5,2003-11,2008-04,monitor
B0002ER3B8,10,2.6,45,0.6444,48,2005-04,2008-08,monitor
B0006AZLT4,10,2.6,276,0.8732,180.7,2007-01,2013-11,monitor
B000BVCTS4,10,2.6,55,0.8545,139.6,2006-01,2012-12,monitor
B00000K2YV,10,2.5,34,0.7941,66.8,2007-03,2014-06,monitor
B0007P4G5I,10,2.5,43,0.9767,139.5,2005-09,2013-03,monitor
B00062FFK2,10,2.4,47,0.7021,152.2,2004-12,2013-02,monitor
B000BW32IY,10,2.4,151,0.8742,216.8,2006-05,2008-04,monitor
B0002XHFPS,10,2.2,32,0.8438,138.6,2006-02,2011-09,monitor
B0008GGB36,10,2.2,22,0.4091,119.6,2010-07,2014-06,monitor
B000EMUM2U,10,2.2,17,0.7059,135.7,2006-06,2009-03,monitor
B000067RIV,10,2.1,21,0.4286,52.2,2006-12,2011-12,monitor
B000BI655U,10,2.1,60,0.75,185.1,2006-02,2010-07,monitor
B000FOM68A,10,2.1,117,0.9145,103.2,2006-11,2014-07,monitor
B000IMYDJ4,10,2.1,19,0.8421,47.2,2007-10,2014-03,monitor
B00006HYMK,10,1.9,44,0.7273,140.9,2002-12,2004-07,monitor
B000BREQNE,10,1.5,81,0.9383,169.7,2005-12,2014-03,monitor
B00005NPOB,9,5.0,31,0.7742,34.889,2011-12,2014-07,monitor
B000062STN,9,5.0,32,1.0,52.889,2002-08,2013-02,monitor
B000067SPL,9,5.0,2,1.0,56.333,2007-03,2014-03,monitor
B000071AAB,9,5.0,9,0.8889,40.556,2008-07,2013-11,monitor
B00009R6M3,9,5.0,5,0.8,44.889,2011-08,2014-05,monitor
B0001HYEJK,9,5.0,17,0.6471,61.444,2008-10,2013-11,monitor
B0002F513E,9,5.0,4,0.5,73,2009-11,2014-06,monitor
B0002GVX8A,9,5.0,3,1.0,27.778,2008-06,2014-04,monitor
B0002Q72U8,9,5.0,21,1.0,72.778,2008-10,2014-07,monitor
B0009PAJ2A,9,5.0,27,0.9259,256.556,2007-05,2014-06,monitor
B0009U7XH4,9,5.0,215,0.9349,300,2005-08,2009-06,monitor
B000G1NWYO,9,5.0,122,0.959,257.778,2008-11,2011-12,monitor
B000JEV4TS,9,5.0,12,1.0,62,2007-01,2013-10,monitor
B000JI6IZO,9,5.0,8,0.25,52.222,2011-01,2014-05,monitor
B000JLHDOG,9,5.0,13,1.0,51.222,2007-05,2009-11,monitor
B00000JFIF,9,4.889,304,0.9901,173.222,1999-11,2007-01,monitor
B00004X107,9,4.889,56,0.9464,152,2004-01,2014-02,monitor
B00004Z5OP,9,4.889,11,0.9091,39.778,2010-07,2013-09,monitor
B00004Z78V,9,4.889,4,1.0,58.333,2008-08,2014-04,monitor
B000050LUE,9,4.889,308,0.974,341.222,2000-11,2003-01,monitor
B0000633DU,9,4.889,108,0.9537,137.778,2002-04,2004-01,monitor
B00006I5JM,9,4.889,143,0.9441,208.111,2004-01,2013-06,monitor
B000089GLB,9,4.889,11,1.0,43.778,2007-11,2013-05,monitor
B00009V3C4,9,4.889,7,1.0,34.667,2010-12,2014-06,monitor
B0000E2PMD,9,4.889,34,0.5588,157,2007-01,2010-01,monitor
B00011CS1M,9,4.889,16,1.0,69.778,2007-08,2014-04,monitor
B00017LUNI,9,4.889,22,0.9091,58.333,2010-03,2014-07,monitor
B000189VQ0,9,4.889,104,0.9615,194.222,2004-04,2009-08,monitor
B0001MHZM8,9,4.889,11,0.7273,49.889,2008-10,2014-04,monitor
B0001VWILM,9,4.889,18,1.0,52.222,2007-05,2014-07,monitor
B000621N26,9,4.889,8,0.5,73.778,2011-02,2014-07,monitor
B0006GDHLC,9,4.889,4,1.0,28.222,2010-08,2014-01,monitor
B0007CGXWA,9,4.889,68,0.8529,195.444,2006-04,2009-04,monitor
B0007WDH3I,9,4.889,70,0.9143,140.111,2008-08,2013-06,monitor
B0009EVYUC,9,4.889,22,0.9545,54,2006-07,2009-06,monitor
B000AS7MNU,9,4.889,14,0.7143,50.111,2007-05,2011-03,monitor
B000B5U9UK,9,4.889,11,0.9091,46.778,2007-10,2011-12,monitor
B000B7NAP4,9,4.889,7,0.5714,153.333,2012-11,2014-04,monitor
B000EHYZMS,9,4.889,8,0.875,87.556,2010-08,2014-01,monitor
B000EOQYM0,9,4.889,7,0.7143,46.111,2011-10,2014-04,monitor
B000EPLRFI,9,4.889,95,0.8526,188.222,2006-06,2006-10,monitor
B000F8FC9G,9,4.889,35,0.8857,198.667,2006-07,2009-01,monitor
B000FYZ33A,9,4.889,26,0.9615,172.667,2008-06,2014-01,monitor
B000GAUZG8,9,4.889,17,0.7059,108.222,2011-09,2014-04,monitor
B000H0QIRC,9,4.889,11,0.9091,123.222,2008-01,2013-07,monitor
B000J0ORN2,9,4.889,28,0.9286,253.444,2008-07,2013-07,monitor
B000JI3H08,9,4.889,24,0.875,110.444,2010-03,2012-12,monitor
B00004SCKA,9,4.778,87,0.8851,103.111,2000-09,2004-11,monitor
B00004SV1W,9,4.778,219,1.0,315.889,2000-04,2002-01,monitor
B00004TBBA,9,4.778,133,0.8947,243.556,2000-05,2012-05,monitor
B00004UDQ1,9,4.778,158,0.943,189.333,2000-08,2014-02,monitor
B00004ZEPB,9,4.778,101,0.9901,244.667,2001-12,2013-02,monitor
B000051TOG,9,4.778,324,0.9475,279.444,2001-02,2013-11,monitor
B00005T3UR,9,4.778,1,1.0,32.444,2008-05,2013-07,monitor
B000067SPO,9,4.778,4,1.0,51.778,2007-11,2014-03,monitor
B000068NZK,9,4.778,7,0.7143,37.667,2009-08,2014-07,monitor
B00006JI6U,9,4.778,159,0.8553,86,2003-07,2006-07,monitor
B000077W17,9,4.778,17,0.9412,50.333,2007-05,2013-07,monitor
B00007E7RG,9,4.778,14,0.8571,99.889,2007-03,2014-01,monitor
B000092YPH,9,4.778,15,1.0,73.889,2008-09,2014-04,monitor
B00009UTWB,9,4.778,14,0.9286,37.333,2006-12,2014-05,monitor
B0000A3SGH,9,4.778,80,0.9125,219.111,2003-08,2010-10,monitor
B0000DK7AI,9,4.778,11,1.0,73.889,2007-12,2013-09,monitor
B0000W59F4,9,4.778,126,0.8968,185.778,2004-02,2006-12,monitor
B00012FVY2,9,4.778,13,1.0,112.778,2006-12,2012-10,monitor
B00019OENY,9,4.778,25,0.88,90.222,2005-09,2009-03,monitor
B0001Y7T5Y,9,4.778,2,1.0,32.556,2007-11,2014-06,monitor
B00020KPB2,9,4.778,25,0.96,51.111,2005-07,2014-02,monitor
B0002BETIQ,9,4.778,1,1.0,49.667,2010-06,2014-05,monitor
B0002F7I9O,9,4.778,311,0.9003,152.667,2004-12,2013-07,monitor
B0002GRQR2,9,4.778,7,1.0,47.556,2007-09,2014-01,monitor
B0002ILK2M,9,4.778,7,1.0,45.556,2010-08,2013-12,monitor
B0002XMZOO,9,4.778,10,1.0,113.111,2007-07,2014-03,monitor
B0006VHVK0,9,4.778,21,0.9524,193.222,2005-07,2013-09,monitor
B000928MU4,9,4.778,6,0.8333,47.556,2011-09,2014-07,monitor
B0009PEUG6,9,4.778,31,0.9032,149.111,2006-08,2013-07,monitor
B0009YX98W,9,4.778,10,0.7,52.667,2009-01,2013-08,monitor
B000BPD330,9,4.778,11,1.0,61.889,2012-11,2014-07,monitor
B000F6Y686,9,4.778,144,0.9722,182.111,2006-08,2014-03,monitor
B000FI6R72,9,4.778,50,0.76,213.222,2006-12,2014-03,monitor
B000G20YW6,9,4.778,15,0.9333,116,2008-02,2013-08,monitor
B000GG8M6C,9,4.778,18,1.0,84,2008-12,2013-09,monitor
B000I23TTO,9,4.778,7,1.0,50.222,2010-06,2013-10,monitor
B000ILHQA8,9,4.778,1,1.0,62.778,2009-06,2014-01,monitor
998498480X,9,4.667,8,0.75,58.111,2010-03,2014-04,monitor
B00006HCIX,9,4.667,46,0.9565,156.111,2002-11,2008-05,monitor
B00006HSK6,9,4.667,13,1.0,41.889,2012-07,2014-03,monitor
B00006J6RN,9,4.667,161,0.9503,174.111,2002-10,2009-04,monitor
B000087LCG,9,4.667,94,0.9787,195.778,2003-06,2013-04,monitor
B000087R8F,9,4.667,5,0.6,28.667,2010-04,2013-12,monitor
B00009QOS3,9,4.667,60,0.9,70.667,2005-12,2013-02,monitor
B00009R8GT,9,4.667,46,0.9783,183.333,2004-09,2014-06,monitor
B00009R8WQ,9,4.667,0,,42,2008-10,2014-03,monitor
B00009R97B,9,4.667,125,0.808,43.667,2009-01,2013-08,monitor
B00009V330,9,4.667,9,0.8889,57.667,2010-01,2013-09,monitor
B0000ACCJA,9,4.667,3,1.0,91.333,2011-09,2014-05,monitor
B0000AXQPA,9,4.667,5,0.8,84.222,2011-04,2014-07,monitor
B0000DIWUO,9,4.667,8,0.875,35.111,2006-06,2014-07,monitor
B00011KHVA,9,4.667,12,0.4167,66.889,2006-05,2014-04,monitor
B0001MKU2U,9,4.667,89,0.8427,284.333,2004-12,2005-04,monitor
B00023NFCA,9,4.667,175,0.9086,315,2004-11,2013-02,monitor
B0002EXJJ8,9,4.667,4,0.75,37.556,2011-09,2014-03,monitor
B00030BDWQ,9,4.667,8,1.0,67,2010-11,2014-04,monitor
B00076SC4S,9,4.667,38,0.7105,91.333,2005-11,2010-01,monitor
B0007M6GH2,9,4.667,37,0.973,121.333,2010-12,2014-04,monitor
B0007XYE70,9,4.667,132,0.7424,55.444,2005-10,2009-02,monitor
B00091UOCY,9,4.667,10,0.6,81.333,2007-01,2014-06,monitor
B0009JHMU8,9,4.667,21,0.9524,125.444,2008-11,2012-12,monitor
B000AGH3J0,9,4.667,3,1.0,90.889,2007-07,2014-02,monitor
B000AYHXVU,9,4.667,8,0.75,49.111,2010-04,2013-04,monitor
B000BDHSB0,9,4.667,3,1.0,86.889,2013-05,2014-05,monitor
B000BLEMHU,9,4.667,32,0.9375,138.667,2007-02,2013-02,monitor
B000BVZBY8,9,4.667,3,1.0,32.222,2012-05,2014-07,monitor
B000BWZONU,9,4.667,7,0.7143,159.889,2007-05,2010-05,monitor
B000BY9CV8,9,4.667,11,1.0,39,2006-08,2013-01,monitor
B000EBHZQ2,9,4.667,113,0.9912,229.889,2006-05,2012-06,monitor
B000ES6KPM,9,4.667,14,0.9286,46.444,2008-04,2014-06,monitor
B000F2P32S,9,4.667,14,0.9286,157.444,2007-05,2012-12,monitor
B000F97AFY,9,4.667,114,0.8509,183.222,2006-05,2013-02,monitor
B000FHC0Y2,9,4.667,46,1.0,290.556,2008-03,2013-11,monitor
B000FJMX4M,9,4.667,9,0.7778,42.111,2007-10,2013-03,monitor
B000FLNU4M,9,4.667,38,0.7368,116.889,2007-03,2014-04,monitor
B000I28EGC,9,4.667,79,0.9494,135.889,2007-02,2012-07,monitor
B000I2JI80,9,4.667,52,0.2692,66.556,2012-04,2014-03,monitor
B000I963XQ,9,4.667,5,0.4,41.222,2011-10,2014-06,monitor
B000IXLHOM,9,4.667,9,1.0,52.333,2007-03,2013-06,monitor
B000JC5KCM,9,4.667,13,0.9231,83.556,2009-05,2014-02,monitor
B000JILHFU,9,4.667,84,1.0,130.778,2007-05,2011-12,monitor
B000JINLOK,9,4.667,28,1.0,102.444,2006-12,2013-09,monitor
B000JLPL7M,9,4.667,4,1.0,115.556,2010-08,2013-05,monitor
B00000JD3O,9,4.556,3,1.0,83.333,2010-06,2013-08,monitor
B00004U3AW,9,4.556,250,0.984,246,2000-07,2006-12,monitor
B000058TLP,9,4.556,214,0.8972,419.556,2001-05,2001-11,monitor
B00005OCWN,9,4.556,100,0.84,173.889,2001-11,2013-04,monitor
B000062STU,9,4.556,106,0.8396,87.444,2002-05,2007-01,monitor
B00006BBAD,9,4.556,33,1.0,99.667,2007-01,2014-03,monitor
B00007JO36,9,4.556,1,1.0,49.111,2013-03,2014-01,monitor
B00008IP5R,9,4.556,99,0.8081,231.222,2003-06,2004-04,monitor
B00008RW8L,9,4.556,45,0.9778,114.778,2003-08,2014-04,monitor
B00009R85Z,9,4.556,81,0.9506,213.222,2007-01,2012-02,monitor
B0000A0AEK,9,4.556,11,0.7273,51.444,2008-04,2013-07,monitor
B0000AZK41,9,4.556,23,0.6087,60.889,2004-10,2014-06,monitor
B0001F1ZY4,9,4.556,356,0.9466,131.333,2004-04,2006-02,monitor
B000234N0S,9,4.556,39,1.0,291.889,2006-08,2012-06,monitor
B000281XAG,9,4.556,41,0.439,80.444,2005-11,2013-10,monitor
B0002ER2NM,9,4.556,2,0.5,61.778,2011-03,2014-02,monitor
B0002HMRF2,9,4.556,21,0.7619,101.667,2006-04,2014-05,monitor
B0002KRBH8,9,4.556,4,0.0,58.444,2011-05,2014-06,monitor
B00030F6OC,9,4.556,20,0.9,65.556,2007-07,2013-04,monitor
B00069SORG,9,4.556,2,0.5,26.111,2012-06,2013-12,monitor
B0006SE3K4,9,4.556,42,0.9286,76.222,2005-10,2014-02,monitor
B0007PRAX8,9,4.556,4,0.75,49.444,2011-08,2014-03,monitor
B0009V140K,9,4.556,104,0.9808,111.778,2005-12,2013-11,monitor
B000A3GPIS,9,4.556,11,0.6364,32.667,2008-10,2013-06,monitor
B000BX1064,9,4.556,16,0.8125,40.778,2009-02,2013-09,monitor
B000C77B4O,9,4.556,23,0.8696,75.889,2005-12,2010-05,monitor
B000EIOONW,9,4.556,3,1.0,28.111,2011-07,2013-09,monitor
B000F2BLTC,9,4.556,124,0.9355,310.778,2008-04,2012-01,monitor
B000FNBI5S,9,4.556,22,0.9545,153.111,2007-01,2014-03,monitor
B000FTTNIQ,9,4.556,73,0.8356,512.778,2006-06,2013-01,monitor
B000FZ20L2,9,4.556,1,1.0,57.111,2009-09,2013-09,monitor
B000H86OT6,9,4.556,3,1.0,72,2010-10,2014-02,monitor
B000HRX0NA,9,4.556,8,0.75,59.444,2010-09,2014-04,monitor
B000I3DTCA,9,4.556,14,1.0,105.333,2007-03,2009-08,monitor
B000I3P07C,9,4.556,7,0.8571,49.444,2010-03,2014-06,monitor
B000J46TFW,9,4.556,23,0.913,63.556,2007-02,2014-04,monitor
B000050M6M,9,4.444,122,0.9016,210.333,2003-01,2014-06,monitor
B00005LACB,9,4.444,50,0.94,132.667,2005-01,2010-12,monitor
B00005LE7A,9,4.444,119,0.8571,99.222,2006-03,2013-06,monitor
B00006343P,9,4.444,0,,142.333,2011-10,2013-12,monitor
B000068O3J,9,4.444,8,0.625,43,2007-06,2014-01,monitor
B000068O4D,9,4.444,18,0.7778,67.222,2010-08,2014-04,monitor
B00006I533,9,4.444,73,0.9589,165.111,2006-04,2013-09,monitor
B00006JI6Q,9,4.444,12,1.0,57.778,2007-12,2014-03,monitor
B00008PXC0,9,4.444,15,0.9333,64,2009-01,2014-04,monitor
B00009B59S,9,4.444,0,,48.667,2009-05,2014-04,monitor
B00009K7ES,9,4.444,85,0.7647,169.556,2003-07,2003-10,monitor
B00009Q96Z,9,4.444,323,0.9133,241.778,2003-09,2006-03,monitor
B00009X3RO,9,4.444,4,0.75,71.333,2012-05,2014-04,monitor
B00009XOMO,9,4.444,113,0.8761,137.889,2008-09,2014-05,monitor
B0000AE6B3,9,4.444,20,0.6,74.778,2010-07,2014-05,monitor
B00012BYXO,9,4.444,46,0.913,84.778,2006-03,2013-04,monitor
B00021PJ26,9,4.444,10,0.7,66.667,2011-07,2014-03,monitor
B0002INMK0,9,4.444,58,0.9138,142.778,2006-06,2013-05,monitor
B0002STS3U,9,4.444,33,0.4848,69,2010-03,2014-06,monitor
B000637RN4,9,4.444,31,0.9355,189.333,2006-08,2008-01,monitor
B00065WBF6,9,4.444,11,0.9091,37.778,2007-08,2010-08,monitor
B000673Z4A,9,4.444,265,0.9358,187.222,2004-12,2007-07,monitor
B00067OR6K,9,4.444,10,0.6,66.222,2007-11,2014-02,monitor
B00069R0LM,9,4.444,8,0.25,65.889,2010-12,2014-07,monitor
B0006HPCLE,9,4.444,193,0.9793,261.444,2005-02,2014-03,monitor
B0009H7HAU,9,4.444,79,0.7342,312.667,2005-07,2010-12,monitor
B0009I9YRI,9,4.444,1,0.0,32,2012-11,2014-06,monitor
B0009VJESE,9,4.444,45,0.9111,98.667,2009-02,2011-03,monitor
B0009YE5JE,9,4.444,4,0.25,37.111,2009-02,2013-11,monitor
B000A09IUS,9,4.444,24,0.875,60.556,2006-11,2013-12,monitor
B000AUNC4G,9,4.444,32,0.875,112.667,2008-05,2013-11,monitor
B000B75S9K,9,4.444,43,0.8837,132.889,2007-08,2012-06,monitor
B000B912Q6,9,4.444,92,0.7717,234.333,2005-12,2008-02,monitor
B000BAZFGS,9,4.444,7,1.0,103.222,2009-05,2013-11,monitor
B000BCCH8K,9,4.444,61,0.7377,122.111,2006-03,2013-10,monitor
B000BZOOG0,9,4.444,2,1.0,35.222,2012-02,2014-02,monitor
B000CDHQK2,9,4.444,341,0.8974,207.222,2011-02,2014-04,monitor
B000E6Q33I,9,4.444,45,1.0,210.222,2006-05,2007-07,monitor
B000EIHG96,9,4.444,24,0.875,280.333,2006-07,2014-04,monitor
B000EK4UYI,9,4.444,20,0.8,138.667,2007-03,2013-01,monitor
B000F1OSL6,9,4.444,0,,64.111,2009-05,2014-07,monitor
B000F3H9UG,9,4.444,99,0.8687,257.333,2006-12,2007-09,monitor
B000FJU8BC,9,4.444,9,0.5556,50.889,2009-12,2014-01,monitor
B000FTADXK,9,4.444,8,0.625,53.111,2010-08,2014-05,monitor
B000H17ZZU,9,4.444,3,1.0,53.333,2011-06,2013-04,monitor
B000HECIYU,9,4.444,53,0.6415,63.444,2008-03,2012-02,monitor
B000I7YQEG,9,4.444,29,0.9655,167.111,2007-03,2012-02,monitor
B000J65PJQ,9,4.444,30,0.8,88.556,2010-08,2013-11,monitor
B000JIOG5I,9,4.444,50,0.98,245.222,2007-03,2009-10,monitor
B000051SFJ,9,4.333,65,0.8615,53.889,2003-10,2008-08,monitor
B000068MQU,9,4.333,80,0.9375,303.222,2002-08,2012-07,monitor
B00006HXT9,9,4.333,22,0.6818,87,2007-01,2014-06,monitor
B000087NBU,9,4.333,37,0.8649,100.889,2007-09,2014-06,monitor
B00009XVCX,9,4.333,63,0.746,223.111,2010-03,2014-04,monitor
B0000BV1LG,9,4.333,31,0.871,49.222,2005-09,2014-04,monitor
B0000BVDZ9,9,4.333,115,0.9565,224.333,2005-05,2013-04,monitor
B00011KM3S,9,4.333,40,0.9,63.778,2008-01,2013-05,monitor
B00013R0OU,9,4.333,31,0.3226,75.889,2010-02,2014-07,monitor
B000167TXY,9,4.333,59,0.9492,106.556,2007-05,2013-02,monitor
B0001BW0U6,9,4.333,218,0.9771,274,2004-02,2013-12,monitor
B000234W0E,9,4.333,14,1.0,83.444,2010-07,2013-08,monitor
B0002BG6CI,9,4.333,15,1.0,120.778,2010-03,2014-06,monitor
B0002EXFJW,9,4.333,5,0.8,52.667,2012-03,2014-07,monitor
B0002FCHEU,9,4.333,16,1.0,96.889,2005-01,2011-08,monitor
B0002NXNSG,9,4.333,34,0.7353,111.667,2006-04,2013-06,monitor
B0002Q86MQ,9,4.333,3,1.0,48.333,2009-06,2013-04,monitor
B0006A0G44,9,4.333,11,0.9091,78.111,2007-03,2011-09,monitor
B0006HU48U,9,4.333,247,0.5789,250.778,2005-02,2007-03,monitor
B00076TH8S,9,4.333,20,0.4,146.778,2005-02,2013-07,monitor
B0007SM8R8,9,4.333,95,0.8211,191,2005-04,2012-04,monitor
B0007WIC1K,9,4.333,267,0.8127,264.444,2005-06,2006-03,monitor
B0007WW69O,9,4.333,6,0.6667,49.444,2011-11,2014-03,monitor
B0009K9Q1A,9,4.333,36,0.7778,174.222,2009-07,2014-06,monitor
B0009N7RMM,9,4.333,15,0.5333,85.444,2012-08,2014-02,monitor
B0009SURMY,9,4.333,93,0.8065,96.333,2009-07,2014-03,monitor
B0009TOHDI,9,4.333,5,0.6,85.667,2011-03,2014-07,monitor
B000A3KAAW,9,4.333,29,0.3103,70.444,2012-06,2014-04,monitor
B000BARAW0,9,4.333,4,0.75,145.444,2008-07,2013-09,monitor
B000BFWJM6,9,4.333,23,1.0,102.444,2006-07,2013-09,monitor
B000BKPGI0,9,4.333,4,0.75,64,2006-08,2014-07,monitor
B000BULO5E,9,4.333,18,0.6111,105.778,2010-08,2011-07,monitor
B000EGQK6I,9,4.333,23,1.0,101.444,2006-07,2011-05,monitor
B000EPLPPU,9,4.333,46,0.4783,68,2007-02,2011-09,monitor
B000F3RI4I,9,4.333,100,0.91,181.556,2006-11,2009-10,monitor
B000FKDLN8,9,4.333,47,0.9787,216.667,2006-11,2011-08,monitor
B000FKNZR0,9,4.333,7,0.8571,74.889,2012-12,2014-05,monitor
B000FZVTSW,9,4.333,24,0.8333,139.333,2007-04,2014-06,monitor
B000HGLFDI,9,4.333,3,0.6667,79.444,2011-01,2013-07,monitor
B000HSCL70,9,4.333,15,0.8,69.333,2009-04,2013-09,monitor
B000IN72LE,9,4.333,20,0.9,32.111,2007-04,2013-04,monitor
B000J41ETI,9,4.333,62,0.8548,171.889,2006-12,2013-07,monitor
B00000IGBF,9,4.222,336,0.9435,186.111,1999-11,2012-12,monitor
B00005R098,9,4.222,86,1.0,178.667,2001-12,2013-09,monitor
B00005T3DX,9,4.222,11,0.8182,45.667,2010-05,2013-06,monitor
B00005UK9M,9,4.222,57,0.7895,51,2005-08,2013-07,monitor
B000062YJY,9,4.222,11,0.9091,65.778,2002-10,2013-01,monitor
B00006HO59,9,4.222,19,0.5789,67.778,2007-10,2013-12,monitor
B00008BFJW,9,4.222,22,0.6818,60.889,2005-03,2013-03,monitor
B00008KA66,9,4.222,4,1.0,58.111,2006-12,2014-03,monitor
B00008O35Y,9,4.222,53,0.8491,189.778,2003-06,2008-09,monitor
B00008Y0VU,9,4.222,202,0.8812,227,2004-07,2014-07,monitor
B00009MK9S,9,4.222,61,0.7869,100.222,2006-08,2012-04,monitor
B00009PRYY,9,4.222,90,0.9,73.222,2006-12,2014-06,monitor
B0000CAOGV,9,4.222,27,0.9259,174.111,2007-03,2013-12,monitor
B0001PFPZ4,9,4.222,7,0.5714,43.556,2013-01,2014-05,monitor
B0002ALDKO,9,4.222,24,0.9167,181.333,2007-11,2013-10,monitor
B0002BEVAC,9,4.222,12,0.3333,32.667,2008-05,2014-04,monitor
B0002EOHX0,9,4.222,19,0.9474,47.444,2010-01,2014-05,monitor
B0002H3VZM,9,4.222,4,0.5,63,2007-01,2014-06,monitor
B0002R283S,9,4.222,87,0.8736,208,2005-01,2009-06,monitor
B00061IYFQ,9,4.222,24,0.9583,156.778,2005-03,2012-01,monitor
B00067KRTG,9,4.222,9,0.6667,107.667,2006-05,2009-09,monitor
B00079LOTU,9,4.222,20,0.35,146.333,2006-11,2014-07,monitor
B00079V9XG,9,4.222,246,0.9024,400.222,2005-02,2007-05,monitor
B0007IANK2,9,4.222,163,0.9387,371.222,2005-06,2007-01,monitor
B0007KQWE6,9,4.222,81,0.8889,199.444,2005-06,2013-12,monitor
B00081PSI0,9,4.222,6,1.0,115.778,2007-01,2013-03,monitor
B00085ESFA,9,4.222,48,0.8333,97.111,2006-04,2011-01,monitor
B0008JIQ18,9,4.222,7,0.8571,94.889,2010-11,2013-08,monitor
B00094OX3M,9,4.222,9,1.0,62.333,2009-10,2013-11,monitor
B0009KVT2Y,9,4.222,14,0.8571,92.778,2007-01,2010-05,monitor
B0009Q4W9A,9,4.222,327,0.896,409.222,2005-08,2014-06,monitor
B000BFGU9E,9,4.222,59,0.8983,91.444,2007-06,2012-06,monitor
B000BTDH0K,9,4.222,15,1.0,51.889,2008-01,2013-02,monitor
B000DZH7J4,9,4.222,43,0.7442,120.333,2008-05,2013-12,monitor
B000EA0DDK,9,4.222,40,0.95,121.444,2007-01,2013-12,monitor
B000EP1IKW,9,4.222,155,0.7097,144.778,2006-04,2006-10,monitor
B000F3NL5S,9,4.222,62,0.371,198.556,2008-02,2014-05,monitor
B000G80TZW,9,4.222,137,0.9781,118,2007-08,2014-01,monitor
B000HOJN3O,9,4.222,82,0.9024,320.889,2007-01,2009-08,monitor
B000HW5WRW,9,4.222,54,0.8704,85.889,2007-05,2008-05,monitor
B000ICLQD0,9,4.222,121,0.876,127.444,2007-06,2013-07,monitor
B000J6AVQ8,9,4.222,31,0.9032,147.111,2010-07,2014-05,monitor
9573212900,9,4.111,54,0.9444,70,2009-08,2014-05,monitor
B00003OPEU,9,4.111,71,0.831,212.667,2000-08,2003-01,monitor
B00004THCX,9,4.111,40,0.75,103.333,2000-11,2014-05,monitor
B00004THM6,9,4.111,98,0.8061,114.333,2000-10,2013-07,monitor
B00004Y2US,9,4.111,26,0.8846,78.333,2007-01,2013-07,monitor
B00005219O,9,4.111,29,0.8966,73.222,2003-12,2013-02,monitor
B00005OCWO,9,4.111,117,0.9573,306.778,2001-09,2007-03,monitor
B000066SSZ,9,4.111,171,0.924,163.333,2002-05,2006-04,monitor
B000067R8G,9,4.111,198,0.9495,313.556,2002-07,2003-05,monitor
B00006FMPE,9,4.111,375,0.784,221,2002-11,2007-04,monitor
B00008KIVO,9,4.111,132,0.8182,232.222,2003-05,2005-12,monitor
B0000A8XHC,9,4.111,9,1.0,55.222,2011-02,2013-01,monitor
B0000AKACN,9,4.111,197,0.7208,237,2003-08,2014-06,monitor
B0000AUR22,9,4.111,5,0.8,60.556,2011-08,2014-03,monitor
B000196C2U,9,4.111,46,0.8913,111,2006-07,2013-06,monitor
B0001NYJ58,9,4.111,64,0.8125,100.444,2005-09,2010-10,monitor
B0001XE0P2,9,4.111,31,0.5484,86.333,2008-01,2014-05,monitor
B00023431M,9,4.111,92,0.9674,124.111,2005-12,2011-07,monitor
B0002KO9B4,9,4.111,70,0.7,68,2005-07,2014-04,monitor
B00067TYEK,9,4.111,74,0.8649,292.111,2005-10,2008-12,monitor
B0007OW9IK,9,4.111,4,0.75,54.444,2009-10,2014-04,monitor
B0007R6L8G,9,4.111,123,0.9756,246.889,2005-05,2011-12,monitor
B00092QM6A,9,4.111,29,0.9655,178.444,2006-05,2007-11,monitor
B0009AG95Q,9,4.111,16,0.9375,169.333,2006-10,2013-06,monitor
B000A7B9Z8,9,4.111,425,0.9271,246.333,2005-10,2009-12,monitor
B000AR8QP4,9,4.111,1,1.0,37.889,2009-07,2013-08,monitor
B000BX8AOY,9,4.111,33,0.9091,51.111,2007-04,2014-03,monitor
B000CQ5BEW,9,4.111,29,0.7931,61.444,2008-11,2013-12,monitor
B000EA6WOE,9,4.111,38,0.9474,264,2006-06,2008-12,monitor
B000EC1SO6,9,4.111,104,0.9038,72.333,2006-05,2013-05,monitor
B000FCSWVW,9,4.111,20,0.9,56,2009-06,2014-06,monitor
B000FLQWRO,9,4.111,47,0.8511,62.889,2006-12,2013-03,monitor
B000GR1GLO,9,4.111,16,0.75,110.444,2007-02,2014-01,monitor
B000GUFOBO,9,4.111,131,0.9084,356.444,2008-07,2014-01,monitor
B000I21Z7W,9,4.111,0,,41.889,2012-09,2014-02,monitor
B000I7OIBW,9,4.111,36,0.8333,106.222,2008-11,2014-06,monitor
B000IHM940,9,4.111,98,0.8878,388.778,2006-10,2008-05,monitor
B000IK4C24,9,4.111,3,1.0,58.667,2011-06,2013-07,monitor
B000IXMVGU,9,4.111,59,0.9153,217.444,2007-01,2012-01,monitor
B000JLWDB4,9,4.111,49,0.8163,151.556,2007-02,2009-02,monitor
B00004SD88,9,4.0,40,0.9,289,2001-01,2012-11,monitor
B0000667AP,9,4.0,94,0.8723,273,2002-04,2010-07,monitor
B00006JPKE,9,4.0,0,,44.889,2011-03,2014-02,monitor
B00006WNKR,9,4.0,292,0.7671,164.889,2006-06,2014-03,monitor
B00008XOJC,9,4.0,268,0.9254,116,2003-07,2009-02,monitor
B00009RU8K,9,4.0,25,0.84,94.333,2007-01,2009-12,monitor
B0000DHVOJ,9,4.0,23,0.4348,114.111,2012-03,2014-04,monitor
B0001BVD1S,9,4.0,28,0.8929,70,2008-01,2014-03,monitor
B0001G6UCA,9,4.0,66,1.0,188.667,2004-12,2014-01,monitor
B000234VZK,9,4.0,9,0.7778,85.778,2008-12,2013-10,monitor
B0002KQR2I,9,4.0,157,0.7006,237.778,2004-11,2005-09,monitor
B0002TUDKG,9,4.0,32,0.6875,112.667,2011-02,2014-03,monitor
B0006B058U,9,4.0,5,0.6,48.111,2009-03,2014-03,monitor
B0007NIB74,9,4.0,29,0.7931,85.111,2006-05,2014-02,monitor
B000BF3A88,9,4.0,10,1.0,87.444,2006-11,2014-03,monitor
B000BL28M6,9,4.0,17,0.7647,96.889,2008-02,2014-07,monitor
B000CMGJ0Q,9,4.0,17,0.7647,79.333,2007-07,2013-09,monitor
B000EBPCT4,9,4.0,28,0.6786,57,2008-10,2014-07,monitor
B000ENNSKW,9,4.0,23,0.7391,67.778,2008-05,2009-02,monitor
B000FTM4BO,9,4.0,9,1.0,148.778,2007-01,2014-03,monitor
B000G143P6,9,4.0,79,0.9747,172.111,2006-10,2012-12,monitor
B000G6ZWOC,9,4.0,53,0.6981,122.889,2007-04,2009-11,monitor
B000HKMM4A,9,4.0,16,0.6875,138,2007-05,2013-09,monitor
B000ISCZSE,9,4.0,44,0.9091,82.333,2007-02,2011-01,monitor
B000JFCZ36,9,4.0,7,1.0,84,2007-04,2011-01,monitor
B00000JGNB,9,3.889,190,0.8684,142.111,2001-04,2008-11,monitor
B00004TDN7,9,3.889,195,0.9436,134.111,2000-07,2013-02,monitor
B00005B6S5,9,3.889,72,0.9167,95.444,2002-03,2003-12,monitor
B00005QCU3,9,3.889,32,1.0,219.889,2001-12,2006-10,monitor
B00006B820,9,3.889,60,0.9,50.667,2006-07,2013-12,monitor
B00006JPED,9,3.889,24,0.7917,176.111,2006-10,2014-07,monitor
B00006JQ62,9,3.889,42,0.9524,71.778,2005-10,2014-06,monitor
B0001654FY,9,3.889,53,1.0,47.778,2007-12,2014-02,monitor
B0001LXQIG,9,3.889,183,0.8197,104,2005-05,2010-06,monitor
B0001UPRNO,9,3.889,1,0.0,30.444,2010-05,2014-07,monitor
B00022RV9E,9,3.889,99,0.9394,261.444,2006-03,2012-11,monitor
B0002E1NS2,9,3.889,5,1.0,80.667,2012-12,2014-04,monitor
B0002J2R2I,9,3.889,10,0.8,33.889,2010-07,2014-04,monitor
B0007GIXQK,9,3.889,122,0.9098,129.111,2005-08,2007-11,monitor
B0007KQWEG,9,3.889,62,0.9677,136.111,2005-04,2006-12,monitor
B0007XB6TY,9,3.889,6,1.0,98.444,2006-01,2013-01,monitor
B0009DG7KK,9,3.889,189,0.9735,412.667,2005-09,2014-04,monitor
B0009RTGFY,9,3.889,30,0.8667,119.444,2006-01,2008-01,monitor
B0009X0CSI,9,3.889,114,0.9561,192,2005-08,2007-07,monitor
B000A6GK4E,9,3.889,44,0.6136,180,2010-03,2013-07,monitor
B000DZDPJA,9,3.889,125,0.816,156.444,2006-08,2008-06,monitor
B000FFNDSG,9,3.889,28,0.8571,73.556,2007-04,2014-04,monitor
B000FU0XAW,9,3.889,11,0.4545,66,2008-01,2012-12,monitor
B000GBTTG4,9,3.889,158,0.8734,258.222,2007-02,2012-12,monitor
B000GSQDPM,9,3.889,58,0.9483,329.889,2007-03,2007-11,monitor
B000HI0R5S,9,3.889,65,0.8,72,2008-03,2009-10,monitor
B000IZ7C08,9,3.889,29,0.8276,242.778,2007-02,2008-09,monitor
B000J45G9W,9,3.889,14,0.7143,52.889,2009-06,2014-04,monitor
B00003CWE5,9,3.778,93,0.5054,70.778,2003-02,2012-10,monitor
B00004WLJ8,9,3.778,18,1.0,42.111,2008-09,2013-10,monitor
B00005ALB1,9,3.778,52,0.7308,90.444,2001-04,2007-05,monitor
B00005NIMN,9,3.778,22,0.9091,81.667,2006-04,2012-02,monitor
B00005NWR0,9,3.778,163,0.9387,201.778,2001-09,2003-03,monitor
B00006HPIN,9,3.778,22,0.5,67,2007-05,2014-03,monitor
B00009UU2P,9,3.778,9,1.0,100.444,2009-06,2012-12,monitor
B00009X3UU,9,3.778,25,0.8,93.556,2009-05,2014-07,monitor
B0000CCOVM,9,3.778,1,1.0,59.222,2013-01,2014-06,monitor
B0000UXOHG,9,3.778,47,1.0,69,2005-08,2013-11,monitor
B0001M3N7O,9,3.778,182,0.9615,82.222,2004-05,2014-02,monitor
B0002TQXJG,9,3.778,146,0.911,151.444,2005-08,2009-02,monitor
B00032HC92,9,3.778,85,0.7882,136.778,2004-10,2007-06,monitor
B00062WV9U,9,3.778,15,0.7333,105.222,2009-02,2013-11,monitor
B0007CGXSO,9,3.778,82,0.7683,153,2005-10,2013-10,monitor
B0007NP8Q6,9,3.778,104,0.9615,82.333,2006-05,2014-01,monitor
B0007RALGY,9,3.778,216,0.9583,223,2005-11,2008-01,monitor
B0007ZCYM0,9,3.778,3,0.3333,49.333,2009-01,2013-12,monitor
B00083MW2S,9,3.778,80,0.875,167.556,2005-07,2013-12,monitor
B0009NEUOK,9,3.778,233,0.9399,175.111,2005-08,2014-06,monitor
B000ANZ54S,9,3.778,114,0.8246,354.444,2005-10,2007-06,monitor
B000AXQXXU,9,3.778,177,0.9548,209.778,2005-11,2010-10,monitor
B000BGRRXQ,9,3.778,13,0.9231,44,2007-08,2013-11,monitor
B000E9U9MG,9,3.778,31,0.5484,75.889,2011-03,2014-02,monitor
B000EM6NO6,9,3.778,35,0.8571,85.444,2007-08,2012-05,monitor
B000EOQYMA,9,3.778,10,1.0,69.333,2010-04,2014-07,monitor
B000EPR7XO,9,3.778,17,1.0,70.889,2009-12,2013-11,monitor
B000EVMK6C,9,3.778,70,0.7571,127.889,2007-02,2007-12,monitor
B000EXRSWG,9,3.778,9,0.8889,265.778,2006-08,2011-11,monitor
B000GHXWS4,9,3.778,91,0.8462,132.778,2006-09,2010-10,monitor
B000H70X3A,9,3.778,48,0.7292,80.111,2007-01,2013-01,monitor
B000I1EYK8,9,3.778,19,0.8421,49.333,2010-04,2014-05,monitor
B000IEBUSO,9,3.778,15,0.4667,112.333,2011-09,2014-02,monitor
B000IMYIBC,9,3.778,19,1.0,59.889,2007-01,2013-03,monitor
B00001W0DG,9,3.667,95,0.8737,136.889,2003-01,2013-02,monitor
B00005V63T,9,3.667,161,0.8944,382,2002-01,2003-01,monitor
B00005YU7N,9,3.667,17,0.9412,235.778,2002-05,2006-08,monitor
B00006AE3K,9,3.667,91,0.8242,98.778,2003-05,2014-07,monitor
B00006HOL0,9,3.667,16,0.25,55.889,2007-09,2014-01,monitor
B0000DFZ66,9,3.667,21,0.4762,74.222,2004-10,2009-02,monitor
B00018BN48,9,3.667,14,0.6429,86.778,2004-05,2009-05,monitor
B0001UEHJY,9,3.667,57,0.8947,100.111,2004-11,2010-11,monitor
B0002553J6,9,3.667,48,0.5625,96.778,2004-09,2013-12,monitor
B0002INL4M,9,3.667,31,0.7742,89.222,2005-07,2009-07,monitor
B0002KQRB4,9,3.667,315,0.9206,131.778,2004-11,2012-12,monitor
B00065L5SK,9,3.667,62,0.9677,166.778,2005-07,2007-04,monitor
B00065ZK3G,9,3.667,159,0.9245,394,2004-11,2005-06,monitor
B0006HTZ76,9,3.667,40,0.525,140.889,2005-03,2014-02,monitor
B0007KPRKQ,9,3.667,9,0.6667,25.111,2012-08,2014-04,monitor
B0007P4G6M,9,3.667,36,0.7778,76.556,2005-03,2014-03,monitor
B0009W7EMG,9,3.667,7,1.0,166.889,2007-04,2014-03,monitor
B000ARD5UK,9,3.667,3,0.6667,59.889,2008-09,2013-11,monitor
B000COV4S6,9,3.667,2,1.0,45.778,2011-02,2013-09,monitor
B000EVWC9C,9,3.667,98,0.9388,169.333,2006-08,2013-02,monitor
B000G0LHCO,9,3.667,33,0.2121,45.556,2008-04,2013-08,monitor
B000GEBEDM,9,3.667,8,0.75,37.111,2011-06,2014-02,monitor
B000ID4YLK,9,3.667,23,0.8261,130.444,2009-02,2013-10,monitor
B000IZ0INQ,9,3.667,7,0.8571,42.333,2008-05,2013-09,monitor
B000JBXLV0,9,3.667,24,0.75,113.444,2007-08,2012-03,monitor
B00000J3WQ,9,3.556,43,0.8837,128.111,2000-07,2014-06,monitor
B0000510VF,9,3.556,22,0.7273,92.556,2007-03,2014-01,monitor
B00005Y7DO,9,3.556,62,0.9194,124.889,2003-02,2008-12,monitor
B000068QIT,9,3.556,274,0.9307,180,2003-05,2013-11,monitor
B00006B0QC,9,3.556,13,0.7692,124.444,2003-01,2012-05,monitor
B00006B85B,9,3.556,113,0.9646,161,2003-04,2009-10,monitor
B00008L3HY,9,3.556,143,0.9371,171.333,2003-04,2006-06,monitor
B0000DC64Q,9,3.556,34,0.6471,139.111,2004-11,2008-09,monitor
B0001N6LCM,9,3.556,100,0.88,154.111,2004-07,2014-06,monitor
B0002A0C92,9,3.556,41,0.878,140.333,2005-01,2013-12,monitor
B0002T3UPG,9,3.556,157,0.7389,404.667,2004-08,2006-12,monitor
B0009HGUVW,9,3.556,3,1.0,93,2011-03,2014-03,monitor
B0009IIE5G,9,3.556,124,0.9435,298.222,2005-06,2013-12,monitor
B0009XQPJI,9,3.556,147,0.9116,197.333,2006-06,2014-01,monitor
B000BFLNA0,9,3.556,21,0.6667,126.667,2006-05,2009-02,monitor
B000CC3R8I,9,3.556,26,0.8462,83.222,2010-01,2013-12,monitor
B000ECSHPE,9,3.556,44,0.9091,79.889,2007-04,2014-04,monitor
B000ENPDHI,9,3.556,207,0.913,130.444,2006-05,2013-11,monitor
B000EQW5SA,9,3.556,40,0.975,68.778,2008-12,2014-04,monitor
B000GAB350,9,3.556,45,0.5333,105.778,2007-01,2013-08,monitor
B000078QJ1,9,3.444,31,0.9032,91.556,2004-07,2011-06,monitor
B0000X6D2Q,9,3.444,21,0.8095,81.333,2006-05,2010-03,monitor
B0001D56UK,9,3.444,69,0.913,186.889,2004-05,2006-05,monitor
B00064C3XC,9,3.444,46,0.8478,310.778,2005-01,2007-12,monitor
B0006BKG98,9,3.444,19,0.7895,123.889,2005-04,2007-01,monitor
B00084YFGS,9,3.444,19,0.8947,188.556,2006-01,2011-07,monitor
B000A6QVE8,9,3.444,41,0.9024,91.444,2007-01,2014-04,monitor
B000E36R96,9,3.444,29,0.7241,68.556,2007-10,2014-01,monitor
B000FBZP0E,9,3.444,16,0.9375,85.333,2007-01,2013-12,monitor
B000FD25P0,9,3.444,10,1.0,97.556,2006-08,2009-07,monitor
B000JC7GEC,9,3.444,30,0.8333,131.889,2010-11,2014-03,monitor
B00005UEA6,9,3.333,298,0.8826,76.333,2002-06,2010-12,monitor
B000060NXK,9,3.333,20,0.8,76.778,2009-10,2013-11,monitor
B00009R8VM,9,3.333,113,0.9292,222.667,2008-04,2014-01,monitor
B0001DYTY4,9,3.333,48,0.875,90.667,2005-10,2013-01,monitor
B0001GYAA4,9,3.333,233,0.9399,190.778,2004-08,2012-08,monitor
B0002F8QYA,9,3.333,28,0.7143,53.889,2006-07,2008-04,monitor
B0007A6P2K,9,3.333,42,0.9762,374.556,2005-08,2009-11,monitor
B0007OWAS4,9,3.333,55,0.8727,91.222,2005-07,2008-11,monitor
B000F4CVE4,9,3.333,78,0.6154,413.111,2006-09,2008-02,monitor
B000FGI7PY,9,3.333,51,0.8627,142.222,2006-12,2013-05,monitor
B00000J1GA,9,3.222,121,0.9421,167.889,2000-01,2004-04,monitor
B00006FDR5,9,3.222,74,0.527,234.667,2002-09,2003-10,monitor
B0000E3DQ7,9,3.222,51,0.9608,203.444,2005-06,2010-01,monitor
B0001FV35U,9,3.222,125,0.904,170.333,2004-11,2006-03,monitor
B0002RI3CI,9,3.222,48,0.9583,296.778,2007-05,2013-04,monitor
B0006JI3CC,9,3.222,77,0.7532,143.667,2004-12,2012-01,monitor
B000B85AGU,9,3.222,37,0.9189,152,2007-06,2013-06,monitor
B000HHERSC,9,3.222,2,1.0,41.444,2008-05,2014-01,monitor
B0000996BN,9,3.111,41,0.4634,76.333,2003-12,2014-02,monitor
B0002OI39Y,9,3.111,22,0.5909,86.556,2009-06,2014-03,monitor
B00073JU2E,9,3.111,380,0.8289,188.111,2005-11,2007-10,monitor
B0007N5LKO,9,3.111,11,1.0,73,2008-06,2013-12,monitor
B000FNH1MC,9,3.111,26,0.9615,132.889,2008-06,2014-07,monitor
B000JHMJE4,9,3.111,10,0.4,78.444,2007-07,2013-12,monitor
B0000488VK,9,3.0,59,0.9322,113.111,2000-09,2002-01,monitor
B00006I5JN,9,3.0,337,0.8961,201.889,2005-11,2014-01,monitor
B0000CEPE8,9,3.0,124,0.8226,165.111,2004-12,2007-05,monitor
B000670UW0,9,3.0,115,0.9217,211.444,2005-04,2012-11,monitor
B00069QV5I,9,3.0,14,0.8571,47.556,2010-06,2014-02,monitor
B0007M6104,9,3.0,73,0.8767,297,2005-03,2011-11,monitor
B000BNSIDM,9,3.0,53,0.7736,177.778,2005-11,2009-06,monitor
B000E8V0YI,9,3.0,26,0.7308,36.556,2006-12,2013-01,monitor
B000EZYGTM,9,3.0,28,0.8214,127.333,2006-10,2013-01,monitor
B000J2QIXM,9,3.0,3,0.3333,66.222,2007-06,2010-03,monitor
B00005KK2Q,9,2.889,69,0.942,142.556,2001-10,2004-01,monitor
B00006B80W,9,2.889,8,0.875,128.889,2006-07,2012-12,monitor
B00009RTBX,9,2.889,111,0.7658,234.778,2003-11,2005-01,monitor
B000271NFW,9,2.889,19,0.7895,62.222,2007-11,2014-03,monitor
B000A7BIDQ,9,2.889,20,0.7,96.444,2007-11,2014-02,monitor
B000AHSTMY,9,2.889,196,0.8827,198.333,2005-09,2013-04,monitor
B000BZ1K9E,9,2.889,86,0.7326,179.778,2006-03,2007-12,monitor
B000E5CYSM,9,2.889,83,0.8916,203.889,2007-01,2009-07,monitor
B000F3SB6C,9,2.889,35,0.8286,228.222,2006-06,2007-08,monitor
B000G18NRA,9,2.889,21,0.8095,282.889,2007-07,2013-01,monitor
B000GUNDIA,9,2.889,25,0.84,66.444,2007-01,2012-12,monitor
B00000JD4T,9,2.778,63,0.7143,125.222,2000-05,2012-04,monitor
B0001MKTUS,9,2.778,55,0.6545,197.889,2005-11,2014-01,monitor
B0001OY2V8,9,2.778,82,0.8902,119.778,2004-05,2010-10,monitor
B00022OBD8,9,2.778,14,1.0,62.556,2007-02,2014-03,monitor
B0006698SI,9,2.778,41,0.8537,125.556,2005-06,2012-04,monitor
B0007L8ANQ,9,2.778,19,0.9474,53,2012-08,2014-02,monitor
B00092PV6C,9,2.778,145,0.8069,218.444,2005-07,2008-10,monitor
B000G1KO7C,9,2.778,12,0.5833,83.333,2006-12,2013-03,monitor
B000068U29,9,2.667,90,0.7556,245.444,2002-10,2007-03,monitor
B000EFNTQI,9,2.667,1,1.0,43.111,2012-04,2014-02,monitor
B000FBF38I,9,2.667,10,0.9,194.778,2007-08,2014-06,monitor
B000GWM9I8,9,2.667,26,0.5385,258,2008-08,2011-11,monitor
B00005Y4QP,9,2.556,68,0.8971,110.222,2002-08,2013-12,monitor
B000063WPA,9,2.556,26,0.7692,105.556,2002-06,2005-09,monitor
B0000CEPA5,9,2.556,79,0.9241,73.889,2004-05,2009-09,monitor
B000EHODYI,9,2.556,40,0.875,195.778,2006-10,2009-12,monitor
B000BN9UHU,9,2.333,80,0.825,265.333,2006-01,2013-09,monitor
B000FOI2TW,9,2.222,33,0.9394,113.222,2006-04,2014-03,monitor
B000FPKO0G,9,2.222,31,0.9032,97.667,2006-08,2009-04,monitor
B0000TNWU6,9,2.0,222,0.9234,123.333,2003-11,2010-08,monitor
B000IN048C,9,2.0,60,0.9,121.333,2006-12,2012-09,monitor
B0001R041M,9,1.778,68,0.7941,135.667,2005-01,2012-01,monitor
B00062FL42,9,1.778,96,0.9896,121.222,2004-12,2007-06,monitor
B0001BRD62,9,1.556,54,0.8148,190,2004-06,2013-03,monitor
B00000J3GR,8,5.0,7,0.8571,45.125,2008-05,2014-03,monitor
B000023VUE,8,5.0,23,0.9565,66.5,2001-05,2011-02,monitor
B000068NZN,8,5.0,3,1.0,53.125,2011-07,2014-01,monitor
B000068O44,8,5.0,4,1.0,68.75,2012-09,2014-06,monitor
B00006JPWT,8,5.0,37,0.973,55.125,2006-07,2014-04,monitor
B00007CW52,8,5.0,9,0.8889,92.75,2010-12,2014-03,monitor
B00008SCFU,8,5.0,193,0.9378,92.5,2004-07,2014-04,monitor
B00009R6TL,8,5.0,14,0.9286,57.875,2007-06,2013-09,monitor
B00009R6X4,8,5.0,110,0.9182,176.5,2006-11,2011-12,monitor
B00009R8AT,8,5.0,10,1.0,157.125,2010-09,2013-12,monitor
B00009R90C,8,5.0,4,1.0,37.625,2010-06,2014-05,monitor
B00009XFVN,8,5.0,10,0.3,35.5,2006-06,2014-01,monitor
B00009XVKT,8,5.0,2,0.5,58.5,2010-02,2014-06,monitor
B00009XVL7,8,5.0,5,0.8,74.25,2009-02,2014-04,monitor
B0000AI0N2,8,5.0,41,0.9512,99.75,2004-08,2014-03,monitor
B0000ALX5R,8,5.0,14,0.9286,158.25,2004-02,2011-11,monitor
B0006H4FVM,8,5.0,12,0.5833,63.5,2010-11,2014-01,monitor
B0007M0VXM,8,5.0,99,0.8586,69.625,2005-04,2011-06,monitor
B0007N72WY,8,5.0,15,0.8667,40.5,2007-03,2013-12,monitor
B0009I6KCA,8,5.0,70,1.0,90.625,2005-12,2008-04,monitor
B0009MFRW0,8,5.0,5,0.8,50.5,2012-12,2014-06,monitor
B000B06PNK,8,5.0,17,0.9412,71.25,2007-03,2012-02,monitor
B000BMQR40,8,5.0,15,0.6,44.25,2010-05,2013-01,monitor
B000BN9VJM,8,5.0,8,0.5,66.125,2008-05,2014-05,monitor
B000CRUBAA,8,5.0,43,0.9535,74.375,2007-03,2010-09,monitor
B000EA1LFY,8,5.0,6,1.0,31.5,2009-07,2014-04,monitor
B000HGSLAI,8,5.0,29,0.8621,169,2007-01,2009-09,monitor
B000HI93T4,8,5.0,34,0.8529,77.875,2006-12,2008-11,monitor
B000JG3ABQ,8,5.0,21,1.0,92.5,2008-04,2013-02,monitor
B000JLU1JU,8,5.0,24,0.875,158.5,2007-01,2007-12,monitor
B00004OCOX,8,4.875,69,0.942,116.5,2000-03,2001-11,monitor
B00004RC2G,8,4.875,127,0.9528,144,2000-04,2000-09,monitor
B00004U89W,8,4.875,25,0.96,68,2005-08,2009-11,monitor
B000056Q1H,8,4.875,53,0.9434,86,2001-08,2010-03,monitor
B000067BEG,8,4.875,227,0.9604,420.5,2002-08,2010-10,monitor
B00008VSKL,8,4.875,10,0.5,96.75,2009-09,2012-12,monitor
B000095S9G,8,4.875,6,1.0,69.375,2006-03,2010-03,monitor
B0000ABPI2,8,4.875,28,0.8571,71.75,2005-03,2011-10,monitor
B0000AIS2S,8,4.875,43,0.9767,123.25,2008-05,2014-01,monitor
B0000BZL2Y,8,4.875,0,,46.625,2012-11,2014-07,monitor
B0001AU7SY,8,4.875,56,0.9464,74.625,2006-01,2013-02,monitor
B0001VJ7W0,8,4.875,2,1.0,32.875,2009-01,2013-09,monitor
B00022VZ1O,8,4.875,55,0.9273,65.25,2004-12,2012-09,monitor
B000246TJK,8,4.875,15,1.0,79.125,2011-11,2014-03,monitor
B0002DVAZY,8,4.875,2,1.0,79.875,2012-05,2014-07,monitor
B0002H6M0S,8,4.875,28,0.9286,131.5,2005-01,2006-04,monitor
B00032C9J0,8,4.875,4,0.75,60.25,2011-09,2014-06,monitor
B00062WV7C,8,4.875,21,0.8571,60.25,2005-12,2012-04,monitor
B0006HQ1B4,8,4.875,22,0.8182,109.75,2009-02,2011-12,monitor
B0006M4PP8,8,4.875,8,0.25,65.5,2008-05,2013-03,monitor
B0006VHZJ2,8,4.875,2,1.0,72.25,2009-02,2009-12,monitor
B0007VZUGQ,8,4.875,56,0.9464,153.875,2007-01,2012-06,monitor
B0007WTFAW,8,4.875,0,,30,2013-02,2014-06,monitor
B00080B0KQ,8,4.875,4,0.5,149,2007-05,2013-10,monitor
B0009DRSWQ,8,4.875,9,0.8889,43,2011-03,2014-04,monitor
B0009XVGMO,8,4.875,30,1.0,229.125,2006-09,2010-09,monitor
B000A1SXBW,8,4.875,19,0.7895,104.25,2012-02,2014-07,monitor
B000AS2XPC,8,4.875,2,0.0,25,2012-04,2014-03,monitor
B000ASGFV0,8,4.875,13,0.6154,33.125,2007-06,2013-10,monitor
B000AXQFJC,8,4.875,22,0.9545,263.75,2006-11,2007-11,monitor
B000B74TR2,8,4.875,0,,28.75,2011-01,2014-07,monitor
B000B7NAMW,8,4.875,15,1.0,65.875,2006-01,2008-04,monitor
B000BAUWYI,8,4.875,21,0.8095,66.75,2006-07,2013-11,monitor
B000BO1L7G,8,4.875,141,1.0,55.25,2008-12,2014-02,monitor
B000BYJFYW,8,4.875,38,0.8684,100,2006-05,2013-08,monitor
B000CJ05ZE,8,4.875,37,0.8108,80.625,2010-03,2014-01,monitor
B000ECB4EK,8,4.875,7,0.8571,75.125,2006-11,2013-07,monitor
B000EGM3PU,8,4.875,12,1.0,79.75,2008-02,2011-06,monitor
B000EVO4T8,8,4.875,8,0.875,48.25,2007-09,2014-05,monitor
B000F2P2T2,8,4.875,7,1.0,189.625,2006-11,2007-04,monitor
B000FD9YB8,8,4.875,29,1.0,151.375,2009-03,2013-12,monitor
B000FHQ3YK,8,4.875,24,0.625,44.375,2011-09,2014-05,monitor
B000G7WZMI,8,4.875,10,1.0,65.25,2008-07,2012-01,monitor
B000GGMJ5W,8,4.875,60,0.95,274.5,2006-08,2011-05,monitor
B000H2HVLC,8,4.875,30,0.9333,112.125,2007-02,2013-01,monitor
B000HHSTWW,8,4.875,13,0.6923,43.5,2009-12,2014-02,monitor
B000HPMP6A,8,4.875,57,0.8421,182.5,2006-11,2014-02,monitor
B000HWPUO2,8,4.875,15,0.8,45.5,2007-01,2009-02,monitor
B000I2Q4JQ,8,4.875,36,0.5278,75.625,2007-01,2008-06,monitor
B000I94ITM,8,4.875,5,0.8,46,2012-08,2014-04,monitor
B000IVDGJI,8,4.875,2,1.0,21.875,2008-05,2014-01,monitor
B000JG1TDW,8,4.875,5,1.0,33.125,2012-02,2013-12,monitor
B000JLN6JM,8,4.875,24,1.0,212,2009-03,2011-12,monitor
B00000JFMK,8,4.75,143,0.9091,73.75,1999-07,2002-10,monitor
B00005ATME,8,4.75,7,1.0,53.25,2006-12,2013-12,monitor
B000063K77,8,4.75,30,1.0,108.75,2005-02,2009-06,monitor
B000065AGC,8,4.75,78,0.9359,251.25,2002-10,2013-04,monitor
B000068NXI,8,4.75,1,1.0,47.625,2010-12,2014-03,monitor
B00006B8C5,8,4.75,6,0.8333,51.375,2010-03,2014-03,monitor
B00006I53Q,8,4.75,302,0.9238,369.75,2005-01,2014-03,monitor
B00006JK37,8,4.75,379,0.8892,391.75,2002-09,2009-06,monitor
B00006JPDE,8,4.75,6,1.0,80.25,2010-01,2014-07,monitor
B00006RSIZ,8,4.75,150,0.98,310.625,2002-11,2006-06,monitor
B00007E8YT,8,4.75,62,0.9677,204.5,2002-12,2004-05,monitor
B00008ZGSQ,8,4.75,11,1.0,89.375,2004-06,2012-03,monitor
B00009R89I,8,4.75,31,0.3871,79.625,2006-11,2010-11,monitor
B00009R90A,8,4.75,24,0.9583,124.875,2007-08,2014-05,monitor
B00009R95Y,8,4.75,84,0.8452,298.875,2011-12,2014-05,monitor
B00009V2OV,8,4.75,15,0.8667,109.75,2007-10,2013-01,monitor
B0000AE6AH,8,4.75,30,0.9,54.5,2008-06,2013-07,monitor
B0000BZLBN,8,4.75,4,1.0,40.5,2008-10,2012-07,monitor
B0000CBBNP,8,4.75,4,0.75,63.75,2009-04,2014-03,monitor
B0000TSBLG,8,4.75,13,0.6923,53,2007-09,2013-04,monitor
B0000U1OD2,8,4.75,237,0.9873,90.375,2004-07,2007-05,monitor
B0000XMVE0,8,4.75,57,0.9123,121,2004-06,2014-05,monitor
B000165FFS,8,4.75,21,0.4762,44.625,2010-11,2013-12,monitor
B000182FHW,8,4.75,238,0.9748,469.25,2004-06,2013-09,monitor
B0001W7TXI,8,4.75,72,0.9444,222.625,2005-02,2011-06,monitor
B0002887Z0,8,4.75,18,0.8889,72.625,2007-01,2013-10,monitor
B0002E51AI,8,4.75,8,0.875,43.875,2011-07,2013-11,monitor
B0002EXF1A,8,4.75,2,1.0,102.625,2008-10,2013-10,monitor
B0002H0C7C,8,4.75,1,1.0,45.125,2011-10,2014-07,monitor
B0002Q804K,8,4.75,7,1.0,113.125,2011-11,2014-06,monitor
B00030CHPI,8,4.75,2,1.0,145.75,2011-10,2014-07,monitor
B0006VJ7TS,8,4.75,4,1.0,44.125,2007-01,2013-04,monitor
B0007U9KE0,8,4.75,47,0.9362,62.875,2006-08,2007-09,monitor
B0008IV3XC,8,4.75,8,0.875,51.25,2009-12,2014-07,monitor
B0009HN58I,8,4.75,5,0.6,30.75,2007-06,2014-02,monitor
B000AEEXRW,8,4.75,10,0.8,110.375,2006-10,2013-03,monitor
B000BSLTMY,8,4.75,18,1.0,93.625,2005-11,2013-08,monitor
B000BSN1TS,8,4.75,20,0.9,121.75,2009-03,2014-06,monitor
B000CEYXW0,8,4.75,38,1.0,196.25,2006-01,2008-12,monitor
B000CP31E0,8,4.75,15,0.4667,63.125,2013-01,2014-01,monitor
B000CQIRD4,8,4.75,8,0.5,63.25,2011-01,2014-05,monitor
B000DZKUHA,8,4.75,39,0.7179,169.875,2006-10,2012-08,monitor
B000F1ULU8,8,4.75,3,1.0,70.5,2010-01,2013-01,monitor
B000F95A88,8,4.75,37,0.8649,73,2011-08,2014-02,monitor
B000F9GZN2,8,4.75,22,0.7727,59.25,2006-12,2013-01,monitor
B000FBPH2K,8,4.75,84,0.9762,334.875,2006-11,2009-01,monitor
B000FBXWOA,8,4.75,21,0.9524,68.375,2007-10,2010-03,monitor
B000G644IM,8,4.75,21,0.9524,153,2006-12,2009-01,monitor
B000GDXNAK,8,4.75,49,0.9388,124.25,2007-02,2014-06,monitor
B000H7VCVW,8,4.75,3,0.6667,27.5,2010-04,2014-07,monitor
B000HDKVDQ,8,4.75,14,0.9286,34.875,2011-10,2014-07,monitor
B000HGL5RE,8,4.75,44,0.9318,242.25,2006-12,2007-05,monitor
B000I23SKE,8,4.75,0,,33.75,2012-12,2014-02,monitor
B000I23TLC,8,4.75,4,1.0,31.75,2011-10,2014-07,monitor
B000I9B2LE,8,4.75,10,0.8,49.5,2010-07,2014-01,monitor
B00004TZE5,8,4.625,6,0.6667,48.875,2006-11,2013-04,monitor
B00004WHE5,8,4.625,359,0.9861,242.875,2000-08,2012-09,monitor
B0000510CF,8,4.625,3,1.0,79.25,2012-01,2013-10,monitor
B00005111T,8,4.625,2,1.0,41.75,2011-01,2014-06,monitor
B0000513FN,8,4.625,4,0.75,68.875,2008-09,2014-05,monitor
B00005B4BJ,8,4.625,69,0.9855,197.25,2001-10,2014-04,monitor
B00006I5BG,8,4.625,16,0.625,116.75,2007-03,2014-04,monitor
B00009R7ZL,8,4.625,14,0.6429,41.375,2010-03,2014-07,monitor
B00009R86N,8,4.625,8,0.875,155,2008-04,2013-12,monitor
B0000AKGX3,8,4.625,101,0.8614,148.75,2007-06,2013-12,monitor
B0000BZL05,8,4.625,27,0.1111,50,2011-12,2014-03,monitor
B0000X0VU6,8,4.625,47,0.9149,240.125,2006-06,2012-11,monitor
B0000XMY4C,8,4.625,3,1.0,53.25,2011-07,2014-03,monitor
B0001654WC,8,4.625,3,1.0,45.375,2012-06,2014-04,monitor
B00017O6Q6,8,4.625,50,0.86,175.125,2005-08,2007-06,monitor
B0002BEPRQ,8,4.625,0,,60.125,2011-11,2014-04,monitor
B0002DOXKI,8,4.625,67,0.8955,331.375,2004-07,2011-01,monitor
B0002EXMFY,8,4.625,2,1.0,78.5,2011-03,2013-03,monitor
B0002F858C,8,4.625,12,0.9167,102.75,2005-01,2014-03,monitor
B0002IG34W,8,4.625,46,0.8696,305.75,2004-07,2004-08,monitor
B0002MQGJU,8,4.625,5,0.8,25.5,2010-05,2014-05,monitor
B0002VS644,8,4.625,7,1.0,61.125,2010-06,2014-01,monitor
B000687QW6,8,4.625,12,1.0,59.75,2007-12,2013-07,monitor
B0006BHHF4,8,4.625,9,1.0,84.875,2010-07,2014-02,monitor
B0006HHV90,8,4.625,7,1.0,110.875,2009-03,2014-06,monitor
B0006J0IN4,8,4.625,10,1.0,83.5,2007-01,2014-06,monitor
B0006PRM8C,8,4.625,33,0.5152,207,2005-05,2011-11,monitor
B0007KQWDW,8,4.625,174,0.9713,180,2005-03,2008-12,monitor
B0007WQ8MU,8,4.625,15,0.9333,71.75,2010-01,2014-05,monitor
B00097I5W4,8,4.625,41,0.9512,108.375,2006-04,2014-01,monitor
B0009U7MV6,8,4.625,120,0.7417,160.5,2006-04,2009-10,monitor
B000B7NCRA,8,4.625,11,0.8182,67.25,2010-08,2014-06,monitor
B000BBAL1G,8,4.625,28,0.9286,206.5,2005-12,2007-07,monitor
B000BMFYGW,8,4.625,94,0.7234,219.5,2005-11,2014-05,monitor
B000CKBLBU,8,4.625,25,1.0,139.875,2010-09,2013-12,monitor
B000CSWW92,8,4.625,62,0.7742,293.125,2006-02,2014-06,monitor
B000E975AK,8,4.625,5,0.8,71.875,2006-10,2014-03,monitor
B000EBA0G4,8,4.625,86,0.9419,196.125,2006-04,2011-01,monitor
B000EOOTZY,8,4.625,0,,105.75,2009-09,2014-03,monitor
B000FCP92C,8,4.625,24,0.9583,59.75,2012-08,2014-06,monitor
B000FCR754,8,4.625,9,1.0,42.25,2007-03,2011-08,monitor
B000FGA76G,8,4.625,139,0.9137,181.375,2006-09,2011-02,monitor
B000FKDML4,8,4.625,0,,26.125,2012-12,2014-06,monitor
B000G62F88,8,4.625,14,0.8571,61,2007-09,2010-09,monitor
B000G7PLCY,8,4.625,98,0.9592,214.5,2009-01,2014-07,monitor
B000H2FTI4,8,4.625,8,0.75,52.5,2010-01,2014-07,monitor
B000H6AWX2,8,4.625,2,0.5,76.5,2007-06,2013-11,monitor
B000HCMTL4,8,4.625,5,0.8,58.875,2010-07,2014-05,monitor
B000HDOOES,8,4.625,4,1.0,68.75,2009-08,2012-11,monitor
B000I97HTA,8,4.625,0,,34,2012-11,2014-03,monitor
B000IMYAVU,8,4.625,26,1.0,59.25,2007-01,2014-06,monitor
B000INF2NY,8,4.625,3,1.0,90.125,2007-09,2014-03,monitor
B000J42GEU,8,4.625,77,0.8701,353.625,2007-06,2012-08,monitor
B000JGD9JY,8,4.625,22,0.8636,150.75,2011-03,2014-03,monitor
B00000J4M9,8,4.5,84,0.9643,119.625,2000-09,2013-05,monitor
B00003G1RE,8,4.5,38,0.8158,63.875,2001-02,2002-06,monitor
B00003ZDJ7,8,4.5,42,0.7857,71.5,2001-03,2013-04,monitor
B00004TX77,8,4.5,29,0.931,83.375,2006-01,2013-02,monitor
B00004Z6JF,8,4.5,6,0.5,30.125,2009-01,2013-03,monitor
B0000512E6,8,4.5,13,0.4615,45,2001-07,2013-12,monitor
B00005LP0X,8,4.5,7,1.0,44.75,2009-05,2013-12,monitor
B00005OP2T,8,4.5,70,0.8571,150.75,2003-04,2006-12,monitor
B000063W8W,8,4.5,30,0.9,46.75,2006-01,2013-03,monitor
B000067V08,8,4.5,62,0.6613,144.125,2003-02,2006-11,monitor
B000068O45,8,4.5,16,1.0,50.375,2011-08,2014-03,monitor
B00006HMPH,8,4.5,20,1.0,178.75,2005-05,2012-10,monitor
B00006HOAS,8,4.5,9,0.8889,32.75,2007-08,2014-02,monitor
B00006I5BQ,8,4.5,23,0.8696,71.5,2008-05,2014-04,monitor
B00006IRW3,8,4.5,73,0.6438,91.375,2005-01,2012-02,monitor
B00006RSJ1,8,4.5,204,0.9167,293.625,2002-11,2003-05,monitor
B0000CE6R4,8,4.5,114,0.5614,231.625,2004-08,2013-06,monitor
B00012F7CI,8,4.5,124,0.7903,177,2005-09,2013-12,monitor
B0001K2JD0,8,4.5,163,0.908,208.875,2004-05,2013-12,monitor
B0001U5MGQ,8,4.5,37,0.8649,56.625,2011-09,2013-12,monitor
B0001V3AV4,8,4.5,3,0.0,48.125,2007-08,2014-07,monitor
B00022KOUC,8,4.5,14,1.0,76,2006-11,2009-06,monitor
B0002A9TD2,8,4.5,6,0.8333,38.5,2009-05,2013-12,monitor
B0002D0ROO,8,4.5,24,1.0,70.875,2012-09,2014-02,monitor
B0002TKGZS,8,4.5,78,0.9487,227.625,2008-01,2010-07,monitor
B0007XMBMA,8,4.5,38,0.8947,115.125,2007-03,2013-09,monitor
B0009612GQ,8,4.5,230,0.9609,308.5,2005-05,2007-03,monitor
B0009H33YE,8,4.5,5,1.0,58.5,2008-10,2009-06,monitor
B0009JFF0W,8,4.5,5,1.0,54.875,2009-08,2014-07,monitor
B0009JR3SO,8,4.5,3,0.6667,64.25,2008-01,2014-01,monitor
B0009PEUR0,8,4.5,5,0.8,51.5,2009-11,2014-04,monitor
B0009RQKVW,8,4.5,33,0.2424,42.875,2007-08,2011-01,monitor
B0009SA27Y,8,4.5,37,0.8108,99.375,2006-06,2013-10,monitor
B0009VPFSW,8,4.5,18,0.8889,82.25,2009-12,2014-06,monitor
B0009YJR6A,8,4.5,3,0.3333,66.5,2011-06,2014-04,monitor
B000A0F6A4,8,4.5,18,1.0,102.25,2007-02,2014-05,monitor
B000A8O2P6,8,4.5,21,0.9524,61.625,2010-07,2014-03,monitor
B000BFGXOQ,8,4.5,11,0.5455,42.625,2009-05,2014-06,monitor
B000CCIRMY,8,4.5,103,0.767,146.875,2006-01,2012-08,monitor
B000ELC148,8,4.5,496,0.9879,268.125,2006-03,2011-04,monitor
B000ENRNOE,8,4.5,17,0.9412,50.75,2008-02,2014-01,monitor
B000FAJQHS,8,4.5,34,0.9118,92.5,2008-02,2013-10,monitor
B000FGQOFO,8,4.5,10,0.4,49.5,2006-12,2013-10,monitor
B000FVTPF0,8,4.5,5,1.0,57.625,2007-09,2013-04,monitor
B000FZ1FRC,8,4.5,35,0.6571,231.125,2009-02,2014-04,monitor
B000GDP9XY,8,4.5,10,0.8,100.75,2007-11,2013-08,monitor
B000GEDMNW,8,4.5,61,0.8689,91.25,2006-11,2013-01,monitor
B000GWTDL4,8,4.5,18,0.9444,74.5,2008-12,2013-04,monitor
B000HHICH4,8,4.5,39,0.8462,73.125,2007-03,2012-08,monitor
B00004TY7O,8,4.375,58,0.931,86.875,2001-04,2011-01,monitor
B00004VUMF,8,4.375,11,0.8182,63.25,2002-11,2013-09,monitor
B00004VVA4,8,4.375,81,0.7778,72.5,2002-11,2013-09,monitor
B00004WCBT,8,4.375,136,0.9632,157.375,2000-12,2003-04,monitor
B00004YRVY,8,4.375,399,0.9674,160.625,2000-10,2005-03,monitor
B00005O7MW,8,4.375,283,0.9505,297.375,2001-10,2003-06,monitor
B00005UK93,8,4.375,23,0.6957,154,2002-04,2010-11,monitor
B000068O6G,8,4.375,8,0.875,111.375,2011-04,2013-07,monitor
B00006B8C2,8,4.375,7,0.1429,41.25,2005-08,2014-07,monitor
B00006HNY1,8,4.375,29,0.8966,135.5,2006-11,2013-11,monitor
B00006I601,8,4.375,59,0.7627,95.75,2002-11,2013-06,monitor
B00006LVF3,8,4.375,23,0.7391,51.5,2009-10,2014-05,monitor
B00007KWRC,8,4.375,13,0.7692,102,2007-01,2013-07,monitor
B00008Y0SS,8,4.375,29,0.8276,114.5,2010-10,2014-04,monitor
B000099SGU,8,4.375,123,0.9024,165.375,2004-05,2010-04,monitor
B00009PGTC,8,4.375,101,0.9802,235.75,2003-12,2005-11,monitor
B00009R7UH,8,4.375,7,0.7143,51.875,2011-09,2014-06,monitor
B00009R9FJ,8,4.375,11,0.6364,91.375,2007-08,2013-02,monitor
B00009UTK0,8,4.375,20,1.0,158.25,2005-02,2014-05,monitor
B0000ALFEU,8,4.375,18,0.3333,137.75,2007-01,2014-03,monitor
B0000AOWXH,8,4.375,5,1.0,79.5,2004-12,2013-01,monitor
B0000BZLCE,8,4.375,10,0.6,125.25,2010-11,2014-02,monitor
B0000VL2VK,8,4.375,68,0.8529,198.125,2004-04,2014-01,monitor
B0000W4U1S,8,4.375,152,0.3289,157.5,2006-02,2013-04,monitor
B0000XMUKK,8,4.375,25,0.84,40.125,2007-06,2014-04,monitor
B0000ZL2JI,8,4.375,64,0.875,146,2007-02,2014-04,monitor
B000138SYG,8,4.375,5,0.8,74.5,2008-12,2014-02,monitor
B00016W75O,8,4.375,5,0.2,54.625,2007-02,2013-05,monitor
B000234W0Y,8,4.375,1,1.0,78.875,2011-06,2013-11,monitor
B0002COIIQ,8,4.375,9,0.7778,46,2007-10,2012-12,monitor
B0002DG0YK,8,4.375,29,0.931,181.875,2004-10,2010-10,monitor
B0002ER2OQ,8,4.375,35,0.4,41,2007-04,2013-04,monitor
B0002L9IE6,8,4.375,27,0.8519,162.5,2007-09,2012-05,monitor
B0002O73AO,8,4.375,62,0.8065,67.875,2008-03,2012-12,monitor
B0002RVRTO,8,4.375,5,1.0,43.25,2010-10,2014-03,monitor
B0002Y5WYI,8,4.375,66,0.9394,143,2008-02,2014-01,monitor
B000633KCG,8,4.375,1,1.0,45.875,2012-10,2014-01,monitor
B00066IO2O,8,4.375,5,0.8,47.25,2013-01,2014-07,monitor
B00068NUO4,8,4.375,0,,56,2011-03,2014-06,monitor
B0006HIMFM,8,4.375,8,0.5,59.625,2009-03,2013-11,monitor
B0006M1I1W,8,4.375,9,1.0,52,2013-03,2014-07,monitor
B0007VE044,8,4.375,3,1.0,56.25,2009-05,2013-07,monitor
B0007XXU2K,8,4.375,378,0.9788,230.125,2005-07,2007-01,monitor
B0007Y6AN0,8,4.375,54,0.7222,92.125,2005-09,2008-05,monitor
B0009F3MPQ,8,4.375,155,0.8774,209,2006-05,2011-08,monitor
B0009WCFNO,8,4.375,38,0.9737,100.75,2007-03,2013-07,monitor
B0009YJD50,8,4.375,106,0.9811,193.75,2006-04,2010-08,monitor
B000A8DSY2,8,4.375,3,0.3333,103.5,2011-03,2013-06,monitor
B000B5HSM2,8,4.375,2,0.5,63.125,2010-03,2014-03,monitor
B000BVIZGE,8,4.375,49,0.9796,115,2006-01,2013-01,monitor
B000DEMBF0,8,4.375,81,0.8889,103.625,2006-02,2008-11,monitor
B000EDRMR2,8,4.375,20,0.0,40.125,2007-08,2014-02,monitor
B000EGJTLQ,8,4.375,67,0.4925,217.75,2008-09,2012-12,monitor
B000EH4Y3S,8,4.375,44,0.8864,157.375,2006-12,2013-07,monitor
B000ETYO7C,8,4.375,38,0.7632,194.5,2006-09,2010-07,monitor
B000HGVZG0,8,4.375,14,0.9286,87.875,2008-07,2012-04,monitor
B000HJ5MQG,8,4.375,0,,81,2011-05,2014-02,monitor
B000I0VIYE,8,4.375,2,1.0,66.75,2008-06,2013-04,monitor
B000IS758E,8,4.375,22,0.9091,68.5,2007-04,2009-01,monitor
B00001W0D4,8,4.25,47,0.9574,138.875,2003-10,2011-03,monitor
B00004UFQR,8,4.25,52,0.9615,228,2003-06,2010-05,monitor
B00004YMBL,8,4.25,144,0.9444,151.625,2001-01,2012-12,monitor
B00005LE73,8,4.25,161,0.354,86.75,2007-09,2013-08,monitor
B00005YVPI,8,4.25,166,0.9518,121.75,2002-04,2013-12,monitor
B000066R6K,8,4.25,159,0.9308,207.125,2004-09,2013-06,monitor
B000067O7K,8,4.25,34,0.5,101.375,2003-04,2013-04,monitor
B000067RM3,8,4.25,20,0.95,54.5,2006-01,2013-02,monitor
B00006B9Q7,8,4.25,41,0.8293,142.75,2002-12,2010-04,monitor
B00006BADM,8,4.25,37,0.9459,96.5,2002-12,2012-09,monitor
B00006FDR8,8,4.25,46,0.8696,223.75,2002-09,2005-03,monitor
B00006LHSL,8,4.25,27,0.8889,121.625,2003-11,2008-05,monitor
B00008ZPN3,8,4.25,121,0.9669,340.125,2003-12,2014-07,monitor
B00009QSET,8,4.25,212,0.9434,279,2003-09,2011-11,monitor
B0000YB7RQ,8,4.25,74,0.7973,134,2005-08,2008-01,monitor
B00013BKRI,8,4.25,71,0.9718,221.5,2005-01,2011-08,monitor
B00013BKXC,8,4.25,15,1.0,86.125,2007-03,2013-04,monitor
B0001BW0TC,8,4.25,174,0.9138,234.875,2004-05,2005-04,monitor
B0001PNKOW,8,4.25,29,0.2759,55,2009-08,2014-06,monitor
B0001VNN6Q,8,4.25,49,0.9388,266.75,2004-06,2009-01,monitor
B00021XQGC,8,4.25,19,0.8421,67.625,2006-06,2012-10,monitor
B000246UL2,8,4.25,4,1.0,96.875,2005-12,2014-05,monitor
B0002H0GR8,8,4.25,74,0.9459,173.375,2009-06,2014-06,monitor
B0002L596M,8,4.25,30,0.5667,152.25,2005-09,2014-03,monitor
B0002OERUI,8,4.25,387,0.814,328.375,2004-09,2013-01,monitor
B0002P1796,8,4.25,122,0.7951,121.375,2004-12,2008-09,monitor
B00068B9PQ,8,4.25,45,0.9111,102.25,2004-12,2009-04,monitor
B00074Z9OQ,8,4.25,107,0.9252,102.875,2005-03,2006-01,monitor
B00077IPGM,8,4.25,12,0.5833,74.875,2008-11,2013-12,monitor
B0007KPRIS,8,4.25,10,0.7,121.625,2009-08,2014-07,monitor
B0007M610O,8,4.25,117,0.9402,270.5,2005-04,2008-06,monitor
B0007MGEQ0,8,4.25,40,0.875,173.5,2005-04,2007-05,monitor
B0009I96LM,8,4.25,59,0.9153,247.25,2006-03,2007-12,monitor
B0009QZDLG,8,4.25,18,0.8889,52.875,2009-01,2013-11,monitor
B000A2813G,8,4.25,18,0.6111,75.125,2008-01,2011-08,monitor
B000A2LA70,8,4.25,84,0.9405,236,2006-03,2012-11,monitor
B000A5T2XG,8,4.25,6,0.8333,182.25,2006-12,2009-07,monitor
B000BSLX9S,8,4.25,4,1.0,29.375,2010-10,2014-06,monitor
B000CSCF4E,8,4.25,4,0.5,39,2011-12,2014-04,monitor
B000E0G014,8,4.25,190,0.7737,276.875,2006-07,2013-05,monitor
B000EP5MOA,8,4.25,34,0.7353,90.875,2006-10,2013-02,monitor
B000ET7AZK,8,4.25,31,0.871,65.5,2007-10,2012-09,monitor
B000EUJBQU,8,4.25,57,0.8596,92.625,2008-11,2014-07,monitor
B000F4C0RW,8,4.25,50,0.96,82.25,2006-06,2012-06,monitor
B000FKP7MQ,8,4.25,5,0.4,76.875,2011-08,2014-06,monitor
B000HDHAOO,8,4.25,72,0.6389,190.25,2006-10,2013-07,monitor
B000HJ7606,8,4.25,27,1.0,114,2007-12,2013-07,monitor
B000HKIJ88,8,4.25,46,0.7826,166.375,2010-03,2014-05,monitor
B000I1DN00,8,4.25,2,0.5,40.125,2011-03,2013-07,monitor
B000IXZ3QU,8,4.25,31,0.9355,136.375,2007-01,2011-05,monitor
B00000I9HE,8,4.125,2,0.0,25,2012-03,2014-07,monitor
B00005110L,8,4.125,11,1.0,95.25,2013-01,2014-07,monitor
B00005OP33,8,4.125,30,0.9,73.25,2004-08,2007-03,monitor
B00005UKBX,8,4.125,59,0.6949,131.75,2002-10,2011-04,monitor
B00005V3DN,8,4.125,70,0.9143,147.625,2002-09,2008-01,monitor
B000068UY8,8,4.125,20,0.9,215,2002-10,2010-12,monitor
B000069AT6,8,4.125,206,0.9223,230.375,2002-09,2009-03,monitor
B00006I5KQ,8,4.125,21,0.9048,79.875,2005-05,2010-06,monitor
B00006IJO6,8,4.125,20,1.0,73.25,2002-12,2012-09,monitor
B00006JPF3,8,4.125,10,0.3,64.5,2010-06,2014-07,monitor
B00006JPU2,8,4.125,85,0.4824,69.75,2004-01,2007-04,monitor
B000087BX8,8,4.125,149,0.8993,218.75,2003-05,2008-08,monitor
B0000AQFZ9,8,4.125,154,0.9416,295.875,2003-10,2008-11,monitor
B0000AQJ5Z,8,4.125,14,0.5714,82.375,2010-01,2013-04,monitor
B0000C4E4S,8,4.125,184,0.8098,253.875,2003-10,2006-08,monitor
B0000C6E3O,8,4.125,11,0.9091,75.75,2006-01,2013-10,monitor
B0001JXAYS,8,4.125,88,0.7614,200.875,2005-04,2006-05,monitor
B0001TSSNQ,8,4.125,17,0.9412,82.5,2009-05,2014-07,monitor
B00026ID5Q,8,4.125,40,0.925,84.375,2006-01,2014-04,monitor
B00028CECM,8,4.125,164,0.7195,152.375,2004-06,2008-04,monitor
B0002ZPNXW,8,4.125,31,0.8065,55.625,2009-10,2014-02,monitor
B00066FIO6,8,4.125,29,0.6552,71.5,2007-10,2012-12,monitor
B00068U9Y8,8,4.125,11,0.8182,70.5,2010-10,2013-11,monitor
B0006G2M8Q,8,4.125,3,0.6667,69.125,2010-01,2013-02,monitor
B0007NP5RI,8,4.125,0,,38,2010-04,2014-07,monitor
B0009MYSE8,8,4.125,7,0.7143,227.625,2005-10,2013-01,monitor
B000AQQDU0,8,4.125,52,0.9423,37.375,2005-12,2009-08,monitor
B000AY8DF0,8,4.125,80,0.825,110.5,2006-09,2009-01,monitor
B000B73QDU,8,4.125,3,1.0,36.75,2012-05,2014-07,monitor
B000B7C37K,8,4.125,10,0.8,73,2007-11,2011-09,monitor
B000BJSEQW,8,4.125,96,0.9583,272,2006-06,2010-01,monitor
B000BSHKKE,8,4.125,9,0.0,32.375,2010-02,2014-07,monitor
B000CSYXCG,8,4.125,46,0.7174,141.125,2006-02,2011-12,monitor
B000EDI406,8,4.125,27,0.8519,157.125,2006-07,2009-11,monitor
B000EH6GF2,8,4.125,16,0.8125,94.75,2007-07,2011-02,monitor
B000EHW88Q,8,4.125,1,1.0,104.375,2012-03,2014-05,monitor
B000EVQ3PQ,8,4.125,20,0.75,102.125,2007-05,2012-07,monitor
B000EZUE52,8,4.125,6,0.6667,77,2008-06,2013-10,monitor
B000FA348U,8,4.125,43,0.814,238.875,2006-11,2011-12,monitor
B000GHUIF4,8,4.125,6,0.8333,32.875,2009-02,2014-05,monitor
B000GIUH9A,8,4.125,53,0.8868,105.875,2008-10,2011-07,monitor
B000HZD2W6,8,4.125,64,0.7656,182.625,2006-12,2010-06,monitor
B000I1DNH8,8,4.125,2,1.0,81.5,2008-12,2013-10,monitor
0594481813,8,4.0,13,0.7692,47.5,2013-05,2014-05,monitor
B00000J3G3,8,4.0,17,0.7059,117.625,2003-10,2013-12,monitor
B00000J3II,8,4.0,53,0.9245,251.625,1999-12,2014-06,monitor
B000030068,8,4.0,46,0.7174,93.5,2000-05,2013-10,monitor
B00004SB98,8,4.0,94,0.8511,137.75,2000-09,2012-01,monitor
B00004TDWY,8,4.0,184,0.9457,129.375,2000-05,2001-12,monitor
B00004XOND,8,4.0,187,0.8556,171.375,2004-11,2013-08,monitor
B00004YKDQ,8,4.0,33,0.7879,81.5,2001-01,2003-04,monitor
B00004ZD2Y,8,4.0,12,0.8333,157.75,2008-03,2012-09,monitor
B00005Q5ZC,8,4.0,29,0.6552,140.625,2001-12,2009-06,monitor
B00005Q7DI,8,4.0,120,0.8417,166.875,2001-12,2006-08,monitor
B0000659UN,8,4.0,86,0.9302,165.625,2002-08,2006-06,monitor
B00006HO6O,8,4.0,55,0.7273,83.375,2004-06,2009-01,monitor
B00006JQKA,8,4.0,4,0.5,83.5,2012-05,2014-07,monitor
B00009UTRW,8,4.0,64,0.8594,248.75,2005-10,2011-11,monitor
B00009W3TV,8,4.0,6,0.6667,67,2009-06,2014-02,monitor
B0000A1G07,8,4.0,54,0.8333,184.125,2007-02,2014-06,monitor
B0000AAAZ5,8,4.0,44,0.9091,185.25,2004-01,2008-05,monitor
B0000DC640,8,4.0,58,0.9655,176.875,2005-08,2014-02,monitor
B0000DFZ2U,8,4.0,46,0.4783,61.25,2008-05,2014-04,monitor
B00012F6CO,8,4.0,44,0.8864,69.5,2004-12,2013-04,monitor
B0001BXCFS,8,4.0,339,0.8112,340.875,2004-03,2004-07,monitor
B0001MB7RW,8,4.0,56,0.7321,57,2008-01,2014-04,monitor
B000234VZU,8,4.0,4,0.5,86.5,2009-06,2014-01,monitor
B00026BMBS,8,4.0,7,0.8571,72.25,2007-05,2013-03,monitor
B0002IEEUC,8,4.0,8,1.0,64.625,2005-12,2012-01,monitor
B0002J2FJS,8,4.0,35,0.6571,59.875,2008-11,2014-04,monitor
B00068E5CU,8,4.0,10,0.7,89.875,2005-01,2014-03,monitor
B0006JMJ5E,8,4.0,6,1.0,77.375,2007-11,2011-03,monitor
B0006L4Z7W,8,4.0,8,1.0,114,2007-07,2014-05,monitor
B0007CZAQA,8,4.0,13,0.5385,77.875,2009-01,2013-09,monitor
B0007IFVJ0,8,4.0,11,0.9091,89.375,2012-12,2014-06,monitor
B0007LCKMS,8,4.0,3,0.3333,46.375,2010-05,2014-03,monitor
B0007OBGNY,8,4.0,10,0.5,147.25,2006-09,2011-08,monitor
B0007OW57K,8,4.0,157,0.3949,288.75,2005-05,2007-11,monitor
B0009F8DV4,8,4.0,8,0.875,95.5,2011-02,2014-02,monitor
B0009FV7J4,8,4.0,3,1.0,98.75,2007-01,2014-05,monitor
B000A5TBM8,8,4.0,44,0.6136,88.75,2006-02,2010-03,monitor
B000AOFVZK,8,4.0,268,0.8769,485.75,2005-09,2014-06,monitor
B000AXQSVC,8,4.0,101,0.9406,176.625,2006-01,2012-12,monitor
B000B4VJYQ,8,4.0,22,0.9091,63.875,2009-07,2011-12,monitor
B000BN9J08,8,4.0,90,0.8333,177.625,2005-10,2006-12,monitor
B000BNXZ0I,8,4.0,40,0.975,142.25,2006-10,2012-12,monitor
B000BTL0OU,8,4.0,61,0.9508,109,2007-01,2014-02,monitor
B000CQEIZ0,8,4.0,3,1.0,76.375,2010-07,2014-04,monitor
B000DZRYDS,8,4.0,10,0.9,159,2007-04,2010-08,monitor
B000E18BTM,8,4.0,69,0.9565,141.25,2006-06,2010-09,monitor
B000EE9D00,8,4.0,81,0.9506,145.25,2007-04,2013-08,monitor
B000EFBISE,8,4.0,127,0.9685,172.5,2007-02,2014-02,monitor
B000EFMP7W,8,4.0,15,0.3333,71,2010-10,2014-06,monitor
B000EG46O6,8,4.0,41,0.8537,120,2007-03,2011-02,monitor
B000EMWD9U,8,4.0,201,0.6368,214.625,2006-05,2013-10,monitor
B000EOXK5O,8,4.0,400,0.85,324.375,2006-05,2006-09,monitor
B000F2YHSY,8,4.0,19,0.7895,116.75,2006-11,2011-12,monitor
B000F3RKJ6,8,4.0,32,0.625,92.375,2010-04,2014-03,monitor
B000F49052,8,4.0,25,0.28,99.375,2008-08,2014-01,monitor
B000FI77VC,8,4.0,24,0.9583,96.75,2008-06,2013-12,monitor
B000FKIJUI,8,4.0,144,0.8056,133.75,2006-10,2008-01,monitor
B000H7N4H2,8,4.0,5,0.8,77.125,2012-12,2014-04,monitor
B000HD3RGE,8,4.0,20,0.9,120,2007-01,2010-09,monitor
B00000JI2C,8,3.875,63,0.7143,73.625,2000-06,2013-10,monitor
B00004Z6I3,8,3.875,7,0.5714,91.375,2000-12,2005-05,monitor
B00005MMCL,8,3.875,36,0.8611,222.25,2001-10,2002-12,monitor
B00005RKTC,8,3.875,31,0.5161,206.5,2008-02,2014-05,monitor
B00005Y3V5,8,3.875,136,0.9779,315.25,2002-02,2002-12,monitor
B000063Y7F,8,3.875,70,0.9143,200.375,2002-10,2011-10,monitor
B000068TZ7,8,3.875,104,0.8365,181.625,2002-06,2003-04,monitor
B00006B1I7,8,3.875,68,0.8971,116.25,2002-12,2004-04,monitor
B00006CXS8,8,3.875,80,0.8625,196,2002-08,2013-07,monitor
B00006JPKD,8,3.875,26,0.9231,65.875,2005-08,2013-02,monitor
B00006LS92,8,3.875,119,0.9076,295.625,2002-11,2003-04,monitor
B00007DX3I,8,3.875,110,0.7909,229.875,2003-02,2005-08,monitor
B00009UT1V,8,3.875,35,0.9429,86.5,2005-09,2013-03,monitor
B0001MVKO2,8,3.875,150,0.4533,143.875,2004-09,2011-11,monitor
B0002CNTU4,8,3.875,38,0.8684,72.375,2007-05,2012-02,monitor
B0002FR2AE,8,3.875,4,1.0,39.375,2010-01,2014-06,monitor
B0002ICGCK,8,3.875,93,0.8817,122.875,2005-02,2007-05,monitor
B0002KR74A,8,3.875,33,0.8182,49,2007-03,2014-07,monitor
B0002YE6FE,8,3.875,65,0.9385,125.625,2005-02,2010-03,monitor
B000796XYQ,8,3.875,119,0.8571,177.75,2007-12,2013-08,monitor
B0007QOKAI,8,3.875,70,0.9571,249,2005-03,2006-11,monitor
B0007XQFR2,8,3.875,0,,53.875,2007-04,2014-07,monitor
B00080SBD0,8,3.875,23,0.7391,122,2006-09,2014-02,monitor
B0009KVUIC,8,3.875,12,0.6667,66.625,2006-02,2013-07,monitor
B0009MFQ1C,8,3.875,74,0.9054,155,2007-07,2010-08,monitor
B0009YBG2S,8,3.875,159,0.9371,235.5,2005-12,2013-01,monitor
B000BKBZGC,8,3.875,40,0.725,252.25,2005-12,2008-03,monitor
B000BSY3UY,8,3.875,27,1.0,325.375,2006-04,2012-08,monitor
B000EF1JGA,8,3.875,44,0.8409,80.75,2007-11,2014-07,monitor
B000ESISCA,8,3.875,11,0.9091,83.25,2008-03,2013-11,monitor
B000ESN9HY,8,3.875,10,0.6,96.875,2008-06,2014-03,monitor
B000F00104,8,3.875,14,1.0,83.75,2007-12,2013-01,monitor
B000FLRXKE,8,3.875,12,0.75,103.875,2007-01,2014-07,monitor
B000FMPR0Q,8,3.875,10,0.4,44.75,2009-08,2014-04,monitor
B000H92VFQ,8,3.875,157,0.5924,132.125,2006-09,2012-09,monitor
B000HS2N1O,8,3.875,72,0.9444,195.875,2006-12,2010-08,monitor
B000I2F7NA,8,3.875,6,0.8333,81.125,2008-06,2013-02,monitor
B000JLG5ZO,8,3.875,2,0.5,31.25,2007-03,2014-07,monitor
B000JNN9C4,8,3.875,8,1.0,66.5,2008-02,2012-12,monitor
B0000630TF,8,3.75,44,1.0,210.875,2002-08,2011-12,monitor
B00008IHP3,8,3.75,46,0.8043,190.375,2003-09,2005-03,monitor
B00008XKYP,8,3.75,29,1.0,82,2004-08,2007-05,monitor
B00008Z1QJ,8,3.75,35,0.8571,106.75,2008-06,2013-08,monitor
B0000ACOBI,8,3.75,38,0.8684,96.5,2004-08,2013-05,monitor
B0000DIEUF,8,3.75,32,0.9375,65.75,2004-07,2008-02,monitor
B0000Y2WXE,8,3.75,29,0.7586,193,2009-05,2012-10,monitor
B00012FVZ6,8,3.75,174,0.6437,304.125,2004-12,2013-04,monitor
B0001G6U6Q,8,3.75,162,0.9753,223.5,2004-08,2006-11,monitor
B0001WV08I,8,3.75,40,0.875,110,2005-01,2009-07,monitor
B0001XU8BW,8,3.75,29,0.9655,191.875,2006-03,2014-07,monitor
B0002KQR32,8,3.75,476,0.9202,371.875,2004-11,2010-12,monitor
B0002TG1XO,8,3.75,7,0.4286,39.375,2011-01,2014-07,monitor
B000636FJG,8,3.75,197,0.9036,171.5,2004-12,2006-07,monitor
B00063EG9M,8,3.75,34,0.9412,237.75,2005-03,2010-10,monitor
B0007LCLMW,8,3.75,9,0.6667,93.25,2010-10,2014-06,monitor
B0007M6118,8,3.75,116,0.9138,153.875,2005-05,2005-11,monitor
B0007ZGXO0,8,3.75,122,0.9426,97.5,2005-09,2013-03,monitor
B0009W8PNI,8,3.75,3,0.6667,69.625,2011-11,2014-07,monitor
B000AD0AKW,8,3.75,33,0.8788,155.125,2008-05,2014-06,monitor
B000B8JGYM,8,3.75,25,0.96,115,2006-02,2009-07,monitor
B000BBE9DM,8,3.75,35,0.7143,176.75,2006-11,2009-11,monitor
B000BMVIQ2,8,3.75,2,1.0,94.125,2006-09,2014-02,monitor
B000EGM7L0,8,3.75,22,0.8182,58.125,2006-12,2013-08,monitor
B000EVMK62,8,3.75,63,0.8413,188.375,2006-10,2008-11,monitor
B000F44NU4,8,3.75,330,0.5727,464.125,2006-03,2007-03,monitor
B000G2EUP8,8,3.75,26,0.9615,84.875,2007-09,2013-11,monitor
B000H7KGS2,8,3.75,32,0.9375,134.125,2006-12,2011-11,monitor
B000HDWXRI,8,3.75,30,0.7667,154.75,2007-10,2012-06,monitor
B000ISCZQG,8,3.75,15,0.8667,88.375,2007-07,2013-01,monitor
B00000JBLJ,8,3.625,51,0.8431,131.25,2000-02,2006-05,monitor
B0000226L0,8,3.625,61,0.8689,156,2000-01,2013-03,monitor
B00004ZA7W,8,3.625,86,0.8605,176.125,2001-05,2006-12,monitor
B00005OUJW,8,3.625,34,0.9118,216.5,2001-12,2006-10,monitor
B0000633EM,8,3.625,48,0.8333,190.375,2002-06,2003-09,monitor
B0000665P7,8,3.625,225,0.8444,193.375,2003-04,2008-07,monitor
B00006B8EH,8,3.625,16,0.875,108.125,2006-03,2012-07,monitor
B00006JHZ1,8,3.625,7,0.4286,61.25,2007-03,2014-03,monitor
B00006OX8Q,8,3.625,71,0.9718,76.5,2003-01,2013-07,monitor
B00007H08Z,8,3.625,30,0.8,109.625,2003-06,2009-06,monitor
B00008XETK,8,3.625,161,0.9006,168.75,2003-05,2007-05,monitor
B000093UDS,8,3.625,12,0.8333,95.25,2008-06,2013-07,monitor
B0000AJ5BC,8,3.625,28,0.8571,144.375,2003-10,2005-07,monitor
B00015XGQY,8,3.625,6,1.0,216.125,2007-06,2014-04,monitor
B0001MZ88G,8,3.625,124,0.9435,262.625,2004-05,2005-06,monitor
B0001NYK20,8,3.625,19,0.7368,147.5,2005-11,2007-09,monitor
B0001WN0M2,8,3.625,22,0.5455,104.25,2006-12,2013-10,monitor
B000266VUU,8,3.625,101,0.8119,172.375,2004-09,2010-05,monitor
B000281WCU,8,3.625,1,1.0,43.125,2011-05,2014-07,monitor
B0002D6PNQ,8,3.625,48,0.5,164.25,2005-01,2005-10,monitor
B000855048,8,3.625,9,0.6667,88.125,2006-12,2014-04,monitor
B000BLHZMY,8,3.625,18,0.4444,44.125,2007-07,2014-06,monitor
B000BMP7IW,8,3.625,16,0.8125,97.25,2006-08,2013-11,monitor
B000BNJJBW,8,3.625,14,0.7857,131,2006-05,2010-07,monitor
B000BYPMRG,8,3.625,16,0.875,110.625,2010-10,2014-02,monitor
B000FBNV78,8,3.625,34,0.8529,62.125,2006-09,2008-10,monitor
B000HZZV7K,8,3.625,6,0.6667,68.125,2007-04,2014-01,monitor
B000IURHXU,8,3.625,29,0.931,162.875,2007-07,2012-11,monitor
B000JI4OBO,8,3.625,4,0.5,53.375,2009-06,2014-05,monitor
B000069Z5H,8,3.5,81,0.8272,223.625,2002-08,2008-03,monitor
B00006B8X6,8,3.5,7,1.0,60.875,2007-11,2013-12,monitor
B00007E80N,8,3.5,13,0.3846,61,2006-07,2014-01,monitor
B00008KX13,8,3.5,3,0.3333,37.875,2006-11,2014-07,monitor
B000094CCK,8,3.5,25,0.84,144.625,2004-03,2013-03,monitor
B00009R6VU,8,3.5,19,0.8421,77.125,2006-03,2014-01,monitor
B0000AT4M4,8,3.5,12,0.8333,62.875,2005-08,2014-03,monitor
B0000C5RR5,8,3.5,83,0.8554,127.75,2007-03,2014-06,monitor
B0000DZEZI,8,3.5,24,0.375,70.875,2008-02,2012-12,monitor
B0000EWNW4,8,3.5,107,0.5981,127.375,2004-07,2006-11,monitor
B0000VYJTM,8,3.5,24,0.9167,123.25,2005-06,2012-05,monitor
B0001DZDD0,8,3.5,27,0.6296,203,2004-09,2011-12,monitor
B0001OYMFO,8,3.5,59,0.7119,179.375,2005-03,2014-01,monitor
B0002G9NJ6,8,3.5,18,0.8889,64,2008-10,2011-03,monitor
B0002XM01C,8,3.5,65,0.8615,110,2005-01,2006-03,monitor
B0006HTZ7Q,8,3.5,46,0.6304,136,2005-05,2014-02,monitor
B0007LCLQ8,8,3.5,21,0.9048,65.25,2010-04,2014-04,monitor
B0007TJ50A,8,3.5,81,0.9506,270.625,2005-05,2013-04,monitor
B0007YFQD0,8,3.5,153,0.8889,157,2005-08,2008-06,monitor
B0009Y8A8G,8,3.5,27,0.8148,313.125,2005-11,2008-08,monitor
B000A7V3HW,8,3.5,41,0.9756,74,2007-04,2011-12,monitor
B000B622DG,8,3.5,39,0.5641,156.5,2005-11,2013-02,monitor
B000CS5ZXC,8,3.5,22,1.0,75.25,2006-12,2009-10,monitor
B000DZTDAK,8,3.5,85,0.8,98,2006-11,2009-01,monitor
B000FDWXWK,8,3.5,18,0.9444,168.5,2010-02,2014-04,monitor
B000FFTVSC,8,3.5,68,0.8971,239.125,2006-08,2009-06,monitor
B000FG8KP6,8,3.5,36,0.8056,130.875,2006-09,2013-09,monitor
B000G31SR0,8,3.5,5,0.8,97.375,2009-02,2013-06,monitor
B000GIPHNG,8,3.5,28,0.8571,160.25,2006-12,2011-03,monitor
B000GK8LJG,8,3.5,38,0.6842,52.5,2007-01,2008-12,monitor
B000GZSGMI,8,3.5,4,0.0,53.875,2007-08,2013-11,monitor
B000HJ99BU,8,3.5,23,0.9565,43.875,2008-03,2014-03,monitor
B000I94FRM,8,3.5,19,0.9474,80.625,2010-05,2013-03,monitor
B000I98Z50,8,3.5,7,0.2857,43.625,2011-06,2014-06,monitor
B00006HQ25,8,3.375,220,0.9091,92.375,2004-06,2014-01,monitor
B00007KLI4,8,3.375,48,0.8125,132,2003-01,2005-06,monitor
B00009L1V5,8,3.375,47,0.8085,252.125,2003-10,2006-08,monitor
B00009NFEP,8,3.375,221,0.9095,257.75,2003-06,2004-09,monitor
B00009R6VS,8,3.375,71,0.8873,87.125,2008-05,2013-12,monitor
B0000CC619,8,3.375,31,0.871,160.75,2004-01,2013-12,monitor
B0000CE3CF,8,3.375,14,0.6429,43.75,2004-09,2013-11,monitor
B00011PYC2,8,3.375,543,0.8785,227.125,2004-06,2007-05,monitor
B00025HDK8,8,3.375,11,0.7273,111.375,2010-01,2014-06,monitor
B0002RVRWQ,8,3.375,9,0.8889,46.125,2009-04,2013-08,monitor
B0002VQDVW,8,3.375,67,0.6269,82.5,2004-10,2014-07,monitor
B00032Q1IK,8,3.375,59,1.0,102,2005-06,2014-06,monitor
B000E95FNY,8,3.375,19,0.6316,70,2010-12,2014-07,monitor
B000F3IRC0,8,3.375,61,0.918,110.375,2006-05,2009-02,monitor
B000H2CHHK,8,3.375,21,0.8571,55.625,2008-11,2013-12,monitor
B000IBV8SE,8,3.375,20,0.6,97.625,2007-07,2013-02,monitor
B00007JO1D,8,3.25,33,0.6667,115.875,2004-12,2014-02,monitor
B00008XP0A,8,3.25,14,0.6429,155.75,2005-08,2010-05,monitor
B0002AFU4E,8,3.25,17,0.5882,67.125,2006-02,2007-10,monitor
B00074Z9J6,8,3.25,109,0.7156,92.125,2005-03,2012-11,monitor
B0007DGB3K,8,3.25,22,0.7727,82.75,2005-06,2010-04,monitor
B0007M3PK8,8,3.25,238,0.9538,164,2005-02,2011-04,monitor
B0007MU1J6,8,3.25,180,0.7222,353.125,2005-02,2008-01,monitor
B0007N55O6,8,3.25,53,0.7547,174.125,2005-06,2013-04,monitor
B0007XP8GQ,8,3.25,20,0.85,125.875,2011-11,2013-12,monitor
B0008KL7B8,8,3.25,112,0.875,171.75,2005-09,2009-05,monitor
B0009RKDN8,8,3.25,70,0.4,161.875,2005-10,2009-03,monitor
B000COB58K,8,3.25,351,0.8205,91.75,2006-05,2010-12,monitor
B000CRHNMO,8,3.25,18,0.8333,132.875,2007-06,2011-01,monitor
B000E887YO,8,3.25,18,0.5,83.5,2009-09,2014-07,monitor
B000EYPO7Q,8,3.25,13,0.7692,68,2010-11,2014-02,monitor
B000FL2DRC,8,3.25,9,0.8889,116.125,2007-03,2013-01,monitor
B000H47UA2,8,3.25,3,0.6667,45.625,2010-09,2013-05,monitor
B000JINAAU,8,3.25,49,0.9592,108.375,2007-05,2010-01,monitor
B00000JSES,8,3.125,80,0.8375,232.875,1999-10,2004-05,monitor
B00004RIUB,8,3.125,67,0.8955,180.25,2000-08,2006-08,monitor
B000051XHM,8,3.125,66,0.8788,171.125,2000-12,2002-11,monitor
B00005JJEO,8,3.125,15,0.8,223,2002-04,2003-05,monitor
B000085BBN,8,3.125,67,0.9254,135.625,2003-05,2004-05,monitor
B00009N6VJ,8,3.125,32,0.6875,55.5,2010-10,2014-02,monitor
B0000ACXZU,8,3.125,133,0.812,170.75,2003-11,2004-12,monitor
B0001U6RNI,8,3.125,115,0.8783,179.75,2004-09,2006-11,monitor
B0002LDCOI,8,3.125,5,1.0,140.25,2008-08,2012-03,monitor
B0007OKRIY,8,3.125,39,0.9487,134.875,2006-06,2014-02,monitor
B00081GAQ4,8,3.125,58,0.7759,321.875,2005-08,2009-03,monitor
B0009FUFPG,8,3.125,42,0.881,220.375,2005-07,2008-08,monitor
B000AY7A5O,8,3.125,68,0.7941,116,2006-06,2007-09,monitor
B000BGVYYE,8,3.125,59,0.9831,186,2006-05,2013-02,monitor
B000BN65NM,8,3.125,50,0.94,207.875,2006-08,2011-12,monitor
B000FCP1O8,8,3.125,42,0.7619,172.25,2007-03,2014-02,monitor
B000FMPGIY,8,3.125,24,0.9167,238.125,2006-06,2012-08,monitor
B000FSAADE,8,3.125,84,0.7619,279,2006-07,2011-08,monitor
B000IAPEJE,8,3.125,76,0.9605,331.625,2007-05,2013-01,monitor
9966338926,8,3.0,19,0.8947,71.625,2013-02,2014-03,monitor
B00000JMRX,8,3.0,21,1.0,171.5,2000-02,2011-08,monitor
B00006HMQZ,8,3.0,10,0.9,152.75,2005-05,2010-11,monitor
B00006JPKA,8,3.0,26,1.0,67.875,2006-04,2014-02,monitor
B00008VFCU,8,3.0,142,0.9014,208.875,2003-12,2005-05,monitor
B00064FXTI,8,3.0,142,0.9155,176.5,2004-12,2007-07,monitor
B0007LI8MO,8,3.0,37,0.8108,132.5,2006-01,2014-02,monitor
B0007YPOAA,8,3.0,49,0.8776,239,2005-07,2009-01,monitor
B000BS2IPG,8,3.0,28,0.7857,112,2006-01,2014-03,monitor
B000EAGKIM,8,3.0,32,0.6875,72.75,2006-10,2010-10,monitor
B000EH8K8S,8,3.0,42,0.9048,104.5,2006-04,2009-03,monitor
B000EMYF4G,8,3.0,21,0.9524,130,2006-12,2009-11,monitor
B000I6N6M0,8,3.0,22,0.5455,73.125,2008-01,2013-02,monitor
B00001U0AJ,8,2.875,81,0.9259,96.5,2000-08,2005-05,monitor
B00004Z5T2,8,2.875,20,0.75,36.125,2009-05,2013-12,monitor
B00006HOIW,8,2.875,14,1.0,64,2010-07,2014-06,monitor
B000092OWG,8,2.875,105,0.5619,250.875,2003-08,2010-05,monitor
B0000E3DQE,8,2.875,68,0.9118,173.625,2004-02,2012-06,monitor
B0000UV0IQ,8,2.875,1,1.0,63.5,2006-04,2013-10,monitor
B00026WRFI,8,2.875,64,0.8125,241.25,2004-08,2007-01,monitor
B0002JY6T0,8,2.875,174,0.7299,114.875,2004-08,2009-01,monitor
B00064FXGQ,8,2.875,4,0.5,94.5,2008-01,2013-01,monitor
B0007RPW2M,8,2.875,151,0.8874,308.375,2005-07,2008-11,monitor
B0009292SK,8,2.875,84,0.7976,55.875,2005-08,2014-06,monitor
B000BSGCY4,8,2.875,67,0.9403,140.5,2007-05,2014-05,monitor
B000BSJHLE,8,2.875,13,0.9231,65.25,2010-10,2012-09,monitor
B000EEZ2R8,8,2.875,57,0.9825,146.375,2006-04,2013-11,monitor
B000I97G4Q,8,2.875,20,0.85,58.125,2008-02,2014-07,monitor
B000JSR20E,8,2.875,3,1.0,47.25,2012-08,2014-05,monitor
B00005V9Q4,8,2.75,43,0.7674,185.25,2002-07,2004-10,monitor
B00007B6RX,8,2.75,133,0.8797,349.375,2003-01,2004-07,monitor
B000092YOU,8,2.75,28,0.8929,137.625,2006-01,2013-12,monitor
B0000BZH4T,8,2.75,90,0.9222,82.625,2003-09,2008-06,monitor
B0000UUXB6,8,2.75,38,0.8947,140.875,2004-01,2008-04,monitor
B0002JABOY,8,2.75,126,0.9127,88.5,2006-02,2009-01,monitor
B00064C54O,8,2.75,35,0.5714,89.5,2004-11,2010-09,monitor
B0007OWNBS,8,2.75,26,0.6154,153.125,2006-03,2011-11,monitor
B000BB5T2M,8,2.75,128,0.8125,359.125,2006-01,2006-11,monitor
B000F6UUXQ,8,2.75,11,0.9091,107,2008-03,2012-06,monitor
B000GI0PGK,8,2.75,15,0.6,136.875,2009-02,2012-01,monitor
B000IMM26U,8,2.75,8,0.875,77.375,2010-02,2013-12,monitor
B00008Y1VU,8,2.625,17,1.0,154.75,2004-07,2009-04,monitor
B0001AVSLO,8,2.625,42,0.8095,177.375,2004-03,2011-01,monitor
B000AMDOEM,8,2.625,28,0.6071,189.5,2005-12,2010-07,monitor
B000AY5MTA,8,2.625,37,0.8919,112.875,2006-03,2012-03,monitor
B000BHITY6,8,2.625,38,0.8421,160.375,2006-07,2013-02,monitor
B000HGE2YM,8,2.625,19,0.6842,107.875,2007-05,2010-09,monitor
B000HZ48OM,8,2.625,81,0.5432,43.375,2006-12,2009-05,monitor
B00004Z5LR,8,2.5,18,0.8333,48,2007-02,2013-11,monitor
B000066R6P,8,2.5,97,0.7216,228.625,2002-06,2006-01,monitor
B00008W81P,8,2.5,25,0.92,135.125,2004-05,2014-02,monitor
B000093UDP,8,2.5,17,0.9412,77,2007-12,2013-10,monitor
B00068S59Y,8,2.5,19,0.4211,123.875,2005-04,2013-05,monitor
B0006FS2FY,8,2.5,135,0.8889,246.125,2005-02,2006-09,monitor
B0007MHF1I,8,2.5,70,0.8143,306,2005-10,2007-05,monitor
B0009IIE56,8,2.5,149,0.6711,215,2006-01,2011-07,monitor
B000EIBK7A,8,2.5,63,0.7937,143.625,2006-03,2009-10,monitor
B000IOGYOE,8,2.5,18,0.7222,115,2007-03,2013-07,monitor
B0000V1IZU,8,2.375,66,0.6212,252.375,2003-12,2006-10,monitor
B0001PFO5U,8,2.375,82,0.8902,160.5,2005-02,2013-05,monitor
B00067EBKW,8,2.375,17,0.8235,107.625,2006-03,2013-01,monitor
B000F38KRW,8,2.375,132,0.9394,200.5,2006-06,2008-08,monitor
B000FAO7KO,8,2.375,18,0.9444,182.625,2006-09,2013-04,monitor
B00004WHFL,8,2.25,26,0.9615,178.375,2001-03,2007-11,monitor
B0002RRVQW,8,2.25,31,0.7419,263.625,2005-06,2007-06,monitor
B000BDIREM,8,2.25,40,0.8,111.375,2005-12,2013-07,monitor
B000FCR3O4,8,2.25,46,0.8043,173.375,2006-12,2012-11,monitor
B000FGD2HM,8,2.25,9,0.8889,341.625,2007-01,2009-09,monitor
B000G18DRU,8,2.25,118,0.8983,464,2007-02,2010-07,monitor
B0003MUQ72,8,2.125,3,1.0,59,2011-02,2013-12,monitor
B000BP8AMY,8,2.125,105,0.8286,148.625,2006-01,2008-08,monitor
B000FFIK1G,8,2.125,100,0.76,125.625,2006-05,2007-10,monitor
B000G18DRA,8,2.125,29,0.7586,184.625,2006-12,2009-02,monitor
B00000J0AR,8,2.0,49,0.7755,61.125,2003-02,2013-06,monitor
B0009RWK6Q,8,2.0,34,0.8235,135.375,2005-09,2012-03,monitor
B000DZGA92,8,2.0,21,0.8095,122.125,2006-11,2007-03,monitor
B0000ALFAZ,8,1.75,45,0.8667,154.75,2004-10,2012-06,monitor
B000H46SVY,8,1.625,76,0.4474,181.375,2007-09,2010-04,monitor
B000BICOO6,8,1.375,2,1.0,86.375,2011-02,2014-01,monitor
3930992868,7,5.0,2,1.0,62.143,2010-12,2014-04,monitor
B000031WCH,7,5.0,68,0.9118,131.429,2000-06,2008-07,monitor
B00004SQGI,7,5.0,4,0.75,40.571,2010-12,2013-12,monitor
B00004Y2VS,7,5.0,4,0.25,41.143,2006-11,2013-12,monitor
B000067SBB,7,5.0,10,1.0,44.429,2009-02,2013-03,monitor
B000067SMP,7,5.0,0,,49.286,2011-01,2014-03,monitor
B000068O1M,7,5.0,2,1.0,45.857,2012-10,2014-05,monitor
B000068OER,7,5.0,9,1.0,32.429,2011-10,2014-07,monitor
B00006BT1H,7,5.0,3,1.0,48.714,2006-12,2013-12,monitor
B00006HSHY,7,5.0,7,0.1429,74.429,2009-09,2014-03,monitor
B000083JZ0,7,5.0,22,1.0,121.429,2008-09,2014-06,monitor
B00009MVJM,7,5.0,1,1.0,26.143,2012-09,2014-03,monitor
B00009R6QD,7,5.0,14,1.0,32.857,2007-05,2014-04,monitor
B00009R8CV,7,5.0,10,0.9,95.286,2008-10,2014-07,monitor
B00009UTYE,7,5.0,12,1.0,70.286,2007-01,2014-04,monitor
B0000A5A5J,7,5.0,2,1.0,106.429,2009-02,2013-12,monitor
B0000AE6EH,7,5.0,9,1.0,63.143,2012-02,2014-03,monitor
B000138VH0,7,5.0,1,1.0,36.714,2009-09,2013-11,monitor
B0001DLIP2,7,5.0,87,0.9425,103,2004-11,2005-06,monitor
B00020T522,7,5.0,4,0.5,73.143,2009-09,2014-04,monitor
B00023XDYA,7,5.0,6,1.0,72.429,2005-05,2013-04,monitor
B00027BTAQ,7,5.0,2,1.0,50,2008-02,2013-07,monitor
B00029X1NW,7,5.0,1,1.0,30.286,2012-04,2013-12,monitor
B0002EXHPO,7,5.0,3,1.0,43,2006-06,2014-01,monitor
B0002GRUFU,7,5.0,3,1.0,65.571,2012-04,2013-12,monitor
B0002J1LDE,7,5.0,4,0.75,53.857,2011-09,2014-06,monitor
B0002J1TUO,7,5.0,5,1.0,35.714,2011-06,2014-04,monitor
B0002Q85UO,7,5.0,1,1.0,30.714,2012-04,2013-11,monitor
B0002XRWRE,7,5.0,73,0.8767,191.286,2006-01,2014-04,monitor
B00061LSAY,7,5.0,348,0.9655,407.714,2005-02,2007-04,monitor
B00068JKR0,7,5.0,298,0.7282,135.714,2005-01,2009-01,monitor
B0007TJDAW,7,5.0,1,1.0,38.714,2012-11,2014-02,monitor
B0007WKB0K,7,5.0,323,0.9783,406.714,2005-06,2008-09,monitor
B0009JCVJU,7,5.0,4,1.0,55.286,2010-10,2014-05,monitor
B0009OFQ8S,7,5.0,3,0.6667,123.286,2007-11,2014-06,monitor
B000ANETWC,7,5.0,6,1.0,65.143,2012-04,2014-01,monitor
B000ARPLXY,7,5.0,10,1.0,103.286,2008-08,2014-02,monitor
B000AV4MB2,7,5.0,2,1.0,79.857,2012-02,2014-03,monitor
B000B5TXQQ,7,5.0,24,0.9167,89.429,2006-03,2014-01,monitor
B000BMXME8,7,5.0,3,1.0,47.857,2012-04,2014-04,monitor
B000BS3ROC,7,5.0,32,0.75,60.429,2007-11,2013-12,monitor
B000BYNXRW,7,5.0,15,1.0,83.857,2007-07,2013-11,monitor
B000DZH712,7,5.0,110,0.9091,364,2007-12,2014-04,monitor
B000FJ4IDG,7,5.0,3,1.0,102.857,2009-03,2014-06,monitor
B000G6UXG4,7,5.0,1,1.0,48.571,2011-11,2014-07,monitor
B000G702RI,7,5.0,36,0.9722,89.429,2007-08,2009-04,monitor
B000GC4LFM,7,5.0,0,,49.286,2009-09,2014-06,monitor
B000GUSQJG,7,5.0,27,0.8148,46.143,2007-12,2014-07,monitor
B000H35G1S,7,5.0,3,1.0,29.429,2010-08,2014-03,monitor
B000ICKNPW,7,5.0,38,0.9474,210.143,2006-12,2007-09,monitor
B00004THM7,7,4.857,87,0.931,142.286,2003-08,2014-06,monitor
B00004Z92Q,7,4.857,57,1.0,180,2000-11,2002-03,monitor
B000050MNA,7,4.857,87,1.0,158.286,2001-06,2004-08,monitor
B00005B8ME,7,4.857,41,0.9512,114.429,2001-11,2013-10,monitor
B00005BH30,7,4.857,30,0.9,101.143,2001-07,2014-04,monitor
B00005T3GG,7,4.857,0,,40.571,2006-12,2014-06,monitor
B000067RUX,7,4.857,3,0.0,54.857,2005-02,2013-02,monitor
B000067SEE,7,4.857,6,0.8333,49.571,2009-06,2014-02,monitor
B00006HXAM,7,4.857,5,1.0,87,2008-03,2014-02,monitor
B00006I5I2,7,4.857,38,0.8684,168.714,2008-03,2014-05,monitor
B00006JPH3,7,4.857,6,0.8333,35.429,2010-10,2014-06,monitor
B00006JPWY,7,4.857,0,,45.143,2013-03,2013-10,monitor
B00006RHOD,7,4.857,96,0.9375,54.143,2003-11,2010-01,monitor
B000087HCP,7,4.857,131,0.8092,264.571,2003-11,2013-09,monitor
B00008ELLN,7,4.857,6,1.0,62.429,2004-10,2009-06,monitor
B00009XVDP,7,4.857,68,0.8088,256.143,2008-09,2014-02,monitor
B0000BZL07,7,4.857,1,1.0,120.143,2013-01,2014-06,monitor
B0000BZLAA,7,4.857,35,0.6857,49,2008-07,2012-01,monitor
B00013MRRK,7,4.857,18,0.8889,82.286,2007-02,2011-04,monitor
B0001D09XY,7,4.857,285,0.9474,577,2004-03,2009-04,monitor
B0001P4V36,7,4.857,14,1.0,88,2005-07,2013-07,monitor
B0001YFW1C,7,4.857,9,1.0,59.714,2008-03,2014-06,monitor
B00022KJ84,7,4.857,4,1.0,38.286,2011-04,2014-03,monitor
B00025HBPU,7,4.857,8,1.0,49.857,2008-03,2014-06,monitor
B0002B8180,7,4.857,12,1.0,100.286,2011-04,2014-06,monitor
B0002BG45C,7,4.857,5,1.0,53.571,2011-02,2013-09,monitor
B0002CWPS6,7,4.857,19,0.9474,97.571,2005-09,2014-04,monitor
B0002EXEMA,7,4.857,2,1.0,65.571,2010-10,2014-04,monitor
B0002GRL72,7,4.857,1,0.0,23.857,2011-11,2014-04,monitor
B0002GRL9U,7,4.857,112,0.9911,52.143,2007-03,2013-09,monitor
B0002J1LE8,7,4.857,2,1.0,59.286,2012-12,2014-06,monitor
B0002SKCLW,7,4.857,36,0.7778,193.429,2006-04,2013-01,monitor
B0002W81YI,7,4.857,3,0.3333,95.143,2010-10,2012-10,monitor
B00066HJAM,7,4.857,2,1.0,51,2009-10,2014-07,monitor
B0006PRU20,7,4.857,14,1.0,54.143,2009-03,2013-06,monitor
B0006ZIESE,7,4.857,15,0.7333,27.286,2010-10,2014-03,monitor
B00080B0L0,7,4.857,3,1.0,60.571,2007-01,2008-07,monitor
B00081UPLK,7,4.857,14,1.0,84.143,2008-04,2011-05,monitor
B00096ZRJ4,7,4.857,6,0.6667,83.571,2011-03,2014-06,monitor
B0009KJ06G,7,4.857,8,1.0,92.429,2009-08,2014-01,monitor
B0009U7Y32,7,4.857,58,0.8448,259.857,2005-08,2006-01,monitor
B000B65GCA,7,4.857,68,1.0,202.714,2006-06,2010-10,monitor
B000BJUFXW,7,4.857,3,1.0,77.429,2012-01,2014-03,monitor
B000CHVLSQ,7,4.857,4,0.75,102.429,2013-03,2014-03,monitor
B000COVZD0,7,4.857,130,0.9846,421.571,2006-01,2007-05,monitor
B000DZKOJ4,7,4.857,72,0.9167,289.429,2008-06,2013-07,monitor
B000E432T8,7,4.857,15,0.6667,93.571,2011-03,2014-01,monitor
B000E5BKQE,7,4.857,2,1.0,27.714,2013-03,2014-06,monitor
B000EPHT14,7,4.857,47,0.9574,128.286,2006-11,2013-11,monitor
B000F4CMBG,7,4.857,3,1.0,69.429,2010-01,2013-09,monitor
B000FD7VE0,7,4.857,17,1.0,83,2010-05,2013-10,monitor
B000FN8G0S,7,4.857,14,0.8571,121,2009-07,2013-03,monitor
B000FVCOGW,7,4.857,121,0.9339,173.143,2006-08,2012-04,monitor
B000G09WGW,7,4.857,12,0.8333,57.714,2007-07,2014-06,monitor
B000G80THA,7,4.857,10,1.0,84,2007-07,2014-01,monitor
B000GFHHWI,7,4.857,9,0.8889,114.143,2012-06,2014-05,monitor
B000GJXCAA,7,4.857,16,1.0,144.857,2008-01,2011-07,monitor
B000H2VGHM,7,4.857,6,1.0,31,2010-08,2014-03,monitor
B000HJ75CK,7,4.857,11,1.0,72.571,2008-01,2013-02,monitor
B000I94HN4,7,4.857,22,0.3636,46.286,2010-05,2014-04,monitor
B000I97HRM,7,4.857,8,0.75,48.143,2011-06,2013-04,monitor
B000I994X2,7,4.857,5,1.0,47,2008-10,2014-03,monitor
B000JLO31C,7,4.857,44,0.6591,191.714,2009-04,2013-09,monitor
B000JLUBMM,7,4.857,1,1.0,67.286,2008-01,2014-07,monitor
9966569863,7,4.714,1,0.0,34.143,2013-10,2014-06,monitor
B00002MZ8G,7,4.714,31,0.7742,113.857,2000-05,2014-05,monitor
B00004SC3Y,7,4.714,263,0.9772,272.286,2000-06,2003-02,monitor
B00004Z5YQ,7,4.714,16,1.0,82.143,2009-10,2014-02,monitor
B00005B6S6,7,4.714,23,0.9565,164.714,2001-07,2009-09,monitor
B00005BAUL,7,4.714,32,0.9688,158.429,2001-09,2004-07,monitor
B00005T3DY,7,4.714,2,1.0,56.857,2012-12,2013-11,monitor
B00005TQ0A,7,4.714,17,0.7647,150,2001-12,2014-03,monitor
B000067RE4,7,4.714,8,1.0,35.571,2011-05,2013-12,monitor
B000067RM2,7,4.714,4,0.5,44.143,2009-07,2014-02,monitor
B000067SO3,7,4.714,16,0.5,80.143,2004-03,2014-05,monitor
B00006B7ML,7,4.714,9,0.6667,48.286,2011-01,2014-02,monitor
B00006JQ7D,7,4.714,1,1.0,34.714,2013-12,2014-06,monitor
B00007FH2V,7,4.714,3,1.0,68.714,2006-07,2013-03,monitor
B00007I6FO,7,4.714,4,0.5,42.429,2008-02,2013-03,monitor
B00008V3DR,7,4.714,8,0.5,54.143,2010-01,2014-01,monitor
B000093KZE,7,4.714,3,0.6667,46.857,2013-06,2014-06,monitor
B00009KCJ2,7,4.714,4,0.5,34.429,2010-10,2014-04,monitor
B00009QOQB,7,4.714,26,0.8846,62.857,2009-05,2014-05,monitor
B00009UHGF,7,4.714,29,0.9655,60.143,2008-12,2014-04,monitor
B00009X3S2,7,4.714,23,0.7391,78.143,2009-02,2013-06,monitor
B00009XV2K,7,4.714,3,1.0,78.286,2011-10,2013-10,monitor
B00009XVD8,7,4.714,67,0.9851,171.286,2007-02,2014-07,monitor
B0000AI1E0,7,4.714,11,0.7273,70.714,2010-05,2013-06,monitor
B0000AI1J8,7,4.714,14,1.0,102.429,2006-03,2013-06,monitor
B0000XMSNO,7,4.714,108,0.9722,270.143,2004-12,2013-06,monitor
B00011CS1C,7,4.714,5,1.0,105.429,2010-05,2014-04,monitor
B0001CNNYC,7,4.714,60,0.65,66.429,2007-05,2014-01,monitor
B0001MKTTE,7,4.714,37,0.5676,87,2006-01,2008-12,monitor
B0001PBJMW,7,4.714,54,0.7963,63.286,2007-05,2014-02,monitor
B0001VWHSQ,7,4.714,0,,63.857,2007-05,2013-09,monitor
B0001YFX34,7,4.714,17,0.7647,87.714,2004-08,2005-04,monitor
B000234U3I,7,4.714,65,0.7077,103.857,2005-06,2012-12,monitor
B0002BEX9Q,7,4.714,0,,47.286,2010-06,2014-07,monitor
B0002GS4Z0,7,4.714,60,0.7667,137.571,2005-07,2008-12,monitor
B0002HMRLQ,7,4.714,0,,98.571,2011-12,2013-09,monitor
B0002ISQ5G,7,4.714,28,0.8929,59,2009-05,2013-01,monitor
B0002J2DD6,7,4.714,3,1.0,31.429,2012-12,2014-04,monitor
B00065H3XQ,7,4.714,89,0.9326,268.286,2004-12,2006-12,monitor
B0006GR8CQ,7,4.714,61,0.9508,132.143,2005-01,2008-07,monitor
B0006VHZHO,7,4.714,37,0.973,115.571,2006-07,2014-03,monitor
B0007NWM1A,7,4.714,15,1.0,85,2005-04,2009-12,monitor
B0007X7W6K,7,4.714,170,0.4765,299.714,2005-07,2013-03,monitor
B0007XXTYY,7,4.714,12,1.0,93.286,2005-10,2008-06,monitor
B0007YZCIY,7,4.714,15,0.7333,45.857,2007-07,2013-08,monitor
B00083CZD4,7,4.714,70,0.9286,113.429,2005-07,2007-09,monitor
B00083Y87U,7,4.714,9,1.0,51,2008-07,2014-07,monitor
B000981H8M,7,4.714,7,0.2857,57,2011-04,2014-02,monitor
B0009I94LE,7,4.714,292,0.9555,342.286,2005-05,2011-04,monitor
B0009JR43I,7,4.714,8,0.875,68.143,2007-01,2011-02,monitor
B0009K50VA,7,4.714,2,0.5,56.429,2011-06,2014-03,monitor
B000A88L9E,7,4.714,6,0.6667,30.714,2010-06,2013-11,monitor
B000ACP3OQ,7,4.714,2,1.0,62.857,2008-07,2011-02,monitor
B000AEFVVE,7,4.714,91,0.8901,144.429,2006-12,2010-07,monitor
B000AHU7OC,7,4.714,49,0.9388,175.857,2006-12,2009-06,monitor
B000ANOYMM,7,4.714,27,0.7778,54.143,2007-01,2009-09,monitor
B000B6NFOG,7,4.714,17,0.7647,106.429,2006-11,2010-05,monitor
B000B9NBHO,7,4.714,13,0.8462,40.143,2006-05,2013-07,monitor
B000BJJXZI,7,4.714,2,0.5,50.286,2011-10,2014-04,monitor
B000BOJYHU,7,4.714,62,0.9194,90.571,2006-01,2009-02,monitor
B000BSLXA2,7,4.714,1,1.0,46,2011-10,2014-01,monitor
B000DZKR1E,7,4.714,14,1.0,112,2007-12,2014-02,monitor
B000E3XPYQ,7,4.714,6,1.0,99.857,2010-01,2014-05,monitor
B000E891P8,7,4.714,7,1.0,34.571,2010-12,2014-01,monitor
B000EHPIX8,7,4.714,3,0.0,86.714,2012-02,2014-05,monitor
B000EXM060,7,4.714,33,0.9394,98.714,2008-02,2014-04,monitor
B000F4CUWW,7,4.714,1,0.0,42.857,2007-12,2014-02,monitor
B000FBPHAC,7,4.714,40,0.6,74,2006-07,2008-02,monitor
B000GBQ3T0,7,4.714,7,1.0,164,2007-09,2012-04,monitor
B000H8FIWU,7,4.714,41,0.9268,200.143,2009-03,2014-04,monitor
B000HHHH0C,7,4.714,10,0.9,72.714,2010-07,2014-06,monitor
B000HM9A2A,7,4.714,6,0.6667,85,2007-02,2013-01,monitor
B000I3AGWQ,7,4.714,51,0.8627,78.143,2007-01,2013-06,monitor
B00004SD89,7,4.571,70,0.7571,263.714,2000-10,2006-04,monitor
B00004TCTK,7,4.571,155,0.7161,106.429,2000-08,2002-06,monitor
B00004VX3A,7,4.571,26,0.9615,58.571,2001-11,2013-06,monitor
B00004Z8HC,7,4.571,24,0.5833,63.429,2011-06,2013-08,monitor
B00005OCWZ,7,4.571,249,0.9639,257.429,2001-10,2002-01,monitor
B00005RT00,7,4.571,27,0.8519,137.286,2001-11,2003-04,monitor
B00005T3EW,7,4.571,1,1.0,44.143,2010-10,2012-04,monitor
B0000632G5,7,4.571,10,0.9,117,2008-08,2013-11,monitor
B000063S4I,7,4.571,53,0.8491,138.571,2002-04,2003-06,monitor
B00006GJT4,7,4.571,10,0.9,35.857,2006-10,2011-07,monitor
B00006I548,7,4.571,89,0.9888,214.429,2006-07,2014-03,monitor
B00008BFJM,7,4.571,43,0.7674,82.571,2005-03,2007-12,monitor
B00008IHP6,7,4.571,72,0.9444,287.714,2003-06,2009-05,monitor
B00008ZLHA,7,4.571,18,0.8333,95.286,2005-07,2011-06,monitor
B000098VQS,7,4.571,67,0.9701,121,2004-06,2008-01,monitor
B00009V39M,7,4.571,14,0.9286,91.714,2006-03,2013-04,monitor
B0000AB4O1,7,4.571,7,1.0,53.429,2008-07,2014-01,monitor
B0000AGAZW,7,4.571,16,0.9375,283,2007-10,2014-03,monitor
B0000AWFIF,7,4.571,21,1.0,144.714,2004-01,2005-02,monitor
B00013D5JY,7,4.571,29,0.7586,67,2006-07,2013-01,monitor
B0001AOGA4,7,4.571,29,0.7931,109.143,2008-03,2014-07,monitor
B0001FI51U,7,4.571,43,0.9535,200,2004-06,2011-11,monitor
B0001FXAEC,7,4.571,1,1.0,47.714,2012-05,2013-10,monitor
B0001GAMRO,7,4.571,22,0.7727,38.286,2008-02,2010-06,monitor
B0001H9L3O,7,4.571,14,0.8571,52.143,2006-02,2011-10,monitor
B0001HAFAW,7,4.571,73,0.9726,142.571,2004-04,2014-06,monitor
B0001XGQCC,7,4.571,23,0.4348,78.286,2007-02,2010-11,monitor
B00025O87Y,7,4.571,1,0.0,86.429,2011-11,2014-02,monitor
B0002BG6QY,7,4.571,6,0.5,37.857,2012-05,2014-07,monitor
B0002L2MMG,7,4.571,7,0.5714,97,2012-09,2013-10,monitor
B0002OG6OI,7,4.571,129,0.7519,273.571,2004-09,2005-03,monitor
B0002WTK52,7,4.571,46,0.8913,72.429,2006-12,2008-12,monitor
B0002ZPBHU,7,4.571,6,0.6667,36.714,2009-01,2014-03,monitor
B00031S4KO,7,4.571,27,0.8889,193.714,2008-12,2012-05,monitor
B0006B55B2,7,4.571,152,0.7697,65.143,2005-12,2011-07,monitor
B0006DPONE,7,4.571,53,0.7547,82,2008-05,2013-05,monitor
B0006FK3Y2,7,4.571,8,1.0,85.714,2007-12,2011-10,monitor
B0006TI9X0,7,4.571,1,0.0,132.714,2011-08,2014-05,monitor
B00079F7L6,7,4.571,96,0.9375,210.286,2005-02,2007-01,monitor
B0007KQOIK,7,4.571,82,0.8293,100.143,2005-02,2006-11,monitor
B0007L8BBM,7,4.571,6,0.8333,184.429,2010-04,2014-05,monitor
B0007M6GG8,7,4.571,98,0.7347,119.429,2006-02,2014-03,monitor
B0007RTPA2,7,4.571,9,1.0,96.571,2008-03,2013-07,monitor
B0007WM298,7,4.571,7,1.0,44.143,2007-01,2011-06,monitor
B0007WQ8XY,7,4.571,4,1.0,34.143,2009-06,2014-04,monitor
B0007WRQQC,7,4.571,3,0.6667,57.857,2012-04,2013-12,monitor
B0007WTF02,7,4.571,6,1.0,80.143,2011-11,2014-01,monitor
B0007Y6ALM,7,4.571,196,0.9592,382.857,2005-04,2006-07,monitor
B0007Y793K,7,4.571,157,0.9172,220.571,2005-10,2014-06,monitor
B0009I0634,7,4.571,149,0.906,178.429,2005-08,2013-08,monitor
B0009V13XS,7,4.571,126,0.5397,126,2006-02,2013-07,monitor
B0009XESHO,7,4.571,27,0.5185,45.286,2009-11,2014-04,monitor
B0009Y7HVM,7,4.571,32,0.9688,78.286,2008-07,2013-06,monitor
B000B64AVS,7,4.571,11,0.6364,75.714,2006-08,2010-07,monitor
B000BKPK90,7,4.571,155,0.9484,339.429,2005-12,2007-05,monitor
B000CC9LS8,7,4.571,6,0.8333,72.571,2008-11,2013-06,monitor
B000CMLZEG,7,4.571,32,0.9375,124.571,2007-06,2013-12,monitor
B000CR3RJW,7,4.571,27,0.9259,40.714,2007-01,2007-09,monitor
B000CSIM32,7,4.571,4,1.0,82.571,2008-08,2012-03,monitor
B000CSP000,7,4.571,89,0.9326,202.143,2006-02,2013-06,monitor
B000E65HOO,7,4.571,5,0.8,72.857,2007-01,2008-09,monitor
B000E9BYXE,7,4.571,37,0.7297,149.857,2006-12,2007-05,monitor
B000EDNOFG,7,4.571,25,0.92,176.714,2006-07,2011-06,monitor
B000EI5QWA,7,4.571,102,0.8725,170.857,2006-03,2008-06,monitor
B000EQ8SUE,7,4.571,0,,69.714,2010-04,2011-11,monitor
B000EYZ994,7,4.571,119,0.9076,382.286,2006-11,2007-06,monitor
B000F8R0OQ,7,4.571,3,0.6667,43.571,2011-11,2014-04,monitor
B000FGI9RU,7,4.571,18,0.8333,36.571,2006-08,2011-08,monitor
B000G6JOP0,7,4.571,102,0.6863,309,2007-03,2013-06,monitor
B000GEDLBU,7,4.571,7,1.0,81.143,2011-10,2014-07,monitor
B000GW5J58,7,4.571,63,0.9841,98.857,2006-09,2013-06,monitor
B000H50L9S,7,4.571,13,0.8462,110.857,2013-12,2014-07,monitor
B000I20988,7,4.571,2,0.5,64.571,2011-07,2014-02,monitor
B000I5PGLU,7,4.571,127,0.8661,81.714,2007-12,2013-01,monitor
B000IBU4IY,7,4.571,2,0.5,37.143,2008-12,2012-11,monitor
B000J2ZPJU,7,4.571,13,1.0,145,2008-02,2009-11,monitor
B000J325SS,7,4.571,39,0.8205,148.286,2007-07,2013-01,monitor
B000J3L1T2,7,4.571,56,0.7321,87.571,2008-01,2013-10,monitor
B000JFJ06G,7,4.571,32,0.9375,148.286,2007-05,2013-07,monitor
8918010656,7,4.429,24,0.75,163.286,2014-02,2014-06,monitor
9981739588,7,4.429,8,0.5,53.429,2010-05,2013-12,monitor
B00000JBAH,7,4.429,60,0.9167,146.286,1999-11,2006-11,monitor
B00004RIPE,7,4.429,95,0.9895,67,2000-08,2014-07,monitor
B00004U12J,7,4.429,179,0.9497,206.857,2000-07,2003-04,monitor
B00004UFQJ,7,4.429,26,0.8077,90.286,2006-06,2013-12,monitor
B00004VUM1,7,4.429,142,0.9718,183.429,2000-08,2001-11,monitor
B00004X0ZH,7,4.429,81,0.9753,120.143,2002-01,2003-09,monitor
B000050AUJ,7,4.429,5,1.0,69.714,2013-09,2014-03,monitor
B000052WM4,7,4.429,15,0.9333,225.143,2003-04,2013-05,monitor
B00005U7RW,7,4.429,69,0.942,242,2002-08,2013-02,monitor
B000067V23,7,4.429,12,0.6667,130.143,2012-11,2014-06,monitor
B000068BSC,7,4.429,16,0.5,81.714,2004-11,2012-12,monitor
B000069E22,7,4.429,31,0.9677,58,2004-11,2009-12,monitor
B00006B9QG,7,4.429,35,0.8571,118.571,2002-12,2013-08,monitor
B00006BA2C,7,4.429,29,0.7931,70.429,2003-09,2011-03,monitor
B00006HMPJ,7,4.429,38,0.7632,118.286,2002-10,2013-11,monitor
B00006RVO1,7,4.429,6,1.0,72.714,2009-07,2014-02,monitor
B000076WEX,7,4.429,32,0.875,100,2005-05,2008-01,monitor
B00007FH7O,7,4.429,13,1.0,71.286,2009-08,2014-05,monitor
B00007FV2Z,7,4.429,141,0.9645,501,2003-03,2013-04,monitor
B00008ZPEA,7,4.429,4,0.5,75.571,2008-09,2013-12,monitor
B0000996BZ,7,4.429,91,0.9341,157.857,2004-07,2013-06,monitor
B00009Q97G,7,4.429,41,0.8537,118.286,2007-02,2011-04,monitor
B00009R6UF,7,4.429,45,0.8667,53.286,2006-02,2012-12,monitor
B00009XVCD,7,4.429,130,0.9077,296,2007-06,2010-04,monitor
B00009YUPY,7,4.429,10,0.5,62,2009-08,2014-03,monitor
B0000A0AEJ,7,4.429,22,0.8636,101,2008-11,2013-07,monitor
B0000A576B,7,4.429,10,0.7,63.857,2005-03,2014-06,monitor
B0000AG92W,7,4.429,16,0.6875,32.857,2009-08,2014-01,monitor
B0000DC69T,7,4.429,62,0.8871,351.143,2004-07,2010-12,monitor
B0001239BE,7,4.429,6,0.6667,178.429,2008-05,2014-05,monitor
B000138SXM,7,4.429,8,1.0,50.714,2011-10,2013-03,monitor
B0001STJ6M,7,4.429,53,0.9245,38.714,2007-05,2014-01,monitor
B00022ADWG,7,4.429,196,0.9337,452.143,2004-05,2005-01,monitor
B000234UPQ,7,4.429,9,0.6667,30.571,2005-10,2011-05,monitor
B00026IN1U,7,4.429,145,0.8966,193.571,2004-08,2005-06,monitor
B000271OX8,7,4.429,7,0.8571,48.143,2008-11,2014-05,monitor
B00029J1JU,7,4.429,11,0.8182,66.571,2006-05,2014-02,monitor
B0002B807W,7,4.429,148,0.9459,242.429,2004-10,2005-12,monitor
B0002CAEYS,7,4.429,54,0.9074,125.286,2005-04,2012-10,monitor
B0002E1NPA,7,4.429,9,1.0,114.143,2009-01,2014-02,monitor
B0002HMRL6,7,4.429,1,1.0,57.571,2011-11,2013-10,monitor
B0002IQ1FS,7,4.429,42,0.7381,62.286,2005-01,2007-04,monitor
B0002X7V48,7,4.429,130,0.7308,208.571,2004-11,2006-04,monitor
B00032C2GK,7,4.429,9,0.6667,65.429,2010-10,2014-03,monitor
B00066HPUG,7,4.429,8,1.0,95.143,2010-04,2013-08,monitor
B00076AT58,7,4.429,38,0.8421,138.571,2005-02,2007-02,monitor
B0007KK22Y,7,4.429,4,0.75,264.714,2010-08,2014-04,monitor
B0007TJ7TY,7,4.429,37,0.9459,98,2005-06,2013-07,monitor
B0007U0GZC,7,4.429,117,0.9658,218.571,2005-10,2009-02,monitor
B0007W5LFA,7,4.429,4,1.0,80.857,2010-12,2013-08,monitor
B0007WQ7JE,7,4.429,3,0.6667,231,2010-06,2013-09,monitor
B0007WVABO,7,4.429,8,0.75,127.143,2007-01,2013-11,monitor
B0007ZYU9U,7,4.429,74,0.973,107.429,2006-07,2007-11,monitor
B00093EBJO,7,4.429,10,0.9,241.571,2006-11,2013-07,monitor
B00094F67E,7,4.429,38,0.9737,172.857,2005-07,2013-12,monitor
B00097D5XI,7,4.429,13,0.6923,64.571,2008-04,2014-06,monitor
B0009ACZHM,7,4.429,28,0.9286,65.714,2006-01,2009-11,monitor
B0009F62GW,7,4.429,16,1.0,122.429,2005-09,2013-06,monitor
B000A2I3VG,7,4.429,14,0.7143,35.429,2007-02,2010-09,monitor
B000A6JTHO,7,4.429,3,0.6667,52.857,2006-07,2013-06,monitor
B000AAQQBC,7,4.429,6,1.0,112.714,2006-12,2010-12,monitor
B000AMDZNC,7,4.429,13,0.7692,51,2007-05,2008-05,monitor
B000AOTTW6,7,4.429,44,0.8409,165.571,2006-01,2011-06,monitor
B000ASNKZY,7,4.429,4,1.0,29.714,2010-02,2013-09,monitor
B000B6DU3C,7,4.429,12,1.0,117.714,2011-03,2014-05,monitor
B000BH3IWY,7,4.429,38,0.8684,135.857,2007-06,2010-04,monitor
B000BITSTA,7,4.429,0,,83.571,2012-04,2014-01,monitor
B000BSHLJO,7,4.429,18,0.9444,88.429,2008-07,2014-05,monitor
B000C0L4YO,7,4.429,4,0.75,40.571,2008-02,2014-01,monitor
B000E0G000,7,4.429,26,0.7308,226.857,2006-04,2008-01,monitor
B000E5VQP4,7,4.429,14,0.7857,52.857,2007-01,2014-02,monitor
B000E7VLN4,7,4.429,7,1.0,65.143,2010-05,2013-06,monitor
B000ELQT82,7,4.429,11,0.8182,86.143,2007-04,2011-08,monitor
B000F8JKYY,7,4.429,19,0.8421,260.429,2006-04,2012-07,monitor
B000FMV1BK,7,4.429,63,0.8413,342.571,2006-11,2012-05,monitor
B000FS01EW,7,4.429,15,0.7333,191.143,2008-10,2012-11,monitor
B000FYZQSW,7,4.429,89,0.9438,275.571,2006-07,2010-05,monitor
B000GEA5QO,7,4.429,4,1.0,60,2007-01,2009-07,monitor
B000GG5LWA,7,4.429,5,0.6,88.857,2009-05,2013-08,monitor
B000GHI7U2,7,4.429,22,0.9091,103.286,2007-05,2013-09,monitor
B000H6UG3I,7,4.429,9,1.0,47.857,2006-08,2013-06,monitor
B000HDONAI,7,4.429,2,1.0,26.286,2010-01,2014-04,monitor
B000HHLU64,7,4.429,24,0.625,73,2009-07,2013-06,monitor
B000I7VWKC,7,4.429,7,0.2857,82.714,2012-05,2014-04,monitor
B000IBI3YQ,7,4.429,108,0.9352,121.857,2007-05,2011-06,monitor
B000J05PLA,7,4.429,84,0.9405,144,2006-12,2014-04,monitor
B000J6E1LY,7,4.429,376,0.9255,397.571,2007-01,2012-08,monitor
B00000DMA3,7,4.286,45,0.9111,164.429,2004-08,2009-11,monitor
B00000JHVP,7,4.286,101,0.9109,120,2000-04,2001-03,monitor
B00004TWM3,7,4.286,14,0.9286,72.286,2001-08,2014-07,monitor
B00005ABEC,7,4.286,59,0.7797,183.857,2001-11,2002-11,monitor
B00005T3FP,7,4.286,13,0.6923,92.571,2004-10,2014-03,monitor
B000062STR,7,4.286,69,0.9565,169.143,2002-05,2006-07,monitor
B000067INH,7,4.286,4,0.75,50.143,2012-10,2014-01,monitor
B00006B7RT,7,4.286,0,,59.714,2012-11,2014-07,monitor
B00006B8EX,7,4.286,2,1.0,60.143,2010-06,2013-11,monitor
B000077XII,7,4.286,16,0.875,103.857,2003-04,2008-02,monitor
B00008O0P3,7,4.286,454,0.9163,93,2003-07,2008-12,monitor
B00009MVK7,7,4.286,3,1.0,38,2010-06,2014-07,monitor
B00009QORF,7,4.286,14,0.8571,75.143,2011-01,2014-04,monitor
B00009R9BJ,7,4.286,4,0.5,77,2008-09,2014-01,monitor
B00009V4G2,7,4.286,7,0.5714,50.857,2007-11,2014-05,monitor
B00009X3RN,7,4.286,41,0.9024,116.714,2005-09,2008-10,monitor
B0000AE6C6,7,4.286,73,0.9589,281.714,2006-02,2008-03,monitor
B0000AJMOI,7,4.286,140,0.9357,409.143,2003-12,2004-06,monitor
B0000AQOIF,7,4.286,16,0.9375,68.143,2008-04,2014-07,monitor
B0000CFYMB,7,4.286,15,0.9333,80,2008-06,2009-07,monitor
B0000DBJV5,7,4.286,137,0.9051,324.571,2003-12,2013-02,monitor
B000165DRS,7,4.286,10,0.9,105.286,2008-10,2013-01,monitor
B0001G6UEI,7,4.286,155,0.929,157.571,2004-06,2007-12,monitor
B0001L1WNC,7,4.286,29,0.8621,76.286,2011-02,2014-01,monitor
B0001V2KS8,7,4.286,45,1.0,103,2008-03,2014-05,monitor
B0001XE07A,7,4.286,7,1.0,65,2005-08,2011-04,monitor
B00026C9II,7,4.286,7,0.5714,44.857,2009-04,2011-10,monitor
B000278KJY,7,4.286,60,0.95,149.429,2005-05,2014-04,monitor
B0002E46PO,7,4.286,59,0.9661,107.286,2005-02,2014-02,monitor
B0002EXKEW,7,4.286,34,0.9706,52.429,2006-01,2013-10,monitor
B0002GRU1O,7,4.286,39,0.8718,143.857,2005-01,2009-01,monitor
B0002J23V8,7,4.286,7,0.8571,93.143,2010-01,2014-07,monitor
B0002YE40G,7,4.286,1,1.0,86.429,2010-02,2014-01,monitor
B0002ZGEO4,7,4.286,5,0.6,141.429,2011-08,2014-06,monitor
B00042LCBA,7,4.286,25,0.84,44,2009-12,2014-03,monitor
B00061RXO4,7,4.286,119,0.8655,150.429,2005-08,2013-06,monitor
B00064OB3M,7,4.286,66,0.9091,147.857,2004-12,2010-10,monitor
B0006GWY4I,7,4.286,6,0.6667,96.571,2007-03,2008-09,monitor
B0007COBH4,7,4.286,53,0.8491,115.143,2005-01,2011-10,monitor
B0007RPW36,7,4.286,147,0.9456,169.429,2007-04,2009-09,monitor
B0007U0IRI,7,4.286,69,0.9565,146,2005-10,2009-12,monitor
B0009ZBQ1S,7,4.286,1,1.0,81,2009-03,2014-06,monitor
B000A2RZ7E,7,4.286,158,0.6076,153.571,2006-10,2014-02,monitor
B000A2TEWS,7,4.286,14,0.5714,85.571,2011-07,2014-02,monitor
B000ARIV7M,7,4.286,88,0.9318,223.571,2006-02,2009-01,monitor
B000BATDZ2,7,4.286,6,0.8333,50.857,2009-09,2014-05,monitor
B000BM3ZBI,7,4.286,3,0.6667,44.714,2012-01,2014-02,monitor
B000BSJHNC,7,4.286,5,1.0,118.429,2009-03,2010-10,monitor
B000CSSHXM,7,4.286,16,0.8125,115,2007-03,2011-03,monitor
B000E0IBCU,7,4.286,3,1.0,64.429,2011-08,2013-10,monitor
B000E8OTUA,7,4.286,8,0.625,29.857,2009-03,2014-01,monitor
B000EIQ7LY,7,4.286,12,0.8333,62.571,2009-07,2011-08,monitor
B000ELG6KS,7,4.286,79,0.9494,226,2006-05,2007-02,monitor
B000F3PBG0,7,4.286,34,0.9412,73.571,2007-02,2011-03,monitor
B000FA1G26,7,4.286,57,0.8947,192.143,2006-08,2007-06,monitor
B000FHZ3I2,7,4.286,20,0.9,77.143,2007-12,2013-12,monitor
B000FKG3WY,7,4.286,9,1.0,65,2006-12,2014-04,monitor
B000FZZ8CA,7,4.286,4,1.0,40.857,2008-03,2014-03,monitor
B000G6U4TU,7,4.286,10,0.9,59.143,2007-03,2008-11,monitor
B000GAOFGO,7,4.286,42,0.8571,152,2009-04,2011-03,monitor
B000H3AW94,7,4.286,34,0.9706,64.857,2007-04,2010-01,monitor
B000H7GFXM,7,4.286,45,0.8,62.286,2006-12,2013-06,monitor
B000HXNF8O,7,4.286,56,0.9286,241.143,2007-04,2013-11,monitor
B000I3ZLVW,7,4.286,10,0.9,98.429,2007-01,2014-01,monitor
B000I674IC,7,4.286,20,0.75,150.571,2007-06,2010-06,monitor
B000I6C3EM,7,4.286,53,0.9245,142.714,2007-08,2010-07,monitor
B000I97G0U,7,4.286,0,,50.714,2010-11,2014-03,monitor
B000IGCC3Y,7,4.286,33,0.9394,105.286,2007-08,2013-11,monitor
B000II0AKO,7,4.286,20,0.95,166.286,2008-04,2014-01,monitor
B000IMWJ7C,7,4.286,69,0.9855,121.714,2006-10,2007-05,monitor
B000JC1W92,7,4.286,0,,42.143,2012-10,2014-06,monitor
B000JU9XZ4,7,4.286,20,0.9,200.143,2007-08,2014-02,monitor
B0000225BD,7,4.143,17,0.8824,71.429,2004-01,2014-05,monitor
B00004ZDB1,7,4.143,36,0.9167,89.286,2000-11,2013-09,monitor
B00005AAK8,7,4.143,82,0.9512,158.286,2001-10,2003-04,monitor
B00005M011,7,4.143,116,0.9569,196.714,2001-11,2011-06,monitor
B00005NGQF,7,4.143,38,0.9474,118.429,2001-11,2003-03,monitor
B00005NHAC,7,4.143,121,0.9008,182.571,2001-11,2009-03,monitor
B000063S4J,7,4.143,94,0.8511,94.286,2002-05,2008-05,monitor
B000067O7U,7,4.143,41,0.6341,81.571,2007-07,2014-03,monitor
B000068UXB,7,4.143,69,0.9855,141,2002-12,2012-12,monitor
B00006B92A,7,4.143,14,0.3571,45.571,2011-02,2014-01,monitor
B00006JKWZ,7,4.143,6,1.0,74.143,2011-01,2013-05,monitor
B00007058Y,7,4.143,61,0.9508,139,2002-12,2012-12,monitor
B00009KP3L,7,4.143,1,1.0,39.286,2011-10,2014-06,monitor
B00009R8A1,7,4.143,13,0.7692,215.857,2009-08,2014-04,monitor
B00009V38V,7,4.143,32,0.5625,68.429,2006-10,2009-12,monitor
B00009V6QT,7,4.143,1,1.0,49.286,2009-12,2014-03,monitor
B0000ZQTCS,7,4.143,30,0.9,234.429,2010-12,2013-12,monitor
B00021TMWE,7,4.143,10,0.6,36,2008-11,2013-10,monitor
B00022VBEU,7,4.143,20,0.85,133.143,2005-03,2011-02,monitor
B000243DOE,7,4.143,82,0.8902,82,2005-03,2007-02,monitor
B000279516,7,4.143,5,0.6,73.143,2010-07,2014-01,monitor
B000281X6U,7,4.143,9,0.7778,111.286,2009-05,2014-04,monitor
B00029X1KU,7,4.143,3,1.0,58.429,2012-12,2014-07,monitor
B0002AHQKU,7,4.143,35,0.8571,178.286,2004-11,2013-06,monitor
B0002BG3SU,7,4.143,18,0.8333,38.857,2007-08,2014-03,monitor
B0002IASJS,7,4.143,74,0.9459,319.714,2004-11,2013-07,monitor
B00066HP7Y,7,4.143,6,0.3333,36.143,2007-03,2013-04,monitor
B00067AXYU,7,4.143,125,0.872,319.143,2005-03,2013-02,monitor
B0007KXFH8,7,4.143,134,0.9701,367.286,2005-05,2007-12,monitor
B0007LZGF6,7,4.143,0,,41.857,2007-09,2014-06,monitor
B0007MGEO2,7,4.143,10,0.7,88.571,2009-05,2013-12,monitor
B0007OWNC2,7,4.143,18,0.6111,91.429,2005-08,2014-03,monitor
B0007TJ58M,7,4.143,13,0.9231,52.714,2006-05,2014-06,monitor
B0008EWSCQ,7,4.143,57,0.8947,218.429,2007-08,2012-02,monitor
B0009XDLRW,7,4.143,3,1.0,129.857,2011-06,2013-11,monitor
B000A0YPYC,7,4.143,2,1.0,43.429,2007-12,2011-11,monitor
B000A49F7A,7,4.143,207,0.942,497,2005-10,2007-01,monitor
B000ANF8FO,7,4.143,34,0.9706,71.857,2008-11,2013-09,monitor
B000AYW00Y,7,4.143,39,0.7692,67.857,2006-07,2009-04,monitor
B000BJUP00,7,4.143,71,0.9296,259,2005-12,2010-01,monitor
B000BYU62M,7,4.143,44,0.7273,305.429,2007-09,2009-10,monitor
B000E0DZH6,7,4.143,16,0.625,42.429,2007-11,2011-11,monitor
B000EM1AT4,7,4.143,51,0.902,176.714,2006-07,2010-02,monitor
B000EOOUY4,7,4.143,1,1.0,43.143,2007-02,2009-05,monitor
B000F6573E,7,4.143,5,0.8,64.429,2006-07,2012-09,monitor
B000FD46IO,7,4.143,2,0.5,32.714,2007-03,2014-01,monitor
B000FJ4BRE,7,4.143,13,1.0,66.286,2007-02,2013-04,monitor
B000FVZKV8,7,4.143,29,0.5862,62.286,2007-02,2014-06,monitor
B000HASE9C,7,4.143,8,0.625,53.714,2008-07,2009-04,monitor
B000HKGD36,7,4.143,0,,62.143,2008-01,2013-05,monitor
B000I4A1MA,7,4.143,23,0.6522,77.571,2007-03,2010-12,monitor
B000IE68CM,7,4.143,4,0.75,120,2011-04,2013-10,monitor
B000IGI4N6,7,4.143,7,0.7143,71,2008-02,2010-07,monitor
B000J09T7Q,7,4.143,0,,61.857,2011-10,2014-03,monitor
B000J2Z2ZM,7,4.143,26,0.9615,101,2007-04,2011-04,monitor
B000JKD24M,7,4.143,25,0.72,148.571,2008-05,2014-01,monitor
B000JLL8LU,7,4.143,17,1.0,91,2008-12,2013-03,monitor
B000JOPYGW,7,4.143,34,0.8824,97.857,2008-02,2011-03,monitor
B00000J060,7,4.0,31,1.0,98.286,2000-09,2007-03,monitor
B00000J3UH,7,4.0,9,0.8889,117,2007-06,2011-12,monitor
B00000JDK0,7,4.0,60,0.85,105,2000-05,2012-08,monitor
B000056B8A,7,4.0,9,0.6667,65.286,2001-07,2007-01,monitor
B000056ULH,7,4.0,91,0.4725,547.286,2007-05,2014-06,monitor
B00005B6S8,7,4.0,83,0.8554,100.143,2001-05,2013-11,monitor
B00005B9AC,7,4.0,214,0.9206,251.571,2001-09,2002-03,monitor
B00005T3FD,7,4.0,37,0.9459,123.571,2005-03,2013-01,monitor
B000066EW5,7,4.0,50,0.96,217.714,2002-06,2006-04,monitor
B000068IGQ,7,4.0,18,0.8889,119.571,2002-08,2011-09,monitor
B00006AVV3,7,4.0,46,0.9565,196.857,2002-08,2014-05,monitor
B00006B7TL,7,4.0,10,1.0,92,2006-03,2008-03,monitor
B00006G33N,7,4.0,111,0.8288,91.143,2006-03,2013-02,monitor
B00006HMD8,7,4.0,200,0.77,178.286,2002-10,2009-06,monitor
B00006LK1Q,7,4.0,96,0.9583,183.429,2002-12,2014-03,monitor
B00006RVQK,7,4.0,50,0.76,166.714,2003-01,2011-04,monitor
B00008GT9Y,7,4.0,127,0.6299,202.286,2003-02,2003-07,monitor
B00008VE1B,7,4.0,35,0.8857,91.714,2006-06,2012-10,monitor
B00008W7LL,7,4.0,65,0.8769,273.286,2003-05,2005-04,monitor
B00008Y0UM,7,4.0,19,0.8947,83.714,2007-02,2012-04,monitor
B00009NQQ6,7,4.0,4,0.5,47.857,2009-09,2013-12,monitor
B00009WC1T,7,4.0,12,0.9167,154.143,2009-07,2013-01,monitor
B0000AOWVO,7,4.0,138,0.9348,196.286,2004-05,2005-02,monitor
B00012O6RK,7,4.0,14,0.7857,121.429,2012-10,2014-05,monitor
B0001D56SW,7,4.0,93,0.8602,231.571,2004-06,2013-02,monitor
B0001M2FVY,7,4.0,59,0.9831,143.429,2008-01,2013-05,monitor
B000255I8W,7,4.0,69,0.8551,161,2004-12,2010-03,monitor
B00029J1OU,7,4.0,25,0.92,112,2006-10,2014-05,monitor
B0002A6XCW,7,4.0,64,0.5469,298.714,2004-07,2008-12,monitor
B0002ABNUO,7,4.0,13,1.0,80.571,2009-08,2012-09,monitor
B0002BEUBW,7,4.0,5,0.8,78.857,2009-06,2014-02,monitor
B0002IOI9Y,7,4.0,0,,111.714,2005-05,2013-11,monitor
B0002LEMYC,7,4.0,11,1.0,82.714,2008-03,2010-10,monitor
B0002XZQHM,7,4.0,66,0.8636,104.143,2004-12,2008-10,monitor
B0002Y6DGE,7,4.0,80,0.75,182.857,2005-01,2009-02,monitor
B00063KO7U,7,4.0,15,0.6,48.143,2008-02,2014-04,monitor
B0006G0IHS,7,4.0,46,0.8478,179.429,2005-07,2009-10,monitor
B0006VMBGO,7,4.0,11,0.4545,78,2008-08,2014-07,monitor
B0007KVK7U,7,4.0,37,0.8919,118.857,2005-11,2013-02,monitor
B0007PB0C0,7,4.0,105,0.8667,307.286,2005-03,2010-03,monitor
B0007WRQ8K,7,4.0,10,0.6,83.571,2010-01,2014-04,monitor
B0007XGORI,7,4.0,61,1.0,237.286,2006-03,2007-10,monitor
B0007Y6ANA,7,4.0,57,0.9298,164,2005-08,2013-09,monitor
B0007YZTSC,7,4.0,61,0.8197,63.714,2006-11,2011-07,monitor
B00099XTKA,7,4.0,65,0.8769,151.714,2006-12,2013-12,monitor
B0009VE236,7,4.0,9,0.6667,85.714,2006-08,2009-04,monitor
B000A3PL2Y,7,4.0,21,0.8571,124.429,2009-05,2013-01,monitor
B000AYKP6U,7,4.0,25,0.8,149.571,2005-12,2009-11,monitor
B000B8FRF4,7,4.0,15,0.9333,92.286,2007-03,2014-01,monitor
B000BKJOQ0,7,4.0,96,0.8125,308,2005-11,2006-04,monitor
B000BM4TWW,7,4.0,13,0.8462,77.286,2007-01,2009-09,monitor
B000BPPRPC,7,4.0,14,0.9286,112.857,2007-06,2010-12,monitor
B000BWDSYC,7,4.0,25,0.48,69.429,2006-06,2011-01,monitor
B000COOMLW,7,4.0,3,1.0,67.143,2010-08,2014-06,monitor
B000EMW99Y,7,4.0,28,0.8214,198.429,2006-03,2013-11,monitor
B000EVLS42,7,4.0,160,0.9563,81.714,2007-01,2014-02,monitor
B000F1YJDS,7,4.0,32,0.7812,60.286,2007-05,2010-08,monitor
B000FEHTDC,7,4.0,117,0.7436,133.143,2006-09,2013-10,monitor
B000FUKGCW,7,4.0,4,1.0,106.857,2007-06,2011-05,monitor
B000G6VV2E,7,4.0,1,1.0,119.857,2009-04,2013-11,monitor
B000GE9QXC,7,4.0,2,1.0,68.857,2012-12,2014-01,monitor
B000GHED9G,7,4.0,34,0.9412,180.286,2007-05,2013-05,monitor
B000GLHQ14,7,4.0,21,0.4286,112.571,2007-01,2012-12,monitor
B000GPOCV2,7,4.0,36,0.8333,79.429,2007-08,2009-02,monitor
B000I23UMU,7,4.0,0,,113.429,2012-08,2014-02,monitor
B000IZBIT4,7,4.0,31,0.9355,65.571,2007-09,2014-01,monitor
B000J5ON5E,7,4.0,2,1.0,30.143,2013-02,2014-07,monitor
B000001OMT,7,3.857,58,0.8448,93,2007-07,2013-08,monitor
B00004RD8K,7,3.857,106,0.8585,207.857,2000-05,2012-07,monitor
B00004TH9M,7,3.857,5,0.8,214,2000-10,2013-12,monitor
B00004Z8SC,7,3.857,8,1.0,94.714,2001-12,2014-06,monitor
B0000510SS,7,3.857,20,0.6,87.143,2001-07,2014-02,monitor
B0000514OG,7,3.857,50,0.68,100.286,2009-06,2014-03,monitor
B00005T3HJ,7,3.857,37,0.9189,141.571,2002-01,2003-05,monitor
B00005UK8V,7,3.857,71,0.8732,145.857,2002-02,2013-04,monitor
B000062TTF,7,3.857,65,0.7692,173.714,2002-03,2006-02,monitor
B000065UWN,7,3.857,17,0.6471,75.857,2003-01,2007-01,monitor
B00006HOO1,7,3.857,123,0.9756,130.857,2003-07,2011-05,monitor
B00008Z1QG,7,3.857,8,0.75,98.429,2006-03,2013-05,monitor
B00009R6ME,7,3.857,28,0.7857,129.714,2005-10,2014-01,monitor
B0000AI1J6,7,3.857,59,0.8983,104.857,2007-02,2014-04,monitor
B000184C1Y,7,3.857,25,0.92,188.857,2006-04,2008-03,monitor
B00021XHY8,7,3.857,4,1.0,33.571,2010-04,2012-12,monitor
B000234W0O,7,3.857,5,0.8,81.714,2011-05,2013-03,monitor
B000278KKI,7,3.857,172,0.9709,219.286,2004-07,2011-03,monitor
B0002XJAKG,7,3.857,87,0.9195,304,2005-11,2012-12,monitor
B0002ZAEY0,7,3.857,207,0.7923,505.714,2004-11,2011-02,monitor
B0002ZRRBI,7,3.857,117,0.8889,170.286,2005-01,2009-11,monitor
B00042L0IA,7,3.857,19,0.4737,79.857,2008-03,2014-03,monitor
B00065WNWC,7,3.857,7,0.5714,29.857,2009-09,2013-12,monitor
B0006J1EUA,7,3.857,6,1.0,117.286,2007-10,2013-04,monitor
B0007KPM42,7,3.857,65,0.9231,211,2006-01,2006-11,monitor
B0007RPW22,7,3.857,139,0.9353,526.286,2006-04,2008-06,monitor
B0007TJDFM,7,3.857,8,0.875,97.714,2010-12,2013-12,monitor
B00081EQ2O,7,3.857,2,1.0,115.143,2010-12,2013-05,monitor
B00099I1EY,7,3.857,31,0.8065,97.429,2005-10,2011-05,monitor
B0009A2L4Y,7,3.857,58,0.8966,169.286,2005-09,2006-10,monitor
B0009JY6PM,7,3.857,56,0.9643,175,2006-01,2008-07,monitor
B0009NWZGU,7,3.857,6,1.0,58.143,2006-07,2014-03,monitor
B0009U6140,7,3.857,18,0.7778,69.429,2008-03,2013-04,monitor
B0009ZBRRQ,7,3.857,13,0.1538,54.429,2007-05,2012-01,monitor
B000ADKTRG,7,3.857,8,0.75,173.143,2010-12,2014-04,monitor
B000ALAFYU,7,3.857,10,0.8,47.286,2007-06,2013-08,monitor
B000AR7RH2,7,3.857,37,0.8108,124.571,2006-07,2010-07,monitor
B000AYJDDG,7,3.857,63,0.9524,228.714,2005-11,2007-05,monitor
B000BKP80G,7,3.857,75,0.9067,348.857,2006-05,2013-12,monitor
B000CMTV3I,7,3.857,45,0.8222,396.286,2008-07,2013-11,monitor
B000E40RB4,7,3.857,64,0.625,73.857,2006-03,2010-02,monitor
B000E88D2U,7,3.857,26,0.9231,84.143,2007-01,2010-11,monitor
B000E9TFTO,7,3.857,40,0.675,69.857,2010-01,2014-04,monitor
B000ENWT1Q,7,3.857,7,1.0,207.143,2008-10,2013-03,monitor
B000EXV0R0,7,3.857,71,0.9014,182.143,2006-07,2009-10,monitor
B000FDXH70,7,3.857,14,1.0,54,2010-01,2013-10,monitor
B000FOG8LQ,7,3.857,97,0.9381,120,2006-11,2009-07,monitor
B000FT1BP4,7,3.857,57,0.7895,137.714,2007-10,2011-12,monitor
B000GA73BS,7,3.857,29,0.6207,75.714,2012-05,2014-04,monitor
B000GKETH4,7,3.857,10,1.0,80.571,2007-01,2013-06,monitor
B000H5819K,7,3.857,31,1.0,222.857,2007-02,2014-07,monitor
B000H674II,7,3.857,8,1.0,73.571,2007-05,2014-07,monitor
B00000J579,7,3.714,73,0.863,128.143,2000-09,2010-11,monitor
B00000JBAT,7,3.714,38,0.7632,211.143,1999-06,2001-07,monitor
B00003G1LP,7,3.714,2,1.0,102.714,2000-09,2003-03,monitor
B00004WCCQ,7,3.714,59,0.8305,62.286,2004-09,2014-03,monitor
B00004Z5AX,7,3.714,20,0.75,118.857,2009-05,2014-03,monitor
B00004Z8GN,7,3.714,22,0.5455,69.429,2009-04,2013-07,monitor
B0000649F8,7,3.714,22,0.8636,84.143,2005-08,2007-02,monitor
B00006B7RM,7,3.714,24,0.9167,74.571,2010-09,2013-11,monitor
B00006LIOM,7,3.714,73,0.9589,147.143,2004-08,2013-03,monitor
B000083K0O,7,3.714,6,0.8333,35,2008-02,2013-09,monitor
B000086TLD,7,3.714,41,0.9268,192.286,2003-03,2012-11,monitor
B00009UTWC,7,3.714,82,0.9634,67.143,2006-08,2013-04,monitor
B0001A3N44,7,3.714,52,0.7308,94.143,2008-02,2012-01,monitor
B0001KUD88,7,3.714,64,0.8438,140,2005-02,2007-02,monitor
B00022RV8K,7,3.714,38,0.8421,306.714,2004-12,2005-06,monitor
B00023CDL4,7,3.714,84,0.5833,168,2004-08,2005-05,monitor
B00027951Q,7,3.714,12,0.8333,114,2007-02,2010-06,monitor
B0002F8SM0,7,3.714,4,1.0,85.286,2009-11,2014-05,monitor
B0002MQGEA,7,3.714,8,0.125,54,2011-06,2014-06,monitor
B0002P19O4,7,3.714,76,0.9211,223.857,2004-12,2009-10,monitor
B0002UTYP0,7,3.714,6,1.0,97.286,2009-09,2014-05,monitor
B0002YU7FC,7,3.714,8,0.5,72.857,2010-08,2014-05,monitor
B0006JMX14,7,3.714,84,0.881,142.714,2005-01,2013-03,monitor
B0007L726C,7,3.714,59,0.9153,168.714,2006-03,2008-04,monitor
B0007N722O,7,3.714,4,1.0,75.429,2006-10,2011-10,monitor
B0007UY662,7,3.714,39,0.9487,94.286,2005-05,2011-12,monitor
B00080CXGG,7,3.714,76,0.8684,159.143,2005-09,2011-09,monitor
B00081GAVO,7,3.714,13,0.7692,32.429,2009-12,2014-01,monitor
B00099XBZ8,7,3.714,49,0.9592,122.429,2005-10,2008-02,monitor
B0009FUAQ0,7,3.714,117,0.9316,75.286,2005-08,2014-04,monitor
B0009U5ZCO,7,3.714,45,0.6444,74.714,2005-09,2007-07,monitor
B000AAGM34,7,3.714,31,0.8065,63.286,2009-11,2014-01,monitor
B000ALY22G,7,3.714,9,1.0,96.429,2008-12,2010-02,monitor
B000B5KODC,7,3.714,52,0.9615,154.571,2005-08,2012-12,monitor
B000E0DU7G,7,3.714,171,0.8655,357,2006-06,2008-11,monitor
B000EDIKVO,7,3.714,86,0.8256,385.857,2006-10,2013-05,monitor
B000FCP1NO,7,3.714,15,0.5333,45.143,2010-06,2014-05,monitor
B000FJ7E8W,7,3.714,42,0.9524,121.429,2007-01,2009-01,monitor
B000FMV4TY,7,3.714,107,0.9813,113.429,2008-02,2014-03,monitor
B000G1E59U,7,3.714,31,0.8387,135,2008-09,2013-04,monitor
B000GTBDBA,7,3.714,23,1.0,70.714,2007-02,2013-05,monitor
B000HKGA2A,7,3.714,45,0.9111,74.143,2007-05,2012-12,monitor
B000IG2054,7,3.714,4,1.0,46.429,2012-02,2013-09,monitor
B000J6D9XK,7,3.714,29,0.8276,150.143,2007-11,2014-01,monitor
B000JEYF30,7,3.714,13,0.7692,134.571,2007-12,2009-12,monitor
B00004Z61H,7,3.571,17,0.8235,68.429,2008-11,2014-02,monitor
B000067DUW,7,3.571,36,0.7222,283.286,2002-07,2010-05,monitor
B000068U1L,7,3.571,207,0.913,223.143,2002-12,2007-09,monitor
B00006B6Q1,7,3.571,18,0.7222,69.429,2007-01,2010-05,monitor
B00006JIO1,7,3.571,9,0.8889,85.571,2008-11,2013-03,monitor
B0000789GC,7,3.571,19,0.6316,200.714,2002-11,2006-05,monitor
B000165EPO,7,3.571,27,0.7778,63.286,2010-04,2013-12,monitor
B00021Z97Q,7,3.571,79,0.9747,150.143,2004-10,2008-03,monitor
B00029IY8O,7,3.571,73,0.9589,135.714,2005-07,2007-01,monitor
B0002BEUZS,7,3.571,5,1.0,65,2011-04,2013-08,monitor
B0002F3E9M,7,3.571,83,0.8795,86.571,2005-10,2008-08,monitor
B0002P4VHG,7,3.571,40,0.75,157.429,2005-06,2008-12,monitor
B00065JM94,7,3.571,32,1.0,127,2005-10,2014-04,monitor
B0006HTZ8K,7,3.571,82,0.8415,323.143,2006-09,2011-02,monitor
B0006TIA0M,7,3.571,9,0.8889,196.429,2008-05,2010-06,monitor
B0007LXR7A,7,3.571,34,0.0882,83.571,2007-07,2011-10,monitor
B0007VTU9Y,7,3.571,53,0.7736,118.714,2005-07,2009-11,monitor
B0009A2L9E,7,3.571,257,0.965,179.714,2005-06,2007-08,monitor
B0009KUHLI,7,3.571,1,1.0,71.143,2007-05,2014-02,monitor
B0009WKBR6,7,3.571,22,1.0,232.714,2006-03,2007-07,monitor
B000BKJZ0K,7,3.571,97,0.9485,383.286,2005-11,2010-03,monitor
B000BRJDB4,7,3.571,21,0.6667,146.143,2006-01,2012-02,monitor
B000BYEW1I,7,3.571,38,0.8947,132.286,2009-05,2010-08,monitor
B000COKYXM,7,3.571,15,0.8667,55.143,2012-03,2014-04,monitor
B000E0IOAE,7,3.571,11,0.8182,68,2008-10,2014-05,monitor
B000E5E868,7,3.571,62,0.4677,145.143,2006-03,2008-02,monitor
B000E65Y10,7,3.571,31,0.9032,222.571,2006-10,2008-08,monitor
B000EO55TS,7,3.571,57,0.9825,127.857,2007-01,2007-12,monitor
B000F3O9FE,7,3.571,51,0.7451,137,2006-10,2008-10,monitor
B000F6RGQ0,7,3.571,49,0.9796,253.571,2006-07,2009-12,monitor
B000FW62GY,7,3.571,9,0.6667,41.714,2006-11,2013-10,monitor
B000G6OM3O,7,3.571,115,0.9565,376.143,2006-08,2007-11,monitor
B000GFV008,7,3.571,134,0.7313,272.429,2008-04,2010-12,monitor
B000H8ZXWA,7,3.571,136,0.8015,482.429,2006-12,2007-06,monitor
B000H9AF9K,7,3.571,25,0.36,126.286,2007-06,2008-04,monitor
B000I5JMYW,7,3.571,100,0.98,223.857,2006-11,2014-03,monitor
B000IZE8X2,7,3.571,41,0.9268,48.714,2007-05,2012-12,monitor
9043413585,7,3.429,14,0.8571,90,2009-01,2013-09,monitor
B00000J05A,7,3.429,27,1.0,155.571,1999-09,2001-07,monitor
B00002ST80,7,3.429,278,0.946,309.714,1999-11,2000-05,monitor
B00004U8B8,7,3.429,364,0.978,179.286,2001-05,2008-12,monitor
B00004U8JS,7,3.429,25,0.84,69.429,2007-09,2013-09,monitor
B00004Z6BJ,7,3.429,50,0.92,132.286,2001-06,2012-12,monitor
B000056SJT,7,3.429,26,0.7308,108.286,2003-09,2013-01,monitor
B00005O0IU,7,3.429,101,0.6733,200.429,2001-11,2002-09,monitor
B00005T3SQ,7,3.429,28,0.75,113.571,2002-03,2009-11,monitor
B000062STT,7,3.429,43,0.7674,135.571,2002-11,2008-01,monitor
B00006D2L7,7,3.429,36,0.8889,250.286,2003-03,2003-10,monitor
B00006I560,7,3.429,51,1.0,47.429,2005-11,2013-07,monitor
B00007EDLW,7,3.429,15,1.0,79.857,2009-01,2013-12,monitor
B00007KDX5,7,3.429,67,0.8806,279.286,2003-04,2010-04,monitor
B0000AB4LA,7,3.429,19,0.6842,46.857,2007-03,2013-03,monitor
B0000AZJXV,7,3.429,19,0.8947,168.143,2003-12,2006-02,monitor
B0000B3AKR,7,3.429,75,0.5733,79,2004-07,2007-05,monitor
B0000B3ALC,7,3.429,18,0.8889,140.143,2006-10,2011-09,monitor
B0000DBMEU,7,3.429,170,0.8882,256,2003-11,2013-07,monitor
B0000E2RZN,7,3.429,25,0.76,195.714,2004-06,2005-07,monitor
B0002E1S14,7,3.429,27,0.963,73.571,2007-04,2013-01,monitor
B0007L8A5O,7,3.429,9,0.6667,77.571,2011-02,2014-05,monitor
B0007R5TQ6,7,3.429,84,0.8214,292.143,2010-05,2012-12,monitor
B0007THIDQ,7,3.429,44,0.7045,105.143,2005-06,2013-12,monitor
B0007UQNX6,7,3.429,91,0.9231,127.286,2007-02,2013-01,monitor
B0007WRP7C,7,3.429,13,0.6923,71.571,2011-04,2013-10,monitor
B000816CTE,7,3.429,80,0.8375,249.571,2006-01,2008-12,monitor
B0009V2ZQC,7,3.429,2,1.0,111.714,2005-08,2010-09,monitor
B000B8AFUG,7,3.429,149,0.8792,207.857,2007-07,2014-07,monitor
B000B9E3QM,7,3.429,15,0.8,82.857,2009-07,2014-01,monitor
B000BL6IVI,7,3.429,10,0.7,131.714,2005-11,2007-12,monitor
B000BQPYNQ,7,3.429,8,0.25,95.143,2007-03,2009-12,monitor
B000BRFE4O,7,3.429,15,0.8667,71.571,2007-02,2010-02,monitor
B000CDLFRM,7,3.429,296,0.9865,298,2006-07,2012-09,monitor
B000CSBZLI,7,3.429,25,0.84,148.429,2006-08,2010-03,monitor
B000E922SA,7,3.429,33,0.8485,68.143,2006-05,2013-05,monitor
B000E97596,7,3.429,7,0.7143,94.143,2007-12,2013-05,monitor
B000F40PHE,7,3.429,5,0.6,64.143,2007-01,2010-12,monitor
B000FI5KWA,7,3.429,24,0.875,45.143,2007-02,2013-10,monitor
B000HI7OZY,7,3.429,29,0.8621,92.286,2007-07,2008-01,monitor
B000HNHLO8,7,3.429,31,0.871,126.286,2007-03,2011-09,monitor
B000I0V9MU,7,3.429,18,0.8889,104.714,2007-06,2011-08,monitor
B000IBPQZA,7,3.429,6,0.8333,127,2008-07,2012-12,monitor
B000IKB9MU,7,3.429,63,0.9048,177.857,2005-08,2014-05,monitor
B00005MEP4,7,3.286,52,0.7115,39.143,2007-01,2009-05,monitor
B00005T3Y4,7,3.286,50,0.82,244.143,2001-12,2003-11,monitor
B000065CE2,7,3.286,74,0.9054,288.714,2002-04,2013-06,monitor
B00006RU4L,7,3.286,74,0.8649,212.714,2003-01,2003-10,monitor
B00008IP5H,7,3.286,38,0.7368,183.143,2003-08,2009-03,monitor
B00008VIWY,7,3.286,5,0.6,68.571,2004-05,2013-04,monitor
B00009V39N,7,3.286,16,1.0,50,2010-07,2014-01,monitor
B0000BZO6E,7,3.286,15,1.0,166.571,2003-11,2006-07,monitor
B0000CFY8C,7,3.286,112,0.6071,276.143,2003-12,2005-12,monitor
B0001E5UDM,7,3.286,63,0.873,121.857,2006-02,2010-09,monitor
B0002ICEHM,7,3.286,48,0.875,228.429,2004-11,2005-12,monitor
B0002OPKCW,7,3.286,7,0.7143,53.857,2009-08,2014-07,monitor
B000653KL0,7,3.286,28,0.8571,70.143,2010-06,2012-12,monitor
B0006FV0E4,7,3.286,68,0.9412,164.143,2008-08,2013-10,monitor
B0006HJSLE,7,3.286,25,0.72,76.286,2010-01,2014-07,monitor
B0007LW2ZI,7,3.286,148,0.8851,302.286,2005-03,2012-12,monitor
B0007LXQBW,7,3.286,4,1.0,38.571,2012-02,2014-03,monitor
B000A3NHJS,7,3.286,8,0.75,79.571,2007-02,2011-12,monitor
B000A7JKI6,7,3.286,111,0.7568,170.714,2005-11,2010-11,monitor
B000AB2ZDE,7,3.286,123,0.9512,163.143,2005-11,2011-07,monitor
B000BFL52Q,7,3.286,19,0.7368,205,2009-01,2014-04,monitor
B000BFNOQ6,7,3.286,15,1.0,82,2007-03,2010-11,monitor
B000C8TSCQ,7,3.286,12,0.8333,86,2009-02,2013-08,monitor
B000E3XB2W,7,3.286,51,0.7647,143.143,2007-01,2012-11,monitor
B000EGHWZQ,7,3.286,91,0.7363,145,2006-04,2012-12,monitor
B000F2KUN0,7,3.286,31,0.9677,211.714,2006-07,2009-02,monitor
B000HWZVZK,7,3.286,16,0.875,77.429,2007-03,2014-05,monitor
B000I23U0C,7,3.286,24,0.5,33.714,2010-09,2014-07,monitor
B000I5L9CU,7,3.286,21,0.4762,96,2009-05,2014-01,monitor
B000IE7Z5G,7,3.286,0,,60.714,2011-08,2014-06,monitor
B000JMJWUS,7,3.286,49,0.2449,64.714,2007-01,2013-12,monitor
B00006HRJR,7,3.143,41,0.9024,81.571,2003-02,2008-10,monitor
B00008N6Y8,7,3.143,25,1.0,34.714,2013-04,2014-07,monitor
B000093US3,7,3.143,45,0.7778,127.429,2003-09,2006-02,monitor
B00009L7MI,7,3.143,38,0.8947,51.571,2006-01,2012-12,monitor
B00009R8ST,7,3.143,57,0.5088,58.714,2007-12,2014-01,monitor
B00009RUEM,7,3.143,15,1.0,139.286,2008-10,2013-07,monitor
B00009YFTR,7,3.143,17,0.8235,94,2004-07,2008-02,monitor
B0000DK2Y4,7,3.143,52,0.8269,185.857,2004-01,2014-01,monitor
B0001G6UBG,7,3.143,57,0.8421,162.857,2004-04,2009-01,monitor
B0001M3N9C,7,3.143,16,0.8125,82.286,2004-06,2013-04,monitor
B0002KQRGE,7,3.143,28,0.8929,88.714,2004-11,2006-03,monitor
B0002MGZPA,7,3.143,80,0.9,179.286,2005-01,2010-06,monitor
B0002YL5XU,7,3.143,48,0.3125,58.857,2008-04,2012-10,monitor
B0006A0CUM,7,3.143,54,0.8148,138.714,2006-03,2010-03,monitor
B0006HTZ6W,7,3.143,58,0.6034,126.429,2005-06,2013-12,monitor
B0007MXAAS,7,3.143,18,0.8889,236.714,2005-06,2009-08,monitor
B0009SAN3W,7,3.143,8,0.875,158.286,2006-08,2014-05,monitor
B000AMLU20,7,3.143,23,0.7826,233.714,2006-01,2007-07,monitor
B000BD8FVC,7,3.143,16,0.875,91.571,2007-03,2013-03,monitor
B000BW1QWI,7,3.143,65,0.9538,143.143,2005-11,2013-07,monitor
B000C42MLE,7,3.143,219,0.9635,319.429,2006-02,2014-01,monitor
B000CIPJTM,7,3.143,33,0.9394,55.571,2008-11,2013-07,monitor
B000EVPYDI,7,3.143,33,0.7879,71.714,2006-12,2012-06,monitor
B000FGJVF4,7,3.143,23,0.8696,88.286,2007-01,2009-01,monitor
B000G1WL32,7,3.143,9,0.8889,233.714,2006-12,2013-12,monitor
B000GE9Z9M,7,3.143,22,0.9091,178.286,2006-08,2013-11,monitor
B000HVI2IE,7,3.143,25,0.88,82.429,2007-07,2012-10,monitor
B000JQ4OY8,7,3.143,1,1.0,41.286,2011-10,2013-08,monitor
B00004VX14,7,3.0,54,0.9259,83.429,2002-07,2007-11,monitor
B0000511XL,7,3.0,16,0.5,99.143,2007-03,2014-06,monitor
B000059Z4M,7,3.0,61,0.9508,188.857,2005-04,2008-09,monitor
B00008DSRF,7,3.0,49,0.7755,111,2003-06,2006-04,monitor
B00009W3TW,7,3.0,3,1.0,76.714,2010-01,2014-04,monitor
B0000DZFVT,7,3.0,42,0.9286,53.143,2005-09,2011-09,monitor
B0001MAB06,7,3.0,217,0.9124,207.143,2004-04,2010-11,monitor
B0001MKU6G,7,3.0,82,0.8902,98.286,2006-03,2013-05,monitor
B00062FFHK,7,3.0,84,0.7619,266.857,2005-04,2011-01,monitor
B0006GT6AS,7,3.0,102,0.9412,338.286,2004-12,2008-09,monitor
B0009JR3S4,7,3.0,36,0.8611,201.429,2005-06,2007-07,monitor
B0009WQFVC,7,3.0,22,0.8182,330.571,2006-05,2012-02,monitor
B000A4AW1S,7,3.0,29,0.5517,223.857,2005-12,2013-08,monitor
B000BSEA6G,7,3.0,2,0.5,149.571,2005-12,2010-10,monitor
B000FKKGA4,7,3.0,64,0.7812,91,2007-01,2011-03,monitor
B000HDONA8,7,3.0,5,0.4,91.429,2010-12,2013-10,monitor
B000JJLUQK,7,3.0,74,0.9865,139.286,2008-02,2012-11,monitor
B00005AY8Q,7,2.857,53,0.7736,94.286,2001-11,2003-09,monitor
B00006ANXL,7,2.857,52,0.9038,115.143,2002-12,2005-12,monitor
B00006HYUC,7,2.857,146,0.911,130.571,2003-10,2010-01,monitor
B0000A602S,7,2.857,122,0.8852,347.571,2003-10,2007-07,monitor
B0000APSKB,7,2.857,132,0.8788,172,2003-09,2005-12,monitor
B0000B0GMZ,7,2.857,13,0.7692,123.286,2004-02,2011-06,monitor
B0000D8HRK,7,2.857,35,1.0,139.571,2004-08,2008-01,monitor
B00028CB8O,7,2.857,1,1.0,172.286,2009-06,2013-04,monitor
B0009PD3P0,7,2.857,235,0.9277,709.571,2005-07,2006-11,monitor
B000ELQSY2,7,2.857,62,0.9677,104.143,2006-04,2013-01,monitor
B000FTEEEY,7,2.857,7,1.0,67.714,2007-01,2009-01,monitor
B000HE9ZCS,7,2.857,19,0.8947,89.571,2008-01,2010-01,monitor
B000HEBDS2,7,2.857,51,0.7451,239.857,2006-11,2007-04,monitor
B000IQUQXM,7,2.857,104,0.7692,343.571,2006-12,2012-02,monitor
B00006B7U9,7,2.714,27,0.9259,69.571,2006-07,2014-05,monitor
B00008IHQO,7,2.714,31,0.7419,156.286,2003-08,2010-05,monitor
B00008VIX0,7,2.714,25,0.92,203.571,2003-10,2013-11,monitor
B0000E3GWI,7,2.714,24,0.4583,56.286,2005-01,2012-12,monitor
B0002IYQDM,7,2.714,41,0.9512,115.714,2004-12,2014-04,monitor
B000COCQYC,7,2.714,61,0.2787,48.286,2006-11,2013-03,monitor
B000FTZ25E,7,2.714,27,0.7037,210.857,2006-11,2010-06,monitor
B000GEKCWG,7,2.714,66,0.9848,105.286,2006-09,2013-07,monitor
B000H7ECI2,7,2.714,15,1.0,115.857,2007-01,2010-01,monitor
B000IK5Z8E,7,2.714,64,0.9219,51,2006-12,2014-05,monitor
B000JFHEL4,7,2.714,37,0.4324,133,2007-05,2009-09,monitor
B00006HYYH,7,2.571,61,0.9344,206.143,2002-12,2005-10,monitor
B00009R9E1,7,2.571,48,0.8542,126.286,2007-05,2014-02,monitor
B00062WUW8,7,2.571,27,0.8889,129.143,2005-02,2009-01,monitor
B0006GDCD0,7,2.571,8,0.875,104,2006-05,2009-02,monitor
B0006IWXOC,7,2.571,163,0.9816,150.714,2005-12,2014-05,monitor
B000IMWI00,7,2.571,64,0.7188,215.571,2007-01,2010-12,monitor
B000J4J8NW,7,2.571,80,0.475,132.429,2006-10,2013-05,monitor
B000J509CK,7,2.571,30,0.7667,34.857,2007-04,2008-07,monitor
B00005ICLP,7,2.429,29,0.9655,59.571,2002-05,2014-05,monitor
B00008Z1QE,7,2.429,24,0.9583,97.857,2005-01,2013-07,monitor
B0000CO2UT,7,2.429,44,0.9318,123.143,2004-05,2012-02,monitor
B0001WV7EU,7,2.429,97,0.8247,138.143,2004-09,2008-01,monitor
B00030A002,7,2.429,50,0.84,159.143,2005-03,2013-05,monitor
B0009A2LP8,7,2.429,201,0.9204,188.714,2005-10,2007-08,monitor
B000A2JXG0,7,2.429,153,0.8693,86,2005-10,2006-06,monitor
B000AY50I8,7,2.429,41,0.2927,91.714,2005-10,2010-04,monitor
B000COZ0XG,7,2.429,17,0.8824,107.429,2007-04,2014-07,monitor
B00008V6JO,7,2.286,30,0.8333,118,2005-10,2013-11,monitor
B0002473GS,7,2.286,12,0.8333,82.143,2005-10,2008-02,monitor
B00028CAL2,7,2.286,69,0.6812,172,2004-10,2006-08,monitor
B0002OIY0W,7,2.286,1,1.0,64.857,2007-04,2012-05,monitor
B000BBCTCK,7,2.286,6,0.8333,49.143,2007-01,2013-04,monitor
B000BC8S1A,7,2.286,14,1.0,70.857,2007-02,2014-05,monitor
B000FKDTSK,7,2.286,60,0.95,168.571,2006-12,2011-04,monitor
B00000J1E6,7,2.143,41,0.7805,90.143,2005-07,2013-07,monitor
B00007LB2N,7,2.143,186,0.9624,255.429,2003-06,2009-10,monitor
B00009ETKX,7,2.143,25,0.76,201.857,2004-08,2007-11,monitor
B0002GU2XW,7,2.143,54,0.7222,196.714,2005-02,2007-03,monitor
B000G0LL48,7,2.143,1,1.0,152.429,2007-07,2010-08,monitor
B0001DKR0Y,7,2.0,29,0.7241,107,2004-10,2009-08,monitor
B000BAT4QA,7,2.0,36,0.7222,249,2008-04,2010-12,monitor
B00005T3MW,7,1.857,29,0.931,196.857,2002-11,2013-03,monitor
B0000C4DVM,7,1.857,113,0.9558,185,2003-11,2007-01,monitor
B0007XO79U,7,1.857,152,0.8092,226,2005-03,2010-11,monitor
B000A46R8U,7,1.857,41,0.878,118.571,2005-12,2007-06,monitor
B00005T3XR,7,1.286,8,0.875,84.286,2004-03,2014-02,monitor
B00005T3Y9,7,1.143,115,1.0,154.429,2004-07,2009-10,monitor
B00000J1V8,6,5.0,3,1.0,31.667,2001-10,2014-05,monitor
B00000JDFI,6,5.0,8,0.75,45.167,2000-06,2014-04,monitor
B0000303I7,6,5.0,25,0.96,101.833,2000-06,2014-03,monitor
B00004TX68,6,5.0,107,0.9907,131.667,2001-06,2007-07,monitor
B00004U5VM,6,5.0,15,1.0,83.5,2008-02,2009-04,monitor
B00004YKNF,6,5.0,2,1.0,43,2012-04,2014-05,monitor
B000053HGW,6,5.0,54,0.8519,209.333,2001-04,2014-04,monitor
B00005ICE1,6,5.0,31,0.9355,115.5,2002-02,2004-11,monitor
B00005K4BJ,6,5.0,88,0.9659,187.833,2004-01,2011-10,monitor
B00005LENH,6,5.0,27,0.8519,192.333,2010-07,2013-10,monitor
B00005NPWA,6,5.0,2,1.0,45,2011-11,2014-03,monitor
B000067O78,6,5.0,0,,48.167,2011-04,2014-06,monitor
B000067V8L,6,5.0,24,0.9167,112.5,2008-01,2014-02,monitor
B000068O5F,6,5.0,2,1.0,51,2010-02,2014-02,monitor
B00006B6KN,6,5.0,13,0.8462,68.833,2002-09,2012-09,monitor
B00006B7RQ,6,5.0,13,1.0,35,2010-08,2013-10,monitor
B00006HXZV,6,5.0,3,1.0,41,2011-02,2014-05,monitor
B00006I5GV,6,5.0,6,1.0,72.5,2013-06,2014-06,monitor
B00006I5J5,6,5.0,185,0.8919,256.5,2008-02,2014-02,monitor
B00006JP5A,6,5.0,6,0.8333,37.5,2008-03,2014-03,monitor
B00006JPXS,6,5.0,0,,34,2010-01,2013-11,monitor
B000075B9J,6,5.0,3,1.0,49.333,2011-01,2014-03,monitor
B00007EMD2,6,5.0,144,0.9375,340.167,2003-01,2003-07,monitor
B00008JOM4,6,5.0,14,0.9286,68.833,2011-09,2014-04,monitor
B00009R6PX,6,5.0,3,1.0,61.167,2011-07,2014-05,monitor
B00009R76N,6,5.0,9,0.8889,86.167,2012-03,2014-07,monitor
B00009R8B9,6,5.0,54,1.0,170.5,2007-12,2010-02,monitor
B00009UTBY,6,5.0,10,0.9,47.167,2011-02,2013-12,monitor
B00009UTHM,6,5.0,0,,34.667,2006-12,2013-11,monitor
B0000ALKEN,6,5.0,3,0.6667,74.167,2008-04,2011-10,monitor
B0000AUR23,6,5.0,0,,55.5,2011-07,2013-03,monitor
B0000C4G8B,6,5.0,2,0.0,40.167,2009-12,2014-02,monitor
B0000W533W,6,5.0,32,0.9688,137.667,2004-03,2012-01,monitor
B0000X5XTU,6,5.0,11,0.8182,63,2005-09,2012-01,monitor
B0000YPGWS,6,5.0,27,0.8889,48.333,2005-12,2013-08,monitor
B000167SXK,6,5.0,39,0.9231,64,2007-10,2012-06,monitor
B0001G112O,6,5.0,172,0.8895,238.333,2004-06,2014-04,monitor
B000246SHI,6,5.0,2,1.0,59.167,2008-03,2009-10,monitor
B00026CAZ0,6,5.0,35,1.0,123.333,2007-04,2009-10,monitor
B0002855FA,6,5.0,14,1.0,169.833,2010-06,2013-05,monitor
B0002AFTDQ,6,5.0,0,,60.833,2011-09,2014-04,monitor
B0002GWG40,6,5.0,18,1.0,106,2008-03,2009-10,monitor
B0002I71LQ,6,5.0,1,1.0,101.167,2010-06,2014-06,monitor
B0002IAJ2O,6,5.0,7,1.0,91,2009-06,2013-12,monitor
B0002IQ18A,6,5.0,21,0.8095,66.333,2005-02,2007-09,monitor
B0002JC36I,6,5.0,116,0.9397,105.667,2004-08,2014-03,monitor
B0002KRCPY,6,5.0,1,1.0,32.167,2008-02,2010-09,monitor
B0002NRIM8,6,5.0,25,0.96,181.167,2008-09,2013-04,monitor
B0002ZPR6A,6,5.0,6,0.6667,88.833,2012-03,2014-02,monitor
B000666PL6,6,5.0,1,1.0,26.167,2008-09,2013-07,monitor
B00073MPBW,6,5.0,11,1.0,62.667,2008-08,2010-04,monitor
B0007KQWD2,6,5.0,139,0.9784,230,2005-04,2013-08,monitor
B0007WLI0M,6,5.0,64,0.9688,153.833,2005-11,2008-04,monitor
B0009K3PFS,6,5.0,9,0.5556,179.333,2008-05,2014-04,monitor
B0009K50TC,6,5.0,7,1.0,60,2010-01,2014-05,monitor
B0009PSFA8,6,5.0,12,1.0,91.5,2007-06,2012-02,monitor
B000B4WL1G,6,5.0,11,0.9091,262.667,2009-11,2013-11,monitor
B000B88UFI,6,5.0,37,1.0,59.5,2008-11,2013-03,monitor
B000BI7Y96,6,5.0,9,0.4444,89.5,2012-04,2013-03,monitor
B000BKV26A,6,5.0,32,0.875,326,2006-01,2014-06,monitor
B000COS81W,6,5.0,2,0.5,34.833,2013-01,2013-11,monitor
B000CS15YA,6,5.0,0,,107.5,2006-08,2007-09,monitor
B000EIUD6Y,6,5.0,8,1.0,79.333,2006-10,2009-01,monitor
B000EPR7AC,6,5.0,0,,34.5,2011-12,2014-02,monitor
B000FHA7E2,6,5.0,84,0.9048,129.5,2008-02,2013-03,monitor
B000FKIQTM,6,5.0,19,0.8947,82.833,2007-01,2010-01,monitor
B000FMT6SA,6,5.0,93,0.7742,243.667,2006-05,2006-12,monitor
B000GUTMPI,6,5.0,9,1.0,48,2010-02,2014-02,monitor
B000I6JEF8,6,5.0,0,,242.167,2008-03,2012-07,monitor
B000J40H82,6,5.0,3,1.0,43,2008-02,2013-11,monitor
B000JD9S2E,6,5.0,17,0.5294,45.833,2007-05,2014-03,monitor
B000JI4XBA,6,5.0,0,,35.667,2011-09,2012-12,monitor
B000JQV8GU,6,5.0,2,1.0,44.833,2008-01,2013-05,monitor
7507825604,6,4.833,0,,34.5,2012-03,2014-07,monitor
B0000206CT,6,4.833,215,0.9442,212.167,2000-06,2002-01,monitor
B00002NAXD,6,4.833,14,1.0,87.833,2012-12,2014-01,monitor
B00004SABH,6,4.833,172,0.9884,97.833,2003-05,2007-05,monitor
B00004Z6PN,6,4.833,7,1.0,103,2004-06,2013-05,monitor
B00004ZB57,6,4.833,111,0.9099,200.333,2000-10,2014-04,monitor
B00004ZCNS,6,4.833,24,0.8333,65.667,2001-02,2014-07,monitor
B0000512U1,6,4.833,2,1.0,44.167,2011-06,2014-06,monitor
B00005IA5C,6,4.833,11,0.8182,131.333,2001-09,2003-06,monitor
B00005MNSR,6,4.833,22,0.9091,105.167,2001-12,2002-12,monitor
B00005OP36,6,4.833,19,1.0,98.333,2005-01,2010-06,monitor
B00005RZYY,6,4.833,13,0.9231,47.167,2010-03,2014-03,monitor
B00005T3DP,6,4.833,68,0.8824,278.5,2001-11,2005-01,monitor
B00005USA7,6,4.833,82,0.939,213.167,2004-10,2006-03,monitor
B00006364O,6,4.833,79,0.9494,199.667,2004-02,2006-05,monitor
B000064189,6,4.833,189,0.9259,221,2002-11,2004-05,monitor
B000067RCT,6,4.833,1,1.0,37.667,2010-11,2014-05,monitor
B000067VC3,6,4.833,2,0.5,58.833,2007-07,2014-06,monitor
B00006B7CG,6,4.833,0,,53.667,2005-09,2013-07,monitor
B00006BMX5,6,4.833,55,0.9273,121.5,2003-01,2012-06,monitor
B00006HSJF,6,4.833,0,,42.667,2007-02,2014-03,monitor
B00006I51I,6,4.833,4,1.0,43.5,2008-12,2014-03,monitor
B00006JPHC,6,4.833,7,0.8571,29.667,2011-07,2014-07,monitor
B00006JQ5Z,6,4.833,14,0.8571,45.333,2005-03,2013-12,monitor
B00007FKBG,6,4.833,2,0.0,37.333,2011-05,2014-03,monitor
B00007K7JE,6,4.833,4,1.0,79.333,2007-05,2014-02,monitor
B00008AIVB,6,4.833,15,0.8667,57.5,2006-12,2010-09,monitor
B00008ZPHW,6,4.833,39,0.9487,127.833,2003-12,2012-12,monitor
B0000996BO,6,4.833,3,1.0,57,2010-11,2013-11,monitor
B00009R6TB,6,4.833,30,0.8333,182,2003-07,2010-12,monitor
B00009R6X0,6,4.833,158,0.8291,188,2005-10,2013-10,monitor
B00009R7E0,6,4.833,17,1.0,55.333,2011-01,2014-07,monitor
B00009V3CH,6,4.833,8,0.875,60,2010-06,2014-05,monitor
B00009VQE5,6,4.833,2,1.0,51.5,2008-05,2014-01,monitor
B0000A8FFM,6,4.833,15,1.0,60,2008-06,2013-08,monitor
B0000AE67S,6,4.833,13,0.6923,50.5,2007-01,2014-01,monitor
B0000AE6B4,6,4.833,29,0.931,84.5,2008-11,2013-03,monitor
B0000AIS1V,6,4.833,24,0.75,142.667,2009-04,2013-10,monitor
B0000C7AF7,6,4.833,34,0.7059,155.167,2012-07,2013-05,monitor
B0000CC65P,6,4.833,97,0.9794,129.5,2004-01,2013-04,monitor
B0000DC662,6,4.833,89,0.8989,168.667,2004-11,2009-09,monitor
B0000TU7IQ,6,4.833,44,0.75,126,2004-12,2012-04,monitor
B0000W4U2C,6,4.833,28,0.7857,220.167,2007-08,2013-06,monitor
B0000ZQTAU,6,4.833,9,0.8889,53,2006-06,2013-05,monitor
B00013ZI08,6,4.833,37,0.8108,300.667,2004-03,2013-04,monitor
B0001LJ392,6,4.833,16,0.9375,48.167,2011-02,2014-07,monitor
B0001M3612,6,4.833,39,0.9744,58.333,2009-03,2014-06,monitor
B0001Q2DKS,6,4.833,1,0.0,69.333,2009-03,2012-12,monitor
B00022LD7K,6,4.833,3,1.0,37.333,2011-03,2014-02,monitor
B00023KG4U,6,4.833,8,0.5,88,2007-06,2011-12,monitor
B00029BQ9S,6,4.833,173,0.948,451.333,2004-08,2005-12,monitor
B0002E1S3C,6,4.833,2,1.0,60.5,2010-01,2014-01,monitor
B0002GRQT0,6,4.833,4,1.0,228.167,2010-07,2014-07,monitor
B0002J6M6A,6,4.833,20,1.0,251.667,2005-07,2013-12,monitor
B0002Q72SA,6,4.833,9,0.8889,85.333,2011-06,2014-02,monitor
B0002Q72TY,6,4.833,0,,63,2011-09,2014-07,monitor
B0002Q7DWA,6,4.833,82,0.9512,254.667,2007-10,2011-01,monitor
B0002TA3JM,6,4.833,17,1.0,79.667,2004-11,2007-03,monitor
B0002ZPH7O,6,4.833,14,1.0,69.833,2008-04,2013-08,monitor
B00030BDY4,6,4.833,2,1.0,54.167,2012-06,2014-01,monitor
B00067R3NE,6,4.833,29,1.0,276.5,2005-08,2006-01,monitor
B0006HBBFA,6,4.833,13,0.9231,37.833,2009-03,2013-07,monitor
B000782JIG,6,4.833,0,,49.5,2009-04,2012-12,monitor
B0007MGFF0,6,4.833,0,,44.333,2009-09,2013-10,monitor
B0007TJDI4,6,4.833,1,0.0,66.333,2010-06,2014-07,monitor
B0007WWI2O,6,4.833,3,1.0,57.833,2008-07,2013-05,monitor
B0007XHLXY,6,4.833,79,0.8354,144.167,2005-07,2006-02,monitor
B0007YZLJ4,6,4.833,72,0.9028,206.5,2008-01,2014-01,monitor
B0007Z6RAU,6,4.833,0,,34.667,2012-03,2014-01,monitor
B00080QYRK,6,4.833,43,0.9767,322.5,2005-06,2006-12,monitor
B0009J1IB2,6,4.833,8,1.0,98.333,2009-07,2011-09,monitor
B0009JR3R0,6,4.833,6,1.0,108.667,2013-08,2014-07,monitor
B0009PD440,6,4.833,15,0.9333,54.833,2008-01,2012-09,monitor
B0009RNYQG,6,4.833,13,0.9231,147.833,2010-09,2014-03,monitor
B0009WDQ3C,6,4.833,12,0.8333,58,2008-01,2012-02,monitor
B000AO1SN4,6,4.833,80,0.6875,262.5,2005-10,2007-01,monitor
B000ASPQVK,6,4.833,0,,51.5,2011-07,2014-01,monitor
B000AYWOZU,6,4.833,68,0.9265,254.833,2005-09,2007-01,monitor
B000B86RSK,6,4.833,76,0.9737,265.833,2006-03,2008-08,monitor
B000B9PXNE,6,4.833,19,0.9474,61.833,2006-04,2011-07,monitor
B000BD1ADC,6,4.833,53,0.9811,183.5,2006-05,2009-10,monitor
B000BGKIUK,6,4.833,12,1.0,37.667,2006-07,2013-12,monitor
B000BJRI28,6,4.833,14,0.9286,101.167,2009-11,2013-12,monitor
B000CEB2KQ,6,4.833,9,1.0,47.667,2006-10,2014-01,monitor
B000DT8KWS,6,4.833,10,1.0,70.833,2007-12,2009-02,monitor
B000EIAR92,6,4.833,49,0.9388,246.667,2006-06,2008-08,monitor
B000EIXX3E,6,4.833,6,1.0,133.5,2008-01,2012-12,monitor
B000EMXB82,6,4.833,20,0.95,176.167,2008-08,2013-08,monitor
B000F763NG,6,4.833,51,1.0,80.167,2010-11,2014-03,monitor
B000FHFIU0,6,4.833,2,1.0,128.5,2011-02,2013-03,monitor
B000FHQ476,6,4.833,2,1.0,48.833,2012-12,2014-06,monitor
B000FIQC5E,6,4.833,8,0.75,92.5,2007-07,2009-11,monitor
B000FL5Y2S,6,4.833,41,0.8537,76.5,2008-07,2011-10,monitor
B000FOU0VU,6,4.833,8,0.75,53.167,2007-06,2013-01,monitor
B000FW52H4,6,4.833,11,1.0,115.167,2008-10,2011-12,monitor
B000GHHLZ4,6,4.833,8,1.0,184.333,2007-11,2014-07,monitor
B000GJS4EE,6,4.833,11,1.0,106.667,2006-12,2007-09,monitor
B000GSVPLO,6,4.833,9,1.0,122,2008-06,2014-02,monitor
B000HHHGV2,6,4.833,0,,60.167,2011-02,2014-03,monitor
B000HKHLPA,6,4.833,90,0.8556,176.333,2006-11,2008-08,monitor
B000HZH6W8,6,4.833,18,0.7778,98.833,2013-01,2014-04,monitor
B000I21PWW,6,4.833,15,0.9333,185.5,2009-02,2014-03,monitor
B000JCUT8W,6,4.833,19,0.9474,60.333,2010-09,2013-06,monitor
B000001OMZ,6,4.667,12,0.5833,45.5,2011-09,2014-06,monitor
B00003GO0E,6,4.667,33,0.9394,131.5,2005-06,2012-11,monitor
B00004SB94,6,4.667,19,1.0,117.833,2000-06,2013-12,monitor
B00004SUG7,6,4.667,15,0.9333,101.167,2001-06,2010-01,monitor
B00004TS3P,6,4.667,2,1.0,48.667,2010-10,2014-07,monitor
B00004Z5BX,6,4.667,1,0.0,51.333,2010-04,2013-12,monitor
B00004Z6Z4,6,4.667,11,0.7273,43.667,2007-01,2013-05,monitor
B00005AY8R,6,4.667,68,0.9118,273.167,2001-12,2002-11,monitor
B00005LE7M,6,4.667,6,1.0,56.167,2009-07,2014-04,monitor
B00005OBP2,6,4.667,36,0.4722,113.833,2001-12,2013-10,monitor
B00005T3WF,6,4.667,56,0.8929,248.667,2002-02,2012-08,monitor
B00005Z24Y,6,4.667,21,1.0,140.5,2002-12,2014-02,monitor
B000068BRE,6,4.667,481,0.9834,262.5,2002-07,2006-02,monitor
B000068QIU,6,4.667,45,0.8444,112,2002-12,2009-02,monitor
B00006B8NS,6,4.667,49,0.9388,159.833,2003-05,2014-03,monitor
B00006GF1G,6,4.667,18,1.0,58.667,2006-10,2010-08,monitor
B00006I5JT,6,4.667,143,0.9021,287.833,2003-11,2014-04,monitor
B00006I5X6,6,4.667,6,1.0,57.833,2006-11,2013-12,monitor
B00006JNY3,6,4.667,19,1.0,121.5,2007-02,2013-02,monitor
B00006JP5I,6,4.667,14,1.0,50.667,2010-10,2014-03,monitor
B00006JQ4C,6,4.667,10,1.0,37,2009-01,2013-01,monitor
B00006JQQ6,6,4.667,119,0.9748,103.667,2003-05,2014-03,monitor
B00007E7QU,6,4.667,46,0.9348,66.167,2006-06,2013-07,monitor
B00007KWRD,6,4.667,3,1.0,38.333,2009-08,2014-06,monitor
B000083K9F,6,4.667,25,1.0,289,2003-05,2013-02,monitor
B00008ZPNA,6,4.667,0,,32,2011-08,2014-04,monitor
B00009APBW,6,4.667,80,0.9625,151.5,2004-02,2008-07,monitor
B00009K3QQ,6,4.667,8,0.75,137.333,2008-09,2014-07,monitor
B00009R6OO,6,4.667,19,1.0,193.833,2005-11,2013-10,monitor
B00009R8RS,6,4.667,45,0.8,80,2006-02,2013-10,monitor
B00009R9BP,6,4.667,4,1.0,77.5,2012-04,2014-01,monitor
B00009R9CT,6,4.667,40,0.925,49.833,2009-09,2013-12,monitor
B00009UHCJ,6,4.667,1,1.0,40,2012-11,2014-04,monitor
B0000AO5RQ,6,4.667,1,1.0,53.667,2011-11,2013-07,monitor
B0000D8DKT,6,4.667,122,0.8689,258.167,2003-10,2004-05,monitor
B0000XMTX8,6,4.667,17,1.0,70.333,2009-10,2014-05,monitor
B00017IX0Q,6,4.667,70,0.9714,153.167,2005-02,2007-04,monitor
B0001F066W,6,4.667,70,0.7571,133.833,2004-06,2011-09,monitor
B0001W1I58,6,4.667,19,0.8421,78.667,2008-10,2011-09,monitor
B000247YKS,6,4.667,0,,98.667,2012-01,2014-02,monitor
B00024VTAE,6,4.667,259,0.9614,312.5,2004-08,2007-01,monitor
B0002821W0,6,4.667,70,1.0,119.5,2004-10,2008-08,monitor
B00028DAKC,6,4.667,5,0.8,46.667,2009-03,2014-07,monitor
B0002BETKY,6,4.667,1,0.0,30.833,2013-03,2014-05,monitor
B0002D0BYA,6,4.667,8,1.0,85.833,2010-12,2014-05,monitor
B0002MQ744,6,4.667,89,0.9326,277.5,2004-10,2014-01,monitor
B0002R2824,6,4.667,65,0.7538,245.167,2004-11,2005-06,monitor
B0002V85MC,6,4.667,0,,35.667,2011-11,2014-05,monitor
B0002VFWSW,6,4.667,14,0.9286,143.833,2006-01,2007-07,monitor
B0002XGJOG,6,4.667,9,0.5556,57.5,2009-07,2013-01,monitor
B0002ZPFLM,6,4.667,8,0.875,45.167,2010-02,2014-01,monitor
B000669CG6,6,4.667,7,1.0,69.667,2008-07,2012-11,monitor
B0006JKIC0,6,4.667,30,0.9667,57.667,2005-12,2008-01,monitor
B0006MWPSM,6,4.667,3,1.0,41.167,2009-03,2014-02,monitor
B0006TU54G,6,4.667,1,1.0,73.167,2009-01,2013-02,monitor
B00076XOXC,6,4.667,7,0.5714,36.167,2011-06,2014-02,monitor
B0007KP5VC,6,4.667,29,0.7241,42.5,2005-12,2009-09,monitor
B0007M3PJY,6,4.667,115,0.9826,242.333,2005-08,2014-03,monitor
B0007NP8TI,6,4.667,19,0.9474,167.167,2005-09,2012-12,monitor
B0007QN87Y,6,4.667,106,0.9528,181.167,2005-06,2012-10,monitor
B0007RALGE,6,4.667,56,1.0,89.833,2005-08,2012-12,monitor
B0007VBQ5A,6,4.667,41,1.0,206.833,2005-08,2006-02,monitor
B0007W1H44,6,4.667,88,0.8295,204.167,2006-09,2009-10,monitor
B0007W2IVA,6,4.667,107,0.9439,92.833,2005-07,2007-09,monitor
B00083JQVS,6,4.667,6,1.0,123,2008-09,2011-04,monitor
B000A3OPTE,6,4.667,22,0.9545,109.333,2009-12,2014-07,monitor
B000ALAU04,6,4.667,5,0.4,73.667,2007-04,2014-02,monitor
B000AV6QSO,6,4.667,26,0.8846,64.833,2006-11,2013-11,monitor
B000AY2KDG,6,4.667,13,0.8462,107.5,2005-12,2013-06,monitor
B000AYW00O,6,4.667,10,0.6,122.667,2009-12,2014-02,monitor
B000B5S6WI,6,4.667,52,0.9231,115.5,2005-12,2008-12,monitor
B000B73O7I,6,4.667,8,0.75,86.333,2010-07,2013-09,monitor
B000BFHWSW,6,4.667,13,1.0,127,2009-01,2014-03,monitor
B000BFHWX2,6,4.667,20,0.65,130.167,2006-07,2007-03,monitor
B000BSLQK4,6,4.667,1,1.0,49.667,2011-12,2014-04,monitor
B000BSN72Y,6,4.667,1,1.0,88.333,2011-01,2014-06,monitor
B000BSWE3M,6,4.667,15,0.9333,95.167,2005-12,2006-05,monitor
B000BYTMC2,6,4.667,6,1.0,83.667,2006-09,2013-12,monitor
B000C1VP7Y,6,4.667,21,1.0,156.167,2008-10,2013-08,monitor
B000CCZH3G,6,4.667,7,1.0,30,2010-05,2013-11,monitor
B000E5RUAY,6,4.667,18,0.9444,170.667,2007-10,2009-10,monitor
B000EBKS3O,6,4.667,2,0.5,101,2008-12,2014-01,monitor
B000EG4GGY,6,4.667,22,0.8182,57.333,2007-06,2011-07,monitor
B000EGGPM2,6,4.667,4,1.0,43.333,2007-05,2013-08,monitor
B000ENOSQ0,6,4.667,70,0.9714,163.667,2006-08,2010-02,monitor
B000ENQUDE,6,4.667,63,1.0,166.333,2006-10,2007-02,monitor
B000F1TJPG,6,4.667,7,1.0,66.333,2009-05,2013-06,monitor
B000F56VGC,6,4.667,8,1.0,60.333,2009-04,2013-08,monitor
B000F6SR0E,6,4.667,28,0.9643,208.333,2006-12,2007-07,monitor
B000FBYMU8,6,4.667,12,0.9167,49.833,2007-01,2010-05,monitor
B000FD1HXG,6,4.667,2,0.5,65.5,2011-12,2014-04,monitor
B000FEJNLI,6,4.667,96,0.9375,402,2006-08,2007-07,monitor
B000FRTQ62,6,4.667,88,0.8977,350.167,2006-09,2008-04,monitor
B000FSE0FI,6,4.667,6,0.8333,73.5,2012-06,2013-09,monitor
B000FUL5VI,6,4.667,44,0.9545,137.5,2007-01,2012-06,monitor
B000G7U9QM,6,4.667,3,0.6667,69.667,2013-02,2014-04,monitor
B000GJ5IPM,6,4.667,23,1.0,109.167,2007-05,2009-01,monitor
B000GLK9L8,6,4.667,11,1.0,32.167,2007-11,2013-01,monitor
B000GPVN32,6,4.667,0,,67.833,2009-04,2011-11,monitor
B000GTC04E,6,4.667,3,1.0,91,2011-12,2013-11,monitor
B000HDJV00,6,4.667,0,,27.833,2013-02,2013-10,monitor
B000I1KGKK,6,4.667,26,0.9615,109.5,2006-12,2008-03,monitor
B000J6Y934,6,4.667,3,0.3333,31.333,2007-05,2011-09,monitor
B000JELY0C,6,4.667,33,0.9697,98.5,2007-02,2009-02,monitor
B000JTDXOM,6,4.667,9,0.7778,129,2009-01,2013-01,monitor
B00000J4VL,6,4.5,77,0.9481,108.333,2001-06,2003-01,monitor
B00000JHWX,6,4.5,39,0.9744,130.167,1999-10,2000-11,monitor
B00003CWEI,6,4.5,188,0.883,158.5,2000-07,2013-07,monitor
B00004T2LJ,6,4.5,176,0.9886,129.833,2000-04,2001-11,monitor
B00004YV85,6,4.5,95,0.9158,260.5,2001-03,2002-12,monitor
B0000510EL,6,4.5,0,,48.833,2010-12,2014-04,monitor
B00005110B,6,4.5,1,1.0,38.5,2011-11,2014-04,monitor
B00005138I,6,4.5,6,1.0,87.5,2005-01,2014-01,monitor
B000051SHR,6,4.5,28,0.8214,64.833,2001-05,2014-02,monitor
B000058BCO,6,4.5,42,0.9762,71.333,2002-12,2012-04,monitor
B00005LACI,6,4.5,26,0.6538,72.833,2003-04,2013-12,monitor
B00005T3YL,6,4.5,6,1.0,50,2011-03,2012-12,monitor
B00005T3ZO,6,4.5,6,0.8333,33.667,2008-10,2013-08,monitor
B0000632H5,6,4.5,27,0.4444,25,2005-12,2007-02,monitor
B0000634T4,6,4.5,169,0.9763,298,2002-05,2003-08,monitor
B000067SLY,6,4.5,2,0.5,24.833,2009-12,2014-05,monitor
B000068O5C,6,4.5,1,1.0,47.5,2010-07,2014-03,monitor
B000069096,6,4.5,92,0.9457,256,2002-08,2004-01,monitor
B00006HMPG,6,4.5,59,0.8136,162.167,2002-10,2005-05,monitor
B00006HNZ1,6,4.5,0,,33.833,2007-05,2013-02,monitor
B00006HQ3B,6,4.5,12,1.0,40,2005-09,2008-07,monitor
B00006HTLY,6,4.5,10,1.0,109.667,2010-11,2012-02,monitor
B00006HXBG,6,4.5,14,0.8571,157.5,2005-12,2010-12,monitor
B00006I53Z,6,4.5,60,0.3667,139.333,2007-11,2013-11,monitor
B00006K0WT,6,4.5,9,1.0,87.667,2011-09,2013-12,monitor
B00006RYUX,6,4.5,48,0.8542,241,2002-12,2003-08,monitor
B00007BI0H,6,4.5,95,0.9474,142.833,2002-12,2004-01,monitor
B00007E845,6,4.5,64,0.9062,104.167,2006-01,2008-06,monitor
B000084FD3,6,4.5,29,0.4828,65.167,2005-03,2013-12,monitor
B000087BXC,6,4.5,292,0.9178,275,2003-04,2012-07,monitor
B000087KY5,6,4.5,106,0.8962,261.333,2003-04,2003-09,monitor
B00008LUMV,6,4.5,16,1.0,113.333,2003-09,2005-02,monitor
B00008VF77,6,4.5,7,1.0,79.333,2006-11,2009-03,monitor
B00009UT6L,6,4.5,4,1.0,54.333,2007-12,2014-03,monitor
B00009V3S8,6,4.5,13,0.7692,189.667,2012-02,2014-05,monitor
B0000AE66K,6,4.5,7,0.8571,84.167,2011-05,2014-04,monitor
B0000B35Y2,6,4.5,19,0.7895,71.167,2003-08,2009-12,monitor
B0000DBJTZ,6,4.5,594,0.9613,345,2003-10,2004-04,monitor
B0000DZEZ9,6,4.5,7,0.8571,108.167,2010-06,2013-10,monitor
B00017LSCQ,6,4.5,18,0.7778,75.333,2009-10,2012-01,monitor
B0001976UC,6,4.5,31,0.6452,212.333,2010-02,2013-09,monitor
B0001M2AVE,6,4.5,48,0.9583,181,2004-09,2014-02,monitor
B0001UEHI0,6,4.5,17,0.9412,132.333,2005-08,2010-01,monitor
B0001YYNMQ,6,4.5,178,0.9382,195.667,2004-07,2006-07,monitor
B00021XQI0,6,4.5,94,0.9468,186.833,2004-10,2006-10,monitor
B00022HY7S,6,4.5,132,0.8939,262.833,2004-05,2008-11,monitor
B00022TN36,6,4.5,14,0.8571,73,2007-03,2014-04,monitor
B00026C4GA,6,4.5,18,0.5556,152.667,2008-12,2014-03,monitor
B00028DAKM,6,4.5,14,0.8571,89.833,2009-11,2014-01,monitor
B0002BF4J4,6,4.5,8,0.75,61.5,2012-02,2013-10,monitor
B0002EXNFI,6,4.5,5,0.4,39.167,2011-11,2013-03,monitor
B0002J2E5S,6,4.5,10,1.0,91.333,2010-01,2013-06,monitor
B0002J448S,6,4.5,28,0.8214,113,2006-02,2013-11,monitor
B0002J4IX4,6,4.5,27,0.8889,116.167,2005-10,2014-01,monitor
B0002KQR1Y,6,4.5,165,0.9212,224.5,2004-11,2005-11,monitor
B0002M792S,6,4.5,19,0.9474,56,2010-09,2014-02,monitor
B0002MQGRC,6,4.5,1,1.0,26.167,2009-10,2014-07,monitor
B0002RVRWG,6,4.5,1,1.0,78,2010-05,2012-04,monitor
B0002ZAIKA,6,4.5,48,0.75,177.167,2005-03,2013-06,monitor
B0002ZPINC,6,4.5,10,1.0,64.333,2010-10,2014-01,monitor
B00062GJ8E,6,4.5,18,0.9444,119.667,2006-01,2010-01,monitor
B00064G5X6,6,4.5,42,0.881,204.5,2005-11,2013-03,monitor
B00064GBT4,6,4.5,2,1.0,48.167,2012-05,2014-04,monitor
B00065FWIY,6,4.5,28,0.9643,112.5,2005-06,2009-02,monitor
B00065L5TO,6,4.5,15,0.9333,76.167,2005-09,2008-05,monitor
B0006L0BES,6,4.5,26,0.9615,221.833,2011-10,2014-03,monitor
B0006LSIJS,6,4.5,5,0.8,34.333,2008-12,2010-11,monitor
B0007N72X8,6,4.5,15,0.8667,57.333,2006-02,2012-06,monitor
B0007WQ7KI,6,4.5,4,0.75,52.167,2012-06,2014-04,monitor
B00080FPSE,6,4.5,43,0.9535,159.667,2005-09,2006-09,monitor
B00083ET92,6,4.5,4,0.75,173.5,2006-02,2007-12,monitor
B0008IVGFC,6,4.5,36,0.8333,197.333,2005-10,2006-10,monitor
B0009F3MQK,6,4.5,146,0.8493,235,2006-03,2010-10,monitor
B0009J49XQ,6,4.5,4,1.0,42.667,2008-02,2013-10,monitor
B0009PUJV6,6,4.5,1,1.0,65.333,2013-01,2014-01,monitor
B0009XQPHK,6,4.5,54,0.9815,192,2006-01,2007-09,monitor
B000A7B9YO,6,4.5,42,0.9762,140.5,2006-01,2014-03,monitor
B000AA7MQA,6,4.5,69,0.9565,288.5,2005-08,2011-07,monitor
B000AL72Q4,6,4.5,13,0.6923,202,2008-08,2013-09,monitor
B000B8Y08E,6,4.5,79,0.9494,226.833,2006-01,2007-09,monitor
B000BB80TQ,6,4.5,86,0.6047,98.333,2005-10,2007-01,monitor
B000BK42WG,6,4.5,3,1.0,46,2012-01,2014-05,monitor
B000BMQR36,6,4.5,2,1.0,64.333,2011-08,2014-01,monitor
B000BSEWCI,6,4.5,2,1.0,90.5,2010-04,2013-01,monitor
B000BSKO84,6,4.5,17,0.8824,81.167,2008-09,2014-07,monitor
B000BWYTA4,6,4.5,17,0.8235,57.333,2008-08,2010-12,monitor
B000BYTMEA,6,4.5,18,1.0,113.833,2007-08,2008-06,monitor
B000CF0ZXK,6,4.5,10,1.0,77.5,2007-01,2014-02,monitor
B000CO9NTI,6,4.5,3,1.0,48.667,2012-12,2014-01,monitor
B000DZDQ26,6,4.5,84,0.8095,160.5,2006-07,2010-11,monitor
B000E0RBIK,6,4.5,2,1.0,31.333,2012-04,2013-12,monitor
B000E5CZ4U,6,4.5,9,1.0,95.167,2006-10,2009-05,monitor
B000EDIA0K,6,4.5,8,1.0,60,2007-09,2013-03,monitor
B000EDJHS4,6,4.5,13,0.9231,97,2007-10,2012-12,monitor
B000EIR8M6,6,4.5,16,1.0,70.667,2007-06,2008-04,monitor
B000EP1ILG,6,4.5,43,0.9767,146.333,2006-08,2007-01,monitor
B000EUJ2LE,6,4.5,20,1.0,70.833,2007-03,2010-09,monitor
B000F2HGWI,6,4.5,6,0.8333,96,2007-01,2009-03,monitor
B000F41EFG,6,4.5,6,1.0,44.667,2007-08,2012-09,monitor
B000FBS01K,6,4.5,15,0.8,213.167,2007-07,2012-01,monitor
B000FED922,6,4.5,3,0.0,50.333,2011-10,2013-08,monitor
B000FGDNVM,6,4.5,95,0.8947,390.5,2006-09,2014-03,monitor
B000FNGLSM,6,4.5,68,0.8382,114,2006-09,2009-04,monitor
B000GPPP2W,6,4.5,3,0.0,40.333,2008-08,2012-09,monitor
B000GQU5ZS,6,4.5,36,0.9722,210.833,2007-02,2013-08,monitor
B000H4BWYC,6,4.5,3,1.0,79.667,2007-06,2014-01,monitor
B000HCN2Q0,6,4.5,13,1.0,89.167,2008-11,2012-12,monitor
B000HDMROC,6,4.5,27,1.0,74.167,2007-05,2009-06,monitor
B000HFQNWC,6,4.5,16,0.8125,210.333,2008-03,2009-07,monitor
B000HJ8P2O,6,4.5,11,0.9091,86.167,2008-06,2009-05,monitor
B000IJXDFM,6,4.5,4,0.75,46,2007-02,2014-05,monitor
B000IOKLHK,6,4.5,25,0.92,70.833,2007-01,2008-05,monitor
B000ITAB8Y,6,4.5,1,0.0,160.667,2008-11,2013-06,monitor
B000J31N1S,6,4.5,27,0.8519,130.5,2007-06,2008-05,monitor
B000JEYF5I,6,4.5,17,1.0,101,2007-05,2013-09,monitor
B000JJKNOK,6,4.5,0,,38.5,2013-01,2014-07,monitor
B000JLNAX4,6,4.5,3,0.6667,36.167,2011-12,2014-03,monitor
B00000J1UA,6,4.333,12,0.9167,35.333,2009-05,2014-05,monitor
B00000JXV3,6,4.333,48,0.7708,220.333,1999-10,2006-04,monitor
B00003OPEV,6,4.333,381,0.958,217.667,2000-01,2001-02,monitor
B00004RIGR,6,4.333,71,0.9155,99.667,2001-06,2002-07,monitor
B00004SB99,6,4.333,31,0.9677,133,2000-06,2006-05,monitor
B00004XRDN,6,4.333,50,0.74,126.167,2001-02,2010-02,monitor
B00004Z5LJ,6,4.333,9,0.4444,49.5,2008-07,2014-05,monitor
B00004Z64Y,6,4.333,31,0.9677,108.667,2003-10,2014-06,monitor
B00004Z6R4,6,4.333,7,1.0,59.667,2007-01,2011-09,monitor
B00004ZD30,6,4.333,10,1.0,79,2009-12,2013-09,monitor
B0000511OJ,6,4.333,135,0.9481,136.333,2001-08,2008-07,monitor
B000058DRT,6,4.333,44,0.9773,110.667,2003-06,2010-06,monitor
B00005AQ53,6,4.333,41,0.9024,268.667,2007-09,2014-03,monitor
B00005ATZK,6,4.333,37,0.973,274.167,2001-11,2013-10,monitor
B00005U21G,6,4.333,16,0.875,120.167,2007-01,2014-07,monitor
B00005U240,6,4.333,288,0.9097,202.667,2002-01,2006-03,monitor
B0000630TK,6,4.333,26,0.8462,79.667,2003-01,2013-11,monitor
B0000632G7,6,4.333,22,0.8182,129.833,2005-07,2011-08,monitor
B0000632GP,6,4.333,14,0.8571,106,2006-04,2013-02,monitor
B000063EMD,6,4.333,13,0.8462,53.5,2003-06,2014-02,monitor
B000063W8P,6,4.333,50,0.98,102.333,2004-10,2008-03,monitor
B000067RC2,6,4.333,7,1.0,51.333,2011-09,2014-06,monitor
B000067RKF,6,4.333,6,0.8333,48,2007-01,2013-06,monitor
B000067V63,6,4.333,35,0.9714,187.667,2005-03,2014-01,monitor
B00006I5JO,6,4.333,49,0.898,77.667,2003-12,2013-11,monitor
B00006L3CM,6,4.333,40,0.975,64.167,2004-04,2009-04,monitor
B00006RSK5,6,4.333,81,0.8889,275,2002-12,2003-12,monitor
B00007DWE5,6,4.333,8,0.625,104.167,2012-03,2014-06,monitor
B000087BV9,6,4.333,79,0.9114,137.833,2003-03,2004-12,monitor
B00008L42X,6,4.333,5,0.4,43.167,2008-03,2014-03,monitor
B00008QWWF,6,4.333,237,0.9831,201,2003-07,2013-07,monitor
B00008VSL4,6,4.333,4,1.0,70.167,2007-01,2009-08,monitor
B00008VSLB,6,4.333,12,1.0,70.333,2007-04,2013-11,monitor
B000095IMS,6,4.333,63,0.9683,115,2004-04,2013-10,monitor
B0000990ZZ,6,4.333,0,,37.167,2009-10,2014-07,monitor
B00009KO0B,6,4.333,40,0.725,53.5,2005-08,2014-02,monitor
B00009R86Q,6,4.333,37,0.8919,190.5,2004-12,2011-02,monitor
B00009W3G3,6,4.333,126,0.9762,130.667,2003-12,2006-06,monitor
B0000AHEMT,6,4.333,120,0.95,253,2003-11,2007-08,monitor
B0000AHO95,6,4.333,6,0.3333,44.5,2008-02,2014-06,monitor
B0000AKA95,6,4.333,30,0.8,81.833,2005-06,2012-01,monitor
B0000AOWWI,6,4.333,39,0.9744,42.167,2005-03,2013-10,monitor
B0000B005N,6,4.333,59,0.8644,213.667,2003-09,2003-11,monitor
B0000C3WBB,6,4.333,8,0.625,93.833,2009-07,2014-06,monitor
B0000CD05D,6,4.333,169,0.9467,108.833,2003-12,2005-05,monitor
B0000D8Q9L,6,4.333,14,1.0,56.333,2008-10,2012-12,monitor
B0000D8ZDL,6,4.333,56,0.8929,281.333,2004-01,2007-07,monitor
B0000E2PMB,6,4.333,9,0.7778,87.667,2005-05,2010-04,monitor
B0000UUXAC,6,4.333,5,0.6,168,2005-06,2008-01,monitor
B0000VD3LC,6,4.333,47,0.8511,185.667,2004-02,2011-09,monitor
B00011KM2E,6,4.333,6,1.0,86.167,2010-07,2012-05,monitor
B000129TYA,6,4.333,67,0.8657,134.167,2004-10,2006-03,monitor
B00013BLEK,6,4.333,20,0.85,186.5,2005-09,2008-10,monitor
B00015QGM0,6,4.333,59,0.9322,216.333,2008-03,2012-09,monitor
B00017LSK8,6,4.333,4,0.75,59.167,2012-10,2014-01,monitor
B00018U7J0,6,4.333,9,0.7778,237.333,2006-11,2011-01,monitor
B000196C3E,6,4.333,65,0.7846,138,2005-08,2007-10,monitor
B0001YYP60,6,4.333,46,0.9565,411.667,2004-07,2004-12,monitor
B00022OAH0,6,4.333,18,0.8889,156.667,2005-03,2014-03,monitor
B00024VT6I,6,4.333,49,0.9592,95,2007-02,2010-06,monitor
B0002861MQ,6,4.333,0,,61.667,2011-10,2014-01,monitor
B0002BEPWQ,6,4.333,1,1.0,32.5,2011-07,2014-07,monitor
B0002FO2IO,6,4.333,2,0.5,46.167,2011-12,2014-01,monitor
B0002I724M,6,4.333,38,0.9737,133.333,2004-09,2006-07,monitor
B0002J2BBU,6,4.333,10,0.8,58.333,2011-11,2014-05,monitor
B0002PSINY,6,4.333,78,0.9487,179.833,2004-12,2010-01,monitor
B0002ZAEYK,6,4.333,64,0.375,155.333,2004-11,2014-05,monitor
B0002ZPK1W,6,4.333,3,1.0,31.5,2009-05,2013-02,monitor
B00066HPUQ,6,4.333,2,0.5,69,2013-04,2014-07,monitor
B0006MGNNK,6,4.333,15,0.8,95.833,2009-01,2013-04,monitor
B0006OCZK8,6,4.333,9,1.0,113,2005-12,2011-06,monitor
B0006PY3DY,6,4.333,33,0.9697,323.333,2006-02,2010-05,monitor
B0007M3PKI,6,4.333,175,0.9429,133.167,2005-03,2013-04,monitor
B0007SKSPW,6,4.333,67,0.8657,125.667,2005-04,2011-04,monitor
B0007T26YW,6,4.333,5,0.8,79.833,2008-05,2012-01,monitor
B0007Y6ALC,6,4.333,176,0.9886,395.167,2005-05,2010-01,monitor
B0007ZA15M,6,4.333,89,0.3708,100,2009-04,2014-07,monitor
B0007ZGXQI,6,4.333,35,0.8286,108.667,2005-04,2007-07,monitor
B000815IJO,6,4.333,141,0.7518,375.667,2005-04,2005-10,monitor
B0008JIXK2,6,4.333,9,0.8889,49.833,2008-07,2012-07,monitor
B00091S0SO,6,4.333,13,0.9231,92.167,2005-05,2007-04,monitor
B0009IPTJU,6,4.333,174,0.8161,351.5,2005-08,2007-05,monitor
B0009KVU8C,6,4.333,8,1.0,110.833,2008-04,2010-07,monitor
B0009MUG08,6,4.333,5,0.8,65.5,2006-08,2013-10,monitor
B0009OAP98,6,4.333,2,1.0,63.167,2007-12,2013-05,monitor
B0009RLO2M,6,4.333,91,0.989,93.833,2005-12,2006-02,monitor
B0009U6136,6,4.333,12,1.0,116.833,2007-04,2013-08,monitor
B000ARPLYS,6,4.333,27,0.9259,69.667,2005-10,2011-06,monitor
B000AYKV3C,6,4.333,44,0.8864,282.833,2006-08,2008-01,monitor
B000B7TILO,6,4.333,65,0.8923,132,2006-02,2014-01,monitor
B000BFW6JM,6,4.333,44,0.9545,273.333,2006-03,2007-05,monitor
B000CD7H06,6,4.333,3,1.0,69.167,2007-11,2013-12,monitor
B000CJXZWY,6,4.333,19,0.2632,137,2008-07,2013-06,monitor
B000E9ZKG6,6,4.333,22,0.7727,87.667,2008-02,2013-11,monitor
B000EA6WOO,6,4.333,9,0.3333,36.667,2006-06,2008-10,monitor
B000EEHM1W,6,4.333,6,0.8333,74.167,2010-03,2014-06,monitor
B000EJZF5M,6,4.333,21,1.0,202.167,2006-11,2010-12,monitor
B000EK5AWE,6,4.333,23,0.9565,160.667,2008-11,2013-11,monitor
B000ENON1A,6,4.333,153,0.8627,274.167,2006-07,2009-06,monitor
B000EPJKDY,6,4.333,1,1.0,43.833,2008-03,2013-02,monitor
B000ETFY1M,6,4.333,4,0.75,109,2010-07,2012-12,monitor
B000EY21BI,6,4.333,13,0.7692,49.333,2011-02,2013-03,monitor
B000F3PSZO,6,4.333,7,0.8571,97.833,2011-07,2014-03,monitor
B000FBF3DI,6,4.333,13,1.0,104.5,2006-07,2010-05,monitor
B000FKQ5HM,6,4.333,18,0.9444,131.167,2007-11,2009-10,monitor
B000FRDD5C,6,4.333,3,1.0,83.167,2007-04,2008-12,monitor
B000G7WZ96,6,4.333,3,1.0,91.167,2010-04,2013-01,monitor
B000G81EYW,6,4.333,48,0.875,239.667,2007-01,2007-07,monitor
B000GB0N14,6,4.333,11,1.0,160,2009-04,2014-02,monitor
B000GK0144,6,4.333,20,0.75,73.5,2009-01,2013-04,monitor
B000GVJV1C,6,4.333,26,0.8846,152.5,2006-11,2007-12,monitor
B000H4BWZG,6,4.333,5,0.6,98.333,2010-08,2013-05,monitor
B000HCMO0A,6,4.333,34,0.7941,185.5,2008-05,2011-02,monitor
B000HI7P0I,6,4.333,33,0.8788,73.167,2007-07,2007-10,monitor
B000HJ75MK,6,4.333,12,1.0,98.167,2008-04,2013-03,monitor
B000I1VJHO,6,4.333,38,0.4211,159.833,2007-04,2009-04,monitor
B000I3C6BU,6,4.333,9,1.0,99.833,2006-12,2013-12,monitor
B000I97N1C,6,4.333,2,0.5,31.5,2012-05,2014-01,monitor
B000IALP88,6,4.333,134,0.8806,535,2006-12,2008-02,monitor
B000IGAMVS,6,4.333,16,0.9375,117.333,2006-12,2014-03,monitor
B000IJVETY,6,4.333,103,0.3398,142.333,2006-11,2007-08,monitor
B000IWXTY4,6,4.333,88,0.5682,267.5,2007-08,2009-05,monitor
B000IXS6DW,6,4.333,3,1.0,67.5,2009-11,2014-07,monitor
B000J09T80,6,4.333,13,0.9231,74,2011-08,2014-07,monitor
B000J3OPOU,6,4.333,5,1.0,78.833,2012-07,2014-06,monitor
B00000K3RK,6,4.167,159,0.9686,220.667,1999-12,2002-11,monitor
B00004TZJI,6,4.167,7,0.2857,172.167,2004-12,2007-05,monitor
B00004Z5KH,6,4.167,8,1.0,50.5,2008-02,2014-04,monitor
B00004ZC8N,6,4.167,2,0.0,35,2001-08,2014-03,monitor
B00004ZCFN,6,4.167,8,0.875,36,2012-11,2014-06,monitor
B00004ZCPG,6,4.167,33,0.8788,195.5,2007-07,2009-01,monitor
B00005125H,6,4.167,39,0.6923,247.5,2006-10,2009-01,monitor
B00005I9PZ,6,4.167,189,0.9206,123,2001-09,2002-03,monitor
B00005LENR,6,4.167,64,0.9844,204,2006-10,2014-07,monitor
B00005MOM1,6,4.167,29,0.8966,112.333,2005-01,2013-03,monitor
B00005NWV1,6,4.167,23,0.7826,91.167,2004-07,2013-03,monitor
B000063W8X,6,4.167,22,1.0,61.333,2006-08,2013-06,monitor
B000065UTC,6,4.167,38,0.9474,74.833,2002-07,2008-11,monitor
B000065UWF,6,4.167,67,0.9104,104.333,2002-07,2007-01,monitor
B000067G0N,6,4.167,13,0.9231,42.667,2007-01,2013-12,monitor
B000068OA6,6,4.167,11,0.8182,30.167,2009-06,2013-12,monitor
B00006B8PJ,6,4.167,74,0.9189,173.667,2002-08,2012-01,monitor
B00006HXJ6,6,4.167,97,0.4433,48.667,2003-10,2009-09,monitor
B00006HYAQ,6,4.167,1,1.0,142.333,2007-09,2014-04,monitor
B00006JKWY,6,4.167,3,1.0,51,2009-07,2013-01,monitor
B00006JPD9,6,4.167,12,0.5833,101,2008-07,2013-08,monitor
B000088UNJ,6,4.167,64,0.9531,58.833,2003-11,2014-07,monitor
B0000899ZC,6,4.167,34,0.8235,123.833,2003-05,2013-07,monitor
B00008N6X2,6,4.167,25,0.76,95,2004-01,2009-02,monitor
B00008OTDY,6,4.167,9,1.0,71,2007-08,2009-09,monitor
B00008VF7L,6,4.167,2,1.0,29.333,2012-03,2013-10,monitor
B00008VGRC,6,4.167,23,0.7391,264.833,2004-01,2011-03,monitor
B00008VSL3,6,4.167,27,1.0,156,2004-08,2011-03,monitor
B00009R6A5,6,4.167,1,1.0,72,2008-01,2012-09,monitor
B0000AE6AG,6,4.167,10,0.7,91.5,2011-11,2014-04,monitor
B0000AZK27,6,4.167,18,0.9444,285.667,2006-02,2011-07,monitor
B0000BZLBR,6,4.167,20,0.65,63.667,2007-06,2013-01,monitor
B0000C2KB7,6,4.167,87,0.8736,305.5,2004-05,2006-06,monitor
B00019K87A,6,4.167,13,0.9231,179.833,2006-04,2013-01,monitor
B0001M2FW8,6,4.167,73,0.9452,260,2004-06,2013-04,monitor
B0002472X2,6,4.167,10,0.8,79,2007-01,2013-10,monitor
B000278KLW,6,4.167,131,0.9924,171.833,2004-07,2012-01,monitor
B0002KQZJS,6,4.167,12,0.75,84.167,2010-10,2014-05,monitor
B0002XP70I,6,4.167,35,0.8286,145.667,2005-04,2006-01,monitor
B00065U11W,6,4.167,18,0.7778,149,2007-04,2013-08,monitor
B00067TQ4S,6,4.167,109,0.8165,378.667,2005-04,2007-02,monitor
B0006OCZGW,6,4.167,48,0.9167,228.667,2006-04,2011-05,monitor
B00070LZ4I,6,4.167,9,0.6667,51.167,2011-10,2013-12,monitor
B0007CZ6F0,6,4.167,89,0.8315,163.333,2005-06,2010-06,monitor
B0007D9B9G,6,4.167,364,0.9588,227.333,2005-03,2007-02,monitor
B0007IP6YU,6,4.167,4,0.5,38.167,2013-05,2014-06,monitor
B0007LBVIC,6,4.167,15,0.8,105.5,2005-10,2006-11,monitor
B0007LZH7S,6,4.167,40,0.625,53.5,2006-02,2013-11,monitor
B0007OWO0S,6,4.167,79,0.9747,46.5,2006-11,2014-02,monitor
B0007W2IW4,6,4.167,244,0.9549,263,2006-03,2010-07,monitor
B0007WRQG2,6,4.167,7,0.7143,125,2012-04,2013-09,monitor
B0007YPGDK,6,4.167,15,0.9333,78.333,2007-02,2014-07,monitor
B0009JFF7U,6,4.167,7,0.1429,46,2010-05,2014-06,monitor
B0009ME7FI,6,4.167,7,1.0,45.333,2010-11,2014-02,monitor
B0009SUEYA,6,4.167,25,0.72,67.667,2009-02,2013-06,monitor
B0009VRB66,6,4.167,8,0.875,66.667,2006-03,2011-07,monitor
B0009X1TXU,6,4.167,20,0.7,151,2006-06,2010-09,monitor
B0009XQPJS,6,4.167,12,0.5,98.167,2007-10,2013-10,monitor
B0009XQPK2,6,4.167,17,0.7647,115.833,2007-03,2010-11,monitor
B000A1741W,6,4.167,1,1.0,68.167,2013-05,2014-07,monitor
B000A7B9RQ,6,4.167,47,0.6809,125.833,2006-05,2014-06,monitor
B000AAZQKO,6,4.167,11,0.3636,41.167,2005-09,2013-12,monitor
B000AS9GA2,6,4.167,17,0.5294,57.333,2009-02,2014-07,monitor
B000AU3V0Q,6,4.167,52,0.6154,165,2005-12,2010-06,monitor
B000B8UOV6,6,4.167,27,0.9259,106.667,2007-08,2008-09,monitor
B000B9UHCQ,6,4.167,2,1.0,99.667,2010-05,2013-12,monitor
B000BDJGN8,6,4.167,7,0.7143,84.5,2010-08,2012-12,monitor
B000BGS4XI,6,4.167,1,0.0,58,2013-05,2014-05,monitor
B000BMBT4I,6,4.167,22,0.8636,79.5,2008-07,2014-07,monitor
B000BO68VA,6,4.167,2,0.5,40.5,2012-12,2014-01,monitor
B000BOGIXI,6,4.167,2,1.0,62.667,2007-05,2010-04,monitor
B000BPLZ7Q,6,4.167,3,0.6667,51.167,2007-01,2008-08,monitor
B000BS24X2,6,4.167,0,,31.5,2010-10,2013-10,monitor
B000BSLSJI,6,4.167,0,,28.333,2009-01,2013-02,monitor
B000CHVLQS,6,4.167,9,0.8889,88.833,2011-02,2014-04,monitor
B000E168E2,6,4.167,90,0.9111,190.833,2006-07,2007-02,monitor
B000E8J3YW,6,4.167,34,0.9118,68.833,2007-05,2009-02,monitor
B000EBLAB8,6,4.167,34,0.8529,219.333,2006-11,2007-07,monitor
B000EFIJVI,6,4.167,54,0.537,141.167,2006-04,2010-04,monitor
B000EH5A5Y,6,4.167,4,1.0,163,2007-02,2012-07,monitor
B000ELQUH2,6,4.167,96,0.8333,409.167,2006-07,2008-03,monitor
B000EPHHUM,6,4.167,66,0.9091,343.5,2006-04,2008-12,monitor
B000EVOAVK,6,4.167,14,1.0,93.333,2008-02,2014-05,monitor
B000EVQ0PO,6,4.167,18,0.9444,130,2006-11,2008-01,monitor
B000EXM06U,6,4.167,49,0.3265,220.5,2009-01,2012-12,monitor
B000F5XTXA,6,4.167,12,0.75,75.333,2007-11,2011-11,monitor
B000FE7Q5I,6,4.167,3,0.6667,53.333,2010-05,2014-06,monitor
B000FSQ858,6,4.167,5,1.0,38.5,2007-12,2012-12,monitor
B000G6ZOKE,6,4.167,3,1.0,56.833,2010-11,2013-08,monitor
B000GHED96,6,4.167,22,0.8636,407.167,2007-08,2014-03,monitor
B000GHVZQA,6,4.167,93,0.6989,196.5,2006-10,2012-02,monitor
B000GIQR12,6,4.167,32,0.9375,176,2006-10,2010-03,monitor
B000GKLGX4,6,4.167,9,0.5556,46,2008-06,2012-04,monitor
B000GQXDY8,6,4.167,17,0.7059,80,2007-04,2013-11,monitor
B000HSITXK,6,4.167,10,0.5,55,2012-08,2014-05,monitor
B000I1FAWY,6,4.167,137,0.927,315.167,2006-12,2009-04,monitor
B000I2JI26,6,4.167,11,0.7273,97.5,2012-03,2013-07,monitor
B000I76YEQ,6,4.167,37,0.973,108.333,2007-02,2009-07,monitor
B000I94HNO,6,4.167,4,1.0,40.833,2011-10,2012-11,monitor
B000J3J09A,6,4.167,3,0.3333,66.833,2008-02,2012-11,monitor
B000JEUO4E,6,4.167,10,0.8,109.5,2007-12,2011-04,monitor
B000JKUOIY,6,4.167,21,0.8095,82,2008-01,2013-05,monitor
B00000J0IX,6,4.0,153,0.8824,127.167,2000-01,2004-01,monitor
B00000JD3C,6,4.0,6,0.5,43.333,2009-01,2013-11,monitor
B00001OPJQ,6,4.0,71,0.9296,158,2007-06,2013-11,monitor
B00004TEUK,6,4.0,155,0.9677,198.667,2000-12,2006-06,monitor
B00004WHF1,6,4.0,77,0.9481,123.167,2000-09,2002-06,monitor
B00005105L,6,4.0,14,0.7857,68.667,2008-07,2014-07,monitor
B0000512ZX,6,4.0,8,0.75,148.167,2012-01,2013-12,monitor
B00005OLYD,6,4.0,43,0.9767,253.333,2003-03,2007-12,monitor
B00005OSUE,6,4.0,47,0.7447,195.333,2001-11,2002-06,monitor
B0000668YP,6,4.0,104,0.9712,64.833,2003-02,2013-02,monitor
B000067FOP,6,4.0,4,1.0,68.5,2009-05,2014-03,monitor
B000067VC2,6,4.0,4,1.0,48.167,2009-12,2013-09,monitor
B000068IGP,6,4.0,37,0.9459,150.167,2002-10,2011-07,monitor
B00006JQ6B,6,4.0,11,0.6364,44.833,2007-08,2009-01,monitor
B00006K16A,6,4.0,44,0.9773,217.667,2003-01,2009-06,monitor
B00006L9CT,6,4.0,62,0.9194,183.667,2003-03,2003-08,monitor
B00006Y0DQ,6,4.0,92,0.8696,306.5,2003-01,2004-01,monitor
B00007DT9H,6,4.0,87,0.8966,129.5,2003-03,2004-01,monitor
B00007L6I5,6,4.0,16,1.0,123.5,2003-09,2013-04,monitor
B00008L3HI,6,4.0,92,0.8696,135.167,2003-08,2009-03,monitor
B00008VF6F,6,4.0,11,0.8182,76.167,2006-08,2014-07,monitor
B00008XOH6,6,4.0,14,0.9286,81.833,2006-06,2014-02,monitor
B000093IRS,6,4.0,16,0.8125,77.167,2004-02,2005-02,monitor
B000095SG3,6,4.0,55,0.8909,230,2003-07,2013-06,monitor
B00009KHGB,6,4.0,2,1.0,77.833,2008-02,2014-03,monitor
B00009UHHW,6,4.0,6,1.0,60.167,2011-08,2014-02,monitor
B00009UTWA,6,4.0,86,0.9884,65.167,2006-03,2014-02,monitor
B00009YW7Y,6,4.0,113,0.8496,133.5,2003-07,2006-11,monitor
B0000ACKR3,6,4.0,1,1.0,56,2011-10,2013-12,monitor
B0000AOWW8,6,4.0,41,0.9268,201,2003-11,2010-02,monitor
B0001XAJ70,6,4.0,62,0.9355,157.5,2004-09,2014-04,monitor
B00021XQIA,6,4.0,84,0.869,80.667,2004-12,2009-05,monitor
B00026BOFW,6,4.0,10,0.9,132.667,2010-11,2013-08,monitor
B00028JH9U,6,4.0,19,0.2632,56.167,2008-09,2012-12,monitor
B000299EH4,6,4.0,93,0.5699,207.5,2004-06,2004-12,monitor
B0002CTZAC,6,4.0,13,0.7692,61.667,2007-12,2014-07,monitor
B0002E1S2S,6,4.0,14,1.0,102.833,2009-11,2014-03,monitor
B0002GTNG4,6,4.0,194,0.866,271.833,2004-09,2011-08,monitor
B0002J2D2W,6,4.0,1,1.0,64.333,2009-04,2014-03,monitor
B00068E570,6,4.0,5,1.0,100.833,2007-04,2012-03,monitor
B0006HV1KU,6,4.0,9,0.8889,98.167,2009-04,2014-03,monitor
B00076QA56,6,4.0,3,1.0,132.833,2009-05,2011-02,monitor
B0007L8BY4,6,4.0,3,0.0,94,2011-09,2013-08,monitor
B0007P4G4Y,6,4.0,109,0.8624,245.5,2005-06,2005-12,monitor
B0007P4G7G,6,4.0,3,1.0,34.667,2005-05,2013-12,monitor
B0007VTXMS,6,4.0,8,0.625,91.833,2006-03,2014-03,monitor
B0007XKDGG,6,4.0,50,0.96,120.167,2005-05,2007-03,monitor
B0007XRZ08,6,4.0,7,0.7143,126.333,2006-08,2009-11,monitor
B000816TC4,6,4.0,10,1.0,82.5,2006-07,2013-01,monitor
B00085505C,6,4.0,3,1.0,97.333,2008-08,2013-09,monitor
B00092M1RO,6,4.0,6,1.0,111.667,2006-05,2010-09,monitor
B0009JBC4A,6,4.0,2,0.5,44.667,2013-04,2014-03,monitor
B0009JCV6S,6,4.0,5,1.0,53.333,2009-12,2014-01,monitor
B0009KIQNO,6,4.0,103,0.6408,186.5,2005-06,2009-06,monitor
B0009VU7QM,6,4.0,23,0.8696,101.667,2006-09,2014-02,monitor
B0009WZR16,6,4.0,76,0.4342,115.5,2008-03,2013-04,monitor
B0009XBB5G,6,4.0,18,0.6111,33,2006-11,2013-08,monitor
B0009XHGGY,6,4.0,68,0.9118,280.833,2005-10,2010-06,monitor
B000A3V8SA,6,4.0,94,0.8298,223.667,2005-08,2011-08,monitor
B000BCDFMC,6,4.0,18,0.7222,102.667,2005-11,2007-09,monitor
B000C21JSS,6,4.0,7,0.8571,99.167,2009-08,2011-07,monitor
B000CSK8FM,6,4.0,11,0.4545,47,2011-04,2013-12,monitor
B000E0K7EK,6,4.0,192,0.9896,189.167,2006-06,2012-11,monitor
B000E17CK6,6,4.0,26,0.8462,152.167,2007-08,2013-07,monitor
B000EFLPDW,6,4.0,0,,42.333,2013-07,2014-06,monitor
B000EG5VBS,6,4.0,4,1.0,104,2007-05,2008-08,monitor
B000EIC7LI,6,4.0,38,0.8947,58.5,2006-08,2007-11,monitor
B000EIWCF4,6,4.0,15,0.9333,79.833,2008-08,2013-12,monitor
B000EOOZUI,6,4.0,15,1.0,103.833,2007-02,2009-05,monitor
B000EPWDTM,6,4.0,364,0.6456,262,2006-03,2006-08,monitor
B000EZKAHO,6,4.0,52,0.4808,144.333,2006-08,2008-12,monitor
B000F2P0ZS,6,4.0,27,0.7407,59.5,2006-09,2014-01,monitor
B000F6K0VI,6,4.0,2,0.5,42.5,2011-11,2013-10,monitor
B000F9NXW8,6,4.0,24,0.9583,246.167,2007-01,2007-07,monitor
B000FBU19O,6,4.0,16,0.875,95,2011-01,2014-06,monitor
B000FJEYZ8,6,4.0,18,0.2778,102.333,2007-07,2010-05,monitor
B000FKQJ46,6,4.0,16,0.4375,42.5,2009-10,2012-03,monitor
B000FREJQO,6,4.0,38,0.9474,69.333,2006-12,2008-01,monitor
B000G6T3PG,6,4.0,36,0.9722,141,2006-06,2008-01,monitor
B000GIP98Y,6,4.0,98,0.7347,80.833,2012-04,2013-05,monitor
B000H2E20U,6,4.0,2,0.0,80.667,2010-10,2012-03,monitor
B000HTG4ZE,6,4.0,16,0.4375,93,2008-03,2011-07,monitor
B000I1VEWO,6,4.0,127,0.9606,194.167,2006-10,2007-07,monitor
B000INVDMI,6,4.0,27,0.963,51.833,2006-11,2014-01,monitor
B000IO0NY6,6,4.0,21,0.8095,179.333,2006-12,2008-09,monitor
B000J2JFWI,6,4.0,35,0.4857,192.833,2007-02,2014-01,monitor
B000J40PMK,6,4.0,31,0.871,244.833,2007-02,2007-06,monitor
B000JC5T82,6,4.0,31,0.9677,172.333,2007-10,2012-12,monitor
B000JQV8EC,6,4.0,44,0.7045,94.833,2007-01,2013-03,monitor
B00000JMRV,6,3.833,31,0.8387,103,2004-03,2010-10,monitor
B00001ZWRV,6,3.833,17,1.0,94.333,2000-11,2013-08,monitor
B00004SYVH,6,3.833,171,0.8129,530.5,2000-04,2001-02,monitor
B00004TH2X,6,3.833,51,0.9608,260,2000-06,2002-08,monitor
B00004TZFM,6,3.833,52,0.8846,39.333,2007-10,2014-05,monitor
B00004XRDO,6,3.833,29,0.8621,169.333,2001-01,2010-07,monitor
B00004YKDT,6,3.833,101,0.9604,106.833,2001-07,2009-04,monitor
B00004Z5NH,6,3.833,2,0.5,38.833,2012-06,2014-06,monitor
B00005NGQS,6,3.833,10,0.9,114,2001-10,2009-12,monitor
B00005OBDS,6,3.833,47,0.9149,159.833,2002-02,2006-08,monitor
B00005T3BG,6,3.833,44,0.8409,232.333,2002-01,2014-03,monitor
B000067G0L,6,3.833,40,0.875,237,2002-05,2006-04,monitor
B00006I5BV,6,3.833,30,0.5333,43,2009-01,2013-10,monitor
B00006JQ5Y,6,3.833,90,0.8556,125.167,2006-01,2014-02,monitor
B00006LT11,6,3.833,29,0.8966,211,2002-11,2006-03,monitor
B0000787NW,6,3.833,117,0.9402,165.5,2004-02,2008-08,monitor
B000087KYH,6,3.833,76,0.8816,174.5,2003-06,2013-12,monitor
B00008L3IT,6,3.833,11,0.8182,38.5,2012-12,2014-02,monitor
B000093LX5,6,3.833,9,0.6667,76.333,2004-05,2011-09,monitor
B0000996BL,6,3.833,13,0.9231,66,2003-12,2014-03,monitor
B00009OYA1,6,3.833,25,1.0,65.667,2008-11,2013-07,monitor
B00009P2YQ,6,3.833,52,0.8269,308,2008-10,2014-04,monitor
B00009R6YZ,6,3.833,15,0.9333,90.667,2007-02,2014-04,monitor
B00009R87A,6,3.833,33,0.6364,125.167,2008-03,2013-01,monitor
B00009R9E2,6,3.833,29,0.7931,51,2008-01,2013-05,monitor
B00009W3IN,6,3.833,11,0.9091,92.167,2006-11,2010-01,monitor
B00009W42Y,6,3.833,60,0.9167,193.667,2006-10,2009-11,monitor
B00009XW3O,6,3.833,69,0.5942,81.667,2008-08,2014-05,monitor
B0000ACOBL,6,3.833,72,0.5278,182,2004-12,2013-07,monitor
B0000BZG0P,6,3.833,51,0.7451,162.5,2003-11,2004-10,monitor
B0000CBJ8K,6,3.833,33,0.9697,128.167,2004-09,2005-04,monitor
B0000DZFL8,6,3.833,23,0.7826,278.333,2004-01,2006-11,monitor
B0000XO3Y6,6,3.833,22,0.6818,70.667,2010-01,2014-05,monitor
B0000YVEGA,6,3.833,19,0.6842,91.833,2012-08,2014-04,monitor
B000144HZE,6,3.833,160,0.9125,191,2004-10,2008-04,monitor
B00018U7KO,6,3.833,5,0.8,76.167,2006-07,2014-06,monitor
B0001DHHI4,6,3.833,12,0.8333,59,2004-06,2014-03,monitor
B0001NA3L2,6,3.833,30,0.9,188.333,2004-06,2008-08,monitor
B00022TN7C,6,3.833,30,1.0,120.667,2004-08,2006-08,monitor
B0002BEP1C,6,3.833,2,1.0,132,2011-07,2014-01,monitor
B0002J6SFA,6,3.833,61,0.9836,259.667,2005-01,2014-05,monitor
B0002MK82G,6,3.833,0,,45.333,2009-10,2014-03,monitor
B0002SQ2MA,6,3.833,37,0.7838,132.667,2005-01,2010-07,monitor
B0002TB2LA,6,3.833,114,0.886,108.333,2004-10,2013-10,monitor
B0002ZPBKW,6,3.833,3,0.6667,34.833,2010-01,2014-04,monitor
B00067R5Y6,6,3.833,26,0.1538,169.333,2006-11,2007-08,monitor
B0006G0RSI,6,3.833,72,0.875,216.667,2005-03,2006-05,monitor
B0006HU4NK,6,3.833,157,0.6369,560.667,2008-01,2010-10,monitor
B0006JLAFE,6,3.833,67,0.8358,156.333,2005-03,2005-07,monitor
B0006Z8FTW,6,3.833,17,0.9412,35.5,2008-01,2014-02,monitor
B00077261C,6,3.833,1,1.0,279.5,2010-07,2014-01,monitor
B00079REO4,6,3.833,9,0.8889,97.667,2008-08,2012-08,monitor
B0007LMFPA,6,3.833,13,0.9231,123,2011-01,2014-07,monitor
B0007O7DTK,6,3.833,31,0.9355,115.5,2005-07,2006-02,monitor
B0007T27FU,6,3.833,3,0.3333,94.833,2007-01,2013-08,monitor
B0007TY0CI,6,3.833,10,0.7,63,2006-12,2013-12,monitor
B0007YUKZY,6,3.833,49,0.8776,82.5,2006-06,2011-06,monitor
B0007YZTSM,6,3.833,27,0.5556,35.167,2007-10,2008-03,monitor
B00080S9GY,6,3.833,73,0.9863,185.667,2005-05,2006-06,monitor
B0009EL76I,6,3.833,7,1.0,104.167,2010-01,2013-07,monitor
B0009EVYSO,6,3.833,32,1.0,86.167,2007-01,2014-06,monitor
B0009Y88EW,6,3.833,15,0.9333,134.833,2011-07,2014-04,monitor
B000AR7QXW,6,3.833,77,0.8961,216.833,2006-04,2011-12,monitor
B000B031QO,6,3.833,11,1.0,47,2007-05,2014-05,monitor
B000BSLQD6,6,3.833,21,0.4762,141,2012-10,2013-09,monitor
B000BVZ3BO,6,3.833,3,0.6667,63.167,2010-03,2014-07,monitor
B000BYGOX2,6,3.833,47,0.9574,56.5,2006-04,2010-01,monitor
B000CLT67A,6,3.833,29,0.8966,72.5,2007-07,2010-02,monitor
B000CNO9GQ,6,3.833,43,0.7674,228.5,2006-05,2010-12,monitor
B000CRLBFY,6,3.833,20,0.9,118.5,2009-05,2011-11,monitor
B000CSQVJ4,6,3.833,37,0.7297,117.833,2007-12,2010-03,monitor
B000E0DU62,6,3.833,163,0.9509,278.333,2006-07,2014-07,monitor
B000E5XK5I,6,3.833,5,1.0,90.167,2007-05,2014-07,monitor
B000EHVQM0,6,3.833,8,1.0,132.667,2006-07,2011-09,monitor
B000EI8X5M,6,3.833,102,0.8824,187.833,2006-06,2007-05,monitor
B000EM6NNW,6,3.833,20,0.7,167.5,2006-07,2007-05,monitor
B000ENP9GS,6,3.833,4,0.75,65,2007-11,2014-01,monitor
B000EPHB26,6,3.833,66,0.9545,286.333,2006-03,2011-05,monitor
B000ET9ZGC,6,3.833,11,1.0,226.167,2006-09,2009-12,monitor
B000EVSXMC,6,3.833,17,0.8824,141.333,2006-12,2013-08,monitor
B000F0REZY,6,3.833,4,0.5,47.667,2011-10,2014-05,monitor
B000F27R0E,6,3.833,4,0.75,65.833,2007-03,2011-01,monitor
B000FBPH9I,6,3.833,21,0.4286,115.833,2007-01,2010-02,monitor
B000FJR1EY,6,3.833,19,0.9474,58.5,2007-02,2014-04,monitor
B000FMPGJ8,6,3.833,70,0.9286,224.667,2006-10,2008-12,monitor
B000GIUPLU,6,3.833,22,0.8182,127.333,2006-10,2010-03,monitor
B000GSM4N2,6,3.833,17,1.0,159.5,2006-12,2012-07,monitor
B000I3P68U,6,3.833,16,1.0,102.833,2007-01,2013-02,monitor
B000IE9U3Q,6,3.833,13,0.9231,39.833,2011-06,2014-03,monitor
B000IJ73NU,6,3.833,21,0.8095,58,2007-07,2014-03,monitor
B000J45GLK,6,3.833,9,0.6667,61.5,2007-12,2013-06,monitor
B000JP8HU6,6,3.833,36,0.8889,222.333,2007-01,2007-11,monitor
B000JPZC6S,6,3.833,2,1.0,62,2012-05,2014-01,monitor
8862935293,6,3.667,6,0.8333,145,2010-07,2014-01,monitor
9862510447,6,3.667,0,,43.833,2010-08,2012-03,monitor
B00001W0D5,6,3.667,25,0.8,126,2005-02,2011-03,monitor
B00004TZJQ,6,3.667,107,0.9439,193.167,2000-12,2013-04,monitor
B000063W93,6,3.667,66,0.9545,277.333,2002-05,2007-08,monitor
B000067SOY,6,3.667,2,0.0,58.667,2007-02,2014-01,monitor
B000069EUZ,6,3.667,57,0.9649,112.667,2007-02,2013-12,monitor
B00006B9W9,6,3.667,12,0.9167,118.667,2008-08,2013-02,monitor
B00006HXLO,6,3.667,47,0.9574,118.5,2005-06,2014-07,monitor
B00006HXRA,6,3.667,75,0.96,176.333,2002-11,2003-05,monitor
B00006IRY8,6,3.667,75,0.8667,297.667,2002-11,2003-11,monitor
B00006IS9M,6,3.667,28,0.8214,224.167,2004-01,2009-05,monitor
B00006J3IX,6,3.667,74,0.6081,155.5,2003-01,2006-05,monitor
B00006JHY2,6,3.667,37,0.8649,200,2003-09,2014-02,monitor
B00006OX95,6,3.667,27,1.0,137.333,2003-01,2013-01,monitor
B00006RVNC,6,3.667,22,0.5909,50.333,2006-11,2010-11,monitor
B00006RVPG,6,3.667,31,0.5484,190.667,2003-11,2005-03,monitor
B00007CJMS,6,3.667,115,0.8348,130.5,2002-11,2003-11,monitor
B0000899ZE,6,3.667,12,0.8333,111.5,2003-06,2008-07,monitor
B00008DHSN,6,3.667,24,0.625,126.167,2006-04,2012-05,monitor
B00008XONS,6,3.667,31,0.871,85,2006-09,2010-10,monitor
B000093IRD,6,3.667,40,0.85,116,2003-12,2005-03,monitor
B00009R8AS,6,3.667,34,0.9118,124.167,2009-12,2011-05,monitor
B00009UH9P,6,3.667,24,0.8333,46.333,2007-02,2013-12,monitor
B0000AA9E8,6,3.667,201,0.9353,434.833,2004-02,2004-08,monitor
B0000AHO8N,6,3.667,77,0.9221,153,2003-12,2006-11,monitor
B0000EI9VB,6,3.667,43,0.9302,69.5,2004-10,2013-08,monitor
B0000X5ZKC,6,3.667,8,0.75,124.5,2007-08,2009-11,monitor
B00012IIUQ,6,3.667,24,0.25,90.5,2007-01,2009-12,monitor
B00013R0S6,6,3.667,5,1.0,71.167,2006-01,2011-04,monitor
B0001A99ME,6,3.667,52,0.7308,228.833,2004-07,2012-07,monitor
B0001E75LC,6,3.667,154,0.9286,137,2004-04,2013-11,monitor
B0001ZMGRE,6,3.667,1,1.0,41,2009-09,2013-10,monitor
B0002BAN2W,6,3.667,46,0.7391,312,2004-08,2006-10,monitor
B0002D6KAE,6,3.667,23,0.913,71.667,2010-02,2013-08,monitor
B0002H0CBI,6,3.667,8,1.0,94.167,2008-01,2014-06,monitor
B0002TXHIQ,6,3.667,12,1.0,151.5,2004-08,2011-01,monitor
B0002UAAQC,6,3.667,6,0.8333,84.167,2011-07,2014-07,monitor
B0002UM05Q,6,3.667,71,0.9437,179,2005-02,2010-10,monitor
B00068NF0I,6,3.667,112,0.8839,234.333,2005-01,2010-07,monitor
B00069UD9I,6,3.667,16,0.875,44,2007-05,2013-01,monitor
B00081NX5K,6,3.667,30,0.9667,36.167,2006-04,2014-05,monitor
B00099I19O,6,3.667,37,0.8919,151.333,2005-04,2007-07,monitor
B0009CEL18,6,3.667,53,0.8491,185.833,2005-05,2014-03,monitor
B0009I95X6,6,3.667,571,0.9422,311.667,2005-12,2011-01,monitor
B0009J1I26,6,3.667,19,0.8947,37.167,2009-05,2013-04,monitor
B0009K50RO,6,3.667,49,0.9592,140.833,2009-06,2013-05,monitor
B0009KF2OA,6,3.667,8,0.75,78,2005-07,2012-02,monitor
B000B8KAME,6,3.667,14,0.6429,77.5,2008-11,2014-06,monitor
B000E40RAK,6,3.667,12,0.6667,86,2007-01,2007-08,monitor
B000EAGBHW,6,3.667,4,0.75,87.833,2008-06,2010-06,monitor
B000EDJKUY,6,3.667,12,1.0,229.333,2007-01,2013-11,monitor
B000EEP9V2,6,3.667,22,0.5909,141,2006-08,2007-10,monitor
B000ELOPFG,6,3.667,76,0.9868,157.167,2006-04,2010-08,monitor
B000EMV90E,6,3.667,47,0.6383,55.333,2006-10,2010-02,monitor
B000ETTWII,6,3.667,14,0.8571,79.833,2007-01,2011-04,monitor
B000EWFXTM,6,3.667,70,0.9,115.833,2006-04,2014-02,monitor
B000F63C3G,6,3.667,44,0.9773,87.833,2006-06,2012-03,monitor
B000FFRZ3K,6,3.667,55,0.8909,182.667,2006-09,2007-10,monitor
B000FHGUWA,6,3.667,51,0.9804,248.333,2006-09,2009-02,monitor
B000FITJ04,6,3.667,12,0.4167,180.333,2008-08,2013-01,monitor
B000FMPGLQ,6,3.667,66,0.9242,134.167,2006-12,2013-12,monitor
B000FQBJU4,6,3.667,1,0.0,64.167,2007-09,2012-09,monitor
B000FTYTWQ,6,3.667,8,1.0,146,2007-07,2009-09,monitor
B000G6S8WU,6,3.667,44,0.9545,194.667,2006-09,2007-01,monitor
B000G6VFNE,6,3.667,73,0.9452,223,2006-08,2013-08,monitor
B000HBDTUK,6,3.667,7,0.7143,75.667,2007-11,2012-01,monitor
B000HKM24K,6,3.667,57,0.8421,274,2006-11,2010-06,monitor
B000HWS0PI,6,3.667,109,0.9725,218,2006-12,2007-09,monitor
B000I62WVQ,6,3.667,23,0.4348,301.5,2007-02,2008-04,monitor
B000I6LXCU,6,3.667,3,1.0,60.833,2007-10,2011-12,monitor
B000JC31L4,6,3.667,6,0.5,45.833,2010-01,2012-09,monitor
B000JKDTPE,6,3.667,30,0.9667,218.333,2007-02,2008-06,monitor
B000JT3L9E,6,3.667,5,0.8,70.167,2011-12,2013-12,monitor
3936710058,6,3.5,12,0.0,38.833,2012-12,2014-04,monitor
7799813393,6,3.5,13,0.6154,79.833,2012-08,2013-04,monitor
B00000K3RI,6,3.5,445,0.9551,161.833,1999-11,2013-06,monitor
B00003CWA6,6,3.5,25,0.36,59.5,2005-05,2013-09,monitor
B00005B70I,6,3.5,88,0.875,177.5,2001-05,2012-12,monitor
B00005V9Q3,6,3.5,57,0.8246,236.167,2002-11,2010-10,monitor
B00006B83F,6,3.5,22,0.4545,94,2005-09,2012-10,monitor
B00006B90H,6,3.5,22,0.7727,104.167,2008-09,2013-02,monitor
B00006LHLC,6,3.5,48,1.0,171.167,2003-08,2005-07,monitor
B000087BHV,6,3.5,135,0.3852,201.333,2003-01,2003-08,monitor
B00008N6Y9,6,3.5,1,1.0,75.667,2012-11,2014-03,monitor
B00008X5DC,6,3.5,60,0.9667,105.667,2004-10,2014-01,monitor
B00008XOK8,6,3.5,39,0.641,64.167,2004-05,2012-07,monitor
B00009KP31,6,3.5,22,0.8636,181.167,2003-09,2010-03,monitor
B00009UHCI,6,3.5,6,1.0,30,2012-01,2014-07,monitor
B0000AFX40,6,3.5,24,1.0,248,2003-10,2008-03,monitor
B0000AHO8Q,6,3.5,457,0.9453,143.667,2004-06,2006-07,monitor
B0001CVBRI,6,3.5,77,0.974,186,2004-02,2005-01,monitor
B0001EZN2A,6,3.5,24,1.0,167.167,2004-06,2005-09,monitor
B0001F1XNC,6,3.5,162,0.7593,81.5,2004-11,2008-09,monitor
B0001QNLVS,6,3.5,3,0.6667,54.333,2007-07,2011-03,monitor
B000281X6A,6,3.5,0,,37.5,2011-12,2013-12,monitor
B000289WOU,6,3.5,18,0.5556,117.167,2006-07,2014-05,monitor
B0002ALDRC,6,3.5,13,1.0,177.833,2007-10,2012-08,monitor
B0002M4HU0,6,3.5,30,1.0,79,2007-05,2009-07,monitor
B00066XI84,6,3.5,8,0.875,101.167,2006-02,2008-12,monitor
B00067TYFO,6,3.5,60,0.8,328,2005-09,2009-04,monitor
B00067WR30,6,3.5,8,1.0,123.833,2010-02,2014-06,monitor
B0006ZSQNC,6,3.5,17,1.0,79.333,2006-02,2008-11,monitor
B0007M3PJ4,6,3.5,93,0.7957,79,2005-10,2013-12,monitor
B0007N55L4,6,3.5,69,0.7826,289.5,2005-06,2010-05,monitor
B0007WW64O,6,3.5,19,0.7895,88.833,2009-10,2014-04,monitor
B0009IKDT6,6,3.5,4,0.25,105.333,2007-08,2011-10,monitor
B0009JGV32,6,3.5,31,0.871,44.5,2005-12,2010-05,monitor
B000AOFW0O,6,3.5,16,0.875,158,2006-05,2009-01,monitor
B000AQNAHO,6,3.5,28,0.75,125.167,2007-11,2013-04,monitor
B000BD665Y,6,3.5,12,0.8333,71.667,2006-07,2013-05,monitor
B000BU7XNG,6,3.5,9,0.8889,189,2010-04,2014-06,monitor
B000CDWNS2,6,3.5,32,0.9062,202.833,2007-03,2007-07,monitor
B000CFLNT0,6,3.5,1,1.0,25.667,2011-03,2013-12,monitor
B000ELE4Q6,6,3.5,146,0.6712,164.667,2006-07,2009-01,monitor
B000EWIYUM,6,3.5,35,0.9429,173.167,2007-02,2013-01,monitor
B000F1VAYY,6,3.5,37,0.5135,229.667,2011-04,2014-07,monitor
B000F2R5CO,6,3.5,56,0.7857,235.167,2006-06,2009-12,monitor
B000F2R5MY,6,3.5,82,0.9024,232.333,2006-10,2009-05,monitor
B000FDSMDO,6,3.5,223,0.9686,219.167,2007-03,2010-08,monitor
B000FEKEN4,6,3.5,10,0.9,45.333,2007-12,2011-12,monitor
B000FIC9K6,6,3.5,11,1.0,58.167,2008-04,2011-03,monitor
B000FS1UCY,6,3.5,15,0.9333,86,2007-03,2013-05,monitor
B000GPZKXG,6,3.5,6,1.0,68.833,2007-04,2010-10,monitor
B000HOWEG2,6,3.5,53,0.9057,98.333,2007-03,2009-04,monitor
B000I68LQG,6,3.5,24,0.9583,155.5,2008-10,2012-01,monitor
B000I990VI,6,3.5,8,0.625,37,2009-10,2013-05,monitor
B00000JBJQ,6,3.333,47,0.9149,172,2000-10,2014-04,monitor
B00004LC7Z,6,3.333,66,0.8333,125.667,2000-04,2005-03,monitor
B00004XRDB,6,3.333,38,1.0,194.833,2000-12,2010-12,monitor
B00005LOIP,6,3.333,21,0.9524,111,2001-09,2011-09,monitor
B00005M00O,6,3.333,174,0.8908,159.167,2001-10,2005-04,monitor
B000067SP4,6,3.333,6,0.8333,58.333,2008-06,2014-01,monitor
B0000683E3,6,3.333,28,0.8214,55.5,2003-06,2008-05,monitor
B0000691LX,6,3.333,82,0.939,264.167,2002-08,2002-12,monitor
B00006B91X,6,3.333,3,0.0,82,2008-01,2013-03,monitor
B00006TWL6,6,3.333,36,0.9722,138.5,2003-03,2005-08,monitor
B00007LI9D,6,3.333,138,0.7029,164.333,2005-12,2014-07,monitor
B0000899VM,6,3.333,149,0.7651,334.333,2003-07,2012-08,monitor
B00008MZ0B,6,3.333,91,0.8022,141.167,2003-05,2009-12,monitor
B000093S2G,6,3.333,89,0.764,183.333,2003-12,2013-05,monitor
B00009R9D5,6,3.333,65,0.8154,79.333,2007-07,2013-02,monitor
B0000C4G3G,6,3.333,11,0.6364,45.833,2009-01,2014-05,monitor
B00012O6RU,6,3.333,16,0.6875,112.333,2009-02,2013-11,monitor
B00026MSPC,6,3.333,14,0.9286,76.833,2006-06,2012-12,monitor
B0002CWPR2,6,3.333,29,0.5172,100.333,2004-11,2007-06,monitor
B0002ERY6W,6,3.333,108,0.4352,170,2004-07,2012-02,monitor
B0002HV4OW,6,3.333,17,0.5294,137.667,2004-08,2014-06,monitor
B0002WSL7A,6,3.333,25,0.8,53.167,2006-08,2009-06,monitor
B0002XRPNA,6,3.333,42,0.5238,93.333,2010-03,2014-02,monitor
B0004FO2TQ,6,3.333,23,0.8696,114.5,2005-04,2007-03,monitor
B0006HPCLY,6,3.333,11,0.3636,195.333,2005-12,2014-06,monitor
B0006OCZHG,6,3.333,2,1.0,136,2006-10,2012-02,monitor
B0007M2X9C,6,3.333,31,0.7419,127,2005-05,2008-06,monitor
B0007Q3C5M,6,3.333,1,1.0,45,2011-11,2014-03,monitor
B0007V5X22,6,3.333,5,0.8,88.333,2011-09,2013-02,monitor
B00083N8DK,6,3.333,3,1.0,55.833,2007-01,2012-01,monitor
B00092RTXK,6,3.333,36,0.8611,124.167,2005-12,2013-09,monitor
B0009PD2WY,6,3.333,7,0.4286,80.167,2006-11,2010-12,monitor
B000A6PPTA,6,3.333,44,0.7955,168.333,2005-11,2010-01,monitor
B000B64HF2,6,3.333,35,0.9714,194.333,2006-02,2009-07,monitor
B000BL6IZO,6,3.333,5,0.8,157.833,2007-01,2013-06,monitor
B000BP4ZQY,6,3.333,17,1.0,138.167,2007-08,2014-06,monitor
B000BT5HUS,6,3.333,16,0.875,88,2007-10,2013-03,monitor
B000CP332U,6,3.333,7,0.4286,41.667,2008-11,2014-07,monitor
B000E1TO6Q,6,3.333,43,0.907,107.333,2007-11,2009-08,monitor
B000E7N84Y,6,3.333,89,0.8539,226.333,2006-12,2013-01,monitor
B000F3XHLG,6,3.333,40,0.575,170.167,2007-09,2008-04,monitor
B000FCNG18,6,3.333,15,0.7333,277.5,2006-09,2013-07,monitor
B000GF2J76,6,3.333,51,0.9216,134.167,2006-07,2007-01,monitor
B000J3YFM2,6,3.333,252,0.619,222,2006-11,2007-12,monitor
B00005B6SC,6,3.167,34,0.8824,147.833,2001-08,2002-08,monitor
B00005QBV5,6,3.167,0,,47.167,2007-05,2014-02,monitor
B00005T3FS,6,3.167,1,1.0,67.167,2008-08,2013-07,monitor
B0000630TQ,6,3.167,90,0.8111,157.667,2002-05,2007-03,monitor
B00006B70R,6,3.167,22,0.8182,150.667,2005-08,2013-11,monitor
B00008A6CC,6,3.167,20,0.85,137.167,2003-08,2006-10,monitor
B00008I9ID,6,3.167,54,0.8889,328.667,2003-07,2006-06,monitor
B00008US79,6,3.167,24,0.8333,64.167,2007-04,2011-12,monitor
B00008VSKT,6,3.167,3,1.0,66.333,2010-12,2014-02,monitor
B00009W3HS,6,3.167,2,1.0,66.833,2013-01,2014-01,monitor
B0000AE67G,6,3.167,56,0.9286,114.5,2005-09,2010-08,monitor
B0000AZK3L,6,3.167,2,0.0,76.5,2007-03,2013-01,monitor
B0000BVYSM,6,3.167,28,1.0,115,2003-11,2014-01,monitor
B00012O6SY,6,3.167,21,0.8095,278.833,2006-06,2013-05,monitor
B0001RM9GA,6,3.167,141,0.8298,130.167,2004-05,2007-10,monitor
B0001RMAA0,6,3.167,48,0.75,138.667,2005-12,2013-04,monitor
B0001YFX0C,6,3.167,8,0.75,52.167,2004-07,2005-03,monitor
B0002E5P1I,6,3.167,36,0.8056,227.167,2004-12,2006-09,monitor
B0002OG6CA,6,3.167,155,0.8581,164.5,2004-09,2008-01,monitor
B0002OQXSW,6,3.167,14,0.7143,143.5,2005-09,2007-12,monitor
B0002Z44XC,6,3.167,2,1.0,84.667,2006-09,2009-05,monitor
B0007KI7SU,6,3.167,36,0.75,200.5,2005-09,2009-03,monitor
B0007N55NC,6,3.167,12,0.9167,124.333,2006-03,2014-02,monitor
B0007WTHLO,6,3.167,17,0.5882,118.5,2005-12,2009-01,monitor
B0009J68KI,6,3.167,1,1.0,55.833,2007-03,2012-05,monitor
B0009JR4Q0,6,3.167,34,0.8529,150.167,2006-11,2013-01,monitor
B0009N7OK2,6,3.167,85,0.6235,267.667,2005-07,2007-01,monitor
B0009PQQ9U,6,3.167,43,0.7209,89.333,2005-09,2008-01,monitor
B000ACRBT6,6,3.167,57,0.7018,207.833,2006-02,2013-03,monitor
B000ALY230,6,3.167,14,0.8571,67.5,2008-04,2013-04,monitor
B000BHB5YM,6,3.167,16,0.9375,69.833,2007-03,2010-10,monitor
B000BIUC7C,6,3.167,31,0.9677,171.5,2006-08,2010-12,monitor
B000BM93YG,6,3.167,22,0.7727,146.167,2006-10,2009-10,monitor
B000E0G00K,6,3.167,285,0.9544,360.833,2006-08,2011-03,monitor
B000EMDOD4,6,3.167,37,0.9189,149.5,2006-05,2011-12,monitor
B000EQKXFM,6,3.167,75,0.9867,259.667,2006-05,2010-12,monitor
B000F2JJNC,6,3.167,110,0.8182,214.667,2006-07,2011-04,monitor
B000F36HR2,6,3.167,34,0.7059,134.667,2006-07,2013-10,monitor
B000FDAN86,6,3.167,55,0.8364,90,2007-07,2012-10,monitor
B000FDETQI,6,3.167,18,0.9444,104.333,2007-10,2010-09,monitor
B000FPIM9G,6,3.167,98,0.949,173.167,2007-01,2013-04,monitor
B000FPM7JW,6,3.167,4,0.75,83.833,2007-01,2014-04,monitor
B000HCWN42,6,3.167,2,0.5,236.667,2008-07,2012-07,monitor
B000I04OB8,6,3.167,49,0.9592,93,2007-07,2009-07,monitor
6301977173,6,3.0,104,0.75,174,2000-05,2014-05,monitor
B0000300QQ,6,3.0,74,0.8784,209,2000-05,2009-09,monitor
B000059TGL,6,3.0,19,0.8947,119.5,2002-01,2014-04,monitor
B000063V7N,6,3.0,51,0.8824,177.833,2002-05,2003-09,monitor
B00006B8EI,6,3.0,15,0.8,204.833,2007-09,2010-10,monitor
B00006JP23,6,3.0,356,0.8989,222.833,2002-11,2012-12,monitor
B000092YPO,6,3.0,16,0.8125,123.333,2003-05,2006-05,monitor
B0001YFZ2I,6,3.0,28,0.6786,114,2004-12,2009-04,monitor
B00030NR6Q,6,3.0,12,0.75,120.333,2004-10,2011-08,monitor
B0006N2NOW,6,3.0,101,0.8713,105.5,2004-12,2011-07,monitor
B0006TLQM6,6,3.0,22,0.7273,140.667,2005-09,2006-10,monitor
B000791D82,6,3.0,39,0.9487,117.833,2006-01,2011-02,monitor
B0007LQKMO,6,3.0,3,0.6667,200.5,2008-10,2013-04,monitor
B0007QN87E,6,3.0,140,0.7786,275,2005-08,2007-03,monitor
B0009JR3UM,6,3.0,10,1.0,260.833,2008-12,2012-12,monitor
B0009MFQ1M,6,3.0,27,0.8889,116.5,2006-07,2008-04,monitor
B000BD4TH6,6,3.0,43,0.3488,72.5,2007-08,2013-12,monitor
B000EYRIGQ,6,3.0,6,0.8333,49,2009-02,2013-12,monitor
B000F744SM,6,3.0,177,0.9661,134,2006-06,2008-06,monitor
B000FNC2IK,6,3.0,53,0.9623,182.667,2006-11,2011-05,monitor
B000FU7YX6,6,3.0,20,0.85,65.167,2006-10,2013-02,monitor
B000GKDPVA,6,3.0,9,0.8889,48.167,2006-12,2011-08,monitor
B00004SD87,6,2.833,77,0.6623,195.5,2000-05,2013-02,monitor
B00004XRD3,6,2.833,18,0.8889,80,2001-04,2002-10,monitor
B00005I9QO,6,2.833,149,0.9664,161.333,2001-10,2008-03,monitor
B00005OAY3,6,2.833,102,0.902,155.333,2001-11,2011-10,monitor
B00005QVM6,6,2.833,27,0.7037,133.333,2002-10,2004-08,monitor
B000066HO3,6,2.833,68,0.9265,148.833,2002-08,2010-02,monitor
B00008OX0U,6,2.833,18,0.6667,49.5,2004-10,2012-12,monitor
B00008Z1QF,6,2.833,4,0.5,142.5,2005-07,2013-12,monitor
B00009Q39V,6,2.833,169,0.8994,163.833,2005-05,2007-09,monitor
B00011KNF0,6,2.833,10,1.0,104.667,2011-01,2014-01,monitor
B0007RB1X6,6,2.833,108,0.8426,121.5,2005-06,2013-04,monitor
B00081PR72,6,2.833,18,0.8889,318.167,2006-08,2007-03,monitor
B000A4AWOU,6,2.833,45,0.9111,245.5,2006-01,2007-01,monitor
B000BKBYYK,6,2.833,58,0.9483,318.167,2006-10,2014-06,monitor
B000F811OG,6,2.833,49,0.9388,205.333,2006-04,2008-09,monitor
B000FEJPZW,6,2.833,44,0.8636,222.5,2006-12,2012-10,monitor
B000FEO23C,6,2.833,11,0.5455,61.5,2009-10,2011-11,monitor
B000IC2HZQ,6,2.833,11,0.9091,217.667,2010-08,2012-09,monitor
B00001MXYW,6,2.667,29,0.7931,138.833,2000-06,2004-10,monitor
B00004WHFM,6,2.667,31,0.8065,114.667,2000-12,2002-09,monitor
B00005O021,6,2.667,47,0.7447,147.167,2001-10,2007-10,monitor
B00006B6BS,6,2.667,140,0.9429,232.333,2002-10,2009-09,monitor
B00007KFT2,6,2.667,17,0.9412,131.167,2004-07,2010-02,monitor
B00008VEK8,6,2.667,41,0.8293,189.5,2003-12,2012-12,monitor
B00008WIX2,6,2.667,103,0.9126,147.667,2003-09,2012-08,monitor
B00009N7CK,6,2.667,225,0.9511,246,2003-08,2012-11,monitor
B00009V3L6,6,2.667,52,0.8077,237.833,2004-07,2005-10,monitor
B0001B43GK,6,2.667,50,0.82,128.5,2004-10,2010-10,monitor
B0001CLYAW,6,2.667,22,0.7273,108.333,2006-01,2009-09,monitor
B0001YFXMA,6,2.667,32,0.8125,75.167,2004-08,2005-04,monitor
B000682AW2,6,2.667,137,0.9854,162,2005-02,2006-01,monitor
B0006HUXTU,6,2.667,17,0.9412,77.667,2013-01,2013-11,monitor
B0007LCMBC,6,2.667,10,0.6,41.167,2008-03,2014-03,monitor
B000CPMBO6,6,2.667,8,0.625,178.333,2007-07,2011-06,monitor
B000E0R8GA,6,2.667,135,0.8667,291.5,2006-05,2013-02,monitor
B000FNCVB8,6,2.667,36,0.7778,113.5,2007-11,2012-04,monitor
B000GHEDHS,6,2.667,16,0.375,81,2008-01,2014-06,monitor
B000HAQHXC,6,2.667,152,0.7368,200,2006-10,2007-06,monitor
B000I1TKKW,6,2.667,91,0.8791,248,2006-11,2009-11,monitor
B000ISP3QA,6,2.667,19,0.7895,238.333,2008-05,2012-05,monitor
B000JFNEAY,6,2.667,54,0.8333,142.667,2007-12,2013-01,monitor
B000063Y7E,6,2.5,47,0.8085,187.5,2002-04,2004-11,monitor
B00006686C,6,2.5,4,0.75,141.667,2007-02,2013-11,monitor
B00006JPFC,6,2.5,6,0.8333,55.167,2009-07,2013-03,monitor
B00006SIJQ,6,2.5,110,0.8818,368.167,2003-04,2009-02,monitor
B0000C4DW1,6,2.5,81,0.8395,162,2003-09,2014-01,monitor
B0001XE07K,6,2.5,63,0.7302,213.333,2004-06,2007-12,monitor
B00022TNF4,6,2.5,35,0.8,122.167,2004-11,2005-03,monitor
B000230LLS,6,2.5,5,0.6,93.167,2010-10,2014-03,monitor
B000237AMQ,6,2.5,34,0.8824,113.333,2007-07,2014-03,monitor
B0002TPFW2,6,2.5,25,0.84,172.333,2005-07,2006-11,monitor
B000E68282,6,2.5,94,0.8191,208,2006-01,2012-12,monitor
B000FGV59Y,6,2.5,15,0.7333,123,2007-04,2014-04,monitor
B000067SBN,6,2.333,7,0.7143,57.333,2008-04,2013-12,monitor
B000290ZFY,6,2.333,48,0.8958,145.333,2004-12,2006-01,monitor
B0002BEYIQ,6,2.333,1,1.0,129.667,2012-08,2014-02,monitor
B0002TPFTU,6,2.333,46,0.8913,172.167,2005-11,2009-05,monitor
B0002UQALQ,6,2.333,50,0.92,150.5,2007-07,2009-12,monitor
B00064C5T4,6,2.333,81,0.4321,245.5,2004-11,2007-04,monitor
B00069ZWHQ,6,2.333,14,0.8571,155,2012-02,2014-06,monitor
B0007VVXHQ,6,2.333,35,0.7429,126.167,2008-01,2012-06,monitor
B0008D5FPE,6,2.333,77,0.987,71.167,2005-09,2014-06,monitor
B000B622D6,6,2.333,23,0.8261,98,2006-09,2007-03,monitor
B000FFI2AU,6,2.333,19,1.0,69.667,2007-01,2010-04,monitor
B000G61X5O,6,2.333,1,1.0,78,2007-08,2012-12,monitor
B00005B99R,6,2.167,178,0.9326,124,2003-05,2013-07,monitor
B00009W42U,6,2.167,33,0.8788,41.667,2008-03,2013-04,monitor
B00009W5QS,6,2.167,17,0.8235,89,2007-02,2010-01,monitor
B0000BZH4P,6,2.167,94,0.8723,79.333,2003-12,2005-01,monitor
B0001GT30Q,6,2.167,173,0.9364,294.5,2004-12,2007-01,monitor
B0009M96K4,6,2.167,7,0.5714,119.5,2006-02,2008-01,monitor
B000ACAWZ6,6,2.167,102,0.6961,99.5,2006-01,2006-10,monitor
B000EUJJ12,6,2.167,79,0.4684,153,2007-11,2014-04,monitor
B000EYH8TS,6,2.167,43,1.0,183.667,2006-10,2011-05,monitor
B000FCP5L2,6,2.167,55,0.9091,69.5,2007-02,2009-07,monitor
B000GOUE3S,6,2.167,35,0.9143,276.5,2007-04,2009-02,monitor
B000IN022K,6,2.167,63,0.7778,112,2007-05,2011-03,monitor
B000089JKR,6,2.0,53,0.9434,63.667,2004-10,2013-11,monitor
B0002JY6TK,6,2.0,23,0.913,46,2005-05,2006-11,monitor
B0006G11VK,6,2.0,34,0.8529,131.5,2005-06,2006-03,monitor
B0009RWK7K,6,2.0,89,0.8764,140,2004-12,2008-07,monitor
B000GCBOEI,6,2.0,19,0.5789,74.833,2007-03,2011-01,monitor
B000I2WF6W,6,2.0,100,0.99,166.833,2007-07,2011-03,monitor
B0000C0COS,6,1.833,45,0.8889,264.333,2004-01,2006-02,monitor
B0002ZH6PU,6,1.833,29,0.8621,145.667,2005-07,2007-12,monitor
B000AZFYQ0,6,1.833,13,0.7692,112,2007-11,2009-04,monitor
B0001YFX7U,6,1.667,80,0.9125,131.833,2004-08,2008-08,monitor
B000FCN9UG,6,1.667,34,0.9412,191.5,2006-12,2008-08,monitor
B0000CEPCH,6,1.5,44,0.5909,93,2004-03,2013-08,monitor
B0006TIA2U,6,1.5,13,0.7692,133.333,2005-02,2008-01,monitor
B0002PWLSW,6,1.333,12,0.75,80.333,2005-01,2010-03,monitor
B0002ZQFS4,6,1.333,26,0.6923,128,2005-06,2009-12,monitor
B00000J1UY,5,5.0,1,1.0,42.2,2011-09,2013-11,monitor
B00001QEAE,5,5.0,138,1.0,146,2000-02,2006-07,monitor
B0000225BA,5,5.0,29,0.8621,209.6,2007-01,2012-05,monitor
B00003CWDU,5,5.0,14,0.8571,115.8,2006-07,2010-09,monitor
B00003CWDW,5,5.0,9,1.0,46.2,2011-03,2014-05,monitor
B00003G1RC,5,5.0,23,0.6522,36.4,2001-02,2002-03,monitor
B00003G1RJ,5,5.0,16,0.8125,59.8,2001-04,2003-05,monitor
B00004SYKO,5,5.0,12,1.0,128.4,2007-09,2014-04,monitor
B00004Z6GY,5,5.0,4,1.0,58.2,2008-12,2014-03,monitor
B00004Z6HU,5,5.0,6,1.0,69,2009-05,2013-08,monitor
B000056I6K,5,5.0,34,1.0,77,2001-11,2014-05,monitor
B00005ABC9,5,5.0,45,0.9778,150.2,2002-10,2013-03,monitor
B00005AY7P,5,5.0,205,0.9902,210.8,2001-06,2003-04,monitor
B00005MIUN,5,5.0,30,0.7,337.2,2002-03,2003-01,monitor
B00005NK38,5,5.0,26,0.8846,208.2,2001-09,2003-12,monitor
B00005QSRF,5,5.0,23,1.0,83.2,2002-08,2012-06,monitor
B000063VY6,5,5.0,12,0.5833,61.4,2009-08,2013-03,monitor
B0000643QX,5,5.0,50,1.0,185.8,2002-05,2002-10,monitor
B0000665P3,5,5.0,87,0.8276,45.8,2003-07,2010-01,monitor
B000067RMY,5,5.0,4,1.0,49.8,2010-11,2014-04,monitor
B0000683E1,5,5.0,26,0.8846,46.8,2002-09,2003-06,monitor
B000068PJF,5,5.0,9,0.8889,199.4,2004-02,2006-09,monitor
B00006BBGS,5,5.0,7,1.0,69.8,2010-10,2014-05,monitor
B00006CFDO,5,5.0,6,0.6667,39,2007-02,2014-03,monitor
B00006HSM1,5,5.0,1,1.0,57.2,2010-06,2013-02,monitor
B00006JKWE,5,5.0,2,0.5,35.8,2008-06,2013-04,monitor
B00006JP52,5,5.0,2,1.0,31.6,2009-02,2012-12,monitor
B00006JP5G,5,5.0,13,0.7692,77.2,2004-02,2014-01,monitor
B00006JPTU,5,5.0,7,0.8571,147.6,2012-11,2014-07,monitor
B00007FHDR,5,5.0,0,,60.8,2010-10,2014-03,monitor
B000083JZG,5,5.0,11,0.8182,97.2,2008-05,2010-12,monitor
B00008AOKK,5,5.0,3,1.0,64.2,2010-07,2012-07,monitor
B00008X5E8,5,5.0,1,0.0,39.4,2010-12,2013-01,monitor
B000095SB3,5,5.0,19,1.0,59.6,2005-07,2009-12,monitor
B000099103,5,5.0,57,0.9825,114,2004-11,2010-06,monitor
B00009B8H6,5,5.0,44,0.8636,92,2011-03,2014-02,monitor
B00009MDBY,5,5.0,123,0.8943,220,2004-01,2004-12,monitor
B00009R864,5,5.0,11,1.0,146,2006-12,2011-02,monitor
B00009R86M,5,5.0,7,0.7143,93.8,2005-03,2009-01,monitor
B00009R8CX,5,5.0,3,1.0,38.2,2007-04,2013-06,monitor
B00009R8D5,5,5.0,39,0.7692,177.8,2010-05,2013-01,monitor
B00009R8EU,5,5.0,2,1.0,83.6,2009-09,2013-12,monitor
B00009R9EP,5,5.0,54,0.963,122.2,2005-08,2010-11,monitor
B00009UTOF,5,5.0,9,0.5556,26.4,2009-05,2013-08,monitor
B00009V2S5,5,5.0,2,1.0,36.8,2010-08,2013-08,monitor
B0000AE67N,5,5.0,7,0.5714,66,2009-04,2014-03,monitor
B0000AE6AX,5,5.0,3,0.6667,77.4,2011-03,2012-11,monitor
B0000AIS27,5,5.0,7,0.8571,66,2011-03,2014-06,monitor
B0000AM6T5,5,5.0,7,1.0,60,2006-03,2010-02,monitor
B0000AY3K7,5,5.0,37,0.9459,410.4,2006-04,2007-05,monitor
B0000CEUM7,5,5.0,66,0.8939,351.4,2003-09,2004-10,monitor
B0000TN0ZS,5,5.0,31,0.9355,69.2,2004-11,2011-08,monitor
B0000VP1WQ,5,5.0,24,0.7917,201.4,2004-10,2009-12,monitor
B00011PYDQ,5,5.0,47,0.8723,171.2,2003-12,2014-02,monitor
B0001YFX52,5,5.0,25,0.96,74,2004-05,2004-08,monitor
B00020H2MW,5,5.0,4,0.5,74.2,2010-03,2013-11,monitor
B00020Q282,5,5.0,9,1.0,112,2011-01,2012-10,monitor
B00028SPN4,5,5.0,10,0.8,233.8,2007-10,2013-09,monitor
B0002BEX78,5,5.0,6,1.0,37.2,2012-05,2013-05,monitor
B0002BG68W,5,5.0,0,,39.4,2010-12,2014-04,monitor
B0002EXJIO,5,5.0,7,0.8571,31,2010-04,2013-07,monitor
B0002HMRKW,5,5.0,1,1.0,35.8,2008-11,2013-05,monitor
B0002HTJ6M,5,5.0,0,,46.2,2010-06,2014-04,monitor
B0002KQZR0,5,5.0,2,1.0,25,2010-10,2014-05,monitor
B0002KR16Y,5,5.0,7,1.0,96,2012-09,2014-06,monitor
B0002OG6PM,5,5.0,91,0.8352,193.4,2004-09,2013-02,monitor
B000309ZA8,5,5.0,33,0.9697,171.4,2004-12,2005-05,monitor
B0006281SU,5,5.0,0,,35,2007-11,2014-07,monitor
B00069R5LW,5,5.0,1,1.0,44.8,2012-05,2014-01,monitor
B0006GYNPQ,5,5.0,35,0.9429,169.4,2005-11,2011-12,monitor
B0006HU304,5,5.0,76,0.9737,323,2005-03,2005-10,monitor
B0006MZML4,5,5.0,4,1.0,69,2009-09,2013-06,monitor
B0006UMGHE,5,5.0,39,0.9744,191.4,2007-03,2012-04,monitor
B00073MP6W,5,5.0,5,1.0,170.8,2006-03,2011-04,monitor
B00076QVM8,5,5.0,0,,94.4,2011-05,2013-05,monitor
B00077IS32,5,5.0,7,0.8571,138.2,2010-02,2011-12,monitor
B0007IFVH2,5,5.0,0,,41,2013-06,2014-05,monitor
B0007L8A7M,5,5.0,14,0.9286,70.6,2013-01,2014-06,monitor
B0007LHVEU,5,5.0,109,0.8716,129.8,2008-02,2012-06,monitor
B0007MW0PE,5,5.0,1,1.0,38.4,2010-02,2014-06,monitor
B0007XYK8S,5,5.0,12,0.75,40,2007-07,2013-04,monitor
B0009B0HEE,5,5.0,18,0.8889,29.8,2006-09,2007-09,monitor
B0009B0KKA,5,5.0,10,1.0,64,2009-02,2014-05,monitor
B0009JMUH8,5,5.0,0,,27.2,2007-08,2009-10,monitor
B0009JR3RA,5,5.0,9,1.0,174.4,2012-03,2014-07,monitor
B0009JR4T2,5,5.0,3,0.6667,187.6,2006-11,2007-07,monitor
B0009SZHR4,5,5.0,1,1.0,53.8,2011-12,2014-07,monitor
B0009VP9RO,5,5.0,5,1.0,47,2012-04,2014-04,monitor
B000A7B9XK,5,5.0,86,0.9884,326.4,2005-12,2007-02,monitor
B000ANQI9E,5,5.0,10,1.0,92.8,2006-02,2009-05,monitor
B000BBCTIE,5,5.0,15,1.0,63.8,2007-01,2007-05,monitor
B000BC98H8,5,5.0,36,0.8889,296.6,2008-03,2013-01,monitor
B000BI3NWI,5,5.0,5,0.8,63,2007-07,2010-03,monitor
B000BS40NO,5,5.0,2,1.0,55.8,2006-11,2007-01,monitor
B000BSHJYQ,5,5.0,5,1.0,64.6,2008-06,2013-01,monitor
B000BSJHXC,5,5.0,0,,22.6,2010-06,2013-09,monitor
B000BUNKME,5,5.0,1,1.0,36.2,2010-07,2014-02,monitor
B000CC9VF6,5,5.0,1,1.0,27.8,2007-06,2013-07,monitor
B000DZ9MYM,5,5.0,18,1.0,83.8,2006-07,2008-01,monitor
B000DZFTZS,5,5.0,193,0.9585,198.6,2006-05,2007-03,monitor
B000E8VQ74,5,5.0,27,0.8889,100.6,2006-07,2008-04,monitor
B000EENL6C,5,5.0,16,1.0,62,2012-02,2014-06,monitor
B000EHHOOE,5,5.0,27,0.8148,254.6,2006-12,2009-05,monitor
B000EI0EBS,5,5.0,23,0.7826,126.2,2009-08,2014-03,monitor
B000EZKAHY,5,5.0,67,1.0,286.8,2006-11,2007-01,monitor
B000F70UY4,5,5.0,32,0.9375,175.8,2007-01,2010-02,monitor
B000F744C8,5,5.0,15,1.0,92.2,2007-04,2008-02,monitor
B000F7A85A,5,5.0,58,1.0,274,2006-09,2011-06,monitor
B000F8YEFO,5,5.0,46,0.8913,269.6,2007-11,2014-06,monitor
B000FA8U9S,5,5.0,10,1.0,92.8,2011-06,2014-03,monitor
B000FBL3U0,5,5.0,9,1.0,52.4,2006-07,2009-10,monitor
B000FDMAHS,5,5.0,11,1.0,247,2007-09,2010-12,monitor
B000FE6X2K,5,5.0,2,1.0,64.4,2013-01,2014-07,monitor
B000FR56IE,5,5.0,7,0.8571,104.4,2007-09,2010-04,monitor
B000FSOZT4,5,5.0,1,1.0,69.4,2012-06,2013-11,monitor
B000FTLN02,5,5.0,56,0.9643,60.8,2006-08,2013-06,monitor
B000FU1ZMC,5,5.0,3,1.0,48,2007-01,2013-12,monitor
B000G6XY42,5,5.0,4,0.75,55.8,2008-06,2014-02,monitor
B000GAVT5E,5,5.0,6,1.0,37.8,2011-09,2013-11,monitor
B000GBYVPI,5,5.0,6,1.0,37,2007-01,2010-09,monitor
B000GGWFUQ,5,5.0,6,1.0,148.6,2007-09,2011-01,monitor
B000GSO73M,5,5.0,34,1.0,383.2,2006-10,2007-04,monitor
B000H4HS72,5,5.0,23,0.913,87.6,2007-05,2013-08,monitor
B000H5E6D0,5,5.0,6,0.8333,94.6,2007-02,2010-05,monitor
B000HCQV68,5,5.0,8,0.5,96.2,2011-08,2014-02,monitor
B000HDMUV2,5,5.0,8,0.75,31.8,2012-08,2014-02,monitor
B000HWSQDO,5,5.0,0,,115.4,2011-08,2013-07,monitor
B000I7SWLO,5,5.0,12,1.0,122.8,2008-10,2010-01,monitor
B000I94F3G,5,5.0,7,0.5714,61.6,2011-09,2014-07,monitor
B000I97FI8,5,5.0,4,0.5,49.2,2012-08,2013-11,monitor
B000IE1QOW,5,5.0,25,0.84,39.4,2006-09,2008-10,monitor
B000IFP9WG,5,5.0,61,0.9672,149,2006-11,2007-12,monitor
B000ILEL0G,5,5.0,3,1.0,39.2,2008-03,2011-12,monitor
B000IMWEHM,5,5.0,4,1.0,83.4,2008-01,2008-07,monitor
B000IVO4ZS,5,5.0,2,1.0,35.4,2008-04,2014-02,monitor
B000J3G6PG,5,5.0,3,1.0,95.4,2008-05,2014-05,monitor
B000J4IIVK,5,5.0,34,0.9706,79.8,2008-12,2013-07,monitor
B000JI262I,5,5.0,21,1.0,62.4,2007-05,2010-03,monitor
B000JLTXOO,5,5.0,3,0.6667,31.6,2008-10,2014-05,monitor
B00000I9HF,5,4.8,1,1.0,46.6,2011-12,2014-06,monitor
B00000J1UB,5,4.8,4,1.0,53.4,2011-08,2013-08,monitor
B00000J4LQ,5,4.8,35,0.9143,78.8,1999-11,2013-05,monitor
B00000JBHE,5,4.8,11,0.8182,115.6,2000-01,2007-12,monitor
B00001YVG4,5,4.8,40,0.975,79,2000-02,2009-09,monitor
B000021YUL,5,4.8,242,0.9793,252.8,1999-11,2002-06,monitor
B00004SYB7,5,4.8,25,0.84,43.2,2001-01,2011-09,monitor
B00004TF4V,5,4.8,159,0.9686,184.2,2000-05,2005-10,monitor
B00004TJ7S,5,4.8,19,0.9474,106.2,2009-06,2012-12,monitor
B00004TY7F,5,4.8,62,0.8387,85.8,2001-05,2013-05,monitor
B00004WZON,5,4.8,133,0.8947,443.4,2002-07,2010-04,monitor
B00004Y3TO,5,4.8,6,0.5,56.4,2009-09,2014-02,monitor
B00004Z5IF,5,4.8,1,1.0,55.2,2010-06,2014-04,monitor
B00004Z5KG,5,4.8,0,,30.6,2012-08,2014-04,monitor
B00004Z7A5,5,4.8,19,1.0,178.4,2003-09,2010-12,monitor
B00004ZCAQ,5,4.8,14,0.2857,47.6,2007-05,2013-12,monitor
B00005111H,5,4.8,67,0.7761,76.2,2001-06,2009-03,monitor
B00005122S,5,4.8,8,0.375,93.2,2007-09,2013-11,monitor
B0000512C5,5,4.8,0,,30.6,2008-07,2014-02,monitor
B00005444H,5,4.8,27,0.963,78,2000-12,2002-01,monitor
B000056B2J,5,4.8,77,0.974,182.2,2001-06,2001-08,monitor
B00005A3JA,5,4.8,79,0.8861,92,2001-03,2002-02,monitor
B00005B5DR,5,4.8,106,0.9528,102.2,2001-08,2003-01,monitor
B00005ICE0,5,4.8,7,1.0,54.8,2002-05,2014-07,monitor
B00005LEOI,5,4.8,79,0.9494,148.6,2009-08,2013-04,monitor
B00005ML59,5,4.8,18,0.9444,80.2,2001-09,2002-09,monitor
B00005N5WV,5,4.8,4,0.75,123.8,2007-07,2014-04,monitor
B00005NDUP,5,4.8,40,0.975,104.6,2001-09,2003-01,monitor
B00005T3BF,5,4.8,22,1.0,122.6,2008-03,2012-08,monitor
B00005T3FX,5,4.8,5,0.6,51.2,2007-11,2013-05,monitor
B00005T3GB,5,4.8,5,1.0,49,2009-09,2013-05,monitor
B00005T3ZP,5,4.8,6,1.0,41,2010-02,2013-03,monitor
B000062SU0,5,4.8,12,0.5833,70.2,2004-07,2005-04,monitor
B00006343J,5,4.8,8,0.625,86.6,2006-08,2011-04,monitor
B000067RM6,5,4.8,8,0.75,49,2006-01,2013-11,monitor
B000067RR5,5,4.8,1,0.0,34.4,2012-12,2014-04,monitor
B000068OB1,5,4.8,2,1.0,41.2,2011-08,2014-03,monitor
B000068OFB,5,4.8,0,,41.8,2014-01,2014-07,monitor
B00006B7RS,5,4.8,0,,79.6,2011-11,2014-02,monitor
B00006BBK8,5,4.8,9,1.0,86.2,2009-01,2013-04,monitor
B00006G33L,5,4.8,54,0.9074,77,2009-06,2013-02,monitor
B00006HCIO,5,4.8,14,0.9286,91.2,2003-08,2007-08,monitor
B00006HOH7,5,4.8,6,0.1667,55.6,2010-03,2013-12,monitor
B00006HOIT,5,4.8,0,,44.6,2010-10,2013-08,monitor
B00006HOZB,5,4.8,30,1.0,112.4,2002-09,2014-04,monitor
B00006HTFS,5,4.8,0,,27.4,2009-07,2013-03,monitor
B00006HVZ7,5,4.8,38,0.9737,121,2004-02,2013-07,monitor
B00006I539,5,4.8,39,0.6667,127.2,2003-05,2014-06,monitor
B00006JKW4,5,4.8,1,1.0,42.8,2009-04,2010-09,monitor
B00006L4XB,5,4.8,3,1.0,34,2009-04,2014-03,monitor
B00006LIN8,5,4.8,39,0.9487,153,2003-01,2007-12,monitor
B00006MJFB,5,4.8,1,1.0,53.4,2012-11,2014-06,monitor
B00006RVTR,5,4.8,14,1.0,61.2,2007-04,2013-06,monitor
B00007EDYD,5,4.8,2,1.0,67.6,2011-11,2014-05,monitor
B00007G9J5,5,4.8,28,0.9643,115.6,2005-11,2008-12,monitor
B00008AYBH,5,4.8,1,1.0,34.8,2011-09,2014-06,monitor
B00008XL1I,5,4.8,67,0.9403,226.6,2003-06,2004-03,monitor
B00009R8EY,5,4.8,15,1.0,43.2,2007-01,2009-01,monitor
B00009R9E3,5,4.8,6,0.8333,56.6,2008-04,2013-09,monitor
B00009UT5X,5,4.8,2,0.5,35.8,2011-10,2014-05,monitor
B0000A4JNG,5,4.8,0,,41,2010-02,2013-07,monitor
B0000AB4PP,5,4.8,13,1.0,79.2,2010-07,2013-06,monitor
B0000AC924,5,4.8,0,,38.8,2008-10,2014-04,monitor
B0000AFX16,5,4.8,26,0.9615,154.8,2003-12,2007-01,monitor
B0000AHO9L,5,4.8,10,0.4,33.2,2008-04,2013-11,monitor
B0000AI1FP,5,4.8,24,0.9583,145,2005-11,2013-09,monitor
B0000AI1GY,5,4.8,9,1.0,70.6,2007-06,2014-03,monitor
B0000ALKF6,5,4.8,2,1.0,115.4,2011-01,2014-03,monitor
B0000ALKJR,5,4.8,0,,28.8,2009-02,2014-04,monitor
B0000AQIZO,5,4.8,2,1.0,57.2,2009-02,2014-03,monitor
B0000AUR24,5,4.8,7,1.0,38,2010-08,2013-11,monitor
B0000AYB0N,5,4.8,1,1.0,56.6,2013-03,2014-07,monitor
B0000BVDZZ,5,4.8,7,0.4286,110.4,2011-10,2014-04,monitor
B0000BZIE0,5,4.8,11,0.9091,46.2,2006-11,2014-04,monitor
B0000CCSDS,5,4.8,24,0.9167,111.2,2007-04,2013-04,monitor
B0000DF2QB,5,4.8,55,0.9636,250.4,2003-11,2004-01,monitor
B0000E2Y7Q,5,4.8,12,1.0,58.2,2006-03,2013-11,monitor
B0000W64XK,5,4.8,13,0.3846,114.6,2004-02,2005-06,monitor
B00011CS12,5,4.8,2,0.5,68.6,2009-09,2014-06,monitor
B000138SY6,5,4.8,10,0.9,50.4,2008-02,2012-04,monitor
B00013J7UK,5,4.8,14,0.7857,99.2,2010-11,2014-02,monitor
B00017LROK,5,4.8,16,0.875,41.2,2012-05,2014-04,monitor
B0001AUAUE,5,4.8,45,0.9778,46,2005-03,2013-12,monitor
B0001DBEJC,5,4.8,86,0.9767,207.6,2004-06,2006-01,monitor
B0001GV5FM,5,4.8,31,0.9032,204.8,2006-04,2013-10,monitor
B0001LXQIQ,5,4.8,110,0.9727,181.4,2004-09,2005-12,monitor
B0001YFZMI,5,4.8,103,0.9612,166.6,2004-06,2005-02,monitor
B0001YXWLE,5,4.8,6,1.0,83.8,2005-05,2010-05,monitor
B0001Z99T2,5,4.8,28,0.9643,105,2008-08,2010-09,monitor
B00021UJ62,5,4.8,6,1.0,116.8,2004-08,2014-03,monitor
B000230LN6,5,4.8,18,0.9444,141.2,2009-06,2013-08,monitor
B0002472FK,5,4.8,56,0.9464,194.2,2004-06,2005-07,monitor
B000247YLC,5,4.8,0,,114.6,2007-02,2014-02,monitor
B00027951G,5,4.8,0,,96.6,2011-02,2014-06,monitor
B00028CAJE,5,4.8,9,0.2222,51.6,2007-09,2008-04,monitor
B00029U0YK,5,4.8,7,1.0,84,2006-03,2013-03,monitor
B0002BG6TG,5,4.8,2,0.5,72.6,2010-01,2014-05,monitor
B0002DCJT0,5,4.8,42,0.9762,443,2005-06,2008-07,monitor
B0002E396G,5,4.8,1,1.0,60.2,2011-02,2014-01,monitor
B0002F7BR8,5,4.8,11,1.0,66,2007-07,2013-07,monitor
B0002GV8A8,5,4.8,1,0.0,30.2,2011-09,2013-10,monitor
B0002HMSGK,5,4.8,17,0.9412,60.8,2008-05,2014-01,monitor
B0002I7U3K,5,4.8,1,1.0,37.8,2007-08,2008-04,monitor
B0002IKQP4,5,4.8,16,1.0,163,2013-01,2013-09,monitor
B0002J1I1Y,5,4.8,0,,29,2010-05,2014-02,monitor
B0002J24QM,5,4.8,4,1.0,53,2010-01,2014-03,monitor
B0002JCA2A,5,4.8,29,0.9655,194.6,2004-10,2005-09,monitor
B0002KR1LO,5,4.8,5,0.6,225.2,2010-04,2014-05,monitor
B0002KR1YG,5,4.8,0,,52,2011-11,2013-10,monitor
B0002KR39O,5,4.8,2,1.0,24,2009-11,2013-02,monitor
B0002T3UNS,5,4.8,52,0.9231,85.4,2004-12,2014-04,monitor
B0002WRHZC,5,4.8,7,0.8571,244.6,2011-01,2014-03,monitor
B0002YTKAK,5,4.8,7,0.8571,42.4,2011-09,2014-02,monitor
B0002YXUS8,5,4.8,10,0.8,41,2005-09,2013-03,monitor
B0002ZPUN0,5,4.8,1,1.0,43.8,2008-06,2014-05,monitor
B00030CHQW,5,4.8,10,0.9,141,2011-01,2014-01,monitor
B00062URN2,5,4.8,24,1.0,198.2,2005-06,2013-12,monitor
B00064AQI6,5,4.8,60,1.0,248.6,2006-12,2011-11,monitor
B00065HLYC,5,4.8,105,0.9333,264.8,2005-03,2006-09,monitor
B00068KAV0,5,4.8,8,1.0,104,2006-08,2008-05,monitor
B0006DPPW4,5,4.8,12,1.0,260.2,2006-06,2010-01,monitor
B0006DPQBE,5,4.8,9,0.8889,157,2007-07,2011-11,monitor
B0006HXN38,5,4.8,2,1.0,34.6,2013-01,2014-04,monitor
B0006N41CO,5,4.8,3,1.0,72.8,2011-01,2014-06,monitor
B0006N41EM,5,4.8,3,1.0,56.4,2009-12,2014-01,monitor
B0006ZBHOW,5,4.8,10,1.0,73.2,2006-08,2011-02,monitor
B00073MP94,5,4.8,10,1.0,81,2008-08,2011-11,monitor
B0007INITA,5,4.8,6,0.8333,44,2009-02,2014-06,monitor
B0007LXT50,5,4.8,65,0.9538,177.8,2006-05,2014-01,monitor
B0007M2X9M,5,4.8,12,1.0,122.4,2006-12,2008-06,monitor
B0007NI2DM,5,4.8,1,1.0,35,2010-01,2013-08,monitor
B0007OWARU,5,4.8,13,1.0,42.4,2007-12,2012-02,monitor
B0007WRP0E,5,4.8,3,1.0,91.4,2011-10,2013-07,monitor
B0007WTF1Q,5,4.8,0,,50.8,2013-03,2014-05,monitor
B0007X5OZ6,5,4.8,23,0.913,97.2,2006-07,2013-10,monitor
B00083CZCU,5,4.8,4,1.0,66.6,2005-08,2006-11,monitor
B0008JFHHO,5,4.8,8,0.875,67.6,2011-05,2014-03,monitor
B00098FFN0,5,4.8,9,1.0,91.6,2008-12,2013-05,monitor
B0009HMQ6K,5,4.8,3,0.6667,84,2013-07,2014-07,monitor
B0009PEY44,5,4.8,4,1.0,114.4,2009-11,2012-10,monitor
B0009SWLDM,5,4.8,0,,31.8,2013-04,2014-07,monitor
B0009U603C,5,4.8,34,0.8824,80,2006-01,2011-01,monitor
B000A3JDBE,5,4.8,4,0.5,221.8,2008-05,2011-07,monitor
B000AMAUV2,5,4.8,4,0.25,83.6,2007-01,2013-12,monitor
B000AW1G42,5,4.8,6,0.8333,128.4,2007-12,2010-03,monitor
B000AZ0PZ0,5,4.8,86,0.8721,150.6,2005-11,2008-11,monitor
B000B5KUSG,5,4.8,15,0.9333,79.2,2009-03,2012-02,monitor
B000B5KUX6,5,4.8,8,0.875,45.2,2006-03,2013-02,monitor
B000BQU4OU,5,4.8,19,0.9474,51.4,2007-06,2011-12,monitor
B000BRX798,5,4.8,7,0.8571,55,2007-11,2009-05,monitor
B000BSHJK0,5,4.8,0,,29.2,2012-04,2014-05,monitor
B000BSLU28,5,4.8,38,0.8947,134.8,2006-06,2013-09,monitor
B000BW0RRI,5,4.8,20,0.9,34.8,2008-01,2010-04,monitor
B000CSOJ2K,5,4.8,9,0.8889,82.6,2009-12,2014-03,monitor
B000CZ3M8U,5,4.8,2,0.5,42.2,2010-05,2013-10,monitor
B000DZH4CE,5,4.8,8,0.5,145,2006-09,2013-07,monitor
B000E0IW1A,5,4.8,55,0.9091,181.6,2006-06,2007-02,monitor
B000E39V9E,5,4.8,30,0.8667,242.6,2006-07,2006-08,monitor
B000E7WFBQ,5,4.8,12,1.0,72.6,2007-01,2013-06,monitor
B000EIW3EO,5,4.8,7,1.0,106,2007-10,2012-02,monitor
B000EMAXPQ,5,4.8,18,1.0,120,2006-04,2012-11,monitor
B000EONVWG,5,4.8,80,0.975,130.4,2007-05,2008-10,monitor
B000ETP872,5,4.8,16,1.0,82.6,2008-08,2010-10,monitor
B000F6570C,5,4.8,4,1.0,86.8,2006-12,2012-02,monitor
B000F6UK6I,5,4.8,6,0.5,37.4,2006-08,2012-03,monitor
B000F8SZIG,5,4.8,14,0.8571,191.2,2008-11,2014-01,monitor
B000F9NXT6,5,4.8,135,0.8593,214.4,2006-08,2009-04,monitor
B000FCSXC0,5,4.8,68,0.9853,228.2,2007-03,2012-12,monitor
B000FIH6NG,5,4.8,7,0.8571,71.6,2006-08,2008-01,monitor
B000FPWRAQ,5,4.8,14,1.0,45.6,2009-05,2014-05,monitor
B000G82JZK,5,4.8,5,1.0,66.6,2010-07,2013-12,monitor
B000GAY5IM,5,4.8,22,0.9545,73.6,2007-08,2012-11,monitor
B000GHDQO4,5,4.8,10,0.8,111,2010-07,2013-08,monitor
B000GUHOYE,5,4.8,39,0.9231,203.6,2012-08,2014-01,monitor
B000GVIOPQ,5,4.8,3,1.0,90.6,2009-02,2011-12,monitor
B000H46O4U,5,4.8,9,1.0,152.4,2008-01,2013-02,monitor
B000H7GU14,5,4.8,2,0.5,39,2012-02,2014-05,monitor
B000HJ9WJ4,5,4.8,2,0.0,117.4,2011-09,2013-05,monitor
B000HZF17U,5,4.8,26,1.0,93,2007-10,2014-05,monitor
B000I2G6AS,5,4.8,7,1.0,93.2,2008-04,2013-02,monitor
B000JJDBEE,5,4.8,2,1.0,83.6,2009-12,2011-12,monitor
B000JK4YQM,5,4.8,74,0.973,465.4,2007-08,2009-05,monitor
B000JQBIY2,5,4.8,19,0.7368,67,2007-12,2010-10,monitor
9966541551,5,4.6,4,0.75,63,2014-01,2014-04,monitor
B000006OQ8,5,4.6,9,0.7778,87.4,2008-11,2013-11,monitor
B00000J3HB,5,4.6,39,0.6154,123.4,2000-01,2001-02,monitor
B00000J40X,5,4.6,103,0.9612,478.6,2000-08,2004-07,monitor
B00000JDEL,5,4.6,45,0.9556,164,2000-07,2005-01,monitor
B00002NDRF,5,4.6,5,1.0,66.6,2011-02,2013-04,monitor
B00003CWC9,5,4.6,3,1.0,79.4,2005-11,2011-12,monitor
B00004SY5G,5,4.6,12,0.9167,115.2,2002-03,2004-02,monitor
B00004TH2W,5,4.6,422,0.9834,348,2000-06,2001-08,monitor
B00004TS3B,5,4.6,6,1.0,39,2004-02,2011-03,monitor
B00004TS3D,5,4.6,5,0.4,44.6,2007-02,2014-03,monitor
B00004TY7Q,5,4.6,18,0.9444,224.8,2006-03,2013-03,monitor
B00004U8LO,5,4.6,125,0.96,130.8,2000-11,2002-12,monitor
B00004VXO2,5,4.6,19,0.7895,93.4,2011-11,2014-07,monitor
B00004WCBU,5,4.6,21,1.0,208.6,2001-05,2003-02,monitor
B00004WHEX,5,4.6,44,0.9318,96.4,2000-12,2014-04,monitor
B00004ZD32,5,4.6,29,0.931,93.4,2001-10,2008-12,monitor
B00005N6SF,5,4.6,9,0.8889,47.2,2010-01,2013-11,monitor
B00005QZ0N,5,4.6,29,0.9655,106.2,2005-12,2008-08,monitor
B000063W8S,5,4.6,7,1.0,37.8,2006-06,2010-08,monitor
B000064184,5,4.6,51,0.9804,185,2003-03,2007-05,monitor
B0000659A2,5,4.6,23,0.7391,157.6,2002-07,2003-08,monitor
B000067DK0,5,4.6,166,0.9458,211.8,2003-03,2006-02,monitor
B000067DKB,5,4.6,78,0.9615,260.6,2002-07,2005-02,monitor
B000067S9H,5,4.6,21,0.8095,88.8,2007-07,2013-01,monitor
B000068OIR,5,4.6,8,0.625,80.4,2002-07,2003-03,monitor
B00006D2LG,5,4.6,12,0.9167,81.8,2004-02,2010-03,monitor
B00006HMQY,5,4.6,19,1.0,90.2,2003-10,2009-07,monitor
B00006HOAO,5,4.6,14,0.5,39.2,2006-12,2014-02,monitor
B00006HOFR,5,4.6,9,1.0,136.4,2010-08,2014-05,monitor
B00006HYJ3,5,4.6,42,0.8095,232,2002-12,2006-12,monitor
B00006I5BN,5,4.6,68,0.6471,147,2003-06,2012-03,monitor
B00006I5ER,5,4.6,36,0.7778,93.6,2008-03,2009-08,monitor
B00006I5VT,5,4.6,83,0.9518,222.8,2004-11,2012-03,monitor
B00006I5WR,5,4.6,17,1.0,153.2,2008-04,2011-10,monitor
B00006JI6E,5,4.6,7,0.5714,41.6,2006-05,2013-12,monitor
B00006JPBY,5,4.6,6,1.0,55.6,2006-07,2014-07,monitor
B00006JPF4,5,4.6,35,0.9714,55.8,2011-01,2014-03,monitor
B00006LHDX,5,4.6,6,0.8333,88.2,2006-12,2013-08,monitor
B00007J8SC,5,4.6,45,0.5556,128.2,2005-03,2009-10,monitor
B00008NNY0,5,4.6,36,0.8611,115.4,2003-05,2013-08,monitor
B00008NV1P,5,4.6,6,1.0,52.6,2006-01,2012-03,monitor
B00008OTE2,5,4.6,2,1.0,41.6,2008-01,2010-02,monitor
B00008RW87,5,4.6,44,1.0,150,2004-02,2004-11,monitor
B00008VSKH,5,4.6,16,1.0,77.2,2007-04,2013-01,monitor
B000095JBE,5,4.6,5,0.8,100.6,2008-03,2013-06,monitor
B00009R6V1,5,4.6,3,0.3333,73.4,2009-12,2014-06,monitor
B00009R96W,5,4.6,5,1.0,26.8,2007-02,2013-03,monitor
B00009R97A,5,4.6,18,0.9444,135.2,2008-01,2013-02,monitor
B00009R98X,5,4.6,1,1.0,67.2,2011-06,2013-08,monitor
B00009UTZ9,5,4.6,4,1.0,48,2008-04,2013-10,monitor
B00009V2XX,5,4.6,2,0.0,72.6,2010-04,2013-04,monitor
B00009WDU1,5,4.6,8,0.875,57.6,2012-09,2014-05,monitor
B0000A1GO9,5,4.6,14,1.0,71.2,2005-04,2013-08,monitor
B0000A5769,5,4.6,26,0.9231,77,2004-01,2013-12,monitor
B0000AB4NW,5,4.6,3,1.0,83.8,2008-09,2014-07,monitor
B0000AE6AN,5,4.6,8,0.625,35.6,2012-03,2014-06,monitor
B0000ALXPJ,5,4.6,0,,26.4,2012-01,2014-06,monitor
B0000AOWWB,5,4.6,8,0.75,41.8,2011-08,2014-02,monitor
B0000AVQXO,5,4.6,5,1.0,35.6,2004-12,2014-01,monitor
B0000AZK83,5,4.6,6,1.0,128.4,2011-05,2014-05,monitor
B0000C20XC,5,4.6,83,0.5422,254.4,2004-08,2005-10,monitor
B0000CA2GY,5,4.6,10,0.5,110,2005-07,2013-06,monitor
B0000CD08Z,5,4.6,6,1.0,137.2,2008-07,2014-02,monitor
B0000CEPB5,5,4.6,58,0.9828,91,2004-03,2014-02,monitor
B0000SWAGE,5,4.6,24,1.0,53,2004-09,2013-12,monitor
B0000XMUPA,5,4.6,2,0.5,63.6,2012-11,2014-05,monitor
B00012YI9Q,5,4.6,20,0.8,124.2,2008-04,2013-12,monitor
B00014K2WG,5,4.6,0,,42,2013-07,2014-02,monitor
B00017LS62,5,4.6,7,0.7143,37.2,2011-04,2014-05,monitor
B0001GNJX8,5,4.6,31,1.0,182.2,2005-12,2009-02,monitor
B0001HOWTW,5,4.6,82,1.0,69,2010-04,2010-08,monitor
B0001KVAXU,5,4.6,12,1.0,45,2005-01,2012-11,monitor
B0001PBLA2,5,4.6,69,0.913,155,2005-03,2007-01,monitor
B0001XGQUY,5,4.6,6,0.8333,59.4,2008-04,2009-10,monitor
B00021LJ9I,5,4.6,10,0.4,50,2004-05,2011-11,monitor
B00026BXQ2,5,4.6,2,1.0,54.6,2006-01,2009-12,monitor
B00028CAXA,5,4.6,30,0.9667,154.4,2004-07,2006-07,monitor
B000292DNQ,5,4.6,6,1.0,94,2010-03,2014-04,monitor
B00029U0X6,5,4.6,9,1.0,83.4,2008-02,2010-11,monitor
B0002BBQMI,5,4.6,12,1.0,52.4,2008-03,2013-12,monitor
B0002CUA6K,5,4.6,9,0.8889,60.8,2011-11,2014-01,monitor
B0002CZRUO,5,4.6,6,0.8333,48.8,2010-03,2014-04,monitor
B0002EE5IW,5,4.6,1,1.0,77,2011-10,2013-05,monitor
B0002GL42U,5,4.6,4,0.5,50.8,2009-01,2014-04,monitor
B0002HMRJS,5,4.6,4,1.0,49.2,2010-03,2013-01,monitor
B0002HTK7A,5,4.6,19,1.0,251.8,2010-07,2013-05,monitor
B0002KJJH8,5,4.6,1,1.0,42.4,2008-08,2014-07,monitor
B0002KR0A6,5,4.6,0,,29,2011-10,2013-11,monitor
B0002KR14Q,5,4.6,21,1.0,40.2,2010-05,2014-06,monitor
B0002KRAPG,5,4.6,6,1.0,79,2007-05,2014-07,monitor
B0002P19PI,5,4.6,41,1.0,159.4,2006-11,2008-03,monitor
B0002VQKUG,5,4.6,5,0.8,71.6,2007-02,2014-06,monitor
B0002Y5WW0,5,4.6,18,0.8333,121,2005-04,2013-03,monitor
B0002Z4572,5,4.6,61,0.9016,96,2005-04,2013-01,monitor
B0002Z9TGO,5,4.6,4,0.5,142.4,2013-08,2014-05,monitor
B0002ZPSKK,5,4.6,1,0.0,104,2012-01,2014-01,monitor
B00064OO8Y,5,4.6,12,0.8333,110,2005-03,2012-10,monitor
B00065Q8IC,5,4.6,79,0.9367,191.2,2005-09,2007-06,monitor
B00067OR60,5,4.6,4,1.0,99.4,2006-12,2011-08,monitor
B0006G0IHI,5,4.6,65,0.9538,188,2005-11,2008-11,monitor
B0006HBBJ6,5,4.6,60,0.9833,344.2,2005-09,2006-05,monitor
B0006N41AG,5,4.6,10,0.9,90.6,2009-10,2014-07,monitor
B0006NMRVQ,5,4.6,0,,60.2,2007-09,2014-06,monitor
B0006OCZLM,5,4.6,16,0.625,96.4,2006-03,2009-10,monitor
B0006ZSR40,5,4.6,21,0.4762,68.2,2008-09,2014-05,monitor
B0007KX4UQ,5,4.6,107,0.9626,180.6,2005-06,2005-10,monitor
B0007LBMLS,5,4.6,2,1.0,119.4,2007-04,2013-11,monitor
B0007N5LMM,5,4.6,29,0.9655,78.6,2008-06,2012-12,monitor
B0007P4G5S,5,4.6,26,0.5,297,2005-07,2008-07,monitor
B0007P98K6,5,4.6,66,0.9091,151.8,2005-10,2012-07,monitor
B00092RBDI,5,4.6,92,0.913,199,2005-08,2007-02,monitor
B00094NNA6,5,4.6,1,1.0,172.6,2009-02,2013-12,monitor
B0009B0KOQ,5,4.6,5,0.6,52.8,2006-09,2013-01,monitor
B0009FTMLO,5,4.6,36,0.9444,320.2,2005-07,2007-05,monitor
B0009JKH78,5,4.6,112,0.9018,232.8,2008-04,2013-05,monitor
B0009JR5SM,5,4.6,3,0.3333,54.2,2011-08,2014-03,monitor
B0009KNNUU,5,4.6,26,0.7308,71.4,2006-11,2013-12,monitor
B0009PCX6A,5,4.6,9,0.8889,192.6,2007-12,2010-02,monitor
B0009SXOTC,5,4.6,20,0.65,101.2,2010-01,2014-05,monitor
B0009SXWJE,5,4.6,3,1.0,38.4,2011-10,2014-05,monitor
B0009XSKZ0,5,4.6,18,0.7222,240,2005-08,2006-05,monitor
B0009Y2EXI,5,4.6,38,0.7895,201.2,2005-09,2012-01,monitor
B0009YAKM0,5,4.6,11,0.9091,109.8,2007-02,2012-10,monitor
B000A7JKTA,5,4.6,106,0.9245,207.4,2005-10,2013-02,monitor
B000AAPY8S,5,4.6,20,0.9,120.8,2005-10,2011-09,monitor
B000ALFZOU,5,4.6,10,0.9,42.4,2010-03,2014-02,monitor
B000ASGFNI,5,4.6,17,0.9412,118,2007-08,2013-11,monitor
B000B6J3BK,5,4.6,19,1.0,78.2,2008-02,2010-04,monitor
B000B86M8U,5,4.6,43,0.9535,246,2006-12,2013-02,monitor
B000BH95YE,5,4.6,12,0.9167,166.4,2005-12,2007-04,monitor
B000BKQNG4,5,4.6,55,0.8909,333.2,2007-05,2013-01,monitor
B000BPNUCY,5,4.6,3,1.0,169,2007-10,2008-04,monitor
B000CDA7VW,5,4.6,136,0.9706,399.8,2006-04,2014-05,monitor
B000CDKJ88,5,4.6,2,1.0,21.6,2012-11,2014-07,monitor
B000CDR8PU,5,4.6,1,1.0,81.6,2006-02,2010-06,monitor
B000CK9LDU,5,4.6,5,0.8,82.4,2011-01,2014-05,monitor
B000DZDLWQ,5,4.6,21,0.7619,315.6,2006-05,2009-10,monitor
B000E5FQSC,5,4.6,3,1.0,57.8,2011-02,2014-07,monitor
B000EAOV88,5,4.6,28,0.9286,129.8,2006-10,2007-07,monitor
B000EC7BRO,5,4.6,4,0.75,107.2,2007-01,2008-02,monitor
B000ES84Q0,5,4.6,10,0.9,35.4,2007-12,2013-03,monitor
B000EVMKU8,5,4.6,24,0.9583,96.8,2007-03,2014-03,monitor
B000EXHYKW,5,4.6,9,0.8889,231.2,2010-08,2013-04,monitor
B000F3PE3K,5,4.6,2,1.0,59.2,2011-08,2014-06,monitor
B000FGVFP8,5,4.6,16,0.9375,61.8,2008-06,2014-05,monitor
B000FJRLNK,5,4.6,10,1.0,127.4,2007-03,2009-10,monitor
B000FL8LZA,5,4.6,4,1.0,61.4,2009-06,2013-06,monitor
B000FOL7Q2,5,4.6,48,0.9375,231.4,2006-11,2008-11,monitor
B000FTHLGW,5,4.6,2,1.0,63.4,2007-02,2009-04,monitor
B000FU6MH0,5,4.6,9,1.0,88.2,2010-02,2014-06,monitor
B000G0LKW6,5,4.6,3,0.6667,68.4,2008-09,2014-01,monitor
B000G1YX56,5,4.6,11,1.0,76.2,2007-02,2010-04,monitor
B000G5YO9W,5,4.6,12,1.0,89.2,2008-06,2013-07,monitor
B000G6U5JO,5,4.6,4,1.0,78.6,2008-10,2010-03,monitor
B000GE0CUS,5,4.6,15,0.9333,66.8,2007-04,2009-10,monitor
B000GHGFX8,5,4.6,17,0.8235,188.4,2010-03,2014-07,monitor
B000GHVZO2,5,4.6,2,1.0,163.8,2007-05,2010-03,monitor
B000GU77SC,5,4.6,10,0.7,327.8,2011-05,2013-10,monitor
B000GYU7NA,5,4.6,1,1.0,23.8,2010-05,2014-07,monitor
B000H9AZIQ,5,4.6,14,1.0,146.2,2008-01,2010-08,monitor
B000HAAI0A,5,4.6,19,0.7895,281,2009-03,2012-03,monitor
B000HEANB0,5,4.6,31,0.6129,149,2007-11,2013-12,monitor
B000HEHDZY,5,4.6,14,1.0,125,2010-09,2014-05,monitor
B000HJ7SC2,5,4.6,2,0.5,59.8,2012-02,2013-01,monitor
B000HPZ904,5,4.6,5,1.0,37.8,2011-03,2013-05,monitor
B000HS8M46,5,4.6,11,0.5455,103,2007-07,2009-07,monitor
B000I0V3LW,5,4.6,43,0.9535,33.6,2007-04,2013-08,monitor
B000I3C2PK,5,4.6,15,1.0,107.4,2007-03,2007-08,monitor
B000I68HOC,5,4.6,24,0.875,112,2006-12,2012-12,monitor
B000IBDWNS,5,4.6,100,0.91,145,2007-01,2011-08,monitor
B000IC2I7I,5,4.6,14,1.0,52.6,2008-06,2013-02,monitor
B000JJ9MXS,5,4.6,18,0.3333,129.8,2007-08,2010-08,monitor
9984984362,5,4.4,5,0.2,47.2,2010-12,2013-12,monitor
B00000JBRV,5,4.4,7,0.7143,81.6,2011-07,2014-05,monitor
B00001OPJ1,5,4.4,19,0.8421,95.4,2000-06,2003-08,monitor
B00001W0H1,5,4.4,0,,55.6,2011-09,2013-07,monitor
B00003CWG3,5,4.4,31,0.7419,152.2,2004-11,2007-12,monitor
B00004SP9W,5,4.4,7,0.8571,37.8,2001-02,2014-03,monitor
B00004TX7E,5,4.4,67,0.9254,271.6,2001-02,2009-10,monitor
B00004U4S7,5,4.4,11,1.0,165.4,2004-06,2009-07,monitor
B0000501T1,5,4.4,15,0.9333,263.8,2007-09,2013-08,monitor
B0000511LW,5,4.4,1,1.0,117.6,2008-04,2013-05,monitor
B0000524OV,5,4.4,78,0.9487,82.8,2000-11,2001-12,monitor
B000059TF8,5,4.4,13,0.8462,95.2,2001-09,2006-10,monitor
B00005A3MC,5,4.4,242,0.9752,337.4,2001-05,2002-02,monitor
B00005ATMK,5,4.4,17,0.7647,39.4,2002-11,2014-03,monitor
B00005ICD2,5,4.4,27,0.963,210.8,2001-07,2006-10,monitor
B00005MA9V,5,4.4,32,0.9375,197.2,2001-07,2005-02,monitor
B00005R8Q1,5,4.4,33,0.9394,146.8,2002-07,2007-02,monitor
B00005UK8T,5,4.4,10,0.8,126.6,2003-01,2013-12,monitor
B000063SAS,5,4.4,9,0.6667,42.8,2002-12,2013-12,monitor
B000063TMH,5,4.4,14,0.8571,170.2,2002-09,2003-01,monitor
B00006B7TF,5,4.4,19,0.8947,147.4,2010-01,2013-05,monitor
B00006B8DA,5,4.4,10,0.8,143,2002-10,2014-06,monitor
B00006CJJV,5,4.4,68,0.9265,110.4,2003-09,2014-06,monitor
B00006HMGI,5,4.4,43,0.3721,79.4,2004-03,2014-03,monitor
B00006HO3Z,5,4.4,2,0.5,33.6,2012-12,2013-05,monitor
B00006HOL6,5,4.4,23,0.5217,112.4,2007-02,2009-06,monitor
B00006HQ55,5,4.4,55,0.8727,83.4,2004-10,2014-07,monitor
B00006HTBR,5,4.4,11,0.9091,88,2012-06,2014-04,monitor
B00006HXMP,5,4.4,8,1.0,78,2006-01,2014-03,monitor
B00006HYQA,5,4.4,17,0.5294,115,2007-01,2013-09,monitor
B00006I5FP,5,4.4,22,1.0,293,2003-04,2004-10,monitor
B00006IRUL,5,4.4,39,0.9487,193.8,2003-04,2005-11,monitor
B00006JI6V,5,4.4,30,0.7333,108.2,2003-12,2006-12,monitor
B00006JP5M,5,4.4,15,0.8667,71.2,2005-04,2013-07,monitor
B00006L7TT,5,4.4,80,0.8,158.2,2003-04,2004-02,monitor
B00006MJFL,5,4.4,16,0.75,43.4,2009-02,2014-02,monitor
B00006RVNU,5,4.4,9,0.8889,173,2009-02,2009-09,monitor
B00006RZ25,5,4.4,33,1.0,234.2,2009-04,2011-11,monitor
B000071NY3,5,4.4,50,0.8,181.2,2003-01,2011-01,monitor
B000078CQQ,5,4.4,24,0.8333,88.4,2004-12,2009-02,monitor
B000078WG6,5,4.4,45,0.8,207.2,2003-03,2005-12,monitor
B00008N6RV,5,4.4,166,0.9578,277.8,2003-08,2006-03,monitor
B00008VF4P,5,4.4,4,1.0,60.8,2012-09,2014-03,monitor
B00008Y1VP,5,4.4,64,0.9531,267.2,2003-05,2003-12,monitor
B00008ZLBD,5,4.4,6,0.8333,59.8,2006-09,2014-07,monitor
B00009N6VK,5,4.4,2,1.0,92.8,2008-08,2014-02,monitor
B00009R6LM,5,4.4,47,0.8936,135.4,2007-06,2014-07,monitor
B00009R6RB,5,4.4,26,0.8462,128.4,2008-02,2010-11,monitor
B00009R8W7,5,4.4,2,1.0,57.4,2013-01,2014-03,monitor
B00009UTDL,5,4.4,7,0.8571,63.8,2008-01,2012-12,monitor
B00009V3C5,5,4.4,0,,28.2,2013-02,2013-09,monitor
B0000ADY4L,5,4.4,55,0.9818,183.2,2003-11,2005-12,monitor
B0000AHO9G,5,4.4,2,0.5,57.6,2011-06,2013-02,monitor
B0000AKA9A,5,4.4,16,0.9375,63,2006-10,2008-02,monitor
B0000C4DWW,5,4.4,28,0.6786,203.2,2003-12,2012-12,monitor
B0000E6RI1,5,4.4,2,1.0,91.2,2009-05,2013-06,monitor
B0000E6S10,5,4.4,41,0.2927,131.6,2005-09,2009-11,monitor
B0000TSBNE,5,4.4,10,1.0,117.4,2005-08,2014-05,monitor
B0000X5RPU,5,4.4,9,0.4444,40.2,2009-02,2013-03,monitor
B0000XK46M,5,4.4,10,0.8,75.6,2005-03,2012-07,monitor
B00011CNX0,5,4.4,8,1.0,60.2,2005-08,2009-12,monitor
B00014K2W6,5,4.4,9,1.0,91,2006-07,2014-01,monitor
B0001654K4,5,4.4,12,1.0,51.4,2012-10,2014-01,monitor
B000165FRQ,5,4.4,19,0.6842,88.6,2005-08,2013-11,monitor
B0001B7CUO,5,4.4,9,0.6667,76.4,2008-04,2013-12,monitor
B0001FSCWC,5,4.4,14,0.7857,114,2007-03,2011-05,monitor
B0001GGXQ8,5,4.4,1,0.0,95.6,2010-05,2011-01,monitor
B0001MHL0O,5,4.4,83,0.9518,186.2,2005-01,2007-01,monitor
B0001MKTQC,5,4.4,4,0.75,74,2013-01,2014-03,monitor
B0001OTLXC,5,4.4,41,0.9512,191.4,2004-12,2007-06,monitor
B0001TST6W,5,4.4,3,0.3333,45.2,2009-02,2013-09,monitor
B0001VWJJS,5,4.4,44,0.1818,58,2006-02,2009-12,monitor
B0001XX0PS,5,4.4,40,0.975,113.6,2005-10,2007-10,monitor
B00022ADXK,5,4.4,37,0.7568,274.2,2004-06,2005-01,monitor
B000233T80,5,4.4,41,0.561,108,2004-09,2013-05,monitor
B000233ZY8,5,4.4,7,1.0,74,2010-02,2013-06,monitor
B0002B0PV6,5,4.4,11,0.9091,111.2,2012-11,2014-06,monitor
B0002BETW2,5,4.4,1,1.0,61.4,2013-02,2014-04,monitor
B0002DODYO,5,4.4,7,1.0,78.6,2009-10,2013-12,monitor
B0002E42FI,5,4.4,16,1.0,128.2,2005-04,2008-08,monitor
B0002IHHME,5,4.4,4,1.0,80.6,2012-12,2014-02,monitor
B0002YE6EK,5,4.4,23,1.0,68.4,2004-11,2008-11,monitor
B0003NNFJ2,5,4.4,1,1.0,85.6,2009-02,2013-09,monitor
B000646MZW,5,4.4,28,0.8214,275.6,2005-07,2006-11,monitor
B000653HI6,5,4.4,11,0.7273,43.6,2008-01,2013-01,monitor
B0006BCCPO,5,4.4,12,1.0,76.8,2009-01,2014-01,monitor
B0006G36VI,5,4.4,9,1.0,90.6,2007-01,2013-03,monitor
B0006I3ATO,5,4.4,6,0.8333,95.2,2013-01,2014-05,monitor
B0006ZP31K,5,4.4,24,0.9583,101.6,2008-03,2014-04,monitor
B0007CZ7AO,5,4.4,121,0.8843,242.6,2005-04,2009-06,monitor
B0007KQOJ4,5,4.4,3,1.0,71.6,2007-05,2013-10,monitor
B0007L72MQ,5,4.4,0,,39.4,2008-07,2014-06,monitor
B0007LXR6G,5,4.4,30,0.9333,151.4,2005-03,2009-07,monitor
B0007M6122,5,4.4,43,0.9535,163.2,2005-07,2006-04,monitor
B0007MYC2I,5,4.4,13,0.8462,57.2,2006-09,2008-09,monitor
B0007S7F80,5,4.4,26,1.0,107.2,2007-12,2012-12,monitor
B0007YG85A,5,4.4,0,,47.8,2011-03,2014-03,monitor
B0007Z4XUQ,5,4.4,19,0.9474,76.2,2006-02,2010-03,monitor
B000816TCY,5,4.4,6,0.8333,32.8,2006-07,2012-08,monitor
B0008D7B6U,5,4.4,29,0.931,126.8,2005-05,2009-09,monitor
B00091S0S4,5,4.4,8,1.0,222.8,2006-03,2007-01,monitor
B00096ZT0G,5,4.4,15,0.6667,107.4,2010-07,2011-11,monitor
B0009F4OS0,5,4.4,172,0.9942,491.2,2005-09,2007-06,monitor
B0009FUSBW,5,4.4,81,0.9877,148.6,2006-03,2008-05,monitor
B0009HKEYG,5,4.4,37,0.973,55.8,2009-01,2014-07,monitor
B0009IQ62Y,5,4.4,41,0.8537,397.4,2005-07,2011-05,monitor
B0009NWVUU,5,4.4,25,0.92,272.8,2006-12,2013-07,monitor
B0009P8BIY,5,4.4,1,0.0,60,2013-09,2014-06,monitor
B0009X5KOY,5,4.4,3,1.0,173.2,2007-01,2010-12,monitor
B0009ZCTX2,5,4.4,15,1.0,148,2006-01,2007-07,monitor
B000A2BH0K,5,4.4,9,1.0,102.4,2007-09,2012-06,monitor
B000A395QC,5,4.4,27,0.7778,137.8,2005-08,2007-01,monitor
B000A4AW22,5,4.4,44,0.9773,139.4,2006-06,2009-03,monitor
B000A4WAAO,5,4.4,1,1.0,65.6,2008-02,2013-05,monitor
B000A7K0VW,5,4.4,10,0.6,39.4,2005-12,2014-01,monitor
B000A7XXUW,5,4.4,160,0.8562,249.8,2005-10,2009-02,monitor
B000ANF8GS,5,4.4,35,0.9714,107.6,2006-10,2013-11,monitor
B000AR7TQG,5,4.4,11,1.0,82.2,2009-12,2013-02,monitor
B000BKF6TO,5,4.4,104,0.75,234.6,2005-11,2007-11,monitor
B000BKP7ZW,5,4.4,54,0.9074,114.8,2006-03,2009-09,monitor
B000BMLJSY,5,4.4,11,0.9091,124.4,2008-06,2013-05,monitor
B000BN9F8E,5,4.4,14,0.7857,300,2006-04,2011-01,monitor
B000BQPH7Y,5,4.4,31,0.7097,301.2,2006-06,2013-10,monitor
B000BQQ2JQ,5,4.4,3,0.3333,112.4,2010-01,2013-07,monitor
B000CHTHDC,5,4.4,12,0.9167,215.6,2010-02,2013-04,monitor
B000CKBEQC,5,4.4,59,1.0,316.2,2006-01,2007-05,monitor
B000COYZR8,5,4.4,14,1.0,151.2,2006-07,2010-06,monitor
B000CQ1YOS,5,4.4,2,1.0,60.4,2007-12,2011-08,monitor
B000DZH42Y,5,4.4,59,0.9831,188.2,2006-11,2011-02,monitor
B000DZH4C4,5,4.4,227,0.9824,352,2006-02,2010-12,monitor
B000DZKSXQ,5,4.4,61,0.8852,211.4,2006-03,2007-05,monitor
B000DZTCTW,5,4.4,15,1.0,309,2006-11,2010-07,monitor
B000E6EIC6,5,4.4,6,1.0,62,2007-09,2010-06,monitor
B000E887YY,5,4.4,11,0.8182,98.8,2011-12,2013-02,monitor
B000E8OYA0,5,4.4,5,0.8,279,2006-12,2007-06,monitor
B000E9PFE8,5,4.4,4,1.0,39.6,2011-05,2014-02,monitor
B000EM10C6,5,4.4,5,1.0,63,2006-11,2009-02,monitor
B000EO2HZS,5,4.4,12,0.8333,92.6,2007-01,2010-04,monitor
B000ETBZ5G,5,4.4,25,0.84,148.6,2006-06,2010-02,monitor
B000EW42LW,5,4.4,2,1.0,68.6,2010-10,2013-12,monitor
B000EXTXVU,5,4.4,7,1.0,120.4,2006-05,2007-02,monitor
B000F3DLCG,5,4.4,25,0.8,72.6,2007-06,2007-08,monitor
B000F59KHE,5,4.4,93,0.9247,172.8,2006-09,2013-02,monitor
B000F6S0KQ,5,4.4,28,0.8929,50.8,2006-10,2008-03,monitor
B000F71USE,5,4.4,18,1.0,97,2008-06,2012-01,monitor
B000F8FMKU,5,4.4,1,1.0,98,2007-08,2013-01,monitor
B000F9NXUK,5,4.4,1,0.0,62.6,2007-02,2014-06,monitor
B000FBPHA2,5,4.4,17,0.8824,105.2,2006-07,2008-05,monitor
B000FD03L8,5,4.4,12,0.25,37.8,2012-05,2014-07,monitor
B000FG6CQK,5,4.4,2,1.0,59.4,2009-02,2014-03,monitor
B000FIQABA,5,4.4,31,0.8065,162.8,2008-03,2012-01,monitor
B000FLXTBQ,5,4.4,51,0.9608,120.6,2006-08,2008-02,monitor
B000FOVTDS,5,4.4,19,1.0,136.4,2006-10,2007-02,monitor
B000FPCN1O,5,4.4,1,1.0,76.4,2009-10,2011-11,monitor
B000FSTKO4,5,4.4,3,0.6667,30.2,2009-01,2013-11,monitor
B000FZ2VXY,5,4.4,20,0.9,163.2,2008-06,2014-06,monitor
B000FZ4WAY,5,4.4,39,1.0,370.8,2006-11,2009-04,monitor
B000GE7P7G,5,4.4,1,0.0,45,2012-10,2014-06,monitor
B000GHTHK6,5,4.4,47,0.9362,137.8,2006-09,2010-02,monitor
B000GTBOR8,5,4.4,18,0.8333,84.8,2007-10,2013-12,monitor
B000GZYU4G,5,4.4,4,1.0,43.2,2009-07,2013-01,monitor
B000I0VASI,5,4.4,5,1.0,34.8,2011-06,2014-01,monitor
B000I2496Q,5,4.4,5,1.0,83.4,2007-05,2010-06,monitor
B000I2T5E2,5,4.4,8,1.0,241.6,2007-08,2008-10,monitor
B000I4UI82,5,4.4,7,0.4286,105.8,2006-10,2009-04,monitor
B000I7977C,5,4.4,0,,34.6,2012-06,2014-01,monitor
B000IBPUS8,5,4.4,3,1.0,150.2,2009-03,2013-01,monitor
B000IGCCTS,5,4.4,32,0.9688,174.4,2007-02,2008-02,monitor
B000IMFOZQ,5,4.4,12,0.9167,98.2,2009-08,2013-07,monitor
B000IMYK4W,5,4.4,10,0.8,58.8,2007-07,2013-03,monitor
B000IN0978,5,4.4,23,0.9565,82,2007-06,2008-05,monitor
B000IWL77U,5,4.4,8,1.0,122,2007-07,2009-02,monitor
B000IZBZI8,5,4.4,18,0.9444,81.4,2006-10,2013-07,monitor
B000J34ON2,5,4.4,5,0.6,62.4,2009-05,2014-05,monitor
B000J4ETJ0,5,4.4,28,0.75,115,2006-12,2008-08,monitor
B000J6E2WW,5,4.4,103,0.8058,269,2007-02,2008-02,monitor
B000JD9PN6,5,4.4,7,0.8571,165.6,2012-05,2013-04,monitor
B000JII7SK,5,4.4,0,,50.6,2007-01,2013-09,monitor
0594451647,5,4.2,6,1.0,86.6,2014-01,2014-07,monitor
1615527613,5,4.2,0,,62.4,2012-08,2013-12,monitor
B00000J4VK,5,4.2,43,1.0,101.8,2000-11,2010-08,monitor
B00000JI38,5,4.2,90,0.9111,111,1999-08,2001-01,monitor
B00001ZWTY,5,4.2,195,0.9436,232.4,2004-04,2011-08,monitor
B00004VUMG,5,4.2,35,0.9143,81.4,2000-12,2011-03,monitor
B0000513KE,5,4.2,2,1.0,62.8,2003-03,2008-12,monitor
B00005LP56,5,4.2,43,1.0,161.6,2002-02,2014-06,monitor
B00005NBIT,5,4.2,68,0.9853,195.2,2001-09,2013-12,monitor
B00005NDKU,5,4.2,1,0.0,80.6,2009-12,2014-06,monitor
B00005NPPO,5,4.2,23,0.5652,56.2,2010-04,2014-06,monitor
B00005OMN0,5,4.2,76,0.9737,181.4,2001-12,2002-03,monitor
B00005OMZN,5,4.2,10,0.9,36,2002-08,2013-11,monitor
B00005T3A4,5,4.2,13,0.9231,71,2007-09,2009-03,monitor
B00005T3TI,5,4.2,36,0.75,62.4,2004-10,2013-01,monitor
B00005T3ZY,5,4.2,15,0.7333,32.2,2007-01,2011-08,monitor
B00006343W,5,4.2,63,0.7302,323.8,2008-03,2011-03,monitor
B000063CUL,5,4.2,76,0.6184,224.2,2002-05,2012-08,monitor
B000063XJB,5,4.2,24,0.4167,75.8,2002-06,2005-08,monitor
B000066HOH,5,4.2,73,0.8904,354.6,2002-06,2002-12,monitor
B000067RWK,5,4.2,7,0.8571,30.6,2012-07,2013-12,monitor
B000067SC5,5,4.2,8,0.875,94.2,2010-02,2014-02,monitor
B000068O3V,5,4.2,1,0.0,36.6,2011-10,2014-02,monitor
B0000696HN,5,4.2,131,0.8321,302.4,2002-11,2003-03,monitor
B00006HTTE,5,4.2,20,0.85,86,2006-09,2014-04,monitor
B00006HXOG,5,4.2,12,0.8333,62.6,2003-03,2003-10,monitor
B000075AEV,5,4.2,97,0.9175,172.8,2003-04,2013-11,monitor
B00007AKBB,5,4.2,27,1.0,56.2,2004-10,2007-10,monitor
B00007E7I7,5,4.2,3,1.0,50.8,2007-02,2012-02,monitor
B000083CUF,5,4.2,11,1.0,188.8,2007-12,2012-11,monitor
B00008BNZ3,5,4.2,39,0.9231,90.2,2004-06,2012-12,monitor
B00008RUJM,5,4.2,89,0.8764,165.6,2003-04,2008-09,monitor
B00008VSLA,5,4.2,18,0.4444,93.4,2006-09,2012-12,monitor
B000095S9N,5,4.2,23,1.0,129.8,2006-01,2011-10,monitor
B00009KP3I,5,4.2,22,0.3636,57.4,2007-05,2014-01,monitor
B00009R7EB,5,4.2,19,0.9474,79,2008-02,2013-12,monitor
B00009R7S2,5,4.2,3,1.0,94.8,2007-02,2014-01,monitor
B00009R98Y,5,4.2,12,0.8333,93.2,2007-02,2013-07,monitor
B00009R9BV,5,4.2,6,0.3333,35.2,2010-01,2014-04,monitor
B00009X7VE,5,4.2,23,0.8696,190.4,2003-08,2008-01,monitor
B0000AFX1K,5,4.2,17,0.8824,164.6,2004-04,2007-01,monitor
B0000BY4HU,5,4.2,26,0.9231,212.8,2004-02,2010-11,monitor
B0000BZLK9,5,4.2,17,0.7647,55,2007-05,2014-01,monitor
B0000SY4TA,5,4.2,21,0.5714,107.4,2007-01,2013-04,monitor
B0000YPGQY,5,4.2,41,0.561,110.4,2012-03,2013-10,monitor
B00019LWRA,5,4.2,11,0.9091,80.8,2007-09,2012-08,monitor
B0001B7VMS,5,4.2,193,0.9223,477.4,2004-06,2006-09,monitor
B0001D56SM,5,4.2,174,0.9655,228,2004-10,2006-11,monitor
B0001DB6IQ,5,4.2,96,0.9271,216.4,2004-04,2004-12,monitor
B0001EFIFW,5,4.2,38,0.9474,226,2009-05,2014-06,monitor
B0001EKGG8,5,4.2,53,0.8302,217.4,2004-03,2004-12,monitor
B0001G0FFI,5,4.2,54,0.9444,145.2,2004-07,2005-03,monitor
B0001G0FGM,5,4.2,119,0.8992,103.8,2004-09,2010-05,monitor
B0001G6U7A,5,4.2,108,0.9259,478.8,2004-09,2006-05,monitor
B0001JXAMA,5,4.2,85,0.9412,226.6,2004-07,2012-04,monitor
B0001WC6MW,5,4.2,7,0.7143,96.4,2008-03,2012-11,monitor
B00022K2WW,5,4.2,5,0.6,110,2005-09,2012-10,monitor
B00022V29E,5,4.2,6,0.5,171.4,2010-10,2013-03,monitor
B000234UCE,5,4.2,30,0.9,129.6,2007-02,2013-04,monitor
B000234UQA,5,4.2,1,0.0,62.6,2011-01,2013-12,monitor
B00026IB26,5,4.2,8,0.75,52.6,2006-03,2013-08,monitor
B000270QFK,5,4.2,13,0.9231,50.2,2005-09,2008-01,monitor
B0002C7ZGS,5,4.2,4,0.75,82.4,2008-12,2013-05,monitor
B0002C84B8,5,4.2,14,0.9286,118.8,2005-09,2011-10,monitor
B0002E56JY,5,4.2,11,1.0,84.6,2010-04,2013-06,monitor
B0002EOHYE,5,4.2,11,1.0,66.8,2010-01,2013-12,monitor
B0002GFOSK,5,4.2,5,0.8,129.8,2010-09,2013-12,monitor
B0002GLCE0,5,4.2,17,0.3529,60.2,2009-11,2013-10,monitor
B0002HBOQ0,5,4.2,48,0.8958,97.6,2007-03,2013-01,monitor
B0002JFNR4,5,4.2,6,0.6667,74.2,2008-02,2012-12,monitor
B0002MQGMC,5,4.2,4,1.0,48.6,2008-02,2012-02,monitor
B0002OZXG0,5,4.2,93,0.9462,197.2,2004-10,2012-03,monitor
B0002PCSYE,5,4.2,13,1.0,138.4,2005-03,2009-05,monitor
B0002U0JP4,5,4.2,18,0.8889,144.2,2005-03,2006-02,monitor
B0002XJ7S6,5,4.2,23,0.913,186,2005-08,2007-03,monitor
B0002ZA7I8,5,4.2,51,0.9804,275.6,2004-11,2005-07,monitor
B0002ZPF3U,5,4.2,11,0.5455,37.4,2007-01,2013-07,monitor
B0002ZPIXM,5,4.2,16,0.75,77,2006-09,2008-07,monitor
B00062L5XI,5,4.2,14,0.9286,152.2,2010-02,2012-09,monitor
B00063Y95I,5,4.2,23,1.0,104.8,2011-06,2013-10,monitor
B00064V6P8,5,4.2,3,0.3333,140,2008-07,2010-05,monitor
B00067TNDC,5,4.2,218,0.8578,91.2,2005-02,2007-03,monitor
B0006BCCRM,5,4.2,8,0.625,98,2012-12,2014-05,monitor
B0006BKJFY,5,4.2,30,0.5667,179,2008-03,2013-12,monitor
B0006N4X2C,5,4.2,37,0.9459,103.2,2004-12,2009-10,monitor
B0006TOXAS,5,4.2,34,0.9118,122,2007-10,2009-06,monitor
B0006ZM4XU,5,4.2,27,0.7778,102,2005-02,2007-12,monitor
B000799LTU,5,4.2,30,0.9333,144.6,2005-06,2008-07,monitor
B0007KQWFK,5,4.2,4,0.5,49.4,2006-05,2012-12,monitor
B0007KQWG4,5,4.2,41,0.9512,178.6,2005-11,2006-08,monitor
B0007LCMVM,5,4.2,7,0.7143,76.8,2012-07,2014-01,monitor
B0007QN874,5,4.2,72,0.8194,94.4,2005-04,2008-12,monitor
B0007QQJ9S,5,4.2,7,1.0,87.6,2005-07,2007-11,monitor
B0007U8A6O,5,4.2,28,0.6429,160,2006-12,2008-11,monitor
B0007VWA8C,5,4.2,7,0.4286,90.6,2012-02,2014-06,monitor
B0007WKB5K,5,4.2,72,0.7778,129.6,2005-07,2006-04,monitor
B0007WRQIA,5,4.2,4,0.75,54.2,2010-03,2013-12,monitor
B0007XHLZM,5,4.2,184,0.9674,220.6,2005-07,2013-09,monitor
B0007Y6AQ2,5,4.2,30,0.8667,233.6,2005-11,2007-04,monitor
B00080D31K,5,4.2,18,0.9444,37,2007-11,2013-06,monitor
B00092HOHQ,5,4.2,4,1.0,74.2,2006-07,2014-01,monitor
B0009EXWJS,5,4.2,138,0.9638,316,2005-09,2010-11,monitor
B0009F7NH4,5,4.2,14,0.8571,88.2,2011-11,2013-09,monitor
B0009GHRBK,5,4.2,18,1.0,68.6,2005-12,2007-07,monitor
B0009JR5LO,5,4.2,5,0.4,76.4,2010-06,2014-05,monitor
B0009M27TG,5,4.2,0,,63.4,2012-01,2014-07,monitor
B0009OOD9Q,5,4.2,45,0.8889,197,2005-11,2013-09,monitor
B0009WWUIO,5,4.2,33,0.7576,224.8,2007-10,2013-03,monitor
B0009YWCT4,5,4.2,10,0.8,216.4,2008-09,2012-04,monitor
B0009Z66QI,5,4.2,34,0.8529,78.2,2006-02,2006-11,monitor
B000A4AWEK,5,4.2,11,1.0,69.8,2007-01,2008-09,monitor
B000AAQZPY,5,4.2,54,0.9444,57.8,2006-01,2011-03,monitor
B000AMO2H0,5,4.2,50,1.0,331.8,2005-10,2011-01,monitor
B000ASEB1G,5,4.2,17,0.8824,36.8,2006-09,2013-12,monitor
B000AYEJQ2,5,4.2,4,1.0,54,2007-03,2008-08,monitor
B000B02B92,5,4.2,1,1.0,64,2008-12,2013-08,monitor
B000B8576S,5,4.2,15,0.8667,123.4,2007-06,2014-05,monitor
B000B9TV96,5,4.2,19,0.8421,132,2005-12,2006-12,monitor
B000BC8VX0,5,4.2,50,0.68,161.2,2005-12,2006-02,monitor
B000BD4TGM,5,4.2,51,0.6078,121.8,2009-03,2013-08,monitor
B000BJNFCA,5,4.2,1,0.0,51.6,2009-07,2014-04,monitor
B000BMLJQ6,5,4.2,0,,54.6,2012-01,2014-06,monitor
B000BT9BPU,5,4.2,1,0.0,28.8,2009-07,2014-07,monitor
B000BV9HR0,5,4.2,72,0.9861,301.4,2006-02,2014-04,monitor
B000BX4ZXE,5,4.2,62,0.9839,112.2,2006-07,2009-03,monitor
B000C21CR6,5,4.2,66,1.0,96.6,2005-12,2013-04,monitor
B000C29HP0,5,4.2,16,0.75,139,2006-12,2007-11,monitor
B000CE9GF4,5,4.2,12,0.75,52.6,2006-08,2014-01,monitor
B000DZKS04,5,4.2,16,0.8125,165.4,2006-11,2010-11,monitor
B000E6UKE6,5,4.2,103,0.9612,404.6,2006-07,2009-09,monitor
B000E8POQ8,5,4.2,8,0.625,75.4,2007-01,2008-04,monitor
B000E8X5YQ,5,4.2,4,0.75,40.8,2007-05,2014-04,monitor
B000EGHYBS,5,4.2,20,0.3,28.2,2007-04,2011-04,monitor
B000EH8K9W,5,4.2,17,0.3529,75,2006-11,2014-01,monitor
B000EIE3OM,5,4.2,11,0.7273,97,2008-04,2009-12,monitor
B000ENYXTW,5,4.2,20,1.0,45.2,2008-07,2009-04,monitor
B000ES84BK,5,4.2,2,1.0,51,2007-11,2009-12,monitor
B000ETKXHW,5,4.2,10,0.9,95,2007-12,2013-04,monitor
B000EZUDQ2,5,4.2,11,0.2727,59.6,2008-05,2013-11,monitor
B000F1SC54,5,4.2,1,1.0,91.6,2012-07,2013-09,monitor
B000F1UFZ4,5,4.2,39,0.8974,236,2006-05,2007-06,monitor
B000F1UGL2,5,4.2,23,0.8696,111,2006-11,2009-10,monitor
B000F57224,5,4.2,9,0.5556,43,2006-11,2009-06,monitor
B000F6WK5M,5,4.2,66,0.9394,305.4,2006-07,2007-09,monitor
B000F955HE,5,4.2,3,1.0,48.2,2010-12,2014-06,monitor
B000FG8KPG,5,4.2,53,0.8491,224.2,2006-09,2007-08,monitor
B000FGJVHM,5,4.2,8,1.0,51.8,2008-10,2011-04,monitor
B000FHGHJ6,5,4.2,208,0.7692,280.8,2006-07,2007-03,monitor
B000FKMGD4,5,4.2,1,0.0,122.4,2008-05,2010-08,monitor
B000FLNU4C,5,4.2,21,0.4286,84.4,2007-09,2012-11,monitor
B000FLS78Q,5,4.2,26,0.9615,170.4,2007-02,2008-04,monitor
B000FRYFUY,5,4.2,1,1.0,62.2,2011-07,2014-04,monitor
B000G0EKDC,5,4.2,5,1.0,78.2,2008-02,2013-12,monitor
B000G70LZQ,5,4.2,1,1.0,29,2010-05,2012-12,monitor
B000GGY8VU,5,4.2,6,1.0,140.8,2008-12,2011-06,monitor
B000GHK6MY,5,4.2,48,0.8333,104.4,2008-07,2012-11,monitor
B000H0ODME,5,4.2,21,0.9048,99.4,2009-03,2009-10,monitor
B000H6XKEK,5,4.2,12,0.9167,81.2,2007-11,2009-07,monitor
B000HDJY70,5,4.2,2,0.5,57.6,2009-05,2013-07,monitor
B000HLS9MI,5,4.2,13,0.7692,131.6,2007-12,2011-11,monitor
B000HRYZRU,5,4.2,8,0.625,134.8,2008-10,2010-04,monitor
B000HSITZS,5,4.2,6,0.8333,36.4,2008-07,2013-09,monitor
B000HZDNZ2,5,4.2,41,1.0,236.8,2007-12,2009-05,monitor
B000HZT88I,5,4.2,106,0.9245,113.8,2008-08,2013-06,monitor
B000I21Z86,5,4.2,0,,40,2012-10,2014-02,monitor
B000I5W7IK,5,4.2,69,0.9855,122.2,2006-12,2008-09,monitor
B000I94F4K,5,4.2,3,1.0,42.6,2011-05,2013-05,monitor
B000I9UT68,5,4.2,31,0.9032,99.8,2006-09,2012-02,monitor
B000IK5X2C,5,4.2,23,0.9565,176.4,2006-10,2010-01,monitor
B000IM5G54,5,4.2,7,0.7143,130.6,2007-04,2013-02,monitor
B000IN04EG,5,4.2,3,1.0,86.6,2007-12,2008-09,monitor
B000IOYW5W,5,4.2,20,0.95,165.2,2006-10,2008-06,monitor
B000J1C0QW,5,4.2,2,1.0,64,2009-02,2012-12,monitor
B000JLU1W2,5,4.2,7,0.8571,126.2,2006-12,2013-03,monitor
B00000J4CX,5,4.0,20,0.6,165.4,2000-10,2013-11,monitor
B00000JMO4,5,4.0,167,0.9401,209.4,1999-07,2004-12,monitor
B00001QHP5,5,4.0,75,0.9467,404.2,2000-05,2013-05,monitor
B00001RME8,5,4.0,40,1.0,97.2,2000-04,2000-11,monitor
B00004NKHY,5,4.0,54,0.8889,82.2,2000-10,2012-03,monitor
B00004R8VM,5,4.0,151,0.9868,215.2,2000-12,2003-06,monitor
B00004THD4,5,4.0,40,0.95,112,2001-12,2013-12,monitor
B00004YK2W,5,4.0,27,1.0,107,2001-01,2007-03,monitor
B00004Z668,5,4.0,35,0.9429,105.8,2007-03,2012-11,monitor
B00004ZDBT,5,4.0,2,0.0,44.4,2013-06,2014-02,monitor
B000050XPQ,5,4.0,163,0.9693,178.6,2000-11,2009-05,monitor
B000050YAP,5,4.0,19,0.8421,94,2001-09,2004-06,monitor
B0000510YX,5,4.0,2,1.0,58.4,2013-02,2013-10,monitor
B0000512QS,5,4.0,7,0.7143,137.6,2003-11,2013-11,monitor
B00005853W,5,4.0,12,1.0,165.6,2001-03,2001-11,monitor
B00005AKV3,5,4.0,48,0.7708,92.4,2001-08,2002-06,monitor
B00005ATYF,5,4.0,4,1.0,39,2003-08,2011-11,monitor
B00005N5XO,5,4.0,99,0.9495,348.2,2001-11,2002-12,monitor
B00005QCO1,5,4.0,145,0.7793,192.2,2001-11,2004-03,monitor
B00005QSQJ,5,4.0,5,1.0,36.4,2003-04,2009-07,monitor
B00005T391,5,4.0,78,0.9487,225.8,2001-11,2003-10,monitor
B00005T3JX,5,4.0,103,0.9029,264.2,2002-09,2007-01,monitor
B00005T3UH,5,4.0,204,0.9118,378,2002-01,2009-10,monitor
B00005ULPK,5,4.0,16,0.9375,122.4,2001-12,2010-08,monitor
B0000659TX,5,4.0,115,0.9913,300,2005-02,2011-03,monitor
B000065BNZ,5,4.0,61,0.918,110.4,2002-11,2012-09,monitor
B000067O85,5,4.0,23,1.0,253.6,2004-01,2008-09,monitor
B000068IGM,5,4.0,21,0.8571,67.2,2002-08,2009-03,monitor
B00006GET1,5,4.0,8,0.875,60.2,2003-05,2014-04,monitor
B00006HUAS,5,4.0,12,0.6667,123.2,2003-04,2013-08,monitor
B00006I5JZ,5,4.0,165,0.5939,109.8,2007-09,2012-08,monitor
B00006I5LB,5,4.0,12,0.25,127,2008-12,2014-02,monitor
B00006IW1A,5,4.0,201,0.9005,248.6,2002-11,2005-10,monitor
B00006JI6X,5,4.0,19,0.9474,29.6,2005-03,2009-03,monitor
B00006JK36,5,4.0,84,0.619,263.2,2003-07,2008-10,monitor
B00006RVVG,5,4.0,7,0.5714,55.4,2008-06,2010-07,monitor
B00006SKKD,5,4.0,14,0.8571,149.4,2003-01,2003-10,monitor
B000070G4C,5,4.0,1,1.0,63.2,2013-02,2014-03,monitor
B00007BKU6,5,4.0,30,0.7667,135,2003-01,2008-06,monitor
B00007JO8C,5,4.0,4,0.5,152.4,2003-02,2004-03,monitor
B00007L9UC,5,4.0,8,0.875,37,2007-09,2014-05,monitor
B00008NUZ1,5,4.0,5,0.8,53.2,2004-07,2012-12,monitor
B00008V6NJ,5,4.0,16,0.875,243.4,2003-09,2005-02,monitor
B000096QNW,5,4.0,10,1.0,126.6,2003-07,2011-10,monitor
B00009L1RI,5,4.0,53,0.9245,185.8,2003-09,2007-05,monitor
B00009R6FQ,5,4.0,16,0.5,74.8,2007-12,2010-04,monitor
B00009XVVG,5,4.0,47,0.9362,156.6,2006-02,2012-04,monitor
B0000A039V,5,4.0,12,0.4167,93.6,2005-01,2014-03,monitor
B0000AB4NV,5,4.0,17,0.8235,194,2009-04,2014-03,monitor
B0000ACKR2,5,4.0,7,0.8571,35.8,2008-08,2011-02,monitor
B0000ACY2B,5,4.0,88,0.9318,298.8,2005-03,2012-03,monitor
B0000D8DM7,5,4.0,186,0.9785,430.2,2003-11,2008-06,monitor
B0000DBJ3N,5,4.0,26,0.7692,204.8,2004-01,2004-08,monitor
B0000DBMDM,5,4.0,12,0.9167,84.8,2004-02,2006-04,monitor
B0000DYV7B,5,4.0,5,0.6,98.4,2010-08,2014-06,monitor
B0000ULNW4,5,4.0,6,0.5,52.2,2011-03,2013-08,monitor
B0000X65IS,5,4.0,7,1.0,38.6,2011-03,2014-01,monitor
B0000XMWQC,5,4.0,18,0.8889,80.8,2009-03,2014-05,monitor
B00013MSV0,5,4.0,59,0.7966,65.6,2006-06,2010-10,monitor
B0001I91JM,5,4.0,11,0.9091,42.8,2008-05,2009-01,monitor
B0001MALWY,5,4.0,95,0.7789,263.4,2005-01,2012-11,monitor
B0001MMH8U,5,4.0,125,0.936,174.8,2004-09,2007-11,monitor
B0001NMGY4,5,4.0,49,0.9796,543.6,2011-09,2013-08,monitor
B0001NNLI4,5,4.0,17,0.8235,189.8,2005-12,2007-06,monitor
B0001R05XY,5,4.0,41,0.878,288,2004-04,2013-12,monitor
B0001VNN6G,5,4.0,73,0.7808,94.4,2004-07,2008-07,monitor
B0001XLS4S,5,4.0,57,0.7895,392.2,2004-08,2005-07,monitor
B00021BYZC,5,4.0,22,0.9545,308.6,2004-07,2006-06,monitor
B00022EWLE,5,4.0,41,0.6585,45.6,2006-03,2010-05,monitor
B000230L3G,5,4.0,11,0.4545,75.6,2007-01,2013-04,monitor
B00026VT7K,5,4.0,84,0.9643,467.4,2004-12,2006-07,monitor
B00028Y8JE,5,4.0,9,0.7778,167.6,2007-02,2007-11,monitor
B0002935BA,5,4.0,8,1.0,61.8,2010-06,2014-05,monitor
B0002CNYUE,5,4.0,26,0.8462,168.4,2004-08,2012-03,monitor
B0002CPBVO,5,4.0,93,0.9032,144.8,2004-11,2005-06,monitor
B0002J6Z6W,5,4.0,146,0.9041,276.4,2004-09,2006-03,monitor
B0002MPM86,5,4.0,65,0.6,181.8,2005-03,2011-02,monitor
B0002RQN0M,5,4.0,155,0.9226,420.6,2005-01,2010-07,monitor
B0002UFC10,5,4.0,23,0.8696,163.6,2006-08,2011-08,monitor
B0002XNRG4,5,4.0,17,0.8824,141.8,2008-03,2014-07,monitor
B0002Y0RAC,5,4.0,14,0.8571,106.2,2006-07,2010-02,monitor
B00061IU9G,5,4.0,12,0.5833,112.2,2008-11,2014-01,monitor
B00064BTEQ,5,4.0,27,0.8148,98.4,2007-03,2013-03,monitor
B00065HMAU,5,4.0,95,0.8421,324,2005-03,2007-11,monitor
B00066UTAY,5,4.0,15,0.7333,98.6,2006-11,2007-06,monitor
B0006PWOGW,5,4.0,37,0.7297,162,2005-02,2009-08,monitor
B0006Z3IFI,5,4.0,30,0.9333,146.2,2007-01,2010-03,monitor
B0006ZSWB8,5,4.0,20,0.95,79.6,2009-06,2012-05,monitor
B00070PDAU,5,4.0,56,0.8571,307.6,2005-01,2005-03,monitor
B00079XZEM,5,4.0,139,0.8777,241.6,2005-02,2011-01,monitor
B0007D4TAM,5,4.0,14,1.0,91.2,2007-12,2013-08,monitor
B0007KMZAQ,5,4.0,2,1.0,41,2010-06,2013-12,monitor
B0007M3PIU,5,4.0,306,0.902,278.2,2005-04,2006-02,monitor
B0007PJPKY,5,4.0,7,0.8571,245.4,2007-09,2008-03,monitor
B0007TJDHU,5,4.0,1,0.0,71.2,2012-05,2013-10,monitor
B0007UQNWC,5,4.0,30,0.9333,104.6,2007-02,2014-07,monitor
B0007WCA4K,5,4.0,146,0.9589,244.6,2005-06,2010-11,monitor
B0007WQ8VQ,5,4.0,3,0.6667,67.4,2011-05,2013-12,monitor
B0007XE9R0,5,4.0,15,0.2,87.4,2008-11,2013-08,monitor
B0007Y6AIK,5,4.0,22,0.8636,57.2,2009-01,2011-01,monitor
B00080FPSO,5,4.0,35,0.9429,169.2,2005-11,2012-03,monitor
B00083Y82K,5,4.0,2,1.0,82.2,2007-04,2010-12,monitor
B00092GL3O,5,4.0,11,1.0,43.8,2008-09,2011-11,monitor
B00092REF8,5,4.0,57,0.9298,105,2005-08,2007-07,monitor
B0009HAI4W,5,4.0,45,0.9333,130.8,2006-03,2013-12,monitor
B0009JR442,5,4.0,15,0.7333,181.4,2006-11,2009-09,monitor
B0009JRTT2,5,4.0,11,0.7273,50.6,2007-06,2012-12,monitor
B0009O5MWI,5,4.0,56,0.9107,280.8,2005-12,2007-12,monitor
B0009S5NQO,5,4.0,15,0.8,136.4,2006-11,2007-06,monitor
B0009UDABW,5,4.0,32,0.9688,89.4,2006-05,2007-02,monitor
B0009YX96O,5,4.0,46,0.7826,175.6,2007-03,2008-09,monitor
B000A13YFM,5,4.0,158,0.7658,187,2005-11,2006-09,monitor
B000A1IUGA,5,4.0,4,0.25,64.6,2007-06,2013-05,monitor
B000AQK0ZE,5,4.0,125,0.76,155.6,2005-10,2006-03,monitor
B000B9133I,5,4.0,25,0.76,204.4,2007-04,2013-02,monitor
B000BGZN00,5,4.0,1,1.0,105.2,2006-06,2008-12,monitor
B000BKF16C,5,4.0,37,0.9459,240.2,2005-11,2007-08,monitor
B000BO8T30,5,4.0,70,0.4571,155.8,2005-12,2007-01,monitor
B000BOBODM,5,4.0,58,0.8793,92.6,2006-07,2007-02,monitor
B000BSEWVO,5,4.0,39,0.6154,249.8,2006-02,2010-01,monitor
B000BSLT7O,5,4.0,13,0.3077,91.4,2013-01,2014-03,monitor
B000BZ6RQK,5,4.0,4,1.0,112.4,2008-02,2011-01,monitor
B000COER4Y,5,4.0,12,0.75,58.6,2007-07,2009-04,monitor
B000CP1552,5,4.0,5,0.8,35.2,2013-01,2014-07,monitor
B000DZFT1C,5,4.0,19,0.8421,636.6,2006-12,2014-03,monitor
B000E15EQ0,5,4.0,22,0.7273,128.4,2007-04,2011-02,monitor
B000E1Z0E6,5,4.0,79,0.7089,180.4,2007-01,2014-07,monitor
B000E40H9G,5,4.0,15,1.0,38,2007-04,2013-01,monitor
B000E5CVAI,5,4.0,7,0.7143,110.2,2009-09,2013-07,monitor
B000E5VQOU,5,4.0,11,1.0,149.2,2007-02,2008-08,monitor
B000EB3S4A,5,4.0,13,1.0,104.6,2009-03,2011-08,monitor
B000EDKP8K,5,4.0,8,1.0,76.6,2007-09,2013-05,monitor
B000EEA5XY,5,4.0,49,0.8776,97.6,2006-12,2011-10,monitor
B000EI7SBC,5,4.0,8,0.5,252.2,2009-10,2013-09,monitor
B000EKE4F8,5,4.0,2,1.0,73.6,2008-03,2009-09,monitor
B000ELL2A2,5,4.0,2,0.0,37.8,2012-11,2013-07,monitor
B000ENQUZM,5,4.0,31,0.9032,112.4,2006-12,2009-02,monitor
B000F1QV5M,5,4.0,4,1.0,59,2007-03,2014-04,monitor
B000F1TFE6,5,4.0,14,0.9286,90.2,2008-05,2009-07,monitor
B000FD47KQ,5,4.0,16,0.5625,39.8,2007-04,2008-01,monitor
B000FDXH84,5,4.0,24,0.3333,66,2007-05,2010-02,monitor
B000FENRY2,5,4.0,17,0.8824,69.4,2008-04,2010-04,monitor
B000FSAGYW,5,4.0,8,0.875,90.6,2008-01,2012-12,monitor
B000FVCOGC,5,4.0,23,0.913,69,2006-08,2011-09,monitor
B000G6TZU4,5,4.0,10,0.3,114.6,2006-08,2008-01,monitor
B000GAS3K8,5,4.0,3,1.0,41.2,2006-07,2014-02,monitor
B000GGOKXG,5,4.0,5,0.4,146.4,2006-09,2014-07,monitor
B000GJD2NM,5,4.0,8,1.0,70.2,2007-09,2011-10,monitor
B000GLK95Y,5,4.0,7,1.0,27,2007-09,2009-03,monitor
B000GQ9LM6,5,4.0,68,0.9265,145.6,2006-10,2007-09,monitor
B000GVL34U,5,4.0,23,0.5652,40,2007-07,2012-12,monitor
B000HCN2QU,5,4.0,9,0.6667,92.8,2012-02,2014-03,monitor
B000HGID24,5,4.0,21,0.2857,166,2007-03,2009-12,monitor
B000HLWPGO,5,4.0,7,0.8571,179,2007-12,2009-04,monitor
B000HU4D3I,5,4.0,20,0.85,70.6,2007-09,2013-06,monitor
B000I20AGO,5,4.0,9,0.7778,89.6,2010-11,2013-03,monitor
B000I23ULQ,5,4.0,0,,69.2,2012-12,2014-01,monitor
B000I96AKW,5,4.0,3,0.6667,47.2,2013-02,2014-03,monitor
B000J42FYG,5,4.0,16,0.9375,49,2006-12,2009-01,monitor
B000JJO9MC,5,4.0,2,1.0,45,2011-11,2014-04,monitor
B000JLL11C,5,4.0,22,0.5455,87.4,2007-01,2008-06,monitor
B000JP8I00,5,4.0,30,0.9667,315,2007-03,2008-11,monitor
B00000J47F,5,3.8,39,0.9487,53.2,2000-06,2014-05,monitor
B00004STQK,5,3.8,25,0.96,238.8,2000-09,2003-10,monitor
B00004SU73,5,3.8,22,1.0,125.8,2000-08,2013-08,monitor
B00004TL5W,5,3.8,47,0.6383,144.2,2000-06,2001-06,monitor
B00004Y2ZX,5,3.8,48,0.6875,157,2001-05,2012-05,monitor
B00004Z6ON,5,3.8,14,0.6429,104,2006-08,2014-07,monitor
B000050FH8,5,3.8,17,0.7059,201.6,2001-04,2010-11,monitor
B0000512PH,5,3.8,37,0.9459,61.6,2001-08,2013-04,monitor
B000055YX6,5,3.8,30,0.9,249.8,2004-08,2013-04,monitor
B00005B6YF,5,3.8,34,0.7059,168.8,2001-06,2002-08,monitor
B00005NNDF,5,3.8,13,0.7692,118.8,2003-02,2013-03,monitor
B00005QIPU,5,3.8,21,0.7619,176.6,2002-04,2006-01,monitor
B00005QT5J,5,3.8,31,0.9032,73.4,2003-05,2005-02,monitor
B00005T3BP,5,3.8,28,0.8571,92.4,2004-02,2008-06,monitor
B00005YV57,5,3.8,7,1.0,104,2011-11,2014-05,monitor
B0000632GX,5,3.8,6,0.6667,91.6,2009-03,2013-08,monitor
B00006341G,5,3.8,47,0.8298,170.8,2005-08,2009-01,monitor
B00006AFD2,5,3.8,58,0.5862,106.4,2003-04,2005-07,monitor
B00006B6PI,5,3.8,1,1.0,33.2,2008-05,2013-10,monitor
B00006HYJ2,5,3.8,40,0.625,282.8,2002-11,2003-09,monitor
B00006I5L6,5,3.8,9,0.8889,157.6,2008-12,2013-08,monitor
B00006IJO7,5,3.8,14,0.6429,85.2,2003-02,2010-02,monitor
B000075ANQ,5,3.8,34,0.9706,80.2,2008-03,2013-05,monitor
B00007FS1O,5,3.8,107,0.9626,286,2003-02,2013-07,monitor
B00007LV61,5,3.8,5,0.4,85.6,2007-01,2014-01,monitor
B000087LI2,5,3.8,30,0.9667,100.4,2003-10,2007-08,monitor
B0000899YJ,5,3.8,29,0.8966,297,2003-08,2004-08,monitor
B00008IP5S,5,3.8,32,0.875,222.2,2003-06,2003-12,monitor
B00008RS97,5,3.8,22,0.5909,140,2003-10,2006-04,monitor
B00008WM59,5,3.8,15,0.8,150,2003-05,2006-03,monitor
B00009QP2H,5,3.8,2,1.0,93.8,2010-01,2014-03,monitor
B00009R6Q7,5,3.8,7,0.5714,34.6,2010-07,2013-02,monitor
B00009R877,5,3.8,10,0.9,114.6,2010-04,2013-10,monitor
B00009R8NY,5,3.8,14,1.0,86.8,2011-11,2013-11,monitor
B00009R90I,5,3.8,0,,62.6,2011-10,2014-01,monitor
B00009UTQ8,5,3.8,1,1.0,154.6,2010-12,2014-06,monitor
B00009V4G7,5,3.8,26,0.6923,65.8,2008-09,2013-03,monitor
B00009X3QP,5,3.8,39,0.8205,164.8,2003-12,2011-06,monitor
B0000A0BOR,5,3.8,17,0.9412,79.2,2004-07,2011-10,monitor
B0000A2QAD,5,3.8,82,0.8902,110.4,2003-10,2013-01,monitor
B0000ABPI3,5,3.8,22,0.6818,106.6,2004-09,2007-08,monitor
B0000BZLK7,5,3.8,6,0.5,105,2008-03,2011-05,monitor
B0000DBMHR,5,3.8,20,0.9,123.2,2005-05,2011-01,monitor
B0000DFI06,5,3.8,10,0.9,171.8,2005-09,2008-08,monitor
B0001AU6Y4,5,3.8,218,0.867,142.2,2004-02,2005-09,monitor
B0001DKQWI,5,3.8,303,0.9637,218.8,2004-06,2004-11,monitor
B0001DKQX2,5,3.8,60,0.8667,183.2,2005-01,2009-01,monitor
B0001H9L8O,5,3.8,15,0.6,105,2004-10,2007-01,monitor
B0001LS36G,5,3.8,52,0.5,44.2,2007-02,2012-01,monitor
B0001M3MUC,5,3.8,28,0.8571,196.2,2004-06,2006-05,monitor
B0001STIEK,5,3.8,13,0.9231,244,2004-09,2006-11,monitor
B00020VX8Q,5,3.8,11,1.0,85.4,2006-02,2008-12,monitor
B00022VZ0U,5,3.8,199,0.9799,167.6,2004-12,2012-12,monitor
B0002474VM,5,3.8,8,0.75,92.2,2010-05,2014-03,monitor
B00024L6SY,5,3.8,10,1.0,69.4,2005-11,2012-09,monitor
B0002COTG2,5,3.8,7,0.4286,203.8,2005-02,2010-10,monitor
B0002D0712,5,3.8,10,0.8,99.6,2009-12,2013-02,monitor
B0002FO3JC,5,3.8,59,0.9492,98,2004-09,2010-11,monitor
B0002KQRBY,5,3.8,20,0.8,59.2,2004-11,2005-08,monitor
B0002L5R7S,5,3.8,1,1.0,72.4,2012-11,2013-09,monitor
B0002MK94I,5,3.8,33,0.9697,193,2009-04,2013-09,monitor
B0002MSTWC,5,3.8,68,0.8529,95.8,2005-01,2005-02,monitor
B0002T3UQK,5,3.8,21,0.8571,177.8,2005-08,2009-12,monitor
B0002ZPFF8,5,3.8,1,1.0,38.2,2012-01,2014-07,monitor
B0002ZPLHK,5,3.8,0,,26.2,2011-02,2013-11,monitor
B00064C53K,5,3.8,52,0.8846,224.8,2005-05,2012-03,monitor
B000653J1G,5,3.8,7,0.7143,119,2007-04,2014-05,monitor
B00065HLYM,5,3.8,58,0.9138,90.8,2005-11,2010-04,monitor
B00065ZK7M,5,3.8,440,0.9841,600.2,2004-11,2008-08,monitor
B0006698PQ,5,3.8,31,0.9677,74.6,2007-03,2012-03,monitor
B00066ZMXI,5,3.8,20,0.85,244.8,2005-05,2008-12,monitor
B00067OEPE,5,3.8,18,0.9444,223.2,2006-02,2010-03,monitor
B00069J6CI,5,3.8,18,0.9444,218,2007-09,2010-02,monitor
B0006TIEX0,5,3.8,10,1.0,176.6,2006-01,2007-07,monitor
B00070PME2,5,3.8,8,1.0,77.8,2010-11,2014-03,monitor
B0007GIXQA,5,3.8,32,0.9062,127.2,2005-07,2008-11,monitor
B0007LIWGG,5,3.8,10,0.8,80.2,2013-03,2014-03,monitor
B0007T27I2,5,3.8,15,0.2667,33,2006-12,2013-03,monitor
B000816XJ8,5,3.8,86,0.3488,92.8,2005-04,2007-02,monitor
B00081S0YY,5,3.8,15,0.9333,98.4,2006-04,2013-09,monitor
B0009E0408,5,3.8,4,0.0,55,2013-03,2013-09,monitor
B0009HMN6S,5,3.8,32,0.9688,105.4,2007-12,2013-12,monitor
B0009RORAI,5,3.8,2,1.0,279,2009-04,2013-04,monitor
B0009U7YD2,5,3.8,176,0.8011,342.2,2005-08,2006-11,monitor
B0009XTDHO,5,3.8,68,0.9559,145.6,2006-10,2009-06,monitor
B000AM7I30,5,3.8,142,0.9648,295.2,2005-12,2007-06,monitor
B000AW1G4M,5,3.8,14,0.8571,120.2,2008-02,2012-05,monitor
B000BDDBM0,5,3.8,36,0.8056,328,2005-10,2009-09,monitor
B000BNXTXG,5,3.8,13,0.6923,116.8,2006-05,2013-12,monitor
B000BNY0W0,5,3.8,33,0.9091,216.4,2009-12,2013-01,monitor
B000BWDL26,5,3.8,8,0.875,80.2,2010-02,2011-12,monitor
B000BWI4DC,5,3.8,29,0.931,171,2007-01,2013-06,monitor
B000C6SP4K,5,3.8,48,0.9583,114.6,2007-02,2013-11,monitor
B000CQGMRC,5,3.8,2,0.5,39.6,2010-03,2013-10,monitor
B000CSY16E,5,3.8,4,1.0,123.2,2014-01,2014-06,monitor
B000E1DSB8,5,3.8,10,0.9,153.2,2007-01,2009-01,monitor
B000E2AZ4K,5,3.8,2,1.0,125.2,2008-01,2008-06,monitor
B000E36R8W,5,3.8,3,1.0,88.6,2009-10,2011-08,monitor
B000E3DRZS,5,3.8,8,1.0,52.8,2007-02,2008-07,monitor
B000E3YV1M,5,3.8,15,1.0,44,2008-08,2011-11,monitor
B000E8FPYY,5,3.8,14,0.7143,93.4,2007-05,2011-05,monitor
B000EG6QDK,5,3.8,4,1.0,28.8,2007-04,2013-04,monitor
B000EHYQAY,5,3.8,6,1.0,49.2,2007-02,2013-11,monitor
B000EORI1G,5,3.8,18,0.9444,161.2,2007-12,2013-01,monitor
B000EPM9NC,5,3.8,37,0.7838,289.4,2008-01,2010-12,monitor
B000EVQ0P4,5,3.8,34,0.8529,102.8,2007-05,2008-05,monitor
B000EY16SM,5,3.8,4,1.0,60.2,2006-07,2013-02,monitor
B000FCTFVS,5,3.8,88,0.9545,309.6,2006-07,2010-01,monitor
B000FHBNI6,5,3.8,11,0.1818,213.4,2006-12,2011-04,monitor
B000FIP7DC,5,3.8,11,0.8182,174.4,2006-08,2009-05,monitor
B000G36GO0,5,3.8,21,1.0,207.2,2006-12,2013-10,monitor
B000GW81BM,5,3.8,18,0.8333,70.4,2006-11,2014-03,monitor
B000HCUU0Q,5,3.8,1,0.0,148.6,2007-04,2014-01,monitor
B000I1KHG8,5,3.8,6,0.8333,57.2,2009-03,2013-02,monitor
B000IBRP3Q,5,3.8,11,0.6364,84.4,2008-05,2010-05,monitor
B000ILIINM,5,3.8,16,0.9375,149,2006-11,2007-11,monitor
B000IMK9FG,5,3.8,75,0.4933,171.8,2007-09,2013-09,monitor
B000JFGAUU,5,3.8,4,0.75,159.8,2007-12,2012-03,monitor
B000JMBPLC,5,3.8,9,0.7778,194.4,2007-09,2008-07,monitor
B00000J506,5,3.6,65,0.9538,156,2002-12,2013-08,monitor
B00000JI2D,5,3.6,57,0.9474,77.4,2000-01,2014-01,monitor
B00004VXN2,5,3.6,57,0.9123,116.8,2002-11,2014-01,monitor
B00004Z591,5,3.6,18,0.5556,65,2006-05,2013-08,monitor
B00004ZB0V,5,3.6,87,0.9195,165.8,2000-12,2007-02,monitor
B00005045X,5,3.6,17,0.6471,151.8,2001-11,2012-12,monitor
B000050MN8,5,3.6,231,0.8052,222.2,2001-01,2002-03,monitor
B00005NHAK,5,3.6,49,0.9592,176.8,2001-12,2003-07,monitor
B00006D2LD,5,3.6,16,1.0,245.8,2003-07,2014-01,monitor
B00006JQBU,5,3.6,9,1.0,120.6,2007-10,2010-09,monitor
B00007CJLC,5,3.6,22,0.9545,124,2006-11,2014-05,monitor
B00007FS5R,5,3.6,17,0.8235,119.4,2003-01,2013-04,monitor
B00007KJWO,5,3.6,74,0.9595,103.2,2003-02,2008-08,monitor
B00008IP4W,5,3.6,111,0.8198,122.2,2003-04,2006-08,monitor
B00008W880,5,3.6,35,0.8,61,2003-12,2007-02,monitor
B00008XOLT,5,3.6,27,0.8148,162.8,2003-09,2012-08,monitor
B00008XONR,5,3.6,35,0.9714,107.8,2006-01,2014-01,monitor
B00009ADEW,5,3.6,21,0.5238,82.2,2007-02,2013-11,monitor
B00009N6VQ,5,3.6,85,0.9059,190.8,2004-01,2013-10,monitor
B00009R6IM,5,3.6,12,0.75,52.4,2009-05,2013-12,monitor
B00009R897,5,3.6,17,0.5882,268.6,2009-02,2011-10,monitor
B00009WDU5,5,3.6,12,0.8333,206.8,2007-02,2012-09,monitor
B00009XV40,5,3.6,16,0.8125,44.4,2007-01,2013-03,monitor
B0000AZK4L,5,3.6,16,0.25,86.4,2005-12,2010-10,monitor
B0000BVUYQ,5,3.6,28,0.6786,146.6,2003-09,2005-02,monitor
B00015H0XE,5,3.6,125,0.944,153.6,2004-10,2014-03,monitor
B00016556C,5,3.6,60,0.6167,148.8,2004-01,2006-12,monitor
B0001BXYP6,5,3.6,92,0.9457,73,2004-11,2005-01,monitor
B0001DB6KO,5,3.6,50,0.98,211.6,2004-09,2010-08,monitor
B0001EZN3E,5,3.6,113,0.9823,197.8,2004-11,2010-11,monitor
B0001G6U84,5,3.6,29,0.9655,193,2005-01,2013-11,monitor
B0001NZWXQ,5,3.6,43,0.9302,172.2,2005-01,2006-10,monitor
B0002D05RI,5,3.6,3,1.0,52,2010-12,2014-05,monitor
B0002E1S32,5,3.6,16,0.9375,71.8,2008-01,2013-01,monitor
B0002EHOSU,5,3.6,7,1.0,71,2008-07,2010-08,monitor
B0002HBOPQ,5,3.6,21,0.8095,62.4,2012-06,2013-10,monitor
B0002IHP44,5,3.6,16,0.9375,105.6,2005-06,2007-11,monitor
B0002WPSFI,5,3.6,13,0.6923,146.4,2005-08,2010-03,monitor
B0002ZUHB0,5,3.6,279,0.9176,382.4,2004-11,2005-08,monitor
B0004HPV58,5,3.6,46,0.9565,147.8,2004-11,2006-08,monitor
B00054NM4M,5,3.6,55,0.9818,317.8,2004-12,2006-01,monitor
B000653GYG,5,3.6,16,0.5,85.4,2006-01,2013-01,monitor
B0006IBBLS,5,3.6,3,1.0,71,2009-01,2013-06,monitor
B00077IPC6,5,3.6,6,1.0,147.2,2007-08,2009-01,monitor
B0007L72NA,5,3.6,11,0.8182,133.4,2008-09,2010-02,monitor
B0007XCT22,5,3.6,20,0.5,138,2005-12,2014-02,monitor
B0007Y6ANU,5,3.6,68,0.6912,231.6,2005-06,2006-04,monitor
B0007Z6RGO,5,3.6,19,1.0,233.4,2005-10,2010-12,monitor
B0008F6QFK,5,3.6,6,0.5,56.4,2006-12,2011-08,monitor
B0009E3T14,5,3.6,177,0.8418,306.8,2005-09,2007-07,monitor
B0009RKEUA,5,3.6,5,0.6,102.2,2007-05,2014-06,monitor
B0009YXD1U,5,3.6,53,0.9245,192.4,2005-04,2014-06,monitor
B000A7B9YE,5,3.6,62,0.9839,361.6,2005-10,2010-10,monitor
B000AAZRIU,5,3.6,9,0.3333,130.6,2006-07,2010-03,monitor
B000AL4XF2,5,3.6,1,0.0,30.2,2011-07,2013-09,monitor
B000AOQ244,5,3.6,6,1.0,177.2,2006-06,2010-08,monitor
B000AYWP0O,5,3.6,26,0.7308,131.6,2006-06,2010-01,monitor
B000BGTVDK,5,3.6,74,0.9595,267.4,2006-01,2007-10,monitor
B000BY66HQ,5,3.6,16,0.9375,93.6,2008-05,2011-03,monitor
B000BY9FOC,5,3.6,18,0.8889,79.2,2006-12,2014-04,monitor
B000CHVLPE,5,3.6,9,0.7778,101,2012-04,2014-07,monitor
B000CRW2DE,5,3.6,8,1.0,203,2009-01,2014-07,monitor
B000CSYZ1K,5,3.6,15,0.5333,168,2007-03,2010-03,monitor
B000DZFP98,5,3.6,60,0.6833,125.8,2007-01,2007-07,monitor
B000E0DU6M,5,3.6,396,0.9823,282.4,2006-03,2013-06,monitor
B000E1HW6A,5,3.6,68,0.8088,160.2,2006-03,2007-09,monitor
B000E9BXDU,5,3.6,60,0.7333,86.2,2006-05,2007-03,monitor
B000EAPMW2,5,3.6,57,0.9474,200.6,2006-03,2010-01,monitor
B000EBPJFG,5,3.6,138,0.942,149,2006-03,2013-05,monitor
B000EHKWKM,5,3.6,155,0.7484,224,2006-07,2012-04,monitor
B000FLD01K,5,3.6,20,1.0,255.4,2006-08,2008-12,monitor
B000FTHR7U,5,3.6,70,0.8571,189,2006-09,2014-06,monitor
B000GBBSUE,5,3.6,10,1.0,68.8,2007-05,2013-05,monitor
B000GE64VE,5,3.6,1,1.0,63.4,2010-12,2014-03,monitor
B000GGTIKG,5,3.6,9,0.7778,145.2,2009-08,2014-05,monitor
B000GIT00C,5,3.6,13,0.8462,196.8,2013-02,2014-07,monitor
B000GRPWEQ,5,3.6,30,0.9667,85,2008-04,2010-03,monitor
B000GT49AC,5,3.6,85,0.7882,437.4,2006-10,2007-02,monitor
B000H3ORU4,5,3.6,10,1.0,151.4,2007-02,2009-08,monitor
B000HDWXRS,5,3.6,23,0.9565,114.6,2006-12,2007-03,monitor
B000HI485S,5,3.6,17,0.9412,92,2007-02,2011-10,monitor
B000HS2TYA,5,3.6,1,1.0,38,2008-01,2012-12,monitor
B000IC0VYA,5,3.6,1,1.0,114.6,2007-10,2011-11,monitor
B000IIDKK6,5,3.6,16,0.875,93.4,2008-08,2010-12,monitor
B000IVP2KY,5,3.6,23,0.7826,79.8,2009-06,2012-08,monitor
B000IXZ3R4,5,3.6,31,0.9032,137.6,2007-02,2008-05,monitor
B000J4DVM6,5,3.6,14,0.8571,81.4,2007-06,2013-10,monitor
B000JKWXYW,5,3.6,8,0.5,110.6,2007-10,2008-05,monitor
B00004YKHT,5,3.4,122,0.8525,297.4,2000-10,2001-12,monitor
B000050NON,5,3.4,44,0.7955,70,2001-01,2014-05,monitor
B0000510C0,5,3.4,10,0.4,36.6,2007-02,2014-04,monitor
B00005I9PF,5,3.4,178,0.9831,312,2001-07,2002-01,monitor
B00005NJEJ,5,3.4,12,0.5,78.8,2005-11,2014-05,monitor
B00005RD8Q,5,3.4,16,0.75,65.2,2003-11,2012-09,monitor
B00005RI9I,5,3.4,118,0.9831,288.4,2002-12,2011-02,monitor
B000063EKP,5,3.4,93,0.9247,177.8,2002-03,2003-03,monitor
B000063W8Z,5,3.4,108,0.9167,181.2,2002-08,2010-03,monitor
B000066E70,5,3.4,34,0.8235,107.6,2002-12,2005-04,monitor
B000068MGO,5,3.4,48,0.9583,175,2002-12,2009-06,monitor
B00006B70S,5,3.4,17,1.0,84.4,2008-06,2013-07,monitor
B00006B9GE,5,3.4,12,1.0,100.8,2004-11,2007-07,monitor
B00006HPFH,5,3.4,24,0.7917,79.6,2008-08,2014-05,monitor
B00006OX6B,5,3.4,3,0.6667,236,2007-07,2014-03,monitor
B0000789GA,5,3.4,54,1.0,306.8,2002-11,2007-03,monitor
B00008AZ71,5,3.4,18,0.9444,142.6,2003-05,2005-03,monitor
B00008IP5I,5,3.4,62,0.9355,180.8,2003-05,2004-12,monitor
B00008RHA3,5,3.4,163,0.9018,224.8,2003-05,2008-04,monitor
B00008Y0S8,5,3.4,2,0.5,59,2013-10,2014-04,monitor
B000098PUF,5,3.4,43,0.5581,128.4,2004-03,2010-05,monitor
B00009MJKB,5,3.4,3,0.6667,98.4,2008-09,2014-01,monitor
B00009R8I9,5,3.4,2,1.0,141.8,2008-12,2013-02,monitor
B00009W3CU,5,3.4,75,1.0,139,2004-05,2014-06,monitor
B0000AFX3Y,5,3.4,115,0.9739,346.2,2003-09,2006-05,monitor
B0000DIACI,5,3.4,124,0.9516,417.4,2004-01,2005-01,monitor
B0000DIWW2,5,3.4,18,1.0,217.2,2003-12,2010-01,monitor
B0000E2XED,5,3.4,25,0.52,155,2006-09,2014-04,monitor
B0000TRGIU,5,3.4,0,,55.4,2007-01,2009-01,monitor
B0000XMVI6,5,3.4,15,0.8,81.4,2009-05,2014-03,monitor
B00019FO24,5,3.4,66,0.9394,195.6,2004-06,2005-11,monitor
B0001CKX2M,5,3.4,13,0.6154,103.8,2004-08,2006-04,monitor
B0001FZB8A,5,3.4,19,0.8421,172.4,2004-04,2009-03,monitor
B0001LCZZQ,5,3.4,95,0.8421,228,2005-03,2011-11,monitor
B00020E4KK,5,3.4,25,0.88,199.8,2005-02,2014-06,monitor
B0002593WY,5,3.4,16,0.6875,113.4,2005-05,2007-08,monitor
B000285A1O,5,3.4,60,0.9167,232.8,2005-01,2006-06,monitor
B0002BA58O,5,3.4,23,0.8261,116.8,2008-08,2013-10,monitor
B0002ER5AW,5,3.4,36,0.5833,171.4,2005-04,2006-07,monitor
B0002JKBKI,5,3.4,18,1.0,44.6,2007-08,2011-12,monitor
B0004FQ65E,5,3.4,0,,31.4,2010-12,2013-06,monitor
B0006698TW,5,3.4,13,0.9231,56.4,2009-06,2014-01,monitor
B0006FS2CM,5,3.4,52,0.6154,144.8,2005-04,2006-08,monitor
B0007RA6MS,5,3.4,13,0.7692,175,2005-04,2007-01,monitor
B0007WQ8VG,5,3.4,3,0.3333,37.8,2012-07,2014-04,monitor
B0007Y6LTS,5,3.4,7,0.5714,112.6,2007-06,2012-09,monitor
B00080APH0,5,3.4,81,0.2963,134.8,2005-07,2010-02,monitor
B0008IV9R2,5,3.4,4,0.75,85.8,2007-01,2011-03,monitor
B00092O6QS,5,3.4,26,0.5385,75,2006-12,2009-02,monitor
B0009GYR9K,5,3.4,61,0.6557,73.8,2005-10,2007-10,monitor
B0009O1F06,5,3.4,11,0.7273,178.2,2007-02,2012-12,monitor
B0009ORWW6,5,3.4,28,0.7143,262.2,2006-02,2010-01,monitor
B0009VU7JO,5,3.4,10,0.9,208.2,2007-03,2008-05,monitor
B000AMC5EC,5,3.4,6,1.0,124.6,2006-07,2008-02,monitor
B000B8LEZ6,5,3.4,5,0.8,62.8,2012-12,2013-12,monitor
B000BO0LQI,5,3.4,68,0.75,258,2006-05,2010-01,monitor
B000BWHEJW,5,3.4,25,0.76,132.6,2005-12,2007-01,monitor
B000BYMM88,5,3.4,17,0.5294,225.6,2006-01,2014-07,monitor
B000CCF9UM,5,3.4,6,0.6667,59.4,2007-07,2011-10,monitor
B000CF3QTA,5,3.4,37,0.7838,140.8,2006-07,2010-04,monitor
B000E1332W,5,3.4,56,0.9464,155.8,2006-06,2008-08,monitor
B000EDNYTW,5,3.4,49,0.8163,126.2,2006-05,2007-08,monitor
B000EONVZI,5,3.4,8,0.875,90.8,2007-03,2009-12,monitor
B000ES7C5E,5,3.4,3,0.3333,114.6,2012-07,2013-08,monitor
B000ES9J00,5,3.4,34,0.6765,94,2007-07,2012-09,monitor
B000ETBYHK,5,3.4,6,0.8333,141.8,2006-11,2007-07,monitor
B000F1YF9Q,5,3.4,120,0.9417,175.8,2006-07,2007-07,monitor
B000FKM3Q4,5,3.4,24,0.2083,64.8,2007-04,2010-05,monitor
B000I4WHDQ,5,3.4,3,0.3333,54.8,2008-05,2009-09,monitor
B000J10M62,5,3.4,41,0.7561,258.6,2006-11,2007-08,monitor
9876050621,5,3.2,0,,56,2014-03,2014-06,monitor
B00001OPJV,5,3.2,37,0.973,108.4,2007-01,2013-12,monitor
B00001X5AL,5,3.2,338,0.9852,110,1999-12,2009-04,monitor
B00003CWEX,5,3.2,29,0.6207,105.8,2000-09,2006-04,monitor
B00004XRDM,5,3.2,84,0.8452,97.8,2004-10,2005-09,monitor
B00005NIMU,5,3.2,19,0.8421,92.2,2004-08,2013-03,monitor
B000063BGY,5,3.2,81,0.7531,191.2,2002-05,2003-01,monitor
B000068DB8,5,3.2,29,0.6897,217.6,2002-08,2005-03,monitor
B00006B7R7,5,3.2,18,0.8333,67.8,2007-01,2008-12,monitor
B00006DY6J,5,3.2,80,0.4375,125.6,2002-12,2014-06,monitor
B00006HCI3,5,3.2,21,0.9048,179.8,2003-09,2012-12,monitor
B00006HY8N,5,3.2,20,0.75,159,2003-05,2003-10,monitor
B00007FRXY,5,3.2,17,0.8235,111,2002-11,2003-09,monitor
B00008VF4A,5,3.2,12,0.5833,61.6,2009-05,2013-08,monitor
B00008WFVL,5,3.2,30,0.7333,191.2,2003-11,2011-05,monitor
B000092YPY,5,3.2,42,0.9762,210,2005-09,2007-09,monitor
B0000E6FY7,5,3.2,22,0.9545,378.6,2004-04,2005-09,monitor
B0000E6RIE,5,3.2,11,0.8182,74.4,2009-10,2014-03,monitor
B0000ET7U6,5,3.2,23,0.7826,89.2,2004-01,2007-09,monitor
B0000VD3PS,5,3.2,99,0.9394,195.4,2004-09,2005-12,monitor
B0000XMUIW,5,3.2,12,0.9167,82,2010-03,2014-07,monitor
B0001MKU52,5,3.2,29,0.7241,194,2004-08,2005-04,monitor
B0001MMH8K,5,3.2,67,0.6866,211.2,2004-09,2005-01,monitor
B0001Y56RM,5,3.2,13,0.6923,66.6,2007-03,2014-03,monitor
B000288I4U,5,3.2,12,0.8333,94.4,2006-09,2008-01,monitor
B00029U0XQ,5,3.2,4,0.25,89.4,2007-06,2009-01,monitor
B0002BEXYG,5,3.2,1,1.0,95.4,2009-09,2014-02,monitor
B0002ER3BS,5,3.2,18,0.7222,101.4,2005-02,2010-02,monitor
B0002EXFK6,5,3.2,0,,73.6,2012-12,2014-03,monitor
B0002J2IMW,5,3.2,8,0.375,221.8,2007-02,2011-05,monitor
B0002V6196,5,3.2,39,0.8205,175.6,2005-03,2012-12,monitor
B0002VS9ZU,5,3.2,57,0.614,53,2004-11,2007-07,monitor
B0002ZUZVW,5,3.2,55,0.9091,361.4,2006-09,2007-12,monitor
B00063EFYS,5,3.2,9,0.6667,80.8,2009-08,2012-10,monitor
B00064YNOY,5,3.2,14,0.7143,107.6,2006-03,2007-07,monitor
B0006J376O,5,3.2,14,0.8571,323.6,2005-11,2007-12,monitor
B0007M60WI,5,3.2,45,0.8889,204,2005-12,2012-12,monitor
B0007V43M8,5,3.2,13,0.8462,169,2009-06,2013-11,monitor
B00080FPSY,5,3.2,179,0.9274,122.8,2005-06,2007-01,monitor
B0009YNCSO,5,3.2,18,0.9444,52.6,2005-12,2013-03,monitor
B000A0GWMA,5,3.2,10,1.0,30.4,2006-12,2014-07,monitor
B000A2JXGA,5,3.2,205,0.8976,709.2,2005-09,2006-06,monitor
B000B651D4,5,3.2,38,0.8684,147.4,2006-03,2007-06,monitor
B000BRUGZG,5,3.2,9,0.5556,128.8,2006-09,2010-10,monitor
B000BTEDRG,5,3.2,88,0.8636,213.6,2006-03,2007-01,monitor
B000CO90YG,5,3.2,12,0.8333,117.6,2008-11,2013-07,monitor
B000COB5C6,5,3.2,70,0.7714,192.6,2006-08,2010-02,monitor
B000CP10UC,5,3.2,19,0.8421,46.6,2007-01,2008-11,monitor
B000CZ3M44,5,3.2,17,0.8824,56.2,2009-06,2011-07,monitor
B000DZ96DO,5,3.2,46,0.8478,125.8,2006-07,2011-11,monitor
B000EZP1Y6,5,3.2,48,0.8333,176.2,2006-11,2007-10,monitor
B000F4CUKY,5,3.2,58,0.569,56.6,2007-02,2010-06,monitor
B000F6EBBS,5,3.2,22,0.3182,55.2,2006-11,2013-05,monitor
B000F9JFXE,5,3.2,34,0.8824,85.6,2012-05,2014-01,monitor
B000G0JKHS,5,3.2,12,0.75,84,2007-07,2013-02,monitor
B000G7YQ66,5,3.2,16,0.875,72.2,2008-04,2011-11,monitor
B000GLPQW0,5,3.2,23,0.8696,90.6,2007-06,2011-02,monitor
B000H7CZWM,5,3.2,77,0.8312,134,2006-10,2007-12,monitor
B000HQ1GDC,5,3.2,15,0.8,97.6,2007-02,2008-08,monitor
B000HQMJBA,5,3.2,17,0.8824,117.2,2007-01,2010-07,monitor
B000IJFEZO,5,3.2,8,0.75,101,2007-11,2013-11,monitor
B000ILSALM,5,3.2,27,0.8889,199,2007-01,2014-02,monitor
B000ITHG9G,5,3.2,11,0.9091,65.6,2007-09,2012-11,monitor
8862936826,5,3.0,64,0.8594,321.4,2010-11,2013-02,monitor
B00004XOYF,5,3.0,14,0.8571,173.4,2001-01,2009-03,monitor
B00004Z7XX,5,3.0,18,1.0,222.4,2006-01,2013-12,monitor
B000051YGF,5,3.0,65,0.9846,259.8,2001-02,2002-03,monitor
B000056L2R,5,3.0,64,0.9219,349.6,2001-06,2002-01,monitor
B000056SJU,5,3.0,27,0.5185,164,2002-11,2003-12,monitor
B00005KB2N,5,3.0,26,0.9231,361.4,2008-02,2013-06,monitor
B00005R8PW,5,3.0,49,0.8367,149,2003-02,2004-10,monitor
B00006FROK,5,3.0,42,0.7381,93.8,2002-12,2013-03,monitor
B00006JM2X,5,3.0,38,0.2632,214.4,2002-12,2011-05,monitor
B000077X5L,5,3.0,39,0.7692,121,2003-05,2014-05,monitor
B00007DTDX,5,3.0,13,1.0,59.8,2007-05,2008-10,monitor
B000083GPS,5,3.0,44,0.6818,196.2,2005-12,2014-01,monitor
B000088USX,5,3.0,31,0.5484,294.8,2003-09,2008-10,monitor
B000093USF,5,3.0,88,0.5682,236.6,2003-12,2007-02,monitor
B00009XFVK,5,3.0,6,0.1667,42.8,2011-12,2013-08,monitor
B0000AKABI,5,3.0,104,0.7788,264.2,2003-10,2006-08,monitor
B0000CC1WL,5,3.0,2,1.0,58.8,2009-09,2012-07,monitor
B0001I1I0M,5,3.0,16,1.0,81.6,2004-11,2012-12,monitor
B0001NZXHQ,5,3.0,7,1.0,193.6,2004-11,2013-06,monitor
B0001RM7P8,5,3.0,10,0.9,50.6,2005-09,2008-02,monitor
B000234UYC,5,3.0,11,0.8182,95.2,2008-12,2009-08,monitor
B0002J283Q,5,3.0,0,,74.2,2012-09,2013-08,monitor
B0002TA96Y,5,3.0,110,0.8818,139.6,2004-12,2007-01,monitor
B0002ZUHBK,5,3.0,102,0.6471,254.8,2004-11,2005-12,monitor
B00064YZAQ,5,3.0,216,0.9537,320.2,2005-09,2013-03,monitor
B0006L506C,5,3.0,75,0.7867,198.2,2004-12,2007-07,monitor
B0006NAB96,5,3.0,22,0.9091,130.2,2007-04,2013-05,monitor
B0007MGEOC,5,3.0,72,0.7639,237.2,2005-12,2007-02,monitor
B0007PNK00,5,3.0,19,0.6842,216.6,2005-05,2013-12,monitor
B0007QN86U,5,3.0,42,0.7619,134.2,2005-10,2014-06,monitor
B00083JPW8,5,3.0,14,1.0,96,2008-06,2014-05,monitor
B0009RVG7U,5,3.0,8,1.0,108.8,2006-06,2013-10,monitor
B0009XPMR4,5,3.0,23,0.8261,205,2006-02,2014-05,monitor
B000A1CEX0,5,3.0,21,0.6667,98.2,2009-01,2011-10,monitor
B000ALWWMI,5,3.0,33,0.697,122,2005-10,2007-08,monitor
B000AMCM2C,5,3.0,7,1.0,185.4,2009-08,2014-02,monitor
B000B5SLSM,5,3.0,62,0.9516,155.4,2006-07,2010-03,monitor
B000BC8VV2,5,3.0,51,0.902,210.2,2005-11,2007-02,monitor
B000BCDQ44,5,3.0,0,,63.6,2009-11,2014-05,monitor
B000BJBCG6,5,3.0,42,0.9048,230.2,2007-07,2011-11,monitor
B000BLI0P0,5,3.0,0,,80,2007-07,2011-03,monitor
B000BOF3UW,5,3.0,31,0.5161,88.2,2006-11,2009-01,monitor
B000BX7KLI,5,3.0,42,0.881,383.6,2005-11,2007-08,monitor
B000COB4YK,5,3.0,52,0.6154,39,2007-01,2013-11,monitor
B000E3ZDVY,5,3.0,13,0.7692,86.8,2010-11,2014-02,monitor
B000E60QZE,5,3.0,46,0.7609,101,2006-11,2013-01,monitor
B000E7GDUK,5,3.0,132,0.9545,357.6,2006-05,2007-07,monitor
B000EIN2OO,5,3.0,11,0.7273,32.2,2010-05,2013-10,monitor
B000ER1G3E,5,3.0,27,0.7037,153.2,2006-12,2007-08,monitor
B000ET8EDM,5,3.0,51,0.9216,241.8,2006-06,2010-03,monitor
B000F2M1AA,5,3.0,11,0.8182,86.6,2006-12,2007-04,monitor
B000F49ZKW,5,3.0,46,0.9565,187.6,2008-01,2010-11,monitor
B000FDNKQI,5,3.0,6,1.0,183.2,2006-10,2007-11,monitor
B000FEE4T4,5,3.0,78,0.9872,330.8,2006-12,2009-01,monitor
B000G4LW0M,5,3.0,23,0.8696,109.2,2007-08,2012-12,monitor
B000GC2DDE,5,3.0,15,0.9333,281.2,2007-09,2011-07,monitor
B000GEB6L2,5,3.0,7,1.0,51.6,2009-09,2013-02,monitor
B000HZTGTO,5,3.0,22,0.8182,218.2,2006-12,2010-02,monitor
B000I0VG9G,5,3.0,32,0.9375,161.4,2007-01,2007-09,monitor
B000I3FA4A,5,3.0,2,1.0,70.6,2007-11,2013-08,monitor
B000IMSGC4,5,3.0,1,1.0,93.2,2010-02,2013-12,monitor
B000IXUPM2,5,3.0,2,1.0,57,2009-02,2014-01,monitor
B00000J0D8,5,2.8,40,0.925,179.8,2003-01,2007-03,monitor
B00000JF4M,5,2.8,155,0.9226,201.6,1999-12,2001-04,monitor
B00005LENK,5,2.8,58,0.7586,49.8,2003-12,2013-01,monitor
B00005ML7T,5,2.8,40,0.8,70.6,2002-09,2013-09,monitor
B00005QZ0H,5,2.8,27,0.963,108,2002-12,2008-04,monitor
B00005U23U,5,2.8,3,1.0,95.2,2004-11,2014-02,monitor
B00005UKBT,5,2.8,44,0.8182,47,2003-03,2013-06,monitor
B000062X36,5,2.8,21,0.7143,149.8,2002-09,2005-11,monitor
B00006B9ES,5,2.8,39,0.7949,230.4,2002-10,2004-01,monitor
B00006BAQC,5,2.8,26,0.5,66.6,2002-10,2009-06,monitor
B00006HW8A,5,2.8,33,0.5758,98.6,2004-11,2014-02,monitor
B00006ICZI,5,2.8,6,0.8333,54.8,2009-02,2013-09,monitor
B00008Z1PR,5,2.8,3,0.6667,44.8,2012-01,2014-06,monitor
B00009KH5Q,5,2.8,32,0.875,165.8,2003-09,2007-08,monitor
B0000AHOBP,5,2.8,11,0.9091,222.2,2004-10,2010-02,monitor
B0000B3ATJ,5,2.8,82,0.9634,198.6,2003-11,2004-03,monitor
B0001D09YI,5,2.8,69,0.6232,192.6,2004-03,2007-04,monitor
B0001PFQ76,5,2.8,55,0.8727,73.8,2004-06,2005-03,monitor
B0001WV6YQ,5,2.8,41,0.7561,135.2,2004-11,2007-02,monitor
B000220NDK,5,2.8,114,0.7544,266,2006-04,2011-09,monitor
B00024MI8G,5,2.8,58,0.931,180.8,2004-12,2009-01,monitor
B0002ARK2O,5,2.8,36,0.9444,120.6,2004-07,2014-05,monitor
B0002JY6SG,5,2.8,151,0.6954,250,2005-04,2010-12,monitor
B0002K6F66,5,2.8,22,1.0,111,2008-04,2009-05,monitor
B0002UB2PK,5,2.8,63,0.7143,622.2,2004-09,2010-12,monitor
B0002UB2PU,5,2.8,4,0.75,313.2,2004-10,2006-11,monitor
B00066HV46,5,2.8,17,0.5882,133.4,2009-07,2012-03,monitor
B0006G10UW,5,2.8,8,0.875,48,2010-04,2013-12,monitor
B0006G3APA,5,2.8,24,0.8333,154.4,2006-01,2009-07,monitor
B0007UPMJ2,5,2.8,26,1.0,448.6,2005-08,2006-03,monitor
B00094OWG0,5,2.8,34,0.6471,70.2,2005-08,2007-02,monitor
B0009IO6NK,5,2.8,58,0.8448,184.8,2005-11,2006-12,monitor
B0009MFTTG,5,2.8,18,0.5,138.8,2012-11,2014-02,monitor
B000AMACDI,5,2.8,47,0.7234,162.6,2006-11,2012-02,monitor
B000ARIT5Q,5,2.8,33,0.697,62.4,2005-10,2008-05,monitor
B000AZRK94,5,2.8,11,1.0,50.8,2008-02,2014-05,monitor
B000BNKEF2,5,2.8,3,0.6667,98.2,2009-03,2014-05,monitor
B000BX1XGQ,5,2.8,15,0.6,100.6,2007-01,2011-03,monitor
B000CQEI6O,5,2.8,4,1.0,83.6,2011-03,2014-07,monitor
B000E8Z0XK,5,2.8,8,0.375,75.2,2008-11,2013-11,monitor
B000EVLS3S,5,2.8,23,0.6957,95.2,2007-09,2013-12,monitor
B000F65770,5,2.8,14,0.7857,68.4,2007-08,2008-12,monitor
B000H4FO9G,5,2.8,46,0.8696,115.6,2008-01,2013-03,monitor
B000HGICZW,5,2.8,14,0.9286,72.4,2007-01,2008-01,monitor
B000HRYWCS,5,2.8,4,1.0,100.8,2007-01,2009-09,monitor
B00004YBVF,5,2.6,12,1.0,63.4,2001-12,2005-10,monitor
B000050AOO,5,2.6,49,0.9388,217.6,2001-09,2002-02,monitor
B00005AY8T,5,2.6,83,0.988,188.4,2002-01,2004-01,monitor
B00005B6S7,5,2.6,20,0.8,203,2001-08,2013-08,monitor
B00005I9R4,5,2.6,16,0.9375,87,2001-11,2013-01,monitor
B00005NHHA,5,2.6,29,0.7931,138.2,2002-02,2002-12,monitor
B00005NIMH,5,2.6,24,0.8333,254.6,2001-12,2003-01,monitor
B00007G360,5,2.6,13,0.9231,96.6,2003-07,2012-03,monitor
B000083K5N,5,2.6,40,1.0,68.2,2005-06,2010-06,monitor
B00008XY4D,5,2.6,58,0.8448,200.6,2003-11,2014-06,monitor
B00009W5QJ,5,2.6,28,0.9643,152.2,2007-02,2013-05,monitor
B0000DJEIP,5,2.6,60,0.85,131.2,2003-11,2005-02,monitor
B0000YCFCC,5,2.6,45,0.8667,247.4,2005-01,2014-02,monitor
B0001NBHMQ,5,2.6,46,0.7391,163.2,2004-12,2009-12,monitor
B0001R03X6,5,2.6,41,0.9024,221.4,2004-06,2006-03,monitor
B000222YR8,5,2.6,6,0.5,38.8,2007-01,2013-06,monitor
B0002W3AFS,5,2.6,21,0.9524,268.6,2005-11,2011-05,monitor
B0006HPFKM,5,2.6,17,1.0,57.2,2005-08,2008-11,monitor
B0007WK8LM,5,2.6,85,0.4118,132.2,2006-07,2013-04,monitor
B0009E65GA,5,2.6,10,0.4,105.2,2007-02,2013-06,monitor
B000A4446W,5,2.6,33,0.9697,142.8,2005-12,2013-05,monitor
B000AZFYMO,5,2.6,23,0.8261,131.6,2006-05,2007-04,monitor
B000B8YH3W,5,2.6,82,0.9634,171.2,2006-02,2008-03,monitor
B000BUTH4E,5,2.6,1,1.0,26.2,2013-01,2014-02,monitor
B000E0G5LE,5,2.6,24,0.875,158.8,2007-10,2008-06,monitor
B000E669IW,5,2.6,5,0.6,104.8,2008-08,2009-04,monitor
B000F78550,5,2.6,99,0.9192,163.4,2006-10,2012-11,monitor
B000G2BDZ8,5,2.6,23,0.9565,159.2,2006-10,2007-10,monitor
B000G70I36,5,2.6,3,1.0,88.8,2008-11,2014-06,monitor
B000HKH1VO,5,2.6,13,1.0,141.6,2007-06,2010-12,monitor
B000HV9YT0,5,2.6,11,0.7273,86.8,2007-04,2011-11,monitor
B000HVXIT2,5,2.6,8,1.0,199.2,2007-01,2007-08,monitor
B000I1TC2S,5,2.6,201,0.9403,493.6,2006-10,2009-01,monitor
B000I94FQI,5,2.6,5,0.4,75.6,2011-03,2013-10,monitor
0528881469,5,2.4,70,0.9143,414.6,2010-09,2013-06,monitor
B00005854E,5,2.4,17,0.7059,142.8,2002-01,2010-12,monitor
B00005UK9Y,5,2.4,17,0.8235,101.2,2002-08,2006-04,monitor
B00009LI6N,5,2.4,46,0.8696,182,2004-06,2010-12,monitor
B0000A0VBM,5,2.4,30,0.8667,253,2005-01,2006-09,monitor
B0000CD0BU,5,2.4,92,0.7065,187.4,2003-12,2006-12,monitor
B0000D8IWR,5,2.4,28,0.1071,45.6,2007-03,2013-04,monitor
B0000YVCS0,5,2.4,15,0.8,346.2,2004-02,2004-08,monitor
B00021XQIK,5,2.4,104,0.6154,115.2,2004-07,2012-07,monitor
B0006N2P8Q,5,2.4,2,1.0,138.4,2007-09,2009-05,monitor
B0007IG23Y,5,2.4,67,0.7015,253.8,2005-11,2008-02,monitor
B0007O7DT0,5,2.4,28,0.8929,168.6,2005-12,2007-02,monitor
B000A7NR8A,5,2.4,26,1.0,131.6,2007-03,2012-03,monitor
B000CBFVXS,5,2.4,1,1.0,35.6,2009-09,2013-07,monitor
B000CO77L4,5,2.4,126,0.4286,138,2007-02,2008-11,monitor
B000EIDBT0,5,2.4,102,0.4902,163.2,2006-05,2010-03,monitor
B000ENIYOC,5,2.4,23,0.8696,194,2006-12,2007-03,monitor
B000EWAX0G,5,2.4,7,0.5714,177.6,2010-10,2013-01,monitor
B000FJXR5G,5,2.4,21,0.9048,69.4,2007-03,2010-02,monitor
B000FPE1D2,5,2.4,22,0.6364,179.6,2008-02,2012-11,monitor
B000FTGIQQ,5,2.4,29,0.8621,74.8,2007-12,2014-04,monitor
B000HGID1U,5,2.4,5,1.0,72.8,2007-05,2012-12,monitor
B000HJ99N8,5,2.4,9,0.8889,83.8,2009-02,2012-01,monitor
B0000511T7,5,2.2,9,1.0,83.6,2008-02,2013-08,monitor
B000093US4,5,2.2,71,0.8732,105.4,2003-06,2009-04,monitor
B00009XV7B,5,2.2,169,0.9882,138.2,2009-11,2013-08,monitor
B0001NE53Y,5,2.2,4,1.0,147.8,2007-01,2011-07,monitor
B0002472QE,5,2.2,38,0.9737,240,2004-11,2006-01,monitor
B000294HDK,5,2.2,28,0.7857,288.6,2005-05,2006-12,monitor
B0004HPY28,5,2.2,59,0.8644,161.2,2005-02,2006-02,monitor
B0006B08AA,5,2.2,22,0.7727,70.8,2005-04,2005-09,monitor
B000ERG62A,5,2.2,29,0.7241,95.4,2007-04,2010-12,monitor
B000F5LEC8,5,2.2,7,0.8571,114,2009-05,2013-11,monitor
B000F7856E,5,2.2,39,0.9744,141.2,2006-09,2010-08,monitor
B000H743WC,5,2.2,51,0.9608,392,2007-09,2010-09,monitor
B000JTDP1I,5,2.2,27,0.8519,176.8,2007-01,2009-01,monitor
B00004SYNW,5,2.0,12,0.75,182.2,2000-09,2003-05,monitor
B00004X036,5,2.0,95,0.8737,203.4,2001-01,2002-03,monitor
B000099679,5,2.0,68,0.4118,114,2003-07,2004-06,monitor
B0000Y7WBQ,5,2.0,8,0.75,186.2,2007-02,2010-11,monitor
B0001OH8PU,5,2.0,120,0.9583,152.8,2004-07,2009-06,monitor
B00020T5LS,5,2.0,6,0.6667,87,2006-10,2010-04,monitor
B0002I6M8Y,5,2.0,26,0.8077,99.8,2004-10,2007-01,monitor
B0009STJIM,5,2.0,0,,157.2,2008-02,2013-08,monitor
B000BGS9QK,5,2.0,18,0.7778,132.8,2007-09,2008-11,monitor
B000BSMH0C,5,2.0,3,1.0,59.2,2007-04,2011-04,monitor
B000FA28RS,5,2.0,33,0.7879,215.2,2006-07,2009-07,monitor
B00004U8K4,5,1.8,5,0.8,181,2006-07,2012-10,monitor
B000075BAZ,5,1.8,6,0.6667,51,2008-01,2013-11,monitor
B00007GWC8,5,1.8,0,,64,2010-10,2013-02,monitor
B00009YUOV,5,1.8,22,0.7273,100.2,2004-12,2013-02,monitor
B0000C1HGO,5,1.8,32,0.6562,69.4,2009-10,2013-09,monitor
B0000DC2QY,5,1.8,49,0.8163,105.2,2004-07,2005-08,monitor
B0000DD8FT,5,1.8,76,0.9211,185.4,2003-12,2005-11,monitor
B00024L6P2,5,1.8,20,0.95,129,2005-05,2010-03,monitor
B0002MJAWA,5,1.8,58,0.9655,137.8,2004-09,2006-03,monitor
B0007T26ZQ,5,1.8,4,1.0,141,2006-06,2007-06,monitor
B0009JR5KA,5,1.8,4,1.0,123.4,2007-03,2010-05,monitor
B000A8P2S2,5,1.8,41,0.8537,251.2,2005-10,2007-07,monitor
B000J38NR0,5,1.8,126,0.746,126.8,2010-03,2012-07,monitor
B0000C0TUT,5,1.6,91,0.8791,249.8,2003-10,2006-10,monitor
B0002325XK,5,1.6,190,0.9526,314,2004-11,2006-01,monitor
B0002J1JFE,5,1.6,26,0.9615,62.8,2008-09,2013-02,monitor
B000ECAW66,5,1.6,31,0.5484,94.4,2007-03,2013-08,monitor
B000GWEBMU,5,1.6,11,0.7273,206.2,2008-01,2011-03,monitor
B0000A55F4,5,1.4,94,0.9362,78.8,2003-09,2014-05,monitor
B0000AERJS,5,1.4,48,0.8333,310.6,2003-08,2007-10,monitor
B0000E1FDE,5,1.4,160,0.9187,194.6,2004-09,2008-02,monitor
B0001FZCPW,5,1.4,35,0.8857,144.4,2004-06,2008-06,monitor
B0001YFW94,5,1.4,132,0.8788,167.4,2004-12,2008-06,monitor
B000FL1X7I,5,1.4,10,0.8,219,2006-09,2011-01,monitor
B0000B12QO,5,1.2,73,0.9315,163.4,2003-12,2005-06,monitor
B00000JBIA,5,1.0,135,0.8889,117.6,2000-02,2001-04,monitor
B000F1ORW6,5,1.0,24,0.7083,92.8,2008-03,2010-02,monitor
B000H13L4Y,5,1.0,28,0.9286,159.6,2007-01,2007-06,monitor
