reviewer_id,asin,rating,review_month,helpful_yes,helpful_total,helpful_rate,review_word_count,summary
AO94DHGC771SJ,0528881469,5.0,2013-06,0,0,,149,Gotta have GPS!
AMO214LNFCEI4,0528881469,1.0,2010-11,12,15,0.8,427,Very Disappointed
A3N7T0DY83Y4IG,0528881469,3.0,2010-09,43,45,0.9556,846,1st impression
A1H8PY3QHMQQA0,0528881469,2.0,2010-11,9,10,0.9,449,"Great grafics, POOR GPS"
A24EV6RXELQZ63,0528881469,1.0,2011-09,0,0,,202,"Major issues, only excuses for support"
A2JXAZZI9PHK9Z,0594451647,5.0,2014-01,3,3,1.0,22,HDMI Nook adapter cable
A2P5U7BDKKT7FW,0594451647,2.0,2014-04,0,0,,22,Cheap proprietary scam
AAZ084UMH8VZ2,0594451647,5.0,2014-05,0,0,,120,A Perfdect Nook HD+ hook up
AEZ3CR6BKIROJ,0594451647,4.0,2014-07,0,0,,84,A nice easy to use accessory.
A3BY5KCNQZXV5U,0594451647,5.0,2014-01,3,3,1.0,185,This works great but read the details...
A7S2B0I67WNWB,0594481813,4.0,2014-04,2,2,1.0,20,As expected
A3HICVLF4PFFMN,0594481813,5.0,2014-05,0,0,,25,great fit
ANSKSPEEAKY7S,0594481813,5.0,2013-06,1,1,1.0,21,Works Great
A2QBZA4S1ROX9Q,0594481813,3.0,2013-05,0,1,0.0,49,It Works
ANY6JUFM0GH8U,0594481813,5.0,2014-03,2,2,1.0,67,Great replacement for original power cable
AT09WGFUM934H,0594481813,3.0,2013-08,0,0,,130,This is the oem charger you get with the nook hd+
AGAKHE014LQFU,0594481813,3.0,2013-09,3,5,0.6,42,$45 for a power cord? Good luck with that.
A1S6B5QFWGVL5U,0594481813,4.0,2013-06,2,2,1.0,26,Good replacement
A20XXTXWF2TCPY,0972683275,5.0,2014-07,0,0,,14,Excelant mount for Tv. Would buy more if I needed them.
A2IDCSC6NVONIZ,0972683275,5.0,2013-04,1,1,1.0,52,Perfect
A1EDI0X3GI1SK7,0972683275,5.0,2011-12,0,1,0.0,24,32 In TV Mount
A3BMUBUC1N77U8,0972683275,4.0,2013-11,0,0,,47,"Pretty simple, but definitely good!"
AVRFGGCCCR6QU,0972683275,4.0,2010-08,3,4,0.75,81,Fairly good wall mount
A3UOSOCRKS3WIH,0972683275,5.0,2013-05,0,0,,33,Cant Beat it!
A371ZZ95ZQEIZV,0972683275,4.0,2014-01,0,0,,128,"Sturdy Mount, good customer service"
A7060R14RJF3I,0972683275,4.0,2013-05,0,0,,56,Works
A26QCCO0101CO1,0972683275,5.0,2013-02,7,9,0.7778,79,Just what I'd hoped
APBF796U7GUTV,0972683275,5.0,2012-03,1,1,1.0,49,Nice Mount
A2HLNXOYLMERTC,0972683275,5.0,2014-04,0,0,,22,Buy this mount its the best
A3CCITVF0WL6KE,0972683275,5.0,2013-01,0,0,,23,VideoSecu Swing Arm TV Wall Mount
AYQNWE3AX4H08,0972683275,5.0,2013-07,0,0,,76,work great
A3P24ZSF9IQRJJ,0972683275,5.0,2014-06,0,0,,32,great
A1JI3XL5ME8CWM,0972683275,4.0,2012-05,0,0,,62,Great product for money
AQBLWW13U66XD,0972683275,5.0,2013-08,0,0,,45,High Quality/Low Price
AUKEU9CW56TT4,0972683275,5.0,2014-04,0,0,,165,Easy to Mount; Rock-solid
A23A7OH3AM0PDA,0972683275,4.0,2011-01,0,0,,146,"Nice Mount, beware of cable connections"
A12AU3CNAWYO5D,0972683275,5.0,2012-12,0,0,,31,Works like a charm so far
A5O0P0JV6PLU3,0972683275,5.0,2012-11,0,0,,21,deal!
A27X48PMUGK6U4,0972683275,5.0,2010-11,0,0,,42,HD TV wall mount
A2KQDWZZUBBNOJ,0972683275,4.0,2011-05,0,0,,416,It works!
A27XULAA9X5ZGQ,0972683275,5.0,2012-02,0,0,,50,Very Pleased
A3IIGCFLKVFW8M,0972683275,5.0,2014-02,0,0,,46,Holds a lot
A20VSTDILG9K7H,0972683275,4.0,2014-06,0,0,,28,Works well
A3VKO21KYDJQ2W,0972683275,3.0,2011-07,0,0,,87,Great for the price.
A1MSO6LERG39PC,0972683275,5.0,2012-09,1,1,1.0,214,Outstanding Articulating Wall Mount!
A20Q4FIBCAG2ZV,0972683275,5.0,2013-04,0,0,,20,great product
A1980MGZXSGJP,0972683275,5.0,2013-02,0,0,,67,Great product for a great price!
A1GLL5CJ1SFAMS,0972683275,5.0,2012-01,0,0,,57,wall mount
A2683OJ85CLWFA,0972683275,5.0,2013-02,0,0,,46,Booyah!
A3M6S7Y1FNPOLD,0972683275,3.0,2012-12,0,0,,32,"for 25&#34; monitor, it worked well"
AOU1TM9UA1BZF,0972683275,5.0,2014-01,0,0,,72,awesome
A3S5643F4JNLQQ,0972683275,5.0,2013-07,0,1,0.0,91,Just what I was needing.
AJIA55AVU0CUS,0972683275,4.0,2013-04,0,0,,35,"For 22"" LCD"
A3C51ESBUD8QAJ,0972683275,4.0,2011-12,0,0,,35,videosecu articulating wall mount
A3IC6OB22INS9,0972683275,4.0,2013-05,0,0,,25,product worked as advertised.
A3ISZ8KLXYYI7P,0972683275,5.0,2014-01,0,0,,86,Best Mount Ever
A3QH8VQDE7HZCR,0972683275,5.0,2010-10,15,19,0.7895,64,Real value for the money
A6J8D9V5S9MBE,0972683275,5.0,2011-06,0,0,,168,Simple and effective. Just the way I like it.
A39Z4OU2C7ENWH,0972683275,3.0,2012-02,1,1,1.0,209,"Works, but I don't trust it"
A2E5IK9TUH8UPD,0972683275,4.0,2012-03,0,0,,52,Easy to install.  Wire managment is not the best.
AEQR0VUFBZXUY,0972683275,5.0,2013-03,0,0,,48,Good corner mount
A13BWQDECDDVIZ,0972683275,4.0,2011-02,0,0,,119,VideoSecu
A12XCRHPREC51Y,0972683275,4.0,2013-06,0,0,,88,Nice mount for the money.
A3QPJS71FU70MX,0972683275,4.0,2013-09,0,0,,64,These mounts are amazing
A2A3B0JX2JRS6S,0972683275,5.0,2013-09,0,0,,29,in love with this mount
A1ZPEZMQBCTZQN,0972683275,4.0,2013-11,0,0,,41,Works great.
A2OGXHE7PVLTOE,0972683275,4.0,2011-12,0,0,,72,no problems with it.  works as intended.
A3OYE7X2O08LNT,0972683275,4.0,2013-02,0,0,,77,"Works good, but has some sag"
A2LR9WP2JGDT8E,0972683275,2.0,2012-12,0,2,0.0,163,screw holes don't align
A18FTRFQQ141CP,0972683275,5.0,2012-03,0,0,,61,SAMSUNG 32in PLASMA(: DOES THE WORK FOR US ( FAST SHIPPING!!!!!!!!)
A1XEYWWDJ09OEA,0972683275,4.0,2011-02,0,0,,71,Great mount for the price
A2JMN2JA9LSHVL,0972683275,1.0,2012-12,1,2,0.5,61,"Bought NEW Stand for $25, but mine had the 4 arms missing and was refurbished"
A3ATF868IEP191,0972683275,4.0,2013-02,0,0,,20,good mount
A14O9P3DV5EHKO,0972683275,3.0,2013-01,0,1,0.0,28,A little big for 24&#34; TV's
AVHB9LLVCTEKY,0972683275,5.0,2013-07,0,0,,176,Good and versatile
A2GPNXFUUV51ZZ,0972683275,5.0,2014-03,0,0,,43,"Easy install, great price, good performance."
A3CLWR1UUZT6TG,0972683275,5.0,2013-07,0,0,,20,Works well
A1V8UZ63FQD382,0972683275,5.0,2013-08,0,0,,165,Great product
A3Q7DHKIU7TMBI,0972683275,4.0,2013-01,0,0,,28,for my office tv
AOOQGCJEV25VT,0972683275,5.0,2012-12,0,0,,26,One of the best wal mount sets ever!!
A24OHQK700QEIW,0972683275,5.0,2012-05,0,0,,37,Very good!!
A3T3M5EYGCWSUA,0972683275,5.0,2011-07,0,0,,41,Strong/Easy install/ and comes with HDMI cable also!
A38FGQVJM18OWV,0972683275,1.0,2010-12,8,18,0.4444,138,What a piece of junk!
A1CA40102FA5N0,0972683275,5.0,2014-03,0,0,,30,Nice reach
A12PFARGH9ELDI,0972683275,5.0,2013-08,0,0,,25,"For the price, can't be beat."
A1P560UNX4SBE7,0972683275,5.0,2013-10,2,2,1.0,45,Samsung TV wall Mount
A28RVT20CEXA8B,0972683275,4.0,2011-01,0,0,,96,Durable
A27OMVFGJXH1VB,0972683275,5.0,2013-02,0,0,,37,Got Room?
A3E4YU6APQLRKE,0972683275,5.0,2013-11,0,0,,58,One more elegant solution for the home or office.
A1N4DKWTQ9YP1Q,0972683275,5.0,2013-02,0,0,,32,Wall Mount
AD0VA39FRVNKN,0972683275,5.0,2013-02,0,1,0.0,26,Vide Swing Arm tv mount
ABM9CL72EGWKN,0972683275,4.0,2013-11,0,0,,34,Good Product
A3A7ZJ4QS65X15,0972683275,3.0,2013-02,0,0,,86,"Bought to mount 46"" LCD"
A110S8IJ3ZID0D,0972683275,5.0,2014-01,0,0,,21,"Worked great for 55"" Vizio"
A11NR4AJK9TNQM,0972683275,4.0,2011-07,0,0,,94,Solid Design - Adjustable
A13M65IGNEQXW1,0972683275,3.0,2013-01,0,0,,23,Didn't fit as I expected
A180BZHVJIRWBZ,0972683275,4.0,2011-10,0,0,,230,"Very well made, strong mount."
A1R2514DVWIIMV,0972683275,4.0,2010-12,1,1,1.0,106,"Solid, but not the best mount I've had"
A1KM3IPZ9H0JKZ,0972683275,4.0,2014-01,0,0,,32,"Easy to install, cheap, easy to use"
AZ6SUJ5T0KBE5,0972683275,5.0,2013-07,0,1,0.0,70,Great bargain!
A7EVWY97FPSIA,0972683275,5.0,2012-12,0,0,,33,Awesome!
A1VM0DU10K0DE6,0972683275,5.0,2013-09,0,0,,141,What's the word for better than great???
A1VA1QF8KZNBLL,0972683275,5.0,2010-12,0,0,,125,the only mount I will buy
A1QKUDP9EUHJXH,0972683275,4.0,2013-04,0,0,,22,Insignia
A3TAS1AG6FMBQW,0972683275,5.0,2012-11,0,0,,116,"High quality construction, comes with plenty of easy to install hardware."
A2T4OX8NH9LIIC,0972683275,5.0,2013-01,0,0,,27,works great
A3VSGMP5KCQ4Q2,0972683275,5.0,2013-04,0,0,,159,Great quality tv mount at bargain price
A2RUN82QPU60PN,0972683275,3.0,2013-03,0,1,0.0,33,Much heavier than I expected
A2W75LE521OOTH,0972683275,5.0,2012-12,0,0,,40,"Great product, but review and image not linked to the unit I purchased."
A1PYNMFFQ9IBNL,0972683275,5.0,2012-12,0,0,,22,Tv mount
ANJY75Z24A6AG,0972683275,5.0,2013-03,1,1,1.0,192,Great!
AYYNNAEWP3W5Y,0972683275,5.0,2011-12,0,0,,73,Great!
A2XXCJLS58H1A7,0972683275,5.0,2013-08,0,0,,189,"If I had 3 TVs, I'd buy a 3rd"
A3DOQ1AI1MU74K,0972683275,4.0,2011-11,0,0,,118,"Nice Flexiable mount, had to cut to fit VIZIO E260MV 26"""
A2I87F2QCJ6RK3,0972683275,3.0,2013-01,1,1,1.0,25,Somewhat weak
A2EOJNVW4NF4AE,0972683275,4.0,2011-03,0,0,,23,Good value for the money
AB31FF0JMPOUP,0972683275,5.0,2013-12,0,0,,22,Very easy to setup.
A10S9NK38WEQ65,0972683275,4.0,2014-01,0,0,,41,Very sturdy.  As advertised
A56AUIA2KJ3KQ,0972683275,5.0,2012-12,0,0,,42,"Perfect, sturdy, and works well."
A22UL4BXTSXSCB,0972683275,4.0,2013-07,0,0,,28,"It is holding 55"" samsung TV, still."
AD3L2C20LB7EP,0972683275,5.0,2011-04,0,0,,42,VideoSecu Tv wall mount
A2UT34LEOXUR33,0972683275,5.0,2013-07,0,0,,38,Very good material.
A39KBWLS6TURMR,0972683275,5.0,2012-04,0,0,,65,"Made in R.o.C., but good for once"
ALVJCD5NY28G4,0972683275,4.0,2010-12,0,0,,45,"Good sturdy mount, however could be better"
ATWPVC644K29Z,0972683275,5.0,2013-06,0,0,,21,Can't beat it
A2LME30OB5OHTN,0972683275,5.0,2012-04,0,0,,34,Quick and Easy - very solid
A1EWQ5Y6HHSJGX,0972683275,5.0,2013-12,0,0,,29,Great Wall Mount
A120ULF73SUTI9,0972683275,4.0,2013-03,2,2,1.0,268,"Well made, Excellent Value"
A4AF29Y2BHYEY,0972683275,3.0,2013-08,0,0,,54,"Too Heavy and Poor weld quality,"
A6FGKXU6ZPW64,0972683275,5.0,2014-01,0,0,,78,Fantastic Mount for Corners
A1463ASM7QMU2I,0972683275,3.0,2012-01,0,0,,87,It's OK
A2BLGQ2SCSKCCY,0972683275,5.0,2013-01,0,0,,80,SWING ARM WALL MOUNT
A21OS6PWQG5YOO,0972683275,5.0,2012-05,0,0,,137,Liked it so much I bought another
A1OYA1IESSJ8F6,0972683275,5.0,2014-01,0,0,,49,Good arm
AA81KFW4X8UIH,0972683275,5.0,2013-02,0,0,,20,Good Purchase
A317RWPY08I5QX,0972683275,5.0,2013-11,0,0,,51,Very good tv mount
A39WT88YZXIJTB,0972683275,5.0,2014-03,0,0,,40,Great inexpensive TV mount
A3UYI01GLEYZSP,0972683275,5.0,2013-02,0,0,,194,Love it
AP7LSRPXT3ZL8,0972683275,5.0,2013-01,0,0,,17,Excellent!
AP3XMM1077I50,0972683275,5.0,2013-11,0,0,,71,Tv Wall mount
A1038957GWRBP375RU5T,0972683275,5.0,2012-11,0,0,,30,Great item
A7R4R9THNELTP,0972683275,5.0,2010-09,14,19,0.7368,47,"Excellent, at any price"
A2RU0H9MD4IH5M,0972683275,5.0,2013-04,0,1,0.0,48,Great Wall Mount
A2U9XX4Q5NQBG6,0972683275,5.0,2014-02,0,0,,30,Works as advertised
A212REVB5AFP02,0972683275,4.0,2014-03,0,0,,67,Sturdy and easy to install
A3SXYB8JPQ44LN,0972683275,4.0,2012-07,3,4,0.75,95,"Good product, poor instructions"
A3LSVS4YA2CEAX,0972683275,3.0,2013-10,0,1,0.0,75,"I have a 32"" Vizio TV"
A3TAT80JCWYGB4,0972683275,5.0,2014-01,0,0,,99,Still Standing
A2KUEGMSLHUNNP,0972683275,5.0,2012-11,0,0,,35,Great buy
A2YF3QW52PBL3C,0972683275,5.0,2013-01,1,2,0.5,0,"Works perfectly for 400 x 200 VESA mount Hiteker 37"" TV to wood paneled wall."
A7V9WIUIB02OI,0972683275,4.0,2013-10,0,0,,185,"Strong, attractive, and highly functional"
A2TOUTL6Z74SMQ,0972683275,5.0,2011-05,0,0,,31,mbb
A8THC8D64F5E3,0972683275,4.0,2013-03,0,0,,132,My new tv wall mount
A1RI8HAZRUWZM6,0972683275,5.0,2013-11,0,0,,20,Best buy for your buck.
A3IZFW84VV75XS,0972683275,5.0,2013-04,0,0,,42,Works
A3AKVALGT4Y02G,0972683275,4.0,2008-02,5,6,0.8333,44,can't beat it for the price
A2I8J6GW1H6LWU,0972683275,5.0,2010-09,7,9,0.7778,27,Great low cost mount!
AY796UUSZ2ZVA,0972683275,5.0,2012-09,0,0,,36,Works Great!
A2NOXTG05AHVB3,0972683275,5.0,2013-06,0,0,,52,Great for office
A2KR372GZW00MJ,0972683275,4.0,2013-12,0,0,,45,Good value
A2BLRT79WUTLXW,0972683275,3.0,2014-02,0,0,,54,tv mounts
A3PR648T8RDRS,0972683275,4.0,2012-08,0,0,,252,Get a helper when installing
A6TWN9W9WSAV0,0972683275,4.0,2012-12,0,0,,37,Hard to fit my TV
AZFF4CX9MQ4AE,0972683275,5.0,2013-11,0,0,,23,mrd
AH7DLKHSGZKCR,0972683275,5.0,2013-03,0,0,,28,Great Product -Easy install 5 min. to install. TV looks great on the wall. can move around easily
A2HI35H2BOCV9R,0972683275,3.0,2011-03,0,0,,84,Solid
A11IFJDOZ0T6Z2,0972683275,3.0,2013-01,0,0,,21,just ok
A15K7HV1XD6YWR,0972683275,1.0,2013-02,5,7,0.7143,214,Beware the TV will not center....folding arm lengths not same
A1HMK1KMWQBDTT,0972683275,5.0,2013-12,0,0,,26,Good buy for price.
A1S8E2JSVXHIPB,0972683275,5.0,2013-09,0,0,,34,Great Wall mount!!
A2QBJEHKTD7R6O,0972683275,3.0,2013-08,0,0,,24,difficult mount
A3S1BO0SLFC5H,0972683275,5.0,2013-08,0,0,,92,Great mount
A81NVWL4MMVT8,0972683275,4.0,2013-09,0,0,,26,Good
A3EP4YIS9W1LR1,0972683275,5.0,2013-01,0,0,,34,Good for price
AHPRCZ59P9RU0,0972683275,5.0,2011-01,0,0,,75,It works for me
A38LYJ7NQ65G5L,0972683275,5.0,2014-01,0,0,,57,SIMPLE....SOLID......GOOD VALUE!!
A6GYEDCEU2LKG,0972683275,5.0,2011-05,0,0,,48,Perfect Everything!
A3TCV19D652GPU,0972683275,4.0,2013-04,0,0,,24,Very sturdy.
A1N7QSP1U513KJ,0972683275,5.0,2013-02,0,0,,22,Awesome and cheap. The directions stink. Just remember the spacers go under the arms if you have to use them and you will be ok.
AQIBGC2OCCAHQ,0972683275,5.0,2014-06,0,0,,20,Good
A1EAXVLKPVL8W5,0972683275,5.0,2013-03,0,0,,80,A real SWINGER
A32QNGGSX3YTAH,0972683275,5.0,2010-11,0,0,,21,very good value
A1FFCR74WU1E6Z,0972683275,5.0,2014-02,1,1,1.0,20,Exactly what I wanted
A2GGS3I5BY7R1A,0972683275,5.0,2013-09,1,1,1.0,102,Excellent Product
A326UIIB1O2UUR,0972683275,5.0,2014-03,0,0,,38,easy to install
A2RE73VUCARNE0,0972683275,5.0,2013-02,0,0,,23,Very good
A3KHBD3YRNY5WO,0972683275,5.0,2013-03,1,1,1.0,31,perfect in every way
A3VWY3CDC423UM,0972683275,5.0,2013-02,0,0,,21,mount
A1L7JCX9IKGKIQ,0972683275,5.0,2012-03,0,0,,32,TV Wall mount
A2Y4H3PXB07WQI,0972683275,4.0,2010-12,0,0,,52,Works as advertised.
A3HAWAR6KX3ENU,0972683275,5.0,2013-07,0,0,,22,Nice Peice
A2EBPFXZNLL753,0972683275,5.0,2012-08,0,0,,21,Good price good product
A1OY33KGOG3IX8,0972683275,4.0,2013-02,0,0,,22,Good Product
A2WH3Y3YZVTHY2,0972683275,5.0,2012-03,0,0,,69,"Good Price, Great Quality"
A3945ZO3MNKVMO,0972683275,5.0,2012-03,0,0,,24,Works well
A2UAS6OGCR8IUG,0972683275,5.0,2012-12,0,0,,55,Great
A1BKKEWFMHS7XU,0972683275,5.0,2012-04,0,0,,48,Good mount for medium size TV
A1FGK3N8GZHGZJ,0972683275,5.0,2013-02,0,0,,70,awesome!
A2ZDMIP49N36UJ,0972683275,5.0,2013-03,0,0,,96,"Easy install, great price"
A14R4K86STZFD2,0972683275,5.0,2013-08,0,0,,147,"Great mount for my 47"" flat screen"
ABU4LUKJU2QOY,0972683275,5.0,2013-09,0,0,,148,No sag or twist with a 39-inch flat screen TV
A11ZP93TJED4T6,0972683275,2.0,2010-10,1,8,0.125,77,poor manufacture quality..
A114Z5X6UH93GT,0972683275,5.0,2013-01,0,0,,82,Great price compared to brick and mortar stores and seems to be good quality too.
A23S2XCWFZM976,0972683275,5.0,2014-01,1,1,1.0,408,Awesome TV mount
A1N9QB2BECD6TS,0972683275,5.0,2013-12,0,0,,43,Awesome range of motion
A11EKN3A8FUEDC,0972683275,5.0,2013-04,0,0,,29,Works Perfectly
A1THJB1ORM3U2I,0972683275,5.0,2013-08,1,1,1.0,68,Awesome
A1G5508T5XY1RS,0972683275,5.0,2012-11,1,1,1.0,51,Just as expected!
APRP1LWB08YG8,0972683275,4.0,2011-12,0,0,,119,Solid product
A1HBNCPHMW87Y0,0972683275,5.0,2012-05,0,0,,56,"works perfectly with my 32"" sony lcd"
A38VUSBYQZCKUQ,0972683275,5.0,2013-07,0,0,,21,excelent
A27K5RT7VDB7BU,0972683275,3.0,2010-12,70,92,0.7609,193,It Works But Could Be Better
A1KXONFPU2XQ5K,0972683275,4.0,2012-07,0,0,,71,Effective and inexpensive
A19H6TQ0NFXKVT,0972683275,5.0,2013-12,0,0,,22,Holds...
A3MY0WAP1OB7F8,0972683275,5.0,2012-05,1,1,1.0,74,Robust Articulating TV Mount
A19FCOXA6VVR9Z,0972683275,5.0,2011-11,0,0,,39,"He Shoots, He Scores"
A2FWAYS1GIOEX4,0972683275,5.0,2013-07,0,0,,69,"Not the easiest to mount, but we LOVE it."
A2K3WCT5GZY4FN,0972683275,5.0,2014-01,0,0,,293,Well worth the money
A25BHOP1LA4XDA,0972683275,5.0,2013-12,0,0,,55,Works great
A25RTRAPQAJBDJ,0972683275,5.0,2012-02,1,1,1.0,106,A great TV mount
A1USUT1GJPMNAN,0972683275,5.0,2010-11,0,0,,128,"Excellent mount for my 27"" LED"
AGY0KH2D5G9WH,0972683275,5.0,2010-10,18,23,0.7826,73,Excellent mount
A2JDDUN6YNRYKU,0972683275,5.0,2011-12,3,3,1.0,56,"Very good value, paired with VIZIO E320ME 32-inch"
AMAR6CIOZUQO4,0972683275,4.0,2010-09,3,4,0.75,116,Sturdy and an excellent value ...
AHWVTOXGM4SZ9,0972683275,5.0,2014-03,0,0,,23,wow!
A1C00XXCYWEKK1,0972683275,5.0,2012-12,0,0,,51,Very happy with it
A162MNFD5CGQ03,0972683275,5.0,2014-02,0,0,,36,"Works well, fairly easy to install"
AY1IDZTQDM2D7,0972683275,5.0,2012-12,0,0,,28,Good Mount
A299PV3CRFH3C5,0972683275,3.0,2012-12,0,1,0.0,32,Wall Mount
ALB2U20GGGJWU,0972683275,5.0,2014-04,0,0,,26,Well Built
A25M2X8KHSS2NC,0972683275,2.0,2010-09,8,15,0.5333,457,"Poor Quality Control, May Block the Ports on Your TV"
A1XSSIGIY4WGX5,0972683275,5.0,2011-12,0,0,,123,Better than advertised!
A2ZMEHV9S4FXV5,0972683275,1.0,2011-06,14,19,0.7368,137,"Junk, sags, wobbles, crooked, Rusted"
A3JD55EKK0KJKV,0972683275,1.0,2012-11,0,1,0.0,63,very difficult to tilt and swing
A2S4X009TZ0C26,0972683275,5.0,2014-02,0,0,,24,"Works with 2007 Vizio 42"" LCD"
A1L0MEXMESE4C4,0972683275,3.0,2012-12,0,0,,123,just got it installed
A2H1U31KRK5X5L,0972683275,1.0,2013-12,2,2,1.0,193,Sags Sags Sags....and the hardware does not work properly.
A3LDPF5FMB782Z,1400501466,5.0,2012-05,3,4,0.75,883,The BEST Color E-Reader - With Bonus Features
A9HYSJ3D0D6I2,1400501466,3.0,2012-05,1,2,0.5,82,possible lemon
A3EOHF2YSVZA9L,1400501466,5.0,2013-08,1,1,1.0,68,Loved it
ASH6NHZ1Z2O51,1400501466,5.0,2012-02,1,1,1.0,87,"Excellent tablet, great performance"
A3R2US71Y3CV9R,1400501466,5.0,2014-01,0,1,0.0,22,love the nook
A1A5KUIIIHFF4U,1400501466,1.0,2012-03,4,9,0.4444,112,This thing is a junk kids toy.
A2UL4M5SXL7L0A,1400501466,5.0,2012-07,11,11,1.0,318,"Excellent hardware, boot from SD for full tablet functionality"
A2XIOXRRYX0KZY,1400501466,3.0,2013-06,0,0,,322,"Decent Little Reader, Poor Tablet"
A1S2BTVDZV4PYD,1400501466,5.0,2013-11,0,1,0.0,66,a good e reader.
A1HLEJA9NGG4O4,1400501466,5.0,2013-02,0,0,,21,Great love it
A2K4IDHREI1GLM,1400501466,5.0,2014-03,1,1,1.0,34,Great for the price!
A2FHM5FB0BXKGA,1400501466,5.0,2012-02,17,19,0.8947,1432,"Outstanding 7"" Tablet"
A2749BTS2KRMVH,1400501466,2.0,2012-01,1,1,1.0,228,Does less than my cell phone
A1G9SOE51HET8E,1400501466,5.0,2012-05,1,1,1.0,493,Excellent toy and tool for children
A6VFSC0BW75Y0,1400501466,2.0,2012-01,5,5,1.0,1223,"People shouldn't be surprised about what it is, but still disappointing."
AQNEQQ96MKX3Y,1400501466,4.0,2012-02,6,6,1.0,809,GREAT .cbz (comic file) reader an more!
AHU88DJO03XZ7,1400501466,3.0,2013-07,0,0,,165,Ok For What It Is
AHEP4N0XIJR1K,1400501466,5.0,2013-08,1,2,0.5,38,New Nook H D
A2BD5KVPI6CSPU,1400501466,1.0,2014-02,0,0,,26,Used NOT new
A1ES2Z4ZX6IWBK,1400501466,5.0,2012-12,0,0,,222,"Barnes & Noble Nook  Tablet 16gb (Color,BNTV250)"
AH9FCFS4PCUVE,1400501466,5.0,2012-04,0,0,,136,The perfect choice!
A1WRXACOKPITBQ,1400501466,5.0,2012-02,2,3,0.6667,48,Best out there
AW3LX47IHPFRL,1400501466,5.0,2012-06,3,3,1.0,199,Great if rooted
A1E3OB6QMBKRYZ,1400501466,1.0,2012-10,6,6,1.0,129,Not a Real Tablet
A3OYMK6UMM871F,1400501466,5.0,2014-04,0,0,,67,The ultimate kid proof tablet
AJIHWX6ITBI9G,1400501466,5.0,2012-11,0,0,,141,"Nook Tablet is more, meaning MORE than a five star tablet."
A19N3S7CBSU6O7,1400501466,5.0,2011-12,33,39,0.8462,186,Nook Tablet
A1BZ18U2EF4FAI,1400501466,5.0,2013-06,0,0,,31,very good
AD4XKDR0MD7JO,1400501466,4.0,2013-10,2,2,1.0,287,"Great, But New Version Is Even Better"
AOHQVDAGYMV6J,1400501466,5.0,2012-05,1,1,1.0,165,Nook Tablet -- Rooted
A1ZJF8YB4LZ356,1400501466,1.0,2011-12,7,13,0.5385,33,"Tablet Good, support terrible"
A2QYH0JNDSB7CT,1400501466,1.0,2012-12,2,2,1.0,147,Nothing Special
A1R0ZOYR1ZCH6K,1400501466,5.0,2013-03,1,1,1.0,306,Best ebook reader under $150!
A2PQZH1SJGRV4Y,1400501466,5.0,2014-05,0,0,,29,Amaizng
A2DN13HKY0A58L,1400501466,5.0,2013-06,0,0,,21,present for wife
A2ENZ4FESUXXMT,1400501466,5.0,2012-03,9,10,0.9,141,"GREAT TABLET, IT IS WHAT IT IS"
A2ILMCJBXWF5TS,1400501466,1.0,2012-01,52,57,0.9123,1799,Very Limited Unless You Modify It
A3PIPAS3M7YLQC,1400501466,3.0,2012-12,3,3,1.0,235,Not for senior citizens
ASPN95ORQQDS0,1400501466,5.0,2013-11,0,1,0.0,26,Perfect for rooting and cyanogenmod
AW3KFYL19VZPL,1400501466,5.0,2012-06,0,0,,76,Fantastic product
A1I0MV8SWXSWDQ,1400501466,2.0,2011-12,11,20,0.55,70,Memory Card Issues
AL2XB3XNNUV9J,1400501466,3.0,2012-02,1,1,1.0,162,It's a entry-level tablet for $250
A1089S59XSJT2T,1400501466,5.0,2012-02,0,0,,203,amazing device vs kindle fire and better pricepoint then iPad
A1A92O8IVVHW3Q,1400501520,5.0,2013-11,1,2,0.5,23,"Great Product, Great Gift, Great Sale."
A3LDPF5FMB782Z,1400501520,5.0,2013-03,7,10,0.7,203,Best Color E-Reader
A35FTKYO9UQZWF,1400501520,5.0,2013-02,69,72,0.9583,430,Great little device!
A35SB5XA89HR41,1400501520,5.0,2014-03,0,1,0.0,67,Great tablet for my daughter!
A1GXOJYENYFP6W,1400501520,4.0,2012-12,48,54,0.8889,128,"best screen out of all 7"" tablets"
A1BN36SAWCLCIK,1400501520,3.0,2013-07,12,15,0.8,271,"Initially liked, but now...."
A35JCASWZL0XBH,1400501520,4.0,2014-02,1,1,1.0,225,Perfect size and Lightweight Tablet
A35EC54TIQQN01,1400501520,5.0,2013-10,2,2,1.0,213,The best screen resolution!
A36Z1OLH6B0C2I,1400501520,5.0,2013-10,12,12,1.0,277,Great product at a great price
A28OZBLQKKYGOR,1400501520,4.0,2014-03,0,0,,203,Works Good Now
A2K0JL9L38MK8L,1400501520,5.0,2013-09,0,0,,95,Own both HD and HD+
ASHQ1JCA241D6,1400501520,5.0,2013-02,2,5,0.4,101,Great tablet and ereader
A21B8AV7E3MPXE,1400501520,5.0,2013-12,2,3,0.6667,99,NICE
A1S2M6SA4OAUNK,1400501520,5.0,2013-06,10,12,0.8333,0,Best Tablet On A Budget!
AO84V5QJ6K23Z,1400501520,5.0,2013-05,16,16,1.0,92,compact and useful
A1889S56VFLVMZ,1400501520,1.0,2013-05,2,9,0.2222,54,"Over-priced, lacking in utility."
A1BNL6HCVVEDN0,1400501520,5.0,2014-01,0,0,,31,nice
AOHQVDAGYMV6J,1400501520,5.0,2013-01,13,17,0.7647,72,Nook HD has a lot to offer
A1KW4AGRCOIWI2,1400501520,5.0,2013-04,0,2,0.0,363,"Great tablet, even better with custom ROM on SD card!"
A3S58J9HNVKP32,1400501520,2.0,2014-01,1,4,0.25,552,B&N Nook 16 Gbs Tablet Has No Camera Can Play Limited Selection of Video on microSDHC
A3LDPF5FMB782Z,1400501776,5.0,2012-04,226,231,0.9784,460,Great Color E-Reader With Extra Features
ATF9GIT9E3X5S,1400501776,3.0,2012-06,6,7,0.8571,459,Know What You're Buying
A3NS3XXZCQ5ATQ,1400501776,3.0,2013-07,3,4,0.75,143,"A nice reader, but don't expect tablet capabilities"
A3PDGWYC08DXF4,1400501776,4.0,2012-07,0,0,,139,A great little tablet for $200
A3E2SQ61RG4KPF,1400501776,5.0,2012-08,3,4,0.75,200,"Best screen on 7"" tablet for the price range =)"
A1FIR4LBQA39YR,1400501776,4.0,2013-12,0,0,,70,Very good camera
AOMQZAS76F3V3,1400501776,3.0,2013-07,2,3,0.6667,664,"Cheap way to browse web and run android apps on a fast, beautiful display"
A2FHM5FB0BXKGA,1400501776,5.0,2012-04,40,40,1.0,292,Biggest Deal Around
A1G9SOE51HET8E,1400501776,5.0,2012-10,2,2,1.0,140,Good for education
A3KOA0YU5LB92W,1400501776,5.0,2013-07,0,0,,24,Very good.
A15KCEKCUCYF0O,1400501776,2.0,2012-08,0,3,0.0,145,A Tablet With Very Little To Show
A3JOGUHYHZV8LD,1400501776,4.0,2013-11,0,0,,44,Happy Nook
A18S2VGUH9SCV5,1400501776,4.0,2012-06,1,2,0.5,150,MIXED FEELINGS
A3LZQZMCIZDXK3,1400501776,3.0,2012-08,0,0,,176,Meh - Some buyer's remorse
ACMKJIW7FKAR5,1400501776,5.0,2013-01,0,0,,41,Big Hit
A3DM8NDY4EIUP1,1400501776,5.0,2013-07,0,0,,62,It is a very good tablet.
A1MZVETF38AMZ6,1400501776,3.0,2012-04,70,73,0.9589,319,Good Hardware - terrible OS and App availability
A3OYMK6UMM871F,1400501776,5.0,2014-04,0,0,,185,This is by far the best kids tablet on the market
A3ADJ00F29DU5I,1400501776,5.0,2013-01,0,0,,42,A gift for my husband
A1H8I2PH00UQ2K,1400501776,5.0,2012-07,3,3,1.0,154,This is amazing!
AES2AZFVTXKBZ,1400532620,1.0,2011-07,2,3,0.6667,227,Not for Students and Professors
A1IK1ZTDHJS6WW,1400532620,3.0,2014-06,0,0,,56,Could be better
AQGUDK0MSQ95L,1400532620,4.0,2010-12,3,3,1.0,432,Worthy wifi e-reader for everday reader.
A2V24K8UWPPDSB,1400532620,5.0,2012-05,1,2,0.5,102,intro to a classic...
A1HZWHI3JLGZ5N,1400532620,1.0,2011-12,5,6,0.8333,126,Barnes and Noble NOOK eBook Reader
A1MYO26LV8X7JI,1400532620,4.0,2010-09,11,13,0.8462,306,So far so good..
A39K7R4Y1ZD5SZ,1400532620,3.0,2011-06,7,8,0.875,546,"This Nook is Good, but the new Nook Simple Touch is WAY Better"
A84O215CIZY6W,1400532620,5.0,2011-10,4,4,1.0,358,From hater to smitten with this amazing little device...
A1XY86U23W6LQ,1400532620,5.0,2011-01,4,4,1.0,333,An excellent e-reader
AJQRYTPV3JK3C,1400532620,1.0,2011-05,2,7,0.2857,1261,"Save your money, or 10 reasons the nook is awful"
A1QPUBF6U5EQM6,1400532620,4.0,2011-11,1,1,1.0,546,Not Sure I'd Do It Over Again
A89ZZKNDFQH23,1400532620,5.0,2010-12,6,6,1.0,441,I really love this
A1SHK7D1XG7RIY,1400532620,5.0,2011-04,1,1,1.0,218,Great Display AND It Reads Library Books!
A1LHCUV1YEFCDV,1400532620,1.0,2011-05,1,4,0.25,80,Nook Reader
A28MT6UWXNPW8P,1400532620,2.0,2011-08,2,2,1.0,42,Kindle is better
A2OKCS5234ZV7S,1400532620,5.0,2010-12,8,8,1.0,1196,Great E-Reader 2012 and Nook Still Rocks!
A3IROM8JD6KAVG,1400532620,1.0,2012-03,1,1,1.0,404,Run the other way
AQIYMF4X90D8E,1400532620,1.0,2014-01,0,0,,31,disaster
AUWG3HK4IAG92,1400532620,2.0,2011-02,2,5,0.4,123,"Worked for 5 months, then screen had lines"
A3UCF82XIPJME2,1400532620,5.0,2010-09,144,149,0.9664,267,Terrific eReader
A3OEKYU0C8ZXAO,1400532620,5.0,2011-06,0,0,,36,Great reader
A9J3LMY955WKJ,1400532620,4.0,2011-06,3,7,0.4286,81,I wish I had gotten the Kindle
A2YQN0Z573XRC1,1400532620,1.0,2013-03,0,0,,36,De-register Before Selling!!
AFQEMGLY2RFGH,1400532620,5.0,2011-03,1,1,1.0,116,Awesome - Best E-reader!
AV90JD8C9IUD0,1400532620,4.0,2012-01,2,2,1.0,178,Needed to get acquainted with at first.
A3ZCIEUX68DEZ,1400532620,5.0,2012-12,0,0,,355,After All These 'Cutting Edge' E-Readers...
A1WKUY7T0EM0GM,1400532620,5.0,2011-04,1,1,1.0,294,The eReader Experience
A2JWDEMXQ8SQTI,1400532620,4.0,2011-04,2,3,0.6667,325,Pretty nice! Beware international buyers!! Read this first!!
A23ZWJ9CS8OG30,1400532620,4.0,2011-04,3,3,1.0,182,"Unlike Kindle, Nook is Public Library Friendly !"
AOY9SZTMNQWAW,1400532620,5.0,2010-12,9,9,1.0,618,Excellent reader
A1S71JIN40YHXK,1400532620,5.0,2013-05,0,0,,43,Nook
A3FV80G5TGF2YN,1400532620,4.0,2010-11,2,2,1.0,54,Nook
A2Q5OH3DGQGMXD,1400532620,5.0,2010-08,161,171,0.9415,1125,nook wifi is it a worthy e-reader? I think so!
A20Y7REXQZ1REW,1400532620,4.0,2011-01,11,11,1.0,1103,"Great Item, But Does Have a Few Flaws"
A2EJPGQV89WOTD,1400532620,1.0,2010-08,11,29,0.3793,79,unfinished product
AMGGZCWY3VNZC,1400532620,4.0,2010-12,7,7,1.0,676,"Nook BEATS the Kindle Overall, Reading Revived!"
A1K4G5YJDJQI6Q,1400532620,1.0,2011-05,0,5,0.0,174,Useless Gimmick
A1PPS91NLI7KEH,1400532620,5.0,2010-07,258,264,0.9773,353,5 Stars plus 5 more
A3TF6A1YMYJQ9U,1400532620,5.0,2010-12,6,6,1.0,86,The only ereader for the serious reader.
A2UHIN9H9DDZMX,1400532620,4.0,2011-02,3,3,1.0,411,Takes practice
A10BOETDPAFJ4C,1400532620,5.0,2011-04,1,1,1.0,91,Love it!!
A3JZ898Q8XXL6K,1400532655,1.0,2014-07,0,0,,10,Not user friendly. Very time consuming to find your downloads
A23C0R77ZP9Z84,1400532655,3.0,2011-02,1,22,0.0455,79,Why Would You Want To Do That?
A1FNHDWSN2KA0G,1400532655,3.0,2010-12,11,15,0.7333,574,Great device but why not ship it to Canada?
AA2SVPVU0LQTK,1400532655,5.0,2011-06,3,3,1.0,88,My tween loves it
A2RFNIOYR9YO69,1400532655,5.0,2012-09,0,0,,78,High quality e-reader iPad alternative
A37E5KVAKOZFVS,1400532655,4.0,2011-02,11,11,1.0,554,Very nice eReader with tablet functionality
A2WFBRX9R0D84U,1400532655,5.0,2011-12,3,3,1.0,378,Nook Color OK
A23EN1JWF1RQ1N,1400532655,5.0,2011-11,2,3,0.6667,255,Better than expected.
A4YAXWNMWYY0K,1400532655,1.0,2011-04,15,25,0.6,307,Asolutely the most expensive paperweight I own
A13VF2IKG8W3K8,1400532655,3.0,2010-11,5,16,0.3125,33,PDF Issues
A4ABNXMETDFGW,1400532655,1.0,2013-10,0,1,0.0,297,NOOK Color wins the P**** of S*** sweepstakes
A1B5Z5OG2NPFDT,1400532655,3.0,2012-01,2,3,0.6667,470,certified refurbished nook color
ADX81OJF8C5CF,1400532655,3.0,2011-02,2,2,1.0,515,Good product.  HORRIBLE company.
A2VDVWA2TYAS4J,1400532655,5.0,2011-09,1,2,0.5,94,Amazing Andriod Tablet!
A3JNLLJNREA367,1400532655,3.0,2011-06,2,3,0.6667,163,archos would be better
A39DQIQ1GO2J4Y,1400532655,1.0,2012-05,2,5,0.4,481,Do not buy!!!! buy a kindle instead
A3N5630QP9J06Q,1400532655,4.0,2011-01,6,7,0.8571,107,"Awesome eReader, Ridiculously Priced from this seller"
A3KFIMCP87VH4U,1400532655,5.0,2011-03,8,10,0.8,335,All I can say is WOW!!!
A3INI5Z5O4TIXX,1400532655,5.0,2013-04,0,1,0.0,29,Love it!
A2GP6XJ1V3MM3L,1400532655,5.0,2011-04,8,8,1.0,472,Moved Over to the Dark Side From Kindle
A1GHZFYE83R2GA,1400532655,5.0,2012-12,0,0,,58,It's great
A3UNGV1J26QVPE,1400532655,4.0,2011-05,5,5,1.0,231,Found It's Nook
A2XNOB1T796Y6B,1400532655,4.0,2010-11,7,10,0.7,740,"Not bad, but might not sway many users of other readers on the market"
A2ZR3YTMEEIIZ4,1400532655,5.0,2011-03,5,6,0.8333,501,"DIY Tablet on the cheap, and not bad ""stock"" either"
A102RLOGIBBDMW,1400532655,4.0,2011-12,8,9,0.8889,789,Not a bad product and close to being perfect
A24SCH81NLQW9A,1400532655,4.0,2011-08,3,3,1.0,152,Great Value and Quality
A2YM85TO0H2JET,1400532655,4.0,2010-12,10,10,1.0,2079,"Some quirks B&N needs to work out, but otherwise, great reading device"
A2NMY5UF624JGE,1400532655,5.0,2012-02,3,3,1.0,280,"Perfect e-reader, web browser, and video player"
A2VW6E1M1JP8JI,1400532655,3.0,2010-11,19,32,0.5938,184,One deal breaker
A6K6N2LXDS32B,1400532655,4.0,2011-09,3,12,0.25,49,tablet for less
A2FHM5FB0BXKGA,1400532655,4.0,2011-03,16,20,0.8,901,Barnes & Noble Has It Act Togther Finally
AEYGX6L1KJQX,1400532655,3.0,2011-12,2,4,0.5,98,Useless for internet
ANR0DW93W06R5,1400532655,5.0,2014-07,0,0,,15,Five Stars
A3S1YIQQW7AZO,1400532655,4.0,2011-04,6,6,1.0,439,KINDLE KILLER?
A3FRF7VQOR28S0,1400532655,5.0,2012-01,0,0,,22,My wife loves it
A3CLWR1UUZT6TG,1400532655,5.0,2010-12,3,5,0.6,54,Why pay more at Amazon?
A3QMCI8K2A99E4,1400532655,5.0,2012-12,0,0,,27,NOOK
A1JAQM73RYX8WQ,1400532655,5.0,2012-12,0,0,,32,Good
A5JLAU2ARJ0BO,1400532655,1.0,2010-12,22,90,0.2444,458,"Heavy, slow, poor screen, buggy"
A1XG38WOY3LY4V,1400532655,4.0,2011-03,7,8,0.875,349,Nook for an Amazon Lover?!
ANSB7OILD0L3C,1400532655,1.0,2013-02,0,0,,40,doesnt work
A2DIPVQAX7SN18,1400532655,5.0,2011-07,0,0,,140,LOVE IT!!!
A2A1CFL4A83Q20,1400532655,5.0,2013-11,0,0,,23,Great gift
A6JEVJCN12Z44,1400532655,4.0,2011-12,0,1,0.0,22,"It's decent, but for 150-170 it's a steal"
A6O19PVPF8YDM,1400532655,5.0,2013-02,2,2,1.0,46,Great product
A326VH8IUJ7JSV,1400532655,3.0,2010-12,20,25,0.8,534,"Great color, still, not an iPad, not for long trips without AC"
A16723ZETJAWIS,1400532655,5.0,2010-12,6,7,0.8571,614,Wow - what an eReader is meant to be!
A1I68HGX9VG1PY,1400532655,5.0,2011-02,16,17,0.9412,142,It ain't a Kindle and that's good!
A3RZ3PXOHNYC8S,1400532655,1.0,2012-12,0,0,,88,Won't open ePub books and support is just terrible!
ADE5RJ2I12LZ6,1400532655,3.0,2011-01,11,17,0.6471,1068,Good for casual reading. Not better than a Kindle as a true ereader device
AQMUXDDCLJSSV,1400532655,5.0,2010-12,383,393,0.9746,1256,Just what I've been waiting for!!
A3OKH5G69MS8D9,1400532655,4.0,2010-12,7,8,0.875,320,Color Nook 1.0
A1P4XD7IORSEFN,1400532655,4.0,2011-12,2,2,1.0,85,Great Tablet
A2AGGWPJZODA0A,1400532655,1.0,2013-02,0,2,0.0,27,Nook
A2Q7QOQTWLLQMA,1400532655,4.0,2010-12,5,5,1.0,620,Nice eReader/Tablet combination
A3IWSCI3KCL041,1400532655,4.0,2011-02,18,18,1.0,722,Excellent value for what it is- a reader with an LCD
A2LHZKX1R0HW2M,1400532655,4.0,2014-02,0,0,,29,Not to bad
A248QWX79TFHAT,1400532655,5.0,2012-04,3,3,1.0,136,Good Cheap Android Tablet
A1B6M00USHUR6O,1400532655,5.0,2010-12,2,2,1.0,247,Best android tablet?
A1WKUY7T0EM0GM,1400532655,5.0,2011-04,4,4,1.0,455,"NookColor - Great eReader, Not So Great Tablet"
A2TEAQ7XD3B11B,1400532655,5.0,2011-01,5,5,1.0,289,NookColor is the (current) total package!
A2VDIU6H955TJK,1400532655,3.0,2011-06,2,4,0.5,141,There's not much point in buying this
A19CV4KEXXAA1N,1400532655,5.0,2010-11,5,5,1.0,244,Love My NookColor!!!
A3VI7503NDDODN,1400532655,5.0,2011-02,4,4,1.0,399,GENIUS!!....for only $249.00
A22RY8N8CNDF3A,1400532655,2.0,2011-06,1,3,0.3333,24,Guess What -
A1D3X5TOQV6FQ7,1400532655,4.0,2013-04,0,0,,98,High stakes bet.
A2FPGZXBPCLMMM,1400532655,5.0,2011-05,3,3,1.0,158,Incredible with the software upgrade
A146H9ZF0SNKLW,1400532655,5.0,2011-06,10,10,1.0,62,It has to be rooted
AOY9SZTMNQWAW,1400532655,2.0,2011-05,3,10,0.3,233,Get a Kindle Instead
A23K0A6DL5HQQ3,1400532655,5.0,2012-01,3,3,1.0,200,Excellent value tablet (with dual-boot card)
A13OA6RAGTF183,1400532655,4.0,2011-12,5,5,1.0,428,Great as a backlit ereader and more than adequate as a tablet
A1OPS8Q346ZPRV,1400532655,1.0,2012-04,2,10,0.2,257,Send it back to North Korea
A3V1YKHR8W22X2,1400532655,4.0,2012-12,0,0,,335,Turn your Nook Color into a Tablet!
A712TJ5820FAY,1400532655,5.0,2012-12,0,0,,24,nook
A2MBKEPPUSAVUS,1400532655,5.0,2014-01,0,0,,62,Old But Good
A341HCMGNZCBIT,1400532655,5.0,2011-04,3,3,1.0,108,The color screen sold me
AKLVJGUVQ0ZP1,1400532655,3.0,2011-11,1,1,1.0,250,It's passable once jail broken
A160H0YEDV1DA0,1400532655,5.0,2011-05,7,7,1.0,384,Nook Color
A1BZ18U2EF4FAI,1400532655,5.0,2011-01,3,3,1.0,237,Awesome reader - tablet
A25UWYG38UIHF6,1400532655,3.0,2012-04,0,2,0.0,26,ergonomics
A1LZ2BZTMFPGI2,1400532655,5.0,2013-03,0,2,0.0,21,nook
ALA8RE2HDEVIK,1400532655,2.0,2011-06,3,8,0.375,155,Why would you get this.
AFM9LKET50RZ4,1400532655,5.0,2010-12,12,12,1.0,577,A great device if you are willing to hack a bit
A2ZWPLINHIK3DS,1400532655,4.0,2014-01,0,0,,39,Good for the money
A1GWS2NJ324IY1,1400532655,2.0,2011-05,5,12,0.4167,383,It's just OK
A2JPY5OA6FSW0T,1400532655,5.0,2012-03,1,1,1.0,58,Love it
A2A2M8EGBY2FV0,1400532655,4.0,2012-07,0,0,,426,pretty good device love it!
ADP8ROI8NMNL2,1400532655,5.0,2011-01,7,7,1.0,256,Just in the Nook of Time
A23UZA419K52A9,1400532655,5.0,2013-10,0,0,,26,Daughter love it
ATLYYBE1OCCTO,1400532655,4.0,2011-07,1,3,0.3333,271,Nook Color +
A1R1B3C8CFK4CZ,1400532655,3.0,2011-06,3,3,1.0,338,Great device when it works
A2VB2Q9DVM2K39,1400532655,5.0,2011-04,5,5,1.0,75,"Forget the reader, Root it for Android!"
AMI7NR2C7DO10,1400532655,5.0,2011-01,6,6,1.0,117,Nearly Perfect
A36CLMUHL8OBHJ,1400532655,1.0,2012-03,23,25,0.92,850,INTERNATIONAL CUSTOMERS BEWARE
A2N2C8O2RYL3M3,1400532655,5.0,2011-08,0,0,,37,rooted
A384P5XYDRGBCF,1400532655,3.0,2011-03,11,13,0.8462,259,A Plea on behalf of the Visually Impaired
A33Z318TMDAFDM,1400532655,1.0,2011-01,15,29,0.5172,77,Nook Color - terrible
ATEUCBITZJ5XO,1400532655,5.0,2013-02,2,3,0.6667,57,Excellent ebook
A3HPCRD9RX351S,1400532655,3.0,2012-03,2,3,0.6667,359,A Little Nook e
AFNYEP9UND180,1400532655,5.0,2012-06,0,1,0.0,20,great product
A3MNFT5VFJ2V0V,1400532655,1.0,2011-11,7,11,0.6364,187,SubPar
A36HL8Y5NI4FR9,1400532655,5.0,2013-03,0,0,,93,This makes the third we have
A33TA4K8TO0MJH,1400532655,3.0,2012-08,0,0,,112,Nook Color
A29HDY49CQDCWG,1400532655,5.0,2013-09,0,0,,22,I like.
A2NSS0L3NIU6CN,1400532655,2.0,2012-09,0,0,,26,reader
A2DXXJR0N8BXOK,1400532655,1.0,2011-12,5,10,0.5,287,No NOOKie for me!!!
A3FPR82M4TB5S,1400532655,1.0,2011-08,8,15,0.5333,283,Disappointing in almost every way
A2VAUN3R0OV1MB,1400532655,5.0,2011-07,1,1,1.0,80,Great Product at a Reasonable Price
AWYOVVOCJIGBK,1400532655,3.0,2012-11,0,0,,238,"Quality Hardware, Decent Interface, Lackluster App Support"
A3LDPF5FMB782Z,140053271X,4.0,2011-07,4,6,0.6667,337,A Nice E-Reader For Aging Eyes
A1423HNZ15ZCQZ,140053271X,2.0,2012-01,2,2,1.0,253,Latest firmware is a bust
A5X3DVSN6XRJ1,140053271X,3.0,2012-01,3,3,1.0,292,"Ergonomic Device, lacking library"
ATWC3WIN06B9A,140053271X,5.0,2011-08,3,3,1.0,108,Super Great ebook Reader
A13X3KB8XPS0ZX,140053271X,2.0,2011-08,5,14,0.3571,321,The software that it comes with is lackluster
A37AO7DNHVKB28,140053271X,5.0,2012-12,2,2,1.0,48,"So far, so good."
A1Q4DVABELGRQO,140053271X,5.0,2013-04,0,0,,234,Reach out and Touch someone
A2A3HDJXDN8W47,140053271X,1.0,2012-03,5,11,0.4545,343,"In baseball, with 3 strikes, you'd be out"
A3G636N0YXQA7A,140053271X,2.0,2014-01,0,1,0.0,70,"So far, Not Impressed"
A182U5XEA20G3G,140053271X,3.0,2011-08,1,11,0.0909,93,Good unit terrible customer servi.3
A3REPF6Z0P8Y0Q,140053271X,5.0,2012-02,0,0,,190,"Great product, revolutionary"
A39K7R4Y1ZD5SZ,140053271X,5.0,2011-07,507,525,0.9657,579,Simple (To Use) Touch Reader
A1MWAFR2POMHPU,140053271X,5.0,2013-05,0,0,,128,Great eReader
A1K9FIA48K45PD,140053271X,3.0,2011-12,2,3,0.6667,256,Nice hardware but a software with lack of features
A1D311UPNHZTHV,140053271X,5.0,2012-12,1,1,1.0,79,Great purchase
A25F2NO8JVV7WI,140053271X,5.0,2013-01,0,0,,33,Very Nice
A155WK4J425WSQ,140053271X,1.0,2012-01,10,13,0.7692,217,Poor screen quality and service
A3202C86H3AD1V,140053271X,1.0,2013-08,1,2,0.5,179,Bad experience.
A18NLG35HLRE41,140053271X,1.0,2013-10,2,4,0.5,170,Difficult if your main plan is to read library books!
A24SCH81NLQW9A,140053271X,5.0,2011-07,4,6,0.6667,330,Great eReader in Every Respect
A2ZOEOGAKDKF0U,140053271X,4.0,2012-05,0,0,,196,Love my Nook Simple Touch
A1MIASCYLDH24Q,140053271X,5.0,2012-12,1,1,1.0,223,Nice - Especially when rooted with Touch Nooter
AFBHZ8QV4S61,140053271X,3.0,2014-05,0,0,,213,It was good.
A21623VNZ5H1YE,140053271X,5.0,2011-12,5,5,1.0,728,Great purchase- you won't regret it
A39W1MVZ5BYPSR,140053271X,4.0,2012-06,3,6,0.5,27,"This is NOT the ""latest model"" as stated"
A1T8A6OCVV0UYU,140053271X,5.0,2013-02,0,0,,45,"great product, quickly shipped"
A1AQU5XF9GP4SB,140053271X,5.0,2013-06,0,0,,20,Exactly as described. Very happy!
A2PNZBN5CNAHTR,140053271X,2.0,2013-05,1,2,0.5,373,disappointed
A3S9DTM7BCJS21,140053271X,5.0,2012-01,3,3,1.0,133,nook touch vs kindle touch
A366NR0YOJ0NVZ,140053271X,5.0,2011-07,5,5,1.0,235,A real pleasure to use this device!  Finally!
ALBRTADLPHYNU,140053271X,5.0,2013-11,1,1,1.0,32,great value
A35O0DIWXOOS1V,140053271X,3.0,2012-07,2,4,0.5,87,Nook Simple Touch e-reader
A3OMBQCLXIYH82,140053271X,4.0,2013-06,1,1,1.0,38,Does the job and good for the money spent...
A1EARN5PUVIF1S,140053271X,5.0,2011-08,3,3,1.0,620,The Right Touch
AZOFJX627J181,140053271X,5.0,2012-11,2,2,1.0,23,Nook
A174P367YZ02ZE,140053271X,5.0,2011-07,261,290,0.9,189,Root it and it's even better!
A3GBTXO71DJ6GO,140053271X,3.0,2012-10,1,2,0.5,396,"Not bad, not great, but satisfied"
A34GH8QDLI43CL,140053271X,1.0,2014-05,0,1,0.0,68,Barnes & Noble Nook Simple Touch eBook Reader (Wi-Fi Only)
AJGIN15VFGXBG,140053271X,1.0,2013-02,1,2,0.5,648,very clumsy not functional
A20UU20K7M9ZPF,140053271X,1.0,2012-03,15,16,0.9375,200,Nook Simple Touch has WiFi Connection Problems
A2QARZA980DE7S,140053271X,3.0,2014-01,0,0,,56,Recommended for 1st eBook
APFT40B3WKARC,140053271X,4.0,2013-11,2,2,1.0,233,Less fragile than the Kindle. Convenient.
A85PGE2FRU7J8,140053271X,5.0,2013-07,0,0,,39,Gift
A3A9O355TNBWKK,140053271X,5.0,2012-07,0,0,,175,i love it!
A18HHON17J3LH0,140053271X,5.0,2011-08,2,2,1.0,92,Great no-frills eBook reader
AOY9SZTMNQWAW,140053271X,5.0,2011-07,2,3,0.6667,184,Love this Nook
A168SAOQWU7A63,140053271X,2.0,2012-01,3,6,0.5,403,"The device is okay, but the book service is not"
A3DM8NDY4EIUP1,140053271X,3.0,2013-04,1,1,1.0,91,I have come to like it a little better.
ATDEJ6381GRZJ,140053271X,5.0,2011-11,12,12,1.0,304,A Very Pleasant Surprise
A2YKN8E68KVMZL,140053271X,4.0,2013-02,0,0,,113,"Simple, great back light, comfortable size"
AHKT9ALJ3T2Y3,140053271X,4.0,2013-10,1,1,1.0,57,Great ebook reader and easily hackable
A3TKHAC2G7G0H1,140053271X,5.0,2011-07,6,6,1.0,98,Very Happy
A22H8Y1J3EW2N8,140053271X,1.0,2013-09,1,3,0.3333,64,Has known screen problems
A1S45WQWHNQBF2,140053271X,5.0,2012-02,1,1,1.0,286,Great e-reader!
A2QDSC731OQC3P,140053271X,5.0,2011-07,39,44,0.8864,678,"Really, Amazon? It only costs $139.00 at  B/N!"
AOQYN0MQVWSJR,140053271X,5.0,2012-02,1,1,1.0,250,"Simple, Lightweight and Great UI"
A3L9NGPTBJBQEL,140053271X,2.0,2013-02,3,3,1.0,720,no responsibility from sellers for initially defective  new product
A3G0U8SNAL7UV8,140053271X,5.0,2013-05,1,1,1.0,21,Good Price
A14UXJ0TN7VIST,140053271X,4.0,2014-04,0,0,,61,Weird anomalies
A30HAGYXB3WZ1E,140053271X,4.0,2011-07,3,7,0.4286,176,No delete options??
A1R0ZOYR1ZCH6K,140053271X,5.0,2013-01,1,1,1.0,203,Best ebook reader above all others by far!
A1KCTFZ4OUC6S4,140053271X,2.0,2012-10,0,1,0.0,49,wont let me register the divice right out of the box and wont let me go any farther
A2S33I8S9FJF7,140053271X,5.0,2013-01,0,0,,215,Recommended e-reader
A2W7MB4GB7CWWF,140053271X,5.0,2012-12,1,1,1.0,53,I love this book reader.
A3EQRG0AYCU91N,140053271X,5.0,2013-10,1,1,1.0,37,Love My Nook
A24KEBS6DN87Q7,140053271X,5.0,2013-11,1,1,1.0,39,Nook Simple Touch
A3Q5IRZ3ZJV4P3,140053271X,2.0,2011-12,3,5,0.6,531,"Not consumer friendly, full of glitches"
A1DCNMRBNSTN59,140053271X,5.0,2011-09,35,39,0.8974,330,Fantastic alternative to the Kindle
A1A8YLNAO5G16U,140053271X,4.0,2013-08,0,1,0.0,33,Excellent for what it is
A18ECVX2RJ7HUE,140053271X,5.0,2011-07,3,3,1.0,226,The STR is flying off the shelves!
A2VXVM93S96FHS,140053271X,4.0,2013-03,0,0,,90,Greatest purchase for an avid reader
A3QPWNKTUC8N2B,1400532736,5.0,2014-04,0,0,,140,My favorite ereader...
AXL5F6RXDQMEW,1400532736,1.0,2013-09,5,7,0.7143,301,Barnes and Noble Customer Service? Not happening.
A1S2BTVDZV4PYD,1400532736,4.0,2013-11,1,2,0.5,54,could be better
A1OLG8WQ4EAPMF,1400532736,2.0,2013-11,1,3,0.3333,130,Bad battery or possibly false claims of reading hours on one charge
A2GZBPJ1HTFM67,1400532736,5.0,2014-06,0,0,,170,A good reader that works well to borrow public library e-books
A14QFQFF3ZX575,1400532736,1.0,2013-05,2,10,0.2,292,don't listen to the liars
A3A9O355TNBWKK,1400532736,5.0,2013-01,12,13,0.9231,109,great product !
A22H8Y1J3EW2N8,1400532736,1.0,2013-09,5,7,0.7143,63,Has known screen problems
A3M73KV733HBG3,1400532736,3.0,2012-09,24,27,0.8889,127,Somewhat Glitchy
A3L9NGPTBJBQEL,1400532736,1.0,2013-07,2,3,0.6667,247,battery charge doesn't last more than an hour os so
A3M7JG967UXPE1,1400532736,4.0,2013-04,1,2,0.5,54,Nook eReader replacement
AUHT4M1W3G7PJ,1400532736,5.0,2013-09,8,10,0.8,1359,Cute little reader
A3NB5CY9PWKWGD,1400532736,5.0,2012-12,5,6,0.8333,129,Love it
A1DQHS7MOVYYYA,1400599997,5.0,2010-07,212,215,0.986,1158,Comparison: Nook vs. Kindle 3 vs. Sony Touch from a library book lover
A2TETZJOUBQTJE,1400599997,5.0,2013-06,0,0,,78,Excellent Ebook Reader
AIW2B5CZEUTS5,1400599997,5.0,2010-06,9,16,0.5625,54,Best ereader out there
A4WCZVA328QB4,1400599997,4.0,2010-05,25,25,1.0,1110,nook review
A75MTT7XI4B02,1400599997,5.0,2013-11,1,1,1.0,402,FANTASTIC !  Wife loves it and it's great for public library use  !
A1BZHVUHARTXS6,1400599997,5.0,2010-01,6,7,0.8571,183,Have had it more than a year-won't leave home without it!
A3K4ERDSQTN0YX,1400599997,5.0,2010-03,0,7,0.0,208,Product is useless/Customer Service at the store is priceless
A33ZO4XGZ09MPG,1400599997,5.0,2010-07,25,25,1.0,437,Read the Manual and Do your Research
A2ICT9A9NFH6X8,1400599997,3.0,2010-09,3,5,0.6,495,Drains battery so fast
ALUNVOQRXOZIA,1400599997,1.0,2010-04,2,23,0.087,1531,AVOID AVOID AVOID  Buy and iPad....
A1JAJO1BULTYMZ,1400599997,5.0,2010-07,2,2,1.0,361,Take A Test Drive
A1QS9CHFCEB3WJ,1400599997,1.0,2010-02,51,67,0.7612,513,All That is Glitzy is not Gold
AJIEYYB8CT9D,1400599997,5.0,2011-01,1,2,0.5,333,"Love, love love my NOOK."
A2G0O4Y8QE10AE,1400599997,4.0,2010-02,194,199,0.9749,716,"Very Good, Despite Its Quirks"
A127X09WZNT908,1400599997,5.0,2010-08,3,3,1.0,206,Home Run!
A2C4O93BXM5ROE,1400599997,5.0,2010-02,6,6,1.0,374,Giving other readers a run for their money
A44UKZE6XEV9,1400599997,5.0,2010-02,46,49,0.9388,376,Glad I gave it a chance
A2ICKE6A3MJMM5,1400599997,2.0,2010-11,2,5,0.4,423,Disappointing
A1RR8ZVMBHQFIJ,1400599997,1.0,2010-01,10,25,0.4,110,The Nook looks so cool ...  until you own one
A2OKCS5234ZV7S,1400599997,5.0,2010-12,2,3,0.6667,677,Wow worth every bit!
A42YG78Z1GBBD,1400599997,5.0,2011-06,1,1,1.0,322,Love the Nook 3G!!!!!
A20X3J5AMM7FHE,1400599997,3.0,2010-11,3,7,0.4286,54,"Display well, navigation pain"
A105AZN9C8UAOJ,1400599997,5.0,2011-02,1,2,0.5,483,Awesome Reader
A3OKH5G69MS8D9,1400599997,3.0,2010-01,8,13,0.6154,791,A HALF COOKED NOOK
A1BDZE0TP6L492,1400599997,3.0,2011-11,0,0,,299,Nice device but battery and Customer Service problems
A2IAD8XA81CQWQ,1400599997,3.0,2011-01,3,3,1.0,920,Kindle lover jumps ship for a few hours
A2YCEKVUN1W5F1,1400599997,4.0,2010-09,16,17,0.9412,658,Extra info to consider between Nook & Kindle (I own both)
ANEUPVXP9GKJQ,1400599997,5.0,2011-02,0,1,0.0,87,Great!
A13HUHXEQPX3YI,1400599997,5.0,2010-04,16,17,0.9412,375,Easy on the Eyes
A1263RB8HKHD76,1400599997,5.0,2010-09,3,3,1.0,159,Love My NOOK
A19N3S7CBSU6O7,1400599997,5.0,2009-12,9,12,0.75,1328,Nook eReader
AOKC4MRKH1UON,1400599997,5.0,2009-12,26,42,0.619,310,Nook is the best e-reader yet
ATIOA4WH6UE1C,1400599997,5.0,2012-06,1,1,1.0,34,Still a good product
A2TDEHV2JAV4VS,1400599997,4.0,2011-04,1,3,0.3333,197,Refurb Nook Worth the Price
A2KV9CT1CGLC1E,1400599997,4.0,2011-05,2,2,1.0,296,I like it but....
A2EJPGQV89WOTD,1400599997,1.0,2010-08,7,12,0.5833,91,product has quite a lot of bugs with pdf format rendering
APWARS0L4QGPC,1400599997,1.0,2010-07,15,22,0.6818,221,Advertized features are questionable
A343QC2O211PHA,1400599997,1.0,2011-02,4,6,0.6667,186,Don't waste your money!
A2U4Z76U7DF68,1400599997,3.0,2011-03,2,3,0.6667,218,E-READERS ARE FOR NOVEL READERS ONLY??
A3G7BEJJCPD6DS,1400599997,4.0,2010-11,9,9,1.0,473,The Number of Formats Supported Outweigh the Cons
A2JXS1JII6SAUD,1400599997,5.0,2010-07,0,0,,141,Great device
AUTNL9E3MTR4M,1400698987,5.0,2014-07,0,0,,5,Five Stars
A1A92O8IVVHW3Q,1400698987,5.0,2013-11,0,1,0.0,32,"Great Product, Great Sale"
A3LDPF5FMB782Z,1400698987,4.0,2014-02,0,0,,109,Great $100 Book Reader
A3IYSOTP3HA77N,1400698987,5.0,2013-09,2,4,0.5,37,It was just what I hoped it was.
A1XTQULERNAFQ,1400698987,5.0,2013-05,2,4,0.5,22,Great product!
A3NAJLO81N0SEY,1400698987,2.0,2014-02,0,1,0.0,35,Not great
A34ZFS8Z5ISLQR,1400698987,2.0,2014-07,0,0,,133,Feels Ancient
A13X3KB8XPS0ZX,1400698987,1.0,2014-02,0,4,0.0,133,Customer service is the worst that I have ever encountered
A35SB5XA89HR41,1400698987,5.0,2013-09,38,42,0.9048,434,We LOVE the NOOK HD!
A1U8BMNVUVNXW7,1400698987,5.0,2014-02,0,0,,22,Excellent
A18G22TSZ58V1I,1400698987,5.0,2013-11,2,3,0.6667,66,This one is a definite winner
A1T8A6OCVV0UYU,1400698987,5.0,2014-05,0,0,,50,Nood HD Tablet
A3A1ENOW12T0QY,1400698987,5.0,2014-01,1,1,1.0,54,My wife loves it!
AQIYMF4X90D8E,1400698987,5.0,2014-01,1,1,1.0,27,value for money
A1LMUHXVNBLTGZ,1400698987,5.0,2013-06,7,11,0.6364,89,B & N NOOK HD 8 Gb SMOKE color
A2ZZAM4LFM4IE1,1400698987,4.0,2013-12,0,0,,69,Good for nook readers and apps
A2JOPUWVV0XQJ3,1400698987,5.0,2013-12,2,3,0.6667,89,Good Budget Buy
A3OLLN3VV2SF0L,1400698987,4.0,2014-04,1,1,1.0,266,Excellent value and performance
A5KBC6M1KUIC8,1400698987,5.0,2014-03,4,4,1.0,97,Fantastic Value
A1BZ18U2EF4FAI,1400698987,5.0,2013-06,4,7,0.5714,93,Awesome tablet!!!
A3I4MTIXADZFYS,1400698987,5.0,2013-06,100,104,0.9615,245,Best performance and unbeatable value in 7inch tablet
A1RTAG101IYPX6,1400698987,3.0,2013-12,1,8,0.125,163,Just an honest review
A1S8FVNG0D97AM,1400698987,1.0,2013-09,4,21,0.1905,43,warning NONE STANDARD  30 pin charging cable
AFWPH07F1FTXE,1400698987,4.0,2014-02,3,3,1.0,134,My first tablet
A3NRMHM2N9GQ3N,1400698987,3.0,2014-07,0,0,,238,"Glitchy, battery does not last long :("
A1BTULXPTQBGQ0,1400698987,5.0,2014-01,0,0,,69,"Nook HD 7"" 8GB Tablet"
A1AWXFMOX56DWM,1400698987,5.0,2013-12,1,2,0.5,171,Simply awsome tablet the best for a reasonably priced tablet at the moment.
A2KJ43Z9LSL6S7,1400698987,5.0,2014-01,1,1,1.0,24,Nook HD  Tablets
AYC7L2YJMZOOC,1400699169,5.0,2014-07,0,0,,465,Great Value!  Don't wait too long... they are no longer being manufactured.
A393VR8USGJSEO,1400699169,4.0,2013-08,11,13,0.8462,345,Very pleased.  Its not an IPAD.
A3GKRQWPAIZR3L,1400699169,5.0,2013-11,2,4,0.5,109,What more can you ask for?
A2IQSNBMGS45X9,1400699169,5.0,2014-05,0,0,,432,Well worth every penny if rooted with Kit Kat
AIY63PF337QF4,1400699169,5.0,2014-01,1,1,1.0,22,Love it!
A3PD8JD9L4WEII,1400699169,5.0,2013-06,57,59,0.9661,1012,"5 star item for features, design, performance, and value."
A2JWFLMUIV5N2P,1400699169,5.0,2014-02,0,0,,26,Awesome!!!
AAZ084UMH8VZ2,1400699169,5.0,2014-05,0,0,,168,This was such a good buy
AXJ1QYBUL86ON,1400699169,3.0,2013-12,0,4,0.0,241,Dead in the water!
A2SBFXPN5V6A6X,1400699169,2.0,2013-05,10,18,0.5556,556,"Very clunky, slow, and outdated OS impedes good hardware"
A2M3E53LN2CQT6,1400699169,5.0,2013-12,1,2,0.5,40,"good for watching video, web searching, writing documents... recommend for students."
A1PCHVTAXXQYSR,1400699169,5.0,2014-03,1,3,0.3333,60,32G and HD Fab
AMSAQMLJKCFSB,1615527613,5.0,2013-12,0,0,,35,BN-ADP-h01 Power kit
A2YSLAI9DJ32I9,1615527613,2.0,2012-08,0,0,,83,"Expensive, breaks easily"
AZANOSUQAY5C6,1615527613,4.0,2013-01,0,0,,128,I don't seem to have the same problems everyone else has
A36HL8Y5NI4FR9,1615527613,5.0,2013-03,0,0,,31,Just in time
A18LJ72NBKZ6JC,1615527613,5.0,2012-09,0,0,,35,Excellent adapter
A2GKUSRRPCOV17,3744295508,5.0,2012-09,0,0,,20,GREAT PRODUCT
A3F2M27L02YDLM,3744295508,5.0,2013-03,0,0,,27,Work just fine
A2D23Q75DN4LLH,3744295508,5.0,2011-05,0,0,,30,Not one problem
A2N3OJ1T4IKZBM,3744295508,5.0,2010-10,1,2,0.5,17,"great value, good quality"
A3ORP2IZ7D19VP,3744295508,5.0,2011-05,0,0,,22,Great Cable Great Price
A18RZLFVFN6697,3744295508,5.0,2012-04,0,0,,70,Very Good for the Price
A2LDA4B81XDVJM,3744295508,5.0,2012-12,0,0,,21,Works like a charm
A32D4R7O5KQWBC,3744295508,5.0,2012-12,0,0,,20,As described
A24DDONNQLE0K,3744295508,5.0,2013-07,0,0,,31,"Cheap Cords, Amazing Quality"
A2QCJ9VR3SEIR0,3744295508,5.0,2010-06,0,0,,30,Don't spend any more!
A4QCYNKAT2UN,3744295508,5.0,2012-06,0,0,,35,works
A3SGQUKYUATAM8,3744295508,5.0,2014-01,0,1,0.0,115,HDMI cables
A32SE19753YIL4,3744295508,5.0,2012-07,0,0,,42,"It works, no problems"
A1NAA1R38JSNHV,3744295508,5.0,2013-01,0,0,,26,Great price
AVSVOKDI0AGR7,3744295508,5.0,2010-05,2,3,0.6667,26,save yourself some money!!
A14YZVQTMRO7NE,3744295508,5.0,2012-03,0,0,,34,Can't See The Difference
A2QYZET30IH2AI,3744295508,5.0,2013-07,0,0,,35,Cheap and reliable - what else do you need?
A2YXS8NCIO205E,3744295508,5.0,2011-08,0,0,,39,Good buy for the price
A2JFF23K5FUHE3,3744295508,4.0,2012-09,0,0,,34,HDMI that works well
A2EQDEKD20ZLGD,3930992868,5.0,2013-06,0,0,,20,HardDrive
A172O6GT6GLUIB,3930992868,5.0,2011-08,0,0,,21,"good, cheap replacement"
A22966W52J34CH,3930992868,5.0,2014-04,0,0,,21,VERY NICE ITEM
AOHG53ZO6BJ7R,3930992868,5.0,2011-08,2,2,1.0,237,Replaced 30G ipod HD
A2PC1YCLTB3EY9,3930992868,5.0,2013-08,0,0,,74,Great replacement for iPod Video hard drive
A5RESRBCJXMOM,3930992868,5.0,2010-12,0,0,,34,Works great
A10G7GOD9ZWVVV,3930992868,5.0,2014-04,0,0,,28,Ipod Replacement
AL5H32ZBE6FO,3936710058,2.0,2012-12,0,12,0.0,28,Microphone
AR6X6ZNF1XN5X,3936710058,5.0,2013-09,0,0,,25,"LOVE IT, LOVE IT, LOVE IT!!!"
A1IKC2YBHXIE1M,3936710058,4.0,2014-03,0,0,,21,Works well
A3STNU0QG5IMCY,3936710058,5.0,2013-05,0,0,,32,Very good deal
A19LF8H78H24KJ,3936710058,2.0,2014-04,0,0,,52,Did not work for my magic jack
A28UJ5KGAMD9HH,3936710058,3.0,2013-08,0,0,,75,A bit buggy
A3FHSLWEMH7JD8,6301977173,2.0,2000-05,15,26,0.5769,302,The best of Mark Twain's work - left out!
A2I6MHMAZZDCRX,6301977173,4.0,2008-05,1,1,1.0,324,Take a Gander as Tom Sawyer Sings
ASG60YVY09J6D,6301977173,1.0,2005-09,16,19,0.8421,104,False advertising on this DVD
AYPCGRSNA2IL,6301977173,1.0,2005-08,10,18,0.5556,60,Why no Widescreen?
A3ICHEO78NFE4Y,6301977173,5.0,2002-08,36,40,0.9,168,The best Tom Sawyer i ever saw.
A1NS6O584WD5FJ,6301977173,5.0,2014-05,0,0,,86,Wholesome and Entertaining bit of Nostgalgia
AA8JH8LD2H4P9,7214047977,5.0,2012-12,3,4,0.75,34,love it
A1JZHU0WUCTO4C,7214047977,4.0,2014-01,0,0,,113,Very nice case
A12LIH1OJZIDKZ,7214047977,4.0,2012-12,4,4,1.0,21,Works for my needs
A2ZOBJMDF6EZTH,7214047977,4.0,2013-05,0,0,,19,Fits good:
A2BZNMPV1FDG9T,7214047977,4.0,2013-03,0,0,,60,Case is fine. Horrible smell tho had to air out
A355M74J438SGG,7214047977,5.0,2014-03,0,0,,30,love it
A1Y4MY6KYVUTIA,7214047977,5.0,2014-02,0,0,,22,Wife loves it
A2QO4JQX6MTS75,7214047977,4.0,2013-01,1,1,1.0,43,fits well and great color
AVLWZUZ594UT4,7214047977,4.0,2014-03,0,0,,153,Be careful
A1WMEVP3FN3F8J,7214047977,4.0,2013-11,0,0,,37,Great Case
A2KK14LTLA9DPK,7214047977,3.0,2013-03,0,0,,21,is nice
A3JIPMKVVJGVFP,7214047977,5.0,2013-12,0,1,0.0,25,Handy
A3ST3KY96FDE6I,7214047977,5.0,2014-03,0,0,,20,Awesome case
A108EEYSHGDL6O,7507825604,5.0,2014-07,0,0,,12,small and useful
A3D1YKQZN1YZXM,7507825604,4.0,2013-11,0,0,,68,They get the job done...
A2QZP0Q6G02AFZ,7507825604,5.0,2014-06,0,0,,36,Works great
A2BH9DHKBIBDX3,7507825604,5.0,2012-03,0,0,,23,Works perfectly
A3GCULBJ04IYA2,7507825604,5.0,2013-10,0,0,,27,Works as advertised
A5F4K8GULBUYL,7507825604,5.0,2012-04,0,0,,41,"Cheap, shipped fast, and it works"
A13R0XX727WQB8,7799813393,3.0,2013-01,0,0,,47,Good for what it can do.
A1H9UFWNIWTPFV,7799813393,5.0,2013-03,0,0,,30,I use this alot
A2D1N6Z7WS9AQQ,7799813393,4.0,2012-09,1,2,0.5,36,works well
AO5O459IFGVTG,7799813393,4.0,2013-04,0,0,,32,works but needs a fast pc
A3BOQADZVJB6C3,7799813393,4.0,2012-08,6,7,0.8571,266,Cheap and it works
A39VG5STMCQBI,7799813393,1.0,2012-11,1,4,0.25,68,WARNING! Frustrating and Discouraging experience awaits you!
A2A2JYDOR6GJ3E,8862935293,2.0,2010-09,3,3,1.0,371,Design works better with a Nook than a Kindle.
A30XCXBX58I43B,8862935293,5.0,2014-01,0,0,,33,Satisfied with this cover...
A3KO6JEVS1FJ8X,8862935293,4.0,2010-07,0,0,,95,Terrific Cover w/Notepads - but NO PEN LOOP? Huh?
A26Y3GDR2X0V6V,8862935293,4.0,2010-07,1,1,1.0,114,"Good accessory, but left side is limited"
A1NZ1PX75H8JK9,8862935293,4.0,2010-07,0,0,,170,"Does what it says, nothing more, nothing less."
AJ7GOBURILNOF,8862935293,3.0,2010-08,1,2,0.5,87,Not quite a Moleskine
A1R22WL520D4L0,8862936826,1.0,2010-11,4,9,0.4444,311,"Nice case, but major flaws for Leftys"
A1ZU55TM45Y2R8,8862936826,2.0,2010-11,49,53,0.9245,896,"It's an ok case, with some major flaws."
A16X9K6CTHEYXO,8862936826,5.0,2010-11,2,2,1.0,156,The best for those iPad lovers who eager to write something
AB7IX02UYHG2Y,8862936826,4.0,2011-12,0,0,,111,"Well Made Product, But...."
AQXL8B1QPVE09,8862936826,3.0,2013-02,0,0,,133,Fair at Best
AKMEGQ2D4VS55,8918010656,3.0,2014-04,2,2,1.0,161,died just after warranty
AYQLU316XEFAG,8918010656,5.0,2014-04,0,0,,32,Very pleased.
A204N1U3TI06GO,8918010656,4.0,2014-04,0,0,,107,"Image is indistinguishable to my eyes to HP 30"" zDisplay"
A25X0R6758CLWJ,8918010656,5.0,2014-02,2,2,1.0,82,"If you love to read Magazine, I would like to recommend this great monitor"
A37AO20OXS51QA,8918010656,5.0,2014-06,0,0,,105,Stunning and affordable!
A24S76CQYV9ONA,8918010656,4.0,2014-03,0,6,0.0,260,MUST HAVE DVI-D port to get full resolution! Good monitor otherwise!
AEPTZ4SG6U3UE,8918010656,5.0,2014-02,14,14,1.0,396,Excellent Monitor
A35U66IR43E4U6,9043413585,1.0,2011-10,1,2,0.5,45,Piece of Junk
AWBZ0P0P842NG,9043413585,4.0,2009-01,3,3,1.0,43,Very good ppc
A20P79S3FIDLSD,9043413585,2.0,2013-09,0,0,,22,"Good idea ...bad call, on my part."
A3LAUF321KERYB,9043413585,5.0,2010-09,0,0,,32,GREAT!!!!!
A1VQHH85U7PX0,9043413585,3.0,2009-02,8,9,0.8889,252,A Few Serious Problems
A5A4374R8I7NB,9043413585,4.0,2012-06,0,0,,151,Great for PDAs of the Period
A2I1V1XF9Z3JFT,9043413585,5.0,2010-03,0,0,,85,Absolutely love this thing...
A35FPAMOA9XI55,9573212900,5.0,2009-09,15,16,0.9375,56,This unit rocks!
A1ZDP5PMM6RTSO,9573212900,4.0,2010-02,1,1,1.0,139,"good product, strange tech support"
A10X9ME6R66JDX,9573212900,4.0,2009-08,32,33,0.9697,125,"Quiet, unobtrusive, fully functional, slim; I love it"
A1RIVGXTRWO8EE,9573212900,4.0,2009-12,0,0,,22,Good Value
A11229C4LTJ4JG,9573212900,5.0,2013-02,0,0,,23,Muy Util
A1I43PYV1DMIIF,9573212900,4.0,2014-05,0,0,,75,Works well with ACERs and COMPAQs
A18H6KCOM1IPDZ,9573212900,1.0,2013-05,1,2,0.5,84,cBear Acer ASpireOne USB External DVD/CD-RW
A21PY549E3M51S,9573212900,5.0,2011-08,2,2,1.0,86,Excellent external CD/DVD drive
ACW97PWU2VO5D,9573212900,5.0,2013-12,0,0,,20,Unit Works Great
A24FAKTJVQKSA0,9573212919,1.0,2011-09,2,8,0.25,26,Very Poor Unit
A1TV0MBAF13ZMS,9573212919,5.0,2013-01,1,1,1.0,46,Enjoying
A20N7Y8YFR0MPE,9573212919,1.0,2010-07,9,22,0.4091,46,This is a ROM drive -- READ ONLY -- it will not burn CDs or DVDs !!
A3UC2DLZF7TFB4,9573212919,5.0,2010-10,2,2,1.0,101,Great external DVD/CD player
A38BJJO4VGJIQ5,9573212919,2.0,2014-03,0,0,,23,Cheap and non-functional for me.
A1660JZPHFX90N,9573212919,5.0,2013-02,1,1,1.0,74,Perfect
A2TXR85WQLE32N,9573212919,4.0,2010-11,1,1,1.0,87,The Beauty of Simplicity...
A313VOS25H6G2F,9573212919,5.0,2014-01,0,0,,25,Wonderful!
A2XHVJXV58MHVL,9573212919,5.0,2014-03,1,1,1.0,60,External USB
AKNI01GEKRTDV,9573212919,5.0,2013-02,1,1,1.0,27,Works great
A24ANAR5QTRBOO,9573212919,5.0,2011-08,1,1,1.0,51,Very happy with this purchase
A9DW3IODLLHJG,9573212919,5.0,2014-02,0,0,,23,LOVE THIS EXTERNAL MUST GET
A1RO7LHPEVFKY1,9573212919,5.0,2014-01,0,0,,62,Excellent
A3TOCVBMFZTZ2Z,9573212919,5.0,2013-10,0,0,,69,Very efficient
A1AAOEN7K6SI3U,9573212919,2.0,2011-08,1,1,1.0,48,stops reading mid movie
A1WI9IDBAP8NDM,9573212919,1.0,2013-11,0,0,,29,Didn't work on Win7 pc or Win8 tablet
AJCICNS67U8BD,9573212919,3.0,2014-05,0,0,,39,It's okay and easy to use but feels a bit flimsy although I ...
A1SCE1YMBH86WE,9573212919,4.0,2010-03,106,112,0.9464,107,exactly what i needed; best price you will find
A2VHUAB7SS8PCQ,9573212919,5.0,2013-10,1,1,1.0,21,Must have for a netbook
A209J4NK7GR9S3,9573212919,4.0,2014-06,0,0,,100,Very Good
A2S4ALQNVY89W0,9573212919,5.0,2013-01,0,0,,28,A must have
A3TSAQ6H6HKXIZ,9573212919,5.0,2014-01,0,0,,35,Nice for the price
AG0UP5II9OSP2,9573212919,2.0,2014-02,0,0,,66,"Cheap, malfunctioning machine."
A69HUWNHTPGA7,9573212919,3.0,2014-03,0,0,,29,Just Okay
AGCN38LIJZM3K,9573212919,5.0,2012-01,0,0,,107,It is made by LG and works great!
A3JSJUGQ3WI8MY,9573212919,4.0,2013-05,0,0,,81,It Works Reasonably Well
A1840PJZBE47TP,9573212919,5.0,2013-08,0,0,,24,Good Buy
A14I1F2H7NOYDC,9573212919,5.0,2011-02,11,13,0.8462,595,Perfect for the Acer Aspire One D255E Netbook!!
A30HU780JBS1GS,9573212919,4.0,2012-11,1,1,1.0,54,lite simple works well
A2VA1Q64QRGY5H,9573212919,5.0,2013-08,0,0,,40,Just what I needed
A12UGBVBI2NI7X,9573212919,3.0,2011-08,17,20,0.85,103,BEWARE  _ This is not a CD writer/burner
A3D1I68IHM51XJ,9573212919,4.0,2014-07,0,0,,16,Good deal.
A15DIP9QPUR6IR,9573212919,1.0,2012-12,0,0,,23,could not get it to work
AGBVM3I9RFV89,9573212919,4.0,2010-10,3,4,0.75,39,Only Plays Region 1 DVDs
A1A4WRN8PF4VK0,9575871979,5.0,2014-07,0,0,,60,Great value and saves a ton after two uses.
A3BNLLP9KAA1FE,9575871979,5.0,2013-05,0,0,,20,great power is small package
A4PXXQ3UGXSB5,9575871979,5.0,2013-03,0,0,,22,Good item
A3CBBQQXA7VV6J,9575871979,5.0,2011-10,0,1,0.0,29,Excellent
AS0RNYRU3YTWW,9575871979,4.0,2013-05,0,0,,32,"So far, so good."
A3Q3ICZ7K0RA1V,9575871979,5.0,2012-07,1,1,1.0,72,5 stars so far and I will repost if that changes
A3BSSJ6SJ5NVWJ,9575871979,1.0,2014-02,0,0,,32,Lesson learned......
A1QS9CHFCEB3WJ,9575871979,5.0,2010-07,1,1,1.0,92,Does the Job Without Fuss or Muss
A3956O40ZZYFMY,9575871979,5.0,2009-12,1,2,0.5,45,They.......work
A2XK854TOM88L2,9575871979,5.0,2012-04,1,1,1.0,95,Works great with my Fenix TK35 - 1 1/2 year UPDATE
AKGGVHCCW4RKA,9575871979,3.0,2009-09,47,52,0.9038,324,Unstable and exceed the Volt rating after charge...
AGZDSR4R8SA2S,9575871979,5.0,2007-10,12,15,0.8,60,Work GREAT!!
A2LHANCVBGV36U,9575871979,4.0,2014-07,0,0,,18,These are a great value and excellent replacement for the name brand cells
AWSTQ0RMVNH0R,9575871979,5.0,2013-11,0,0,,41,Over the horizon
A2KS0FVY2CNJ8M,9575871979,4.0,2008-12,67,70,0.9571,478,Good Kit For the Price.
A3VIFJZC7SHX1T,9575871979,2.0,2012-12,0,0,,47,Under powered
A32F6TVKKA6JX4,9575871979,5.0,2012-11,1,1,1.0,82,Smart Charger for RCR123A Batteries
A328GLDSDNFYII,9575871979,5.0,2012-11,0,0,,27,Works great!
A1G4PDC7AI56XG,9575871979,5.0,2013-02,0,0,,41,Great for auto and home
A3S76NP1H3R0XH,9575871979,1.0,2010-04,13,16,0.8125,170,"Does not charge evenly, Volts are too high, charger overheats"
A2I0X163CQDBFA,9575871979,1.0,2010-07,16,19,0.8421,82,"Don't charge, don't last, don't buy!  Terrible customer service!"
ASJN4DBPLF53L,9575871979,5.0,2012-01,0,0,,43,Saved me about $1000 this year.
AAEVGE52KL0DJ,9575871979,3.0,2012-12,1,1,1.0,85,"Okay in our High Output LED Flashlight, but not Great"
A3M6ZX4D8MKR1O,9575871979,3.0,2010-11,4,4,1.0,50,Not a bad single-cell charger
AQLJGOADY379U,9575871979,5.0,2011-10,0,1,0.0,24,So far so good.
ARUQAU51OAMTQ,9625993428,5.0,2011-09,0,0,,185,Pretty darn cool mic for iPod 2G
ALKT8NT9YS9MR,9625993428,3.0,2010-04,1,2,0.5,30,"Okay for iPods, unnecessary for iPhone"
A288QFC30VQKN2,9625993428,3.0,2013-03,0,0,,26,Works fine
A1ONY0WZAL2I3U,9625993428,5.0,2012-04,1,1,1.0,32,Works Great
A2462LPFBLFKT6,9625993428,5.0,2010-04,18,19,0.9474,223,Identical to RapCap
A1KGMLV9UME4EX,9625993428,5.0,2010-07,0,0,,77,"Simple, inexpensive, solutions"
A25KZDHFZKWC4V,9625993428,1.0,2010-10,0,0,,16,DOSE NOT WORK ON IPOD Video!!!!
AM3N5LZ7BETCB,9625993428,5.0,2013-02,0,0,,153,Updated our older I-pod touch
A2U0ZD08F7EJ87,9625993428,3.0,2013-02,0,0,,31,wrond item
A9IP685WQXGQ2,9625993428,3.0,2011-07,0,0,,34,Mini microphone
A3RR3PDK3FX6CO,9625993428,5.0,2013-12,1,1,1.0,23,works well
A2IBK009X2XXDH,9625993428,2.0,2013-11,0,0,,23,mini microphone
APGS6U5D8YRII,9625993428,5.0,2010-07,0,0,,100,Great mic!!!
AA63DLG8HJ2JQ,9625993428,5.0,2013-03,1,1,1.0,74,Better than expected
AEF7CR8SNCYF2,9625993428,5.0,2010-08,2,2,1.0,34,great quality
A353N8AMEU296G,9625993428,5.0,2010-08,1,1,1.0,145,"Works with iPod Touch 3G for Voice Memos, Skype Calls"
AU9BPT3Y3K6J4,9625993428,5.0,2010-09,0,0,,29,Does just what it says...
A21RO7OWHHHUOK,9625993428,2.0,2013-11,0,0,,44,Not better than Nexus 4 internal mic.
A1RHVVY6U02LN2,9625993428,5.0,2013-01,0,0,,56,works just fine
A34WISS43CVLDP,9625993428,4.0,2012-01,0,0,,25,"Works on 2nd gen iTouch, however..."
A2IN1WZFQAC298,9625993428,1.0,2013-12,0,0,,20,Waste of money.
A1FQUFDI4Y67I2,9625993428,4.0,2014-07,0,0,,25,Awesome Microphone
A2L5YC5Z8JD34M,9625993428,5.0,2013-03,0,0,,30,So tiny
A1DF5D8N00SQR0,9625993428,5.0,2010-09,0,0,,34,Mic
A133Z74IY6J9D7,9625993428,5.0,2011-04,4,5,0.8,116,THOUGHT I WAS RIPPED OFF TOO!!!
A1MGS94AG7NSZL,9625993428,5.0,2010-11,0,0,,40,Great Service
AIGZW643OAYGT,9625993428,1.0,2013-08,0,0,,20,useless.
AQQA2GTK78VI2,9625993428,1.0,2011-07,0,0,,82,Only an improvement over no microphone at all
A2ZT1CSHU62UOL,9625993428,1.0,2010-07,0,0,,24,Does not work with my iPod Touch 3G
A3CQUQ28OKOMMT,9625993428,5.0,2010-11,0,1,0.0,46,Awesome Mini Mic
A2CX79FL19TP46,9625993428,4.0,2010-08,1,1,1.0,17,pretty good...
A3QHAJV442WLZ2,9625993428,4.0,2013-05,1,1,1.0,58,Works Great
ACSCECQJQNT5I,9625993428,2.0,2010-07,1,1,1.0,82,Works for recording just fine but not for skype
A2I7TWQ62H1VF,9625993428,5.0,2013-01,0,0,,21,Black Mini Microphone for Iphone
A2QJ3GNQ3SYKCQ,9625993428,4.0,2010-12,0,0,,26,It works on my iPod Touch 3G
A1F3A3MMY54FUP,9862510447,5.0,2010-09,0,0,,32,mini microphone for ipod touch
A1CW4FAG34ENZO,9862510447,3.0,2011-09,0,0,,107,Good for what it is
A2GOWDUXFP5P18,9862510447,4.0,2010-09,0,0,,43,Good
A38GZ9522SW4T3,9862510447,5.0,2012-03,0,0,,33,I love it
AB7DR7FWLMGZ9,9862510447,1.0,2011-03,0,0,,30,"terrible mic, horrible quality"
A1GG82ALWJIGE8,9862510447,4.0,2010-08,0,0,,18,Adding Mike Audio to the iPod Touch
A2PGE5RPSV9BFH,9876050621,5.0,2014-05,0,0,,66,SanDisk Outstanding Performance
A1R494W7UBXL90,9876050621,4.0,2014-06,0,0,,20,i like it
A2A28DJDS6LEHP,9876050621,1.0,2014-04,0,0,,67,Worked for about 50 days.
A2I9X30JGIAG,9876050621,1.0,2014-04,0,0,,84,Very dissapointed
A9D6Y6RL8ILK4,9876050621,5.0,2014-03,0,0,,43,Mini SD with a bonus
A2JAGOIH2DZAN,9888002198,4.0,2010-03,19,19,1.0,158,Worked great
A3FZI1RHDOZEJO,9888002198,4.0,2013-01,1,1,1.0,189,good item
ATXRV6Z3N08ZX,9888002198,1.0,2013-07,2,2,1.0,157,Defective
A2OHGA790ZR35V,9888002198,5.0,2010-01,54,54,1.0,286,Can't really ask for much more.
AI261Y5T8PB0S,9888002198,5.0,2013-11,0,0,,43,Great size and configuration.
AU8A5W8DWEMVP,9888002198,5.0,2013-09,0,0,,78,Awesome
AA6BJGZG6XI05,9888002198,5.0,2012-07,0,0,,331,Worked for 6 weeks in Europe and UK
A3JMVQ5G2G522W,9888002198,2.0,2011-06,1,2,0.5,39,worked for few hours then the fuse blow up
A4KQW4S2PAXIT,9888002198,1.0,2013-02,0,0,,90,Great for the few days it worked.
A1TIWOJFIX21RY,9888002198,5.0,2012-04,1,1,1.0,54,Perfectly priced
A2GCVUZ1N1TBZ2,9888002198,5.0,2010-02,10,10,1.0,109,Well designed
AD7PVSLW69R4F,9888002198,5.0,2014-04,0,0,,19,Its good
A2UROXC3FXJKX0,9888002198,5.0,2011-03,8,8,1.0,114,Works Perfectly
A3N4QU9537CZ5O,9888002198,5.0,2013-11,2,2,1.0,250,A very clever design
A2SOKOONUQ850N,9888002198,2.0,2012-01,1,1,1.0,79,Clunky and broken.
A2J591OLWPBEMQ,9888002198,5.0,2013-06,0,0,,114,Exceeded my expectations
A3OQ96W3N91MDS,9888002198,4.0,2012-12,0,0,,34,Great product but does not charge ipad
A2KZ1JXW8J1VC8,9888002198,5.0,2012-12,0,0,,41,Does what it's supposed to
A2R7LGGF0XYJGK,9966338926,5.0,2013-05,0,0,,23,Works Great
A2DLK5KEQU4TX9,9966338926,5.0,2013-09,1,2,0.5,152,Worked for awhile...can't understand how it went bad
A3GR935UY6LX03,9966338926,1.0,2014-03,0,0,,28,Google Nexus 7 charging cable
A3CZV7DEX2ARGE,9966338926,2.0,2013-02,14,14,1.0,195,"Not so good cable, 40"" long - update"
A3DXZIHCHTFM85,9966338926,1.0,2013-12,1,1,1.0,34,fit loosely and returned.
A1UZ2MQ5FBH7GA,9966338926,4.0,2013-08,0,0,,45,ok
A1VKA5J3NF7OU9,9966338926,1.0,2013-04,1,1,1.0,69,Micro USB end breaks
A2HGQNXVQ8DPA8,9966338926,5.0,2013-06,0,1,0.0,27,best cord
A187ADBPN8OOY7,9966541551,5.0,2014-01,0,0,,23,Just what I needed
AG4D06TQLDFMH,9966541551,3.0,2014-04,2,3,0.6667,41,Good but nothing special
A2H2H6SQVHRIER,9966541551,5.0,2014-02,0,0,,29,Daughter loves it
A3FNF36SELJ49S,9966541551,5.0,2014-03,0,0,,145,Memory for the money.
A2STWCKJD4TMK8,9966541551,5.0,2014-02,1,1,1.0,77,Reliable data storage
A2ZCKOJM6MOBVY,9966569863,5.0,2014-02,0,0,,48,Works Great
A3UURD9IGGUGW9,9966569863,5.0,2013-11,0,0,,70,Great Value
A3S68WYZ3UWRVH,9966569863,5.0,2013-10,0,1,0.0,22,Micro Card SD
A3CSDS5RW4XUPG,9966569863,5.0,2014-03,0,0,,29,For use in my GOPRO
A1HMZSNXP2MC8L,9966569863,4.0,2014-06,0,0,,25,"Micro SD Excellent, Adapter: Not so excellent"
A33K8EOQH55J62,9966569863,4.0,2014-06,0,0,,23,Big Little Card
A58HIMN3EW2NN,9966569863,5.0,2014-01,0,0,,22,Gopro Power!!
A2VTMCHYNBZC07,9966694544,4.0,2013-05,13,17,0.7647,72,Good and price worthy
A13RIB5M9L611E,9966694544,5.0,2014-01,1,1,1.0,63,what a deal!
AS4A8GH1B5QBP,9966694544,4.0,2014-03,1,1,1.0,23,recognized by my cell phone
A3EPT8ENSU0TU,9966694544,1.0,2014-02,2,3,0.6667,134,"After 2 months, the card is DEAD"
A37FB0STAIM5PY,9966694544,5.0,2014-02,1,1,1.0,22,Perfect for my Canon DSLR
AKG02HTYGM88L,9966694544,5.0,2014-06,0,0,,104,finally!!!
A7Y4EVU8LZ7FV,9966694544,5.0,2014-06,0,0,,33,Perfect.
A1UULANW6F0NZC,9966694544,5.0,2014-04,1,1,1.0,23,Works as expected.
A3703H5T2Y0R0K,9966694544,1.0,2014-03,1,1,1.0,104,Died after about 6 months
A27DHWJ275D678,9966694544,4.0,2014-01,3,4,0.75,110,I take lots of pictures with my Galaxy 4
A1H2O9EQANIGQT,9966694544,5.0,2013-10,1,1,1.0,47,Quality product from Kingston
ALQNOSMQR8AFR,9966694544,4.0,2013-09,2,2,1.0,21,Worked
A9DZGSTEJFOP3,9966694544,5.0,2013-08,5,5,1.0,27,Very Nice Works Great in My Galaxy S4
A33FZNPF0TRLYN,9981739588,5.0,2013-12,0,0,,95,Very Good Mini-HDMI to HDMI Cable
A3MJ1OH04JQNQF,9981739588,5.0,2010-07,0,1,0.0,16,Performance and price
A2GRYN2DYGFM8L,9981739588,5.0,2010-09,0,0,,26,Tre Seme
AR87CWP6KEL4A,9981739588,5.0,2010-05,2,2,1.0,33,It works!!!
A1W0CHSU0O5VUK,9981739588,5.0,2011-08,0,0,,52,Works great
A2WO3HF88DF4PW,9981739588,1.0,2010-05,2,5,0.4,122,Hate this item - and CITI electronics
A19HT7YC1UW3D6,9981739588,5.0,2012-11,0,0,,30,Great for my Canon Camcorder
A2NEASNMHL1A4O,9983891204,5.0,2012-09,1,1,1.0,29,Good cable
AB5S5DS16EVMJ,9983891204,5.0,2013-04,0,0,,31,Premium 10 feet Canon HTC-100 Upgrade Replacement Mini HDMI cable
A3OJNGNBWD7KNN,9983891204,5.0,2013-02,1,1,1.0,27,Works as it should
A2BX0E26599UPQ,9983891204,5.0,2013-12,0,0,,38,Hook camera to RV TV.
A5U3O5KSTUOY0,9983891204,5.0,2013-05,0,0,,64,Works Great
A1TND9THMFVTQG,9983891204,4.0,2013-05,0,1,0.0,52,Not yet tried but seems substantial
A18A4AMMJ5KV7T,9983891204,5.0,2011-10,1,1,1.0,54,ideal
A39JL3OBJIBIX7,9983891204,5.0,2014-01,0,0,,25,Works like a charm!
A1LY7Z60TNV629,9983891204,5.0,2013-01,1,1,1.0,26,Cable is fine
A3VBORHS4H8LES,9983891204,5.0,2013-08,0,0,,27,Does the job - no reason to pay more
A1I0M1C381UQNZ,9983891204,5.0,2012-12,1,1,1.0,42,Just what I needed
A3L1N36J3BOL9V,9983891204,5.0,2013-03,1,1,1.0,28,Canon HTC-100 HDMI cable
A1ZBG4HKXZTVBF,9983891204,3.0,2014-01,0,0,,45,Connects my Canon camera to HDTVs. Could not connect to HDMI switch.
A306LNS6H0P1W,9983891204,5.0,2012-07,1,1,1.0,52,works with my 5D Mark iii
AH67CQEJ4RQM9,9983891204,5.0,2010-05,5,5,1.0,68,Tiny HDMI to standard HDMI
AUKMX8TAFE3BA,9983891204,4.0,2014-03,0,0,,21,cheap alternative.
A1H4B09YLQ9IMA,9983891204,5.0,2013-03,0,0,,32,Nice
A1C82BC5GNABOA,9983891212,5.0,2014-04,1,1,1.0,32,Used for direct slideshow video display
A3V7G0CQ3P1I1B,9983891212,3.0,2013-11,0,0,,23,10ft cable adaptation.
A2CQAEX92SXVKR,9983891212,5.0,2014-01,0,0,,83,works great so far!
AACKRUEFSCZOW,9983891212,5.0,2010-09,1,1,1.0,19,Best fit cable.
AK3D1F2TEULT0,9983891212,5.0,2012-01,0,0,,110,Great Product and Cheap
A2EORZSMHG45DB,9983891212,5.0,2013-01,0,0,,29,Works great
A1QW4FM8FA63T1,9983891212,5.0,2013-09,0,0,,26,Premium Canon Mini HDMI Cable
A3A1JKH6FU935A,9983891212,5.0,2013-06,0,0,,22,awsome
A2UU3K8KZGCQUK,9983891212,5.0,2013-09,0,0,,32,Perfect
A2KWOC600DMC0W,9983891212,4.0,2013-07,0,1,0.0,23,Premium Canon Mini HDMI cable (10 ft) Premium Canon Mini HDMI cable (10 ft)
A1S70Q21XUZU1Q,9983891212,5.0,2012-07,0,0,,23,Sturdy cable that matches my camera and television
AG5ZZ3L1KU8VS,9983891212,5.0,2012-03,0,0,,37,REVIEW FOR PREMIUM MINI HDMI CABLE 10 FT
A2A3HQJM4VQGBL,9983891212,5.0,2010-06,4,5,0.8,26,Premium 10 ft Canon HTC-100 and Mini HDMI cable for your HD camcorder!
A1GPVV2XWNGSDX,9983891212,5.0,2012-11,0,0,,22,Premium Canon Mini HDMI cable
A3UPEV60FD84VX,9983891212,5.0,2012-04,0,0,,35,nice cable for Canon 300hs
A3W3XQY4GQRSIY,9983891212,5.0,2013-04,0,1,0.0,31,Awesome price.  Excellent results
AHEU9UBEDU61B,9983891212,5.0,2013-01,0,0,,29,Great product
A2W1LLW1Y682PW,9983891212,5.0,2012-12,0,1,0.0,29,Canon 5D Mk II Approved!
ADEF2TC6C3ART,9983891212,5.0,2010-08,0,0,,20,Mini HDMI Cable
A1MASM2C2VL2R,9983891212,4.0,2012-10,0,0,,82,Canon Mini HDMI cable
A2A3B0JX2JRS6S,9983891212,5.0,2013-09,0,0,,22,serving its purpose
A2SLS2NDPLQYP,9983891212,4.0,2013-10,0,0,,66,It's very useful
A1KFS7EKT2OYL2,9983891212,4.0,2013-03,0,0,,33,works great !!!
A3MSO10BPAF01U,9983891212,5.0,2013-11,0,0,,40,Easy and useful tablet accessory!
A10NQKIG7NXUR7,9983891212,5.0,2012-05,0,0,,37,Works
A8E6QXKIALS43,9983891212,5.0,2013-10,0,0,,41,It works and it is inexpensive
AM583EZIQ9YO5,9983891212,2.0,2010-10,0,1,0.0,82,Premium Canon Mini HDMI
A14QOPWXLIA7A8,9983891212,5.0,2014-03,0,0,,20,BUY IT IF YOU NEED ONE
A1VHCO8RQFIGQJ,9983891212,4.0,2013-03,0,0,,24,Good cables.
A2Z9S2RQD542CP,9983891212,5.0,2012-08,1,1,1.0,116,Works Perfectly!
A2QIC4G483SQQA,9983891212,5.0,2012-06,0,0,,36,Good Cable
A1QO494VNTR54U,9983891212,5.0,2012-12,0,0,,21,Works for me!
AA26J206CPKWP,9983891212,5.0,2012-12,0,0,,22,bridge
A11T5128OZMUY4,9983891212,5.0,2013-06,0,0,,23,great
A1WJE2B0N0I3T1,9983891212,5.0,2012-04,0,0,,38,Problem Solved?
A1AVDAS4VK9FCL,9983891212,4.0,2012-01,0,0,,59,It works
A2N8DYL17G3I7C,9983891212,5.0,2012-02,0,0,,36,good and cheap
A1L2STZ2U6Q607,9983891212,5.0,2013-09,0,0,,21,Worked great
A2YV0F1VTUGV54,9983891212,5.0,2013-04,0,0,,22,Great cable
A25RR4OLL774IK,9983891212,3.0,2012-02,3,5,0.6,50,Definitely not a Canon brand cable
A2OMXJJJU63L5Q,9983891212,5.0,2013-01,0,0,,49,excelent
A1NEL661KNJR4A,9983891212,5.0,2013-03,0,0,,24,Need this
A38ZKGP6U1QOF0,9983891212,5.0,2014-03,0,0,,32,Great deal
A2OLTRWQKKDD5E,9983891212,5.0,2012-07,0,0,,50,Awesome cable!
A2V1CW0YZ25USU,9983891212,5.0,2012-06,0,0,,51,Works as expected
A1R1D0D9HW83QU,9983891212,5.0,2014-06,0,0,,24,"Great deal, perfect for previewing"
A3FE9EUVTU3UD8,9983891212,5.0,2013-12,0,0,,36,Useful for PC video card (mini-HDMI) to TV (HDMI)
A3L6L5O89JTX2T,9983891212,5.0,2011-11,1,1,1.0,33,Great quality for the HDMI to Mini HDMI  cable
A3B0D8Z49UW0P9,9983891212,5.0,2013-02,0,0,,20,OK
A1HIOG0DOWHGM2,9983891212,4.0,2012-12,0,0,,20,handy cable
A1OGCPMSIVK7G4,9983891212,5.0,2013-11,0,0,,21,Great for the price!
A17JY99GDGPQI4,9983891212,5.0,2013-09,0,0,,26,Good product
A2IATJLZM78N9Z,9983891212,5.0,2012-05,2,2,1.0,42,works like a charm
A3BJOJLK4FN1JC,9983891212,3.0,2012-03,1,1,1.0,179,"Good - But Won't Play High Bitrate Content, Most 3D"
A36VX41XBE84P7,9983891212,5.0,2013-02,0,0,,79,Works perfect with Canon Poweshot Elph 100 HS
A2CBIY2WT8XCRC,9983891212,5.0,2014-03,0,0,,22,Works like it says
A3129B0UL290DD,9983891212,5.0,2010-03,12,13,0.9231,69,Fantastic price & a great cable!
A3O4OL81Z48AVF,9983891212,4.0,2010-10,0,0,,52,Not Bad for the Price
A2TZJGHNHCFRA2,9983891212,4.0,2012-05,1,1,1.0,127,Works with my Panasonic Lumix
A18HE80910BTZI,9983891212,5.0,2012-02,0,0,,126,Great price! Nice lengthy cable!
A21BX2V5UK4IPN,9983891212,5.0,2013-01,0,0,,21,It works.
A2GEK8R4FEXDZU,9983891212,5.0,2013-04,0,0,,20,It works!
A250YP5XTKH243,9983891212,5.0,2012-07,0,0,,46,Fast shipping...
A2PNVJCCV4GKE1,9983891212,5.0,2013-02,0,0,,63,Can't beat the price
A1ZDA6FK1313QJ,9983891212,4.0,2014-02,0,0,,25,MINI HDMI CABLE GREAT FOR HDTV VIEWING
A2WYFLTDS19XQY,9983891212,4.0,2010-05,3,4,0.75,55,Good Price but a bit harder plastic
AG08KHIO8TVPY,9983891212,5.0,2013-05,0,0,,20,No frills
A1G3LFZTTQQI5C,9983891212,5.0,2012-05,2,2,1.0,22,Great price. Works perfectly
A1YLJGGB0EDFV2,9983891212,5.0,2013-01,0,0,,28,It works
A1E5D73Z5Q73A0,9983891212,5.0,2014-06,0,0,,41,It works!
A29HHD1M6QPCWX,9983891212,5.0,2013-08,0,0,,20,works
A8IMDXXLZVN5M,9983891212,5.0,2013-12,0,0,,37,Great for my digital cameras
A3GH0VSG68C8SL,9983891212,5.0,2013-06,0,0,,30,awesome deal
A3F9CBHV4OHFBS,9983891212,5.0,2013-08,0,0,,23,"Great product, especially for price!"
A2HRL1T8QRAXU7,9983891212,4.0,2011-08,0,0,,37,Why pay ridiculously high prices for an HDMI cable when...
A207G6DL5D61W,9983891212,5.0,2012-08,0,0,,70,Works perfectly
A2X179NHCLFQ60,9983891212,5.0,2011-06,0,0,,78,Nice Product
A11QNB7FPVY3V,9983891212,5.0,2014-02,0,0,,24,Excellent
AMGIMGPA34FIZ,9983891212,5.0,2011-04,1,1,1.0,40,"This mini HDMI cable, well, it works"
A22XH75Z0895RC,9983891212,5.0,2013-06,0,0,,45,Good cable
A2XVGWQZN26LX9,9983891212,5.0,2013-11,0,0,,33,Premium Canon Mini HDMI cable (10 ft)
A2UFAKH7Y8VH5N,9983891212,5.0,2010-04,12,12,1.0,79,Perfect for Canon EOS 7d
ALO7PEIIIGXA9,9983891212,1.0,2014-04,0,0,,79,didn't work for me
AEXS7M2VKYQ7D,9983891212,5.0,2012-02,0,0,,53,Great product for the price
AEQZYT45D9V5R,9984984354,5.0,2013-05,0,0,,37,The 1450 doesn't have this accessory
A32UWXGT2UZIPT,9984984354,5.0,2012-12,0,0,,61,It's nice to be ready.
A2A3BLPBHISRZ4,9984984354,1.0,2012-02,0,0,,61,Not sure about this one?
A1LCR2QXP8PBB5,9984984354,5.0,2013-04,0,0,,21,sturdy construction. Works well with the Garmen
A2G8DGQ8CHJUQM,9984984354,5.0,2013-05,0,0,,40,It was a gift for my grandson.
A3BFPY4HS3FG9C,9984984354,5.0,2013-03,0,0,,22,great
A2YORH3MSOM6P8,9984984354,5.0,2013-03,0,0,,39,AC Home Charger
A10ZEOXLINIOEP,9984984354,5.0,2013-03,0,0,,32,Garmin Nuvi charger
A2WXLG4AYEDOQI,9984984354,1.0,2012-01,0,0,,103,Unuseable product
A3CSDS5RW4XUPG,9984984354,1.0,2012-12,0,0,,31,Not A Garmin
A12L8U16SFK06N,9984984354,4.0,2011-03,1,5,0.2,46,GOOD POCKET CAMERA
A1KD8MR1V4JVK0,9984984354,1.0,2013-05,0,0,,31,Seemed okay for about 6 hours....
A7SXKE8X1ZZ21,9984984354,5.0,2012-01,1,1,1.0,23,Works Fine
A3DKP8M0GSP8UK,9984984354,1.0,2010-07,7,9,0.7778,65,Save your MONEY
A1EDPGHC9EYBUN,9984984354,5.0,2012-09,0,0,,25,home maker
A2L3OAPBMBGHHD,9984984354,5.0,2010-06,15,16,0.9375,49,Works great!
ABGBROXAT83JH,9984984354,5.0,2013-01,0,0,,24,Garmin home charger
A2NUN3UYLJYKFN,9984984354,1.0,2011-08,6,6,1.0,54,Too Cheap to be Useful
A13ZRACMTM4ENB,9984984354,1.0,2012-06,0,0,,33,PLEASE READ REVIEWS>>>>DOES NOT WORK&lt;&lt;&lt;&lt;
A1IBBI5YMPAUCW,9984984354,5.0,2013-01,0,0,,46,Good deal!
ASV9LQSCXMG06,9984984354,5.0,2011-06,0,1,0.0,148,works great priced right
ABXXPF8FFZKVI,9984984354,4.0,2013-03,0,0,,30,works well
A34WPI852H7AVB,9984984354,5.0,2010-10,8,9,0.8889,24,Hey!  It is a two stage charger!
A1ABUXDEZODI5T,9984984362,4.0,2012-12,0,0,,20,I like it
A1D27BCSYV7VWH,9984984362,5.0,2010-12,1,5,0.2,39,"Great Price, does the job for Garmin GPS 1490LMT"
AXX1R3B8LRTCS,9984984362,5.0,2013-11,0,0,,22,Works well
A1LKXQNNHK1NMO,9984984362,3.0,2013-12,0,0,,72,Not a Bad Little Charger
AZZ77XYX8O2WE,9984984362,5.0,2012-08,0,0,,83,"Excellent wall/AC home charger, low price"
ABB3GDPNS9TVW,998498480X,5.0,2013-04,0,0,,31,Love this charger.
A32NKAW0Q7A9IQ,998498480X,3.0,2010-11,0,1,0.0,87,"Charger works great, but Garmin stays in USP conneted mode."
A1GPVV2XWNGSDX,998498480X,5.0,2011-04,0,0,,48,Time and Battery Saver
A1B48D0I1M9HBI,998498480X,5.0,2014-01,0,0,,22,Great
A1DOFBSJT3SSKZ,998498480X,5.0,2010-03,4,4,1.0,31,What Can You Say...
A3R2M5ABAYL63P,998498480X,5.0,2010-12,0,0,,42,I bought one of these? Where did it go?
A3RYHP2OYFJ3YC,998498480X,5.0,2014-04,0,0,,109,Device can be used while plugged into charger!
A261321MIS0YPB,998498480X,4.0,2010-11,0,1,0.0,128,A/C charger for your Garmin?
A2U4W69NZJT4LD,998498480X,5.0,2010-05,2,2,1.0,25,A/C Adapter
APL10FPWGNVFV,9985511476,5.0,2013-11,0,0,,22,GREAT
A3OE6OOAD730QU,9985511476,5.0,2013-01,0,0,,22,Worked perfect!!!
A1DTTUZZH3UCJK,9985511476,5.0,2014-01,0,0,,20,Great 4GB Card for Garmin
A32IAWS84M6SYO,9985511476,5.0,2012-10,0,0,,20,Kingston MicroSDHC Card for my Garmin GPS
AMRRT7RC261OP,9985511476,5.0,2013-12,0,0,,24,Just what is needed.
A1R4ZEXE3T5PW3,9985511476,5.0,2013-04,0,0,,21,Professional Kingston MicroSDHC 4GB Card for Garmin nuvi 1450
AK2XW27R76ZTC,9985511476,4.0,2014-01,0,0,,82,It works.
A1S5251XGPBIVN,9985511476,5.0,2013-07,0,0,,25,Works great
A1NDHLQN0K23QK,9985511476,5.0,2013-03,0,0,,30,Just what I needed
A2D0F87RY5YMHN,9985511476,5.0,2013-02,0,0,,86,Kingston Micro SD Card
A2YSY26ZVMNNV2,9985511476,5.0,2013-09,0,0,,33,Easy way to expand Garmin Nuvi 1450 LTM memory
A1AMRAJP3AC0OE,9985511476,5.0,2013-04,0,0,,95,Fixed my update problem with Nuvi 1450
A213ELP74FH0SJ,9985511476,1.0,2013-07,0,0,,31,This doesn't work.
A27POUEZJP2IDM,9985511476,3.0,2013-05,0,1,0.0,65,"Does the job, form factor is impractically small"
AFXXS6KIJ9E83,9985511476,5.0,2013-01,0,0,,42,Works Great with my Garmin Nuvi!
A3EMIQ5M1G0J4W,9985511476,5.0,2013-07,0,0,,33,it works well
A3EX8ZFNVDHGPM,9985511476,5.0,2014-01,0,0,,64,Perfect for my Garmin GPS
A1TJPE10C8FPJD,9985511476,5.0,2013-02,3,3,1.0,62,Great mem card for my nuvi
A2FZQFX80KE9CJ,9985511476,5.0,2014-04,0,0,,89,Works great
A1CZ8JTF1JCI72,B000001OL6,5.0,2007-01,13,15,0.8667,26,Good tapes
A1PC3H8P4MZ3BV,B000001OL6,2.0,2013-09,0,0,,162,May not work well with high-end decks
AT8TIN5JKHO2V,B000001OL6,5.0,2007-07,32,33,0.9697,215,"There is ""Maxell"" and there are the rest!"
A3OBZ4F27KV8NO,B000001OL6,5.0,2010-10,0,0,,22,Hard to find nowadays
A2CS5VHXSF8ABK,B000001OL6,1.0,2009-11,5,9,0.5556,50,DISCONTINUED
A3UNITKTFPNT9W,B000001OL6,4.0,2012-02,2,2,1.0,681,"high bias tapes, who's got some more?"
A22BPC7LRSGSYQ,B000001OL6,5.0,2010-12,2,3,0.6667,141,"Very durable, long lasting, with clear sound"
AD3EX5UG7UZPB,B000001OL6,1.0,2011-12,5,5,1.0,353,Exploitative pricing
A2R6RA8FRBS608,B000001OL6,4.0,2008-04,31,35,0.8857,472,fine high bias 90 minute cassette tape--with just a slight drawback or two
A4JHEO7H330AF,B000001OL6,5.0,2010-01,4,4,1.0,530,These tapes have been my friend from 1980 to 2009.
A1D6XJGWCLNM3W,B000001OM4,5.0,2010-06,0,0,,66,It just works.
A2AFGNDUPNWVSN,B000001OM4,5.0,2012-06,1,2,0.5,176,"Quiet, cheap, does the job"
A1KAERT0MPBZOO,B000001OM4,5.0,2009-08,1,1,1.0,172,Casette Adaptor with Unique Features
A26KXNN6H1IL0I,B000001OM4,5.0,2008-05,0,0,,94,Great Gadget
A1G8GOK1OYID5X,B000001OM4,2.0,2011-02,1,1,1.0,48,Click Click Click
A3KOAIRG0CC0NR,B000001OM4,4.0,2011-05,4,5,0.8,100,Lasted 2 years before the wire gave out
A14399DQBS4QD1,B000001OM4,4.0,2013-08,1,1,1.0,28,Worked
A3TTG579DHLYZW,B000001OM4,4.0,2012-02,0,1,0.0,30,Not bad for price
ATLCOMAE8J7FO,B000001OM4,5.0,2013-04,1,1,1.0,61,Still works
ADQEM4CCLH7FB,B000001OM4,3.0,2010-04,2,2,1.0,129,Adequate Adapter
A1RXA718FHHMO3,B000001OM4,5.0,2006-07,5,6,0.8333,93,Wonderful! Just what I needed!
A3F5G02JODRZ10,B000001OM4,5.0,2012-04,0,1,0.0,30,Does the job well!
AVSMRPI23DQI2,B000001OM4,5.0,2007-01,4,4,1.0,120,the best iPod thingy...must have
A26YO5A2Y8EBEG,B000001OM4,4.0,2013-09,1,1,1.0,57,Works perfect
A1J2E7CBMOLNKX,B000001OM4,4.0,2013-05,1,1,1.0,40,works great
A3VV443NATJMKY,B000001OM4,5.0,2010-09,1,1,1.0,76,Ipod Cassette adapter
A2ZR2K4JOGBYAG,B000001OM4,4.0,2013-04,1,1,1.0,56,Works Fine.
A7MKO11ZX97G4,B000001OM4,1.0,2011-02,1,1,1.0,195,"Constant clicking, sound quality not very good"
A2DDTHUPCXB6Y,B000001OM4,5.0,2010-03,0,0,,15,Clear hd sound
A1ER23A7CRR5S5,B000001OM4,5.0,2008-04,3,3,1.0,163,Excellent Audio Adapter
A2EJ8QA6Q2X9BL,B000001OM4,5.0,2014-06,0,0,,44,Great sound!
A17T4YZDDWWFTL,B000001OM4,5.0,2013-11,0,0,,60,GO MAXELL!!!!
A2TZ1P4VNJLYQQ,B000001OM4,5.0,2014-05,0,0,,44,Cassette Adapter
AANSPH7B2AT7X,B000001OM4,1.0,2012-07,2,2,1.0,92,Works but obnoxiously noisy mechanicals
AEN9ZAYSCOD88,B000001OM4,5.0,2010-11,1,1,1.0,46,Works like it says
A4G51W9PC7TJL,B000001OM4,5.0,2012-02,0,1,0.0,79,Gets the job done..
A3APPU8QXY4DFI,B000001OM4,4.0,2012-05,0,1,0.0,28,Cassette Audio Adapter
A2F36RDJUBR6TI,B000001OM4,5.0,2013-07,1,1,1.0,30,Great sound quality
A1CRCLL00ULF20,B000001OM4,5.0,2011-07,5,6,0.8333,96,Awesome Product! Works Perfectly!
A1B0RTVS4SE88W,B000001OM4,4.0,2005-08,24,24,1.0,249,great sound
A3V0PEIMOBU8H5,B000001OM4,5.0,2009-06,0,0,,46,This one works!
A1O0TOFN85RIPH,B000001OM4,4.0,2009-08,4,4,1.0,232,Maxell CD-330 CD-to-Cassette Audio Adapter
A604IM2TKXONO,B000001OM4,5.0,2009-12,0,0,,38,"Easy, quality inexpensive way to connect iPod to Car Cassette"
AZRPGTU8A7KD5,B000001OM4,5.0,2009-02,0,0,,31,It works
ABYBC49OP1MZN,B000001OM5,5.0,2012-08,7,7,1.0,149,Works for my car CD player
A2FKYKDGHWSOIQ,B000001OM5,4.0,2013-04,1,1,1.0,49,The art of cleaning a cd player
A2245J0YNO975U,B000001OM5,5.0,2013-04,0,1,0.0,69,worked!
A2NX6MFZP8TM6S,B000001OM5,5.0,2006-11,64,67,0.9552,273,"I have to admit, I was skeptical"
A27K80SBJQQQDS,B000001OM5,4.0,2013-09,0,1,0.0,39,car cd lens cleaner
A2TXTCIOBK1NMQ,B000001OM5,2.0,2012-05,3,4,0.75,120,Questionable benefit
AQDJP0D7EALAD,B000001OM5,1.0,2013-11,0,6,0.0,32,Don't waste your time.
APK74RJ5E0DDX,B000001OM5,5.0,2013-06,1,1,1.0,104,Maxell CD-340 Lens Cleaner!
A2HFOS6ULS3BQJ,B000001OM5,3.0,2013-06,0,0,,20,Works
ADOR3TR7GDF68,B000001OM5,1.0,2014-01,3,4,0.75,117,ZERO! DON'T Purchase!
A2LB8VDT59VTP5,B000001OM5,5.0,2014-04,0,0,,41,It worked great
A1579YT6JXUHUF,B000001OM5,3.0,2014-02,0,1,0.0,65,"Didn't work for me, but would probably work elsewhere."
A37LCWTTQMBMFX,B000001OM5,5.0,2013-05,0,0,,20,Worked and Helped
A1L1TSQFQ0HQL5,B000001OM5,5.0,2014-07,0,0,,3,Five Stars
A2T049UQONS0OY,B000001OM5,5.0,2010-06,9,11,0.8182,368,"A CD cleaner but, unfortunately, not its savior"
A19TDF7NK6BZHZ,B000001OM5,1.0,2011-11,7,10,0.7,65,Not what I expected
A1A5532VDV679B,B000001OM5,5.0,2013-06,0,0,,22,clean
A39DZU4YRGKWAG,B000001OM5,3.0,2012-12,0,0,,20,Did the Job
AZFF4CX9MQ4AE,B000001OM5,5.0,2013-10,0,3,0.0,28,mrd
A3U8J6HOIYKIFM,B000001OM5,4.0,2013-09,0,0,,27,Maxell CD-340 Lens Cleaner
ADWUJZ8865J2A,B000001OM5,5.0,2013-05,0,0,,88,Grrr8!
A2VYE9EF6VA5CJ,B000001OM5,4.0,2011-09,6,6,1.0,62,Worked on my Apple Macbook Pro (even tho not supposed to)
A1G6M86XS35YS3,B000001OM5,3.0,2014-04,0,0,,93,Didn't work for me- but it works for many CD players
A7MN8VRWL2JOK,B000001OM5,4.0,2014-03,0,0,,58,Does the job.
AYEGDBTAK29JA,B000001OM5,5.0,2011-01,11,11,1.0,59,Great Product
A3O12K1YQR2FZ9,B000001OM5,5.0,2013-09,0,0,,20,Maxell CD-340 CD Lens Cleaner (190048)
A1HUCUAIH6U5W2,B000001OM5,1.0,2011-08,2,4,0.5,48,Buyer Beware
A2SXJZGMY90RZN,B000001OMA,5.0,2014-02,0,0,,27,Nice CD Cleaner
A2LZ3HGE6UMSQF,B000001OMA,5.0,2009-10,19,23,0.8261,99,Works Well as Far as I Can Tell
AX802DK9MMMYD,B000001OMA,5.0,2010-09,8,9,0.8889,257,Talks to you and saved me a new CD player purchase
A3B7TD1VKB2K8N,B000001OMA,5.0,2012-03,0,0,,25,Try this First!!!
A3Q4E2FTXYOQEW,B000001OMA,3.0,2010-06,0,11,0.0,26,okay
A1KT19TDP9VE63,B000001OMA,2.0,2011-11,0,0,,37,"Easy to use, cleaned the player - but CD's still skip."
A3SO2AGQXXL8LC,B000001OMA,5.0,2010-02,10,11,0.9091,36,maxwell cd345 cd laser lens cleaner
A3SRZ0L60PNCVE,B000001OMA,3.0,2014-07,0,0,,97,Doubtful as to it's efficacy.
A18VP6LYBOEW6X,B000001OMA,1.0,2011-06,0,0,,35,Did not work despite several attempts
ARQ945F4OIWVI,B000001OMA,2.0,2011-03,0,0,,47,Ineffective
A3ORB4W3GI1YFG,B000001OMA,2.0,2011-12,0,0,,183,Doesn't do the job
AJXSHZAEW0142,B000001OMA,5.0,2011-08,1,1,1.0,70,Worked For Me
A22KW5YWAI5YDO,B000001OMI,4.0,2013-11,0,0,,27,"Light, one wire, headphones..."
A2FUMBORC5EMXG,B000001OMI,5.0,2014-03,0,0,,33,Love earphones that aren't too tight
A680RUE1FDO8B,B000001OMI,5.0,2008-11,4,5,0.8,240,Excellent day-to-day headphones
A37NP1T8KCEMOW,B000001OMI,4.0,2013-12,0,0,,40,Simple.
A28OZBLQKKYGOR,B000001OMI,4.0,2014-03,0,0,,35,Worth the inexpensive price.
AVV7UXTHR0NWS,B000001OMI,5.0,2014-06,0,0,,18,Great Price on a good product
ALHWZSTAELK9I,B000001OMI,4.0,2014-02,0,0,,42,Feel a little cheap
A32I07L6RTFMUA,B000001OMI,5.0,2013-10,2,3,0.6667,234,Great Cheap Headphones
A3OLAZKM77XR6P,B000001OMI,3.0,2007-12,2,3,0.6667,95,Foldable but didn't last long
A3I1E3B371G9AD,B000001OMI,5.0,2014-04,0,0,,20,great headset
A2YULFEPE7QEHB,B000001OMT,5.0,2013-07,0,0,,22,Serves the purpose
A1E9ZB5LT45ON1,B000001OMT,3.0,2010-11,1,2,0.5,87,I am not sure if it cleaned
A3PL8ENSYWS1PZ,B000001OMT,5.0,2013-08,1,1,1.0,98,Effective Maxell Audio Tape Head Cleaner
AT8TIN5JKHO2V,B000001OMT,3.0,2007-07,25,29,0.8621,206,Clean the tape deck or it will be washed up fast!
A248LSBZT4P38V,B000001OMT,5.0,2008-07,8,8,1.0,82,Works Great!
A184HKN286B6XS,B000001OMT,5.0,2008-10,7,7,1.0,104,Worked just as advertised!
AS0QMBY6C5US9,B000001OMT,1.0,2010-12,7,11,0.6364,52,Cleaning fluid container was cracked
A274MXTX3DYLUV,B000001OMZ,3.0,2011-09,1,6,0.1667,88,Probably good tape but not for my use.
A23QCWXEG3BJ9H,B000001OMZ,5.0,2013-05,4,4,1.0,60,Super picture
A28DUP3ZYFS6NH,B000001OMZ,5.0,2013-08,0,0,,20,Works fine.
AN151W7OXZERY,B000001OMZ,5.0,2012-12,2,2,1.0,22,good quality  tapes
A1EIFZLXET92Q2,B000001OMZ,5.0,2012-12,0,0,,32,I purchased to use to record..
A26WI0BMA91S32,B000001OMZ,5.0,2014-06,0,0,,51,Excellent service
A1XKCHZELFYG6D,B000001ON6,5.0,2012-11,1,2,0.5,33,VHS head cleaner
A1ONY0WZAL2I3U,B000001ON6,5.0,2013-01,0,1,0.0,24,Works great!
A2SATO5BNKWY3Y,B000001ON6,5.0,2010-07,1,1,1.0,115,Perfect VCR Cleaner
A1HWV9AYUMH3HV,B000001ON6,5.0,2010-11,0,0,,20,Maxell Wet Cleaner
A25E8V5JMW43RY,B000001ON6,5.0,2014-04,0,0,,20,Great cleaner
A2ZY49IDE6TY5I,B000001ON6,4.0,2014-06,0,0,,71,Like A Charm
A191KD41X3I93D,B000001ON6,5.0,2012-04,1,2,0.5,227,Old workout VHS tapes
AO2FXIAM4EKOS,B000001ON6,4.0,2012-12,1,1,1.0,28,Better than Dry Cleaners
A1K28ISPKGE4N1,B000001ON6,5.0,2012-07,1,2,0.5,47,Maxell Wet VCR cleaner
A1STE8GFJV0JBM,B000001ON6,5.0,2013-03,0,0,,95,Great Wet VCR Head & Tape Path Cleaner
A342ZILZJ260ST,B000001ON6,5.0,2014-03,0,0,,113,Works great on old VCRs
A1O3FYVHHWC8CJ,B000001ON6,3.0,2012-09,1,1,1.0,56,Dinosaurs do exist
A15XMUY3LA6O71,B000001ON6,5.0,2013-01,0,1,0.0,55,Just what I needed
A1E7VTRDMI4XMV,B000001ON6,4.0,2014-05,0,0,,60,vhs tape cleaner
A10SRJNBFF2BGY,B000001ON6,4.0,2014-03,0,0,,70,Still Old-Fashioned!
A1BYM8XCLZTPMY,B000001ON6,5.0,2013-12,0,0,,36,Works good!!
A141E91QV31KER,B000001ON6,4.0,2013-03,0,0,,23,Works Fine
A2YQHMDUS67VDC,B000001ON6,5.0,2013-01,1,2,0.5,70,Brought my tape video player back to life.
A1Y6N4X8FV6IAC,B000001ON6,5.0,2012-12,0,1,0.0,26,Good
AYAH3223TN3YU,B000001ON6,5.0,2014-06,0,0,,22,Easy to use
A1561RLF0OTK39,B000001ON6,4.0,2013-07,0,0,,31,VHS cleaner
AZ5A2S8UZ7RTL,B000001ON6,5.0,2013-12,0,0,,76,Not available locally
A3JO38KMWIUHX8,B000001ON6,1.0,2010-04,2,4,0.5,22,Maxell VCR Head Cleaner
A39DZU4YRGKWAG,B000001ON6,5.0,2012-12,0,0,,62,Excellent Product
ADQCC6Y5SCLK5,B000001ON6,5.0,2012-08,0,1,0.0,21,Works very well
A2YDG1XB9J2N35,B000001ON6,5.0,2013-04,0,0,,57,Works Well To Clean Old Technology VCR
ARBCOEQNK389G,B000001ON6,4.0,2013-02,0,0,,25,Cleans
A33GR4CDLG08T1,B000001ON6,5.0,2009-06,3,4,0.75,84,Worked Great
A2OXV9Q03XSKV6,B000001ON6,1.0,2014-04,0,1,0.0,43,VCR's reject it
A2XTPC8OBW4BLB,B000001ON6,5.0,2013-03,0,0,,84,Worked well!
A1O8B339CM5VAU,B000001ON6,5.0,2008-09,10,11,0.9091,37,Great Stuff
A37OD7AIUMV3EO,B000001ON6,5.0,2010-04,6,7,0.8571,152,WOW!!!!
A3PAJ1KIMSH7FS,B000001ON6,5.0,2012-07,0,1,0.0,24,Excellent VHS head cleaner!
A240MCV0HMI7VP,B000001ON6,1.0,2010-08,1,2,0.5,30,Doesn't Work. Period
A380W12QEPG2BO,B000001ON6,5.0,2013-02,0,1,0.0,20,vhs
A1GSJ4TMAE2MYC,B000001ON6,5.0,2013-06,0,0,,29,Exceeded my expectations
A35SXNALXC54WU,B000001ON6,3.0,2012-12,0,0,,46,Hard to say...
A3LBFWWQGQYV48,B000001ON6,5.0,2013-11,0,0,,20,Good product
APB1VAE7P1CAV,B000001ON6,3.0,2013-08,0,0,,20,works somewhat
A3PGAICBV5O6QR,B000001ON6,1.0,2014-01,1,2,0.5,23,Does not work
A1EGEU2T7ZQQL8,B000001ON6,5.0,2013-07,0,0,,20,Worked great to revive an old VHS player!
A1G84JVGCWCUEJ,B000006OQ8,4.0,2012-10,0,0,,62,It works!
A2OKLYBFUKQNU4,B000006OQ8,5.0,2010-12,1,1,1.0,20,"Simple and Easy to use, enough said"
A378RFIJ6U88DI,B000006OQ8,5.0,2013-03,0,1,0.0,134,Love the Expodisc!
A1R87GD4CLPKTK,B000006OQ8,5.0,2008-11,6,7,0.8571,183,"Expodisc: practically unique function, but pricey"
A1N3EH28S4DI8L,B000006OQ8,4.0,2013-11,0,0,,38,Works good.
A20AOQWXYDFAU7,B00000DM9W,5.0,2007-03,0,0,,208,Top 10 reasons You Should Buy This Radio
A1Z64RLLQYQ959,B00000DM9W,5.0,2007-09,0,0,,37,Great little radio
A1PHNXJQYNX7BH,B00000DM9W,5.0,2008-07,0,0,,19,Meets all expectations
ARWRBORADGA3G,B00000DM9W,5.0,2007-12,4,4,1.0,0,Ryan's little quick review of the Sony ICF-S79V.
A1T1YSCDW0PD25,B00000DM9W,5.0,2005-08,2,2,1.0,31,Great shower radio
AOVMTR7PA8XB9,B00000DM9W,5.0,2006-07,0,0,,104,Best shower radio ever
AKI2Y9IT0EMRR,B00000DM9W,5.0,2006-11,1,1,1.0,33,A great shower radio
A2A039TZMZHH9Y,B00000DM9W,4.0,2010-02,0,0,,17,not too bad
A2Y23OZSZPO2D1,B00000DM9W,3.0,2008-06,0,0,,79,"Very Good Audio, But...."
A1J07V3G9MK6KM,B00000DM9W,5.0,2009-05,0,0,,51,Works great
A2C4N3KROL6WA2,B00000DM9W,5.0,2007-11,2,2,1.0,130,Excellent Shower Radio
A3JVD6IJPRCXT1,B00000DM9W,4.0,2003-06,47,47,1.0,175,I like this radio
AC63G8TNC9UMO,B00000DM9W,5.0,2006-03,2,2,1.0,146,The BEST in an evolutionary series
A334X69Y2AJHJ6,B00000DM9W,5.0,2003-10,6,6,1.0,98,Great for the bathroom
APNI0D19W2VQR,B00000DM9W,5.0,2007-12,0,0,,125,Great radio for the bathroom!
A25SDTIJI2EFPG,B00000DM9W,5.0,2008-01,0,0,,63,"Basic, but does the job."
A2183499CPCTIA,B00000DM9W,5.0,2005-03,3,3,1.0,244,can't live without it
A3TGD1UTG4V072,B00000DM9W,5.0,2004-06,0,0,,20,Well worth it
A2T001N0QCRMZ1,B00000DM9W,5.0,2010-09,0,0,,118,A must if you like news radio in the morning
ABVYGB2TKBO8F,B00000DM9W,5.0,2005-01,0,0,,365,Great radio - fills the promise
A1GIMMNRJM94RX,B00000DM9W,5.0,2006-07,8,8,1.0,216,Outstanding Radio!
A2SKUS5ULRZ8ZA,B00000DM9W,5.0,2008-02,0,0,,60,"Good sound, easy to use"
A2WBT0TCU7YHW8,B00000DM9W,5.0,2007-03,1,1,1.0,43,Best on the market
AQPIILREUKLZM,B00000DM9W,5.0,2007-01,0,0,,79,Best. Shower Radio. Ever.
A257GFB4MEE56X,B00000DM9W,5.0,2007-11,1,1,1.0,70,No Longer Catches TV due to going digital.
A2EPAYUAQ8P78W,B00000DM9W,4.0,2006-01,2,2,1.0,72,"Very good sound, needs better shower mounting options..."
A1N3IS6ZQE7Y8L,B00000DM9W,5.0,2006-11,0,0,,13,It is worth the extra money
A1EA08F54PPH4O,B00000DM9W,4.0,2007-01,1,1,1.0,30,Best Shower Radio
A1WFDJHDWDVGW8,B00000DM9W,4.0,2007-01,0,0,,68,Sound quality is pretty good and radio reception is very good
A2T8BSIIGDZYJS,B00000DM9W,5.0,2007-12,1,1,1.0,54,Great!
A11ED8O95W2103,B00000DM9W,5.0,2007-01,0,0,,128,Talk radio addicts delight!
A1JFXOFDRZ9CFQ,B00000DM9W,5.0,2008-02,0,0,,320,A FABULOUS RADIO
ACB499ZP5KZPZ,B00000DM9W,5.0,2008-11,0,0,,70,Great Shower Radio
A3JUAIWL571I2R,B00000DM9W,4.0,2007-04,0,0,,109,Great Shower Radio
A2XAHEQG61OQN1,B00000DM9W,5.0,2008-03,0,0,,174,Endearingly clunky
A2S081Y72FI34Z,B00000DM9W,4.0,2008-01,0,0,,40,Nice Radio.
A3NCIN6TNL0MGA,B00000DM9W,5.0,2006-12,4,4,1.0,141,Great Fit and Finish for Shower
AHSBR2WTM4P1G,B00000DM9W,4.0,2006-08,5,6,0.8333,306,Nice radio
A10N9KVV3DIUWD,B00000DM9W,3.0,2006-11,3,3,1.0,276,Excellent Radio - Poor Clock
A12Q2PV6TZ6XX9,B00000DM9W,4.0,2007-07,0,0,,58,Sony Shower Radio
AD4XKDR0MD7JO,B00000DM9W,2.0,2011-08,0,0,,37,Radio Doesn't Hold Up To Long Term Use
A1DLFC5GG1RQFL,B00000DM9W,5.0,2008-01,0,0,,76,excellent shower radio
A21UD8A89984GP,B00000DM9W,4.0,2007-06,1,1,1.0,106,Sony Shower Radio
A30VJALZMOTNW3,B00000DM9W,5.0,2008-05,0,0,,26,Great Reception
ALIMSOTBD6WMK,B00000DM9W,5.0,2007-08,0,0,,99,exceptional
ASHJAZC9OA9NS,B00000DM9W,5.0,2007-06,2,2,1.0,57,Great Radio
A2P45JTLZQ5C8V,B00000DM9W,5.0,2006-01,3,3,1.0,21,Excellent design and quality construction
AAK7M9P1GEYWV,B00000DM9W,2.0,2008-05,1,1,1.0,35,Died - probably from water
A36CCV2B7XQGJK,B00000DM9W,5.0,2006-08,2,2,1.0,142,First one lasted 13 years; just bought another one
A1CSKKTDNT13BD,B00000DM9W,5.0,2006-11,1,1,1.0,134,Great Little Radio
A13JZ1WIEZMJXX,B00000DM9W,5.0,2007-12,2,2,1.0,242,The 160 previous 5 star reviews were right
A3UFCX1AE4TKZE,B00000DMA3,4.0,2005-01,11,11,1.0,323,"Good sound, Good Noise Cancelling, Good for airplanes."
A33FS5H3CPDR6D,B00000DMA3,5.0,2005-01,12,13,0.9231,136,Best Noise Cancelling Headphones
A1Q5M90ZZEEAL1,B00000DMA3,3.0,2004-10,8,9,0.8889,143,Not what I'd hoped for.
A1N03V52IRZ5PR,B00000DMA3,5.0,2004-08,0,0,,349,"The ""Get Smart"" Cone of Silence has finally been perfected."
A1W5G9ITZQ64TN,B00000DMA3,5.0,2005-06,10,12,0.8333,49,Great product
A2ITS3FO21AYA3,B00000DMA3,5.0,2009-11,0,0,,28,Why are some $250.00???
A2NJ72QP6SU0MQ,B00000DMA3,3.0,2004-11,0,0,,123,Ouch- but they sound nice
A3F2M27L02YDLM,B00000I9HE,5.0,2013-09,0,0,,34,Good quality
A3OZQGMISIJK61,B00000I9HE,5.0,2014-07,0,0,,4,Five Stars
A2CQC1UQ7E2YPU,B00000I9HE,4.0,2012-11,0,0,,41,Nice tapes!
A1A8Q7LYKJ7B9Z,B00000I9HE,1.0,2012-03,0,2,0.0,39,excellent pricing!!! But you sent them to AZ. Not to me!!!
A3EDICFQJDXT7L,B00000I9HE,5.0,2013-07,0,0,,20,tapes
A1F5IRG9LIKM2H,B00000I9HE,4.0,2013-01,0,0,,21,I like it
AWYSI7X29SQ9D,B00000I9HE,5.0,2012-06,0,0,,20,Maxel tapes
A39DZU4YRGKWAG,B00000I9HE,4.0,2012-12,0,0,,21,Great product for my video cam
A39V9ZEGFFD7JB,B00000I9HF,5.0,2014-06,0,0,,20,tapes.
A35HFZ8O44O062,B00000I9HF,5.0,2013-01,0,0,,22,Maxell 6-120 8 MM Camcorder Tapes
A3NQMOURCTVI40,B00000I9HF,5.0,2013-07,0,0,,21,Worked Well!
A2DIPVQAX7SN18,B00000I9HF,5.0,2013-03,0,0,,26,Ordered for friend
A22BPC7LRSGSYQ,B00000I9HF,4.0,2011-12,1,1,1.0,144,Pretty decent picture quality
AUCF61BNJ5ZX7,B00000IGBF,5.0,2012-12,0,0,,26,Useful device
A15U38AWJ3JDN5,B00000IGBF,3.0,2000-05,1,1,1.0,520,"Great product, but fragile"
ASWYSSKL9LL9X,B00000IGBF,5.0,2000-01,9,11,0.8182,140,"Wonderful, great value!"
AEQ1DS61RJLXS,B00000IGBF,4.0,2009-07,0,1,0.0,19,Palm IIIx
A34PNHKNM05TXD,B00000IGBF,4.0,2000-03,30,31,0.9677,213,What wouldl I do without it?
A2PVD9N0YBE1E3,B00000IGBF,5.0,2005-03,4,4,1.0,101,5 Years and Going Strong!
ARXU3FESTWMJJ,B00000IGBF,4.0,2000-01,186,188,0.9894,407,A great choice but not perfect
A2CC2CRU24E44X,B00000IGBF,3.0,2000-01,55,55,1.0,150,Good but BEWARE the streaks
AN9TLUKFAJHP8,B00000IGBF,5.0,1999-11,32,45,0.7111,99,Love it so much I'm neglecting my laptop!
A1YCDZ4K4G0CN3,B00000J05A,5.0,1999-09,2,2,1.0,59,Simply a wonderful unit and a great buy!
AT2BYFEVLVITT,B00000J05A,3.0,2000-05,0,0,,108,"Good dvd player, most of the time."
A3HE9I4GQ4OXYE,B00000J05A,1.0,2001-07,8,8,1.0,198,DO NOT BUY!
A3FTI86WAVJOLG,B00000J05A,5.0,2000-05,8,8,1.0,108,Loved it so much I bought another
A4QBJJ9YC59WE,B00000J05A,5.0,1999-10,6,6,1.0,66,Great Entry-level DVD Player at an Affordable Price
A6FIAB28IS79,B00000J05A,3.0,2001-03,3,3,1.0,161,Worrisome machine.
AHY2KG32696ES,B00000J05A,2.0,2001-02,0,0,,389,good luck getting one that works perfectly
AAPFN1BADMWMC,B00000J060,4.0,2004-04,9,9,1.0,198,I'm not really a snob
A2BLITJITO97N5,B00000J060,3.0,2005-12,1,1,1.0,36,Poor reception
A1U6C4G5YT51E,B00000J060,5.0,2007-03,0,0,,91,"Little radio, a lot of sound"
A22Y586YTVSY10,B00000J060,5.0,2006-02,0,0,,42,Good little basic radio
A2V8VLTPY3W01E,B00000J060,5.0,2000-09,8,8,1.0,114,great little radio!
A3UXU4YM508ZEA,B00000J060,1.0,2005-12,5,5,1.0,40,Poor Reception
AC8E3L5ZM01P,B00000J060,5.0,2004-09,8,8,1.0,167,Great sound for such an inexpensive radio
A3NSPDT7PQAUA5,B00000J061,4.0,2007-01,0,1,0.0,127,Good reception for weak AM stations
A29G75YOG3SOW2,B00000J061,3.0,2005-10,11,14,0.7857,364,A Good 5-Cent Cigar For Only 7 Cents
AZBELVP7XNQ2W,B00000J061,5.0,2013-05,0,0,,29,The best radio ever
A38SHOPZADNOLN,B00000J061,5.0,2005-10,15,16,0.9375,57,Great Radio - Great Sound
A2T70SN2VZHOR4,B00000J061,4.0,2005-02,17,17,1.0,431,The Standard
A2QAS68TU5KOZT,B00000J061,5.0,2001-10,6,6,1.0,125,Everything you've heard is true.
AXCWZ8HUF332W,B00000J061,4.0,2005-10,16,16,1.0,733,"Great AM reception, hard-to-believe worksmanship"
A384UZZIZDHSNJ,B00000J061,4.0,2003-04,17,18,0.9444,140,A bit  of history
AW8UBYMNJ894V,B00000J061,4.0,2008-02,0,1,0.0,50,"Careful, it melts!"
A3J4DJ03W3UF8O,B00000J061,5.0,2013-02,0,0,,20,Killer radio
A233BX8N5692C6,B00000J061,5.0,2005-02,10,10,1.0,297,Great reception for the price
AGHBU1UWQBW2Z,B00000J061,5.0,2004-08,9,11,0.8182,72,Pulls in distant stations even on summer days
A2II4B6CJ4O47Q,B00000J061,4.0,2007-03,1,2,0.5,44,Pretty Good Radio
A1D0KL9ZD7SU56,B00000J061,4.0,2005-06,9,9,1.0,324,One of the best values in radios today
A1W3D42N13EYZ7,B00000J061,2.0,2013-11,0,0,,66,Not up to the quality of prior purchases of this Radio
A2RQKWQP4W3I2M,B00000J061,5.0,2007-01,0,0,,174,This Is It!
A3MI3QBXP5I7FA,B00000J061,5.0,2005-12,32,34,0.9412,420,Better than these folks are saying
A2Z6K5LQUZU08X,B00000J061,5.0,2014-01,0,0,,245,Great for AM DX
A33O7L1ZGWEYTL,B00000J061,5.0,2011-07,1,2,0.5,44,GE SUPERADIO.
A8EDTKSPOMRWK,B00000J061,5.0,2000-05,8,10,0.8,111,A classic!
A3R9KRIO25CKZV,B00000J061,4.0,2006-01,8,10,0.8,60,15 Years Old!
A2BLITJITO97N5,B00000J061,5.0,2003-12,371,384,0.9661,551,Astounding AM reception
A2FD03H5CQG76E,B00000J061,5.0,2009-08,4,5,0.8,278,Every Household Needs One Of These
A1QTIQP307ERN3,B00000J061,4.0,2001-10,6,6,1.0,177,Great Value!!!
A2QGQ5KO0RRENL,B00000J061,4.0,2006-08,4,5,0.8,85,"Great radio, but don't take it outside"
A326CJOIAVMKIR,B00000J061,5.0,2006-12,0,1,0.0,111,High quality reception and good sound
A6VPIOPMDJ8H7,B00000J061,4.0,2000-05,46,47,0.9787,733,"Computer-room dwellers of the world, REJOICE!"
A3F67ZFU5YMIDD,B00000J061,5.0,2013-11,0,0,,36,"Great Reception, Nice sound and excellent battery life."
ARNWCLQZFQECA,B00000J061,4.0,2006-09,10,11,0.9091,360,It does one thing right.
A2HC3SUL6QC33I,B00000J061,5.0,2002-07,2,2,1.0,83,I've had this radio for a few years...
AMEG6A5W3QJCZ,B00000J061,5.0,2006-01,8,10,0.8,135,THIS IS THE RADIO TO BUY!! FYI - CC RADIO CATALOG HAS THIS FOR SALE TOO!!
A2MY9VXHZYAHUZ,B00000J061,5.0,2001-08,18,18,1.0,154,The best radio I have ever owned.
A1X3DA7C61WZLQ,B00000J061,5.0,2003-02,19,19,1.0,351,By far the best radio
A11ED8O95W2103,B00000J061,5.0,2006-02,7,9,0.7778,282,Get good reception in difficult areas without spending a fortune.
A1UP5CIELABXA7,B00000J061,4.0,2007-11,2,2,1.0,33,Good Old School Radio
A1RPTVW5VEOSI,B00000J061,5.0,2000-08,124,126,0.9841,136,The Best Portable Radio Made
A3GJF1RYLXMQOD,B00000J061,5.0,2006-06,6,6,1.0,155,Hands Down the Best Radio Value Out There
A3NCIN6TNL0MGA,B00000J061,5.0,2004-10,19,22,0.8636,185,Best of Its Kind
A3RNAIFV56WG5E,B00000J061,5.0,2005-01,7,7,1.0,121,"Bigger than I expected, and great AM reception"
A1HZIKS8JFCM9U,B00000J061,5.0,2002-05,1,1,1.0,20,Super Reception
AJ86CFI74O5JI,B00000J061,4.0,2005-12,5,6,0.8333,71,good
A1SCWY8O0IL2HU,B00000J061,5.0,2000-01,24,24,1.0,62,"Great long-distance daytime AM Radio, great audio"
A1FP2LA6M2OJX0,B00000J061,5.0,2002-10,17,19,0.8947,226,My savior in high EMI environment
A3TLPFNP3V2BWK,B00000J061,4.0,2005-01,8,10,0.8,245,"FM is Great for Talk, but poor-to-unacceptable for music"
AVV7UXTHR0NWS,B00000J061,5.0,2014-06,0,0,,269,When Paradise Gets Bad Reception
A1TBH7Z4RK7PRK,B00000J061,5.0,2004-02,6,8,0.75,127,Exactly as expected
A139TU0DN7WHEG,B00000J061,5.0,2004-05,8,10,0.8,98,They got it right!
A3VEROAVSRAMG2,B00000J061,5.0,2004-02,2,4,0.5,107,Best radio ever!!!
A2KNQ0P1G1ZIE6,B00000J061,3.0,2008-01,1,1,1.0,48,Old Fashsion -- mediocore reception
A3N176NMT960UW,B00000J061,3.0,2001-10,3,3,1.0,142,"Fine reception, poor quality.."
ADNV4SOGOMZXP,B00000J061,5.0,2007-11,1,1,1.0,154,I've owned two for fifteen years -- fantastic
A1J1ORDE07JZ46,B00000J061,5.0,2014-04,0,0,,314,My GE version still good after 10 years!
A1MD9AEU9C4WJN,B00000J061,4.0,2002-06,5,6,0.8333,164,Good value
A1E8PWW106DRBE,B00000J061,4.0,2005-03,7,7,1.0,208,Performance is excellent-quality of product is awful
AI3FJ2DZ7IQYM,B00000J061,5.0,2014-03,0,0,,61,this is the best long range radio I have ever owned
AJZ0V9Q3ZVYWV,B00000J061,5.0,2004-08,8,11,0.7273,192,Excellent AM radio
A3UOID9VI8CC0C,B00000J08C,5.0,2014-07,0,0,,5,Five Stars
AX8SWWB9837TA,B00000J08C,5.0,2000-10,5,6,0.8333,51,A Big Improvement Over a Simple Plastic Stylus
AY8Q1X7G96HV5,B00000J08C,5.0,2000-06,2,3,0.6667,24,Palm Pilot Replacement Stylus..
A2OLQ18EOBZPE6,B00000J08C,5.0,2000-10,9,10,0.9,112,Much better then the default stylus
A2LRJOFOXNCIU6,B00000J08C,4.0,2013-11,0,0,,22,Works perfect for my need.
A2ATP6ZTCPX1QX,B00000J08C,1.0,2013-06,0,0,,49,Take these old products to the can.
A23Q32B7VTOXE9,B00000J08C,5.0,2001-03,2,2,1.0,34,Better than the original....
AB2U893HHHG74,B00000J08C,5.0,2000-07,45,46,0.9783,177,You don't know how much you need them until you lose them.
AEJAGHLC675A7,B00000J08C,5.0,2001-03,5,6,0.8333,104,Own a Palm IIIxe? You NEED this - read all the reviews here!
A2CLD5FSSXMYBT,B00000J08C,5.0,2001-03,5,6,0.8333,102,Mandatory for Palm III's
A2DLK5KEQU4TX9,B00000J08C,5.0,2013-03,0,0,,23,Always carry a spare stylus
A3JRQ6I2XZ710D,B00000J08C,3.0,2011-11,0,0,,20,Too small
A14PHG6QJ1DTG,B00000J08C,5.0,2000-09,20,22,0.9091,115,A better stylus at a great price
A2YC0ADOK1SNMK,B00000J08Q,1.0,2005-09,31,34,0.9118,46,Do not buy if using for dish network
A2G4OJFE2Q4HJO,B00000J08Q,5.0,2013-06,0,0,,25,Works for DVR connection to phone lines
A3SZOSH24K83K6,B00000J08Q,4.0,2007-10,1,1,1.0,59,Worked for providing phone connection to my DSS receiver
AYE6O5A7WOXR0,B00000J08Q,5.0,2007-04,1,1,1.0,18,This really works.
ADBVNJLWZ4IT0,B00000J08Q,2.0,2005-12,8,9,0.8889,35,Doesnt work w/wireless phone
A2JIQ6SZ1PQ6P9,B00000J08Q,1.0,2009-06,2,3,0.6667,18,Short working life
A1IF3VUAXBTX00,B00000J08Q,1.0,2007-11,1,1,1.0,128,It picks up a lot of noise from household appliances.
A2YSY26ZVMNNV2,B00000J08Q,2.0,2004-01,22,23,0.9565,38,"For voice or fax only, not for modems"
AB6KW0XLW1MR7,B00000J08Q,1.0,2010-10,0,0,,45,No fax
A1N3GNCJWXQ1ZP,B00000J08Q,1.0,2007-03,11,11,1.0,258,"Nearly Worthless, save yourself the aggravation and just run a phone line"
A2Y4N0IFVNNP46,B00000J08Q,5.0,2007-07,3,3,1.0,57,The one to get if you're technically challenged
A75IYBN6J0SQ5,B00000J08Q,2.0,2008-12,1,1,1.0,58,Quit working within a week.
ALDA72MNSJVOK,B00000J08Q,4.0,2004-03,159,163,0.9755,192,Fine for Satellite Receivers Including Tivos
A3NEAETOSXDBOM,B00000J08Q,3.0,2009-05,4,4,1.0,197,Average product
A2SU3YFX8T4UJ7,B00000J08Q,1.0,2010-08,1,1,1.0,110,"Just doesn't work, had to return"
AMMJH39YLUV8B,B00000J08Q,2.0,2010-09,1,1,1.0,43,Wireless Phone Jack
A3D296RVX0JVKB,B00000J0AR,3.0,2003-02,21,22,0.9545,37,Works great but...
A2G4OJFE2Q4HJO,B00000J0AR,5.0,2013-06,0,0,,32,Worked so well I got another for the second DVR
A1JETHCL85UIBW,B00000J0AR,2.0,2009-12,0,0,,53,Don't bother for anything but standard voice connection
A3M42KV16HOLX3,B00000J0AR,2.0,2005-07,2,11,0.1818,35,Customer service
A1IF3VUAXBTX00,B00000J0AR,1.0,2007-11,1,1,1.0,127,"Worthless, picks up a lot of noise from household appliances."
AH5NDKZ3YK0AE,B00000J0AR,1.0,2007-10,1,1,1.0,62,VERY BAD PRODUCT
A8Y4678B5ULS9,B00000J0AR,1.0,2009-02,0,0,,101,Be careful!
AMLMUYLI6FAQ0,B00000J0AR,1.0,2006-11,13,14,0.9286,42,Does Not Work with RC 930
A12TAFRBBG9EI6,B00000J0D2,3.0,2007-06,1,1,1.0,69,Uniden HS910 Headset for Cordless Phones
A12T2YJDP004C2,B00000J0D2,5.0,2010-09,1,1,1.0,55,The best unit I've had so far
A2Q89DEW2Y91A7,B00000J0D2,1.0,2000-11,15,17,0.8824,174,No sale
A6EFPNEQVKUUJ,B00000J0D2,1.0,2004-10,8,8,1.0,46,"""Can you hear me?  Can you hear me?"""
A3KE44SZHUFBP1,B00000J0D2,4.0,2013-08,0,0,,34,Pretty good for the money
A36890902KUCK5,B00000J0D2,4.0,2010-05,0,0,,48,Great to be hands free
A6CXO60VYUKL9,B00000J0D2,5.0,2009-10,0,0,,36,Great Headst
A1OA1WF8AOR39T,B00000J0D2,2.0,2000-08,70,75,0.9333,129,Don't make my mistake
A30UV3IIH7IJF,B00000J0D2,4.0,2007-02,1,3,0.3333,97,Nothing special
A3DJ8DG0WPNXQA,B00000J0D2,1.0,2010-05,0,0,,101,Garbage. Connector designed to break at tip
A83BIO3AO15LQ,B00000J0D5,1.0,2006-12,4,4,1.0,31,5 Wireless Phone jack for Directv
A1TX6FWFGA1QVO,B00000J0D5,1.0,2010-03,0,0,,21,Worthless
A1SMIJLAMGWXCJ,B00000J0D5,1.0,2007-02,2,2,1.0,44,RCA Wireless Modem Jack
A25FD86NG19ICC,B00000J0D5,5.0,2009-02,1,1,1.0,100,Needed for DISH network
A1ER23A7CRR5S5,B00000J0D5,4.0,2012-10,0,0,,77,Works well for Caller ID
A8TZ88OM8YOLW,B00000J0D5,5.0,2002-03,21,23,0.913,357,A Poor Man's Wireless Network -- That Works!
A290P12SRG78VQ,B00000J0D5,1.0,2006-05,3,4,0.75,98,should have read the reviews more closely...
AK10GGT97M7QK,B00000J0D5,4.0,2000-07,8,8,1.0,127,It kind-of sucks really
AMLMUYLI6FAQ0,B00000J0D5,3.0,2006-11,3,3,1.0,26,Not perfect but it works
A3LIEPHXF1SI1I,B00000J0D5,5.0,2008-04,0,0,,53,WORKS GREAT FOR TIVO
A229KNRZM9URT,B00000J0D5,5.0,2007-04,1,1,1.0,48,Buy it....it works well
A83N14T7FQV82,B00000J0D5,2.0,2013-01,0,0,,108,Skip it and have a line installed
A3KTU2HKCBMFVR,B00000J0D5,2.0,2007-01,4,4,1.0,69,Did not work well
ASDFYMJ1MTPE7,B00000J0D5,4.0,2005-10,11,12,0.9167,108,Good for DirecTV
A32Z1V9II49XZY,B00000J0D8,3.0,2007-03,0,0,,85,Is it just me?
A7OR8OWWGK55W,B00000J0D8,2.0,2005-10,6,8,0.75,75,Works OK.  2.5 stars
AZHOP0V69KO20,B00000J0D8,2.0,2006-11,4,4,1.0,133,"One broke, other complete fuzz"
A21Q1LBZP2671X,B00000J0D8,3.0,2003-01,20,21,0.9524,160,Pretty Good Speakers
ANU1675O6DO5E,B00000J0D8,4.0,2006-02,7,7,1.0,446,Good enough that I want to buy a THIRD pair!
A3JTWZNUVOL2K1,B00000J0IX,3.0,2004-01,1,4,0.25,32,"not bad, but maps are better"
A3DH74L21G9QFJ,B00000J0IX,4.0,2001-05,3,3,1.0,201,a must have toy
A3M1BNMWE8A633,B00000J0IX,5.0,2002-08,1,7,0.1429,135,"Great Product, possible faulty memory card"
A1Q587F0FDB3EV,B00000J0IX,5.0,2003-05,5,5,1.0,62,Great device
A1TBH7Z4RK7PRK,B00000J0IX,4.0,2002-05,4,7,0.5714,52,"Works, but here is what I don't like about it..."
A2OMVQGC33VSNC,B00000J0IX,3.0,2000-01,121,127,0.9528,281,GPS 315 good but has big problems
A1QXM4FWKL7CMW,B00000J1E6,1.0,2005-07,5,9,0.5556,140,"This won't fix the Cd's, it will ruin them"
AFNCXMCX7VZWH,B00000J1E6,1.0,2006-03,0,1,0.0,99,Just awful
A1D1MIFRSG50Y3,B00000J1E6,5.0,2013-07,0,0,,70,It works
A2AEZQ3DGBBLPR,B00000J1E6,1.0,2006-09,0,1,0.0,45,"Creates new scratches, didn't fix the old ones"
A2CFRF9SRM00HE,B00000J1E6,1.0,2011-12,1,1,1.0,31,Maxell CD Scratch Repair Kit
A850S0PK7OMFU,B00000J1E6,5.0,2007-12,26,27,0.963,149,Works great for me.
A37WWMRMNR2KSA,B00000J1E6,1.0,2009-12,0,2,0.0,97,It doesn't work and adds scratches
A3NNOT58HV18UW,B00000J1EJ,1.0,2010-01,0,0,,57,Works great if you're deaf in one ear.
A21IMS76KY1VPC,B00000J1EJ,4.0,2013-05,0,0,,127,Worked for me...
A3PZTHTC84Y9I4,B00000J1EJ,5.0,2010-03,0,0,,57,Really nice!!!
A329AE4A7Q1FQK,B00000J1EJ,5.0,2013-06,0,0,,83,Headphones Maxell
A14NAUYC6CGPDG,B00000J1EJ,2.0,2013-01,0,0,,66,Maxell headphones
A3RGU833M0OLDY,B00000J1EJ,5.0,2010-04,0,0,,75,Excellent Home Audio Addition!
A2XJD20SEKWFCK,B00000J1EJ,3.0,2013-06,0,0,,169,Nice for lawn cutting.
A47K229NJH9J6,B00000J1EJ,2.0,2008-10,1,1,1.0,24,Barely works
A3AFDN9UFIHVN1,B00000J1EJ,1.0,2008-10,1,2,0.5,58,Lasted a matter of weeks
A1WPXG000113YQ,B00000J1EJ,2.0,2008-06,2,2,1.0,208,Horrible battery pack
AUS81YHTM2MPY,B00000J1EJ,4.0,2006-01,4,4,1.0,128,"I love it, but that power jack has got to go"
A1POGSPD4HN8Y1,B00000J1EJ,4.0,2007-05,3,3,1.0,64,Good For Flying
A294CSQXGL76CV,B00000J1EJ,2.0,2001-11,128,133,0.9624,111,Depends on the type of noise
A16RGMORD80K9V,B00000J1EJ,4.0,2009-01,5,5,1.0,215,These have worked great for several years...
A1X0990QXMJIY7,B00000J1EJ,1.0,2008-10,5,5,1.0,70,"Consider them ""disposables"""
A20TZ1MQ0KMJRR,B00000J1EJ,2.0,2009-03,3,3,1.0,235,Good product if it could last...
A311UKPJDYZOVL,B00000J1EJ,2.0,2008-01,8,9,0.8889,178,"Cheap Headphones, there are much better options for the money"
ATY86XH2DJ4ZH,B00000J1EJ,2.0,2007-12,5,5,1.0,228,not really a noise cancelling headset
A2ZI97NDT655W4,B00000J1EP,5.0,2014-07,0,0,,22,Good quality for non-music recording
A16DPGQQ5MFJ8G,B00000J1EP,5.0,2013-05,0,0,,56,Well-Known
A4OAW3JQC5UNM,B00000J1EP,5.0,2014-04,0,0,,27,standard size cassettes
A1NOE0PC1W7ROU,B00000J1EP,5.0,2009-01,1,2,0.5,55,Tapes with plastic cases: Excellent quality & Value.
A1TDXHM6S7HOET,B00000J1EP,1.0,2014-05,0,0,,40,Did not order this
A2R6RA8FRBS608,B00000J1EP,4.0,2007-08,6,6,1.0,446,fine normal bias 90 minute tape though it could stand a little improvement
A1EE1HLYUIJPIG,B00000J1EP,5.0,2012-07,0,0,,115,Hey you need a mix tape baby?
A2HDTOF8222KN3,B00000J1EP,5.0,2013-03,0,0,,98,"I'm glad I looked here for cassettes, found a deal here."
A1K4AVQIU704DY,B00000J1EP,5.0,2013-07,0,0,,92,"Since they work beautifully, I cannot give them less than five stars"
A25K6D8IF14MW2,B00000J1EP,5.0,2012-05,0,0,,66,I use these for business
A38SK72V6NORUP,B00000J1EP,5.0,2012-12,1,1,1.0,94,Makin' tapes again.
A380W12QEPG2BO,B00000J1EP,5.0,2014-03,0,0,,48,just awesome
A3NR9E16US91MM,B00000J1EP,4.0,2014-01,0,0,,45,MAXELL NORMAL BIAS UR-90 (15- PACK) STANDARD SIZE CASSETTES
A1QVS34FWGRAVG,B00000J1EQ,5.0,2013-02,0,0,,27,Standard good VHS tape
A37RCN295YXNKD,B00000J1EQ,5.0,2012-01,0,0,,69,"Yes, some folks do still have VHS recorders!  Good buy."
A2HMF8ZR67BNZS,B00000J1EQ,5.0,2012-04,0,0,,64,Still Have An Old VCR That Works?
A1V5M5ENS5YBK9,B00000J1EQ,5.0,2012-02,0,0,,91,Maxell 4-pk vhs tapes
AWN8Q7FYS4G09,B00000J1EQ,5.0,2012-02,0,0,,44,Great tapes
A3JHBKWQWS36YL,B00000J1EQ,3.0,2014-05,0,0,,66,OK
AN92U23LYTQBR,B00000J1EQ,4.0,2013-07,0,0,,28,Brand new tapes
A1ITXFX7GG8I60,B00000J1EQ,5.0,2011-09,0,0,,25,Great VHS Tapes
A19SXS5PEC80UQ,B00000J1EQ,5.0,2013-12,0,0,,37,Maxell STD-T-120 Video VHS - 4 Pack
A2W29HD38V9F8X,B00000J1EQ,5.0,2014-07,0,0,,33,Great price and delivery
A4MQ4HZF3Q7JV,B00000J1EQ,4.0,2014-01,0,0,,69,good tapes for older kinds of recorders
A1UWVLJM65EEFX,B00000J1EQ,5.0,2014-06,0,0,,20,Can't go wrong with maxell.
A10SRJNBFF2BGY,B00000J1EQ,5.0,2013-10,0,0,,34,Still great video tapes!
A3O64PJAT8FRAU,B00000J1EQ,5.0,2013-06,0,0,,22,Maxwell STD Videros
A1GYV9PJ0U8ERX,B00000J1EQ,5.0,2013-11,0,0,,65,A trip back in time
A21YQTAQRSGPNN,B00000J1EQ,3.0,2013-10,0,0,,21,Eh
A1JH4RE328VB3K,B00000J1EQ,5.0,2013-03,0,0,,27,"Of course this is a great, great buy..."
A1CAGTNRSFHJNJ,B00000J1EQ,5.0,2014-01,0,0,,97,Video tapes
AZMY6E8B52L2T,B00000J1EQ,5.0,2012-10,0,0,,118,Good Bargain...
A20ORTSQTEQX0Y,B00000J1EQ,4.0,2011-10,0,0,,71,Good value
A3SZ4CWC3X19SI,B00000J1EQ,4.0,2014-05,0,0,,85,OMG who still uses these?
A2PMM1LP41I6IN,B00000J1EQ,5.0,2012-12,0,0,,41,Fantastic
AC8C9PT59CDW1,B00000J1EQ,5.0,2012-03,0,0,,53,Classic item
A2HDTOF8222KN3,B00000J1EQ,5.0,2013-03,0,0,,118,I found this to be a great value.
A2YL9FWBDJR4KL,B00000J1EQ,5.0,2011-08,3,3,1.0,40,Good tape
A3D5PYW78GKDWV,B00000J1EQ,5.0,2014-03,0,0,,25,Good deal and works fine
A1R8R7XKJJ3Q3T,B00000J1EQ,4.0,2014-04,0,0,,33,Night Player
A21OA8773GTIKD,B00000J1EQ,5.0,2014-03,0,0,,46,Price was right
A1X6TD4D3D9YUP,B00000J1EQ,5.0,2013-03,0,1,0.0,27,Maxwell tapes
A381YC9NE1K8R8,B00000J1EQ,5.0,2013-01,0,0,,22,These are great for the money
A9WFV9DEWY4S0,B00000J1EQ,4.0,2014-03,0,0,,59,GOOD BUT NEEDED MORE
A3PAJ1KIMSH7FS,B00000J1EQ,4.0,2012-07,0,0,,21,Excellent pack of VHS tapes!
A23GNFDESFFY6C,B00000J1EQ,5.0,2014-02,0,0,,41,Reportedly work great!
A19RRN85DY4SB2,B00000J1EQ,5.0,2012-08,0,0,,43,LOL
A29Y0RIJ23SDQW,B00000J1EQ,4.0,2014-02,0,0,,22,Maxell the best!
A1FPU7R5Q7HIDS,B00000J1F3,3.0,2012-11,0,0,,80,vhs tapes  8hr quality medium at best
A1QVS34FWGRAVG,B00000J1F3,5.0,2013-02,1,1,1.0,186,Reliable standard
A25E8V5JMW43RY,B00000J1F3,5.0,2014-04,0,0,,21,Great recording tapes
A2I9XSZSHXQ3OZ,B00000J1F3,5.0,2012-10,0,0,,101,Maxell T160 8 hrs
AFXTKAO0CB354,B00000J1F3,5.0,2010-07,13,13,1.0,70,A Fine Blank VHS Tape.
A23QCWXEG3BJ9H,B00000J1F3,5.0,2013-05,1,1,1.0,59,Outstanding
A2OPFKDHSH8T31,B00000J1F3,3.0,2013-01,0,0,,56,VHS
A1YY6103EIE3H4,B00000J1F3,5.0,2011-06,0,0,,74,great
A2HDTOF8222KN3,B00000J1F3,5.0,2014-03,0,0,,114,Great product at a great price
A1J93485GAAGED,B00000J1F3,5.0,2013-02,0,0,,25,Make Movies
AKAWPV482ODX8,B00000J1F3,5.0,2012-01,2,2,1.0,68,Can't beat the price or the quality
AQDP0LRIFC9UU,B00000J1F3,3.0,2013-06,0,0,,84,Product is A-1; packaging was not
A2I9LWY5PN73YI,B00000J1GA,5.0,2000-01,25,28,0.8929,52,Great Product!
A1TAFEUKHIFV6L,B00000J1GA,2.0,2000-12,0,0,,381,Good headphones at first; didn't last long
A204ETWOV23HO4,B00000J1GA,4.0,2002-02,9,9,1.0,363,Pretty darn good
A18PDUB7HSEP10,B00000J1GA,4.0,2003-12,3,3,1.0,68,Nothing wrong with these at all...
AI7FG0JAGX77B,B00000J1GA,4.0,2000-01,17,18,0.9444,52,Advent AW770 Wireless Headphones
AWWBZZXN32I6H,B00000J1GA,1.0,2004-04,2,5,0.4,162,"Easily breakable headset, charging suggestion"
A1665GGGDM0ZPO,B00000J1GA,5.0,2000-12,12,12,1.0,143,Wireless in North Carolina
A2KAU5BF41AKHN,B00000J1GA,3.0,2002-01,41,41,1.0,164,A solid product but could have been better
AOZB4GES5J7FK,B00000J1GA,1.0,2001-06,5,5,1.0,126,Not a good product
A34LK05I5S49LP,B00000J1QK,3.0,2014-01,0,0,,51,Neither good nor bad
A3R1ZR6SHNK8CU,B00000J1QK,5.0,2013-09,0,0,,25,Allsop CD Lens Cleaner
ANB0OKIDLNTZ,B00000J1QK,5.0,2013-03,0,0,,100,I'm shocked it worked
A3KOASATK1KTI,B00000J1QK,5.0,2010-08,1,1,1.0,116,I payed under $3
A3EUSH8DPW75LR,B00000J1QK,5.0,2008-10,4,4,1.0,232,Definitely works - a must have
A1BT3B317O829E,B00000J1QK,5.0,2010-03,0,0,,137,Fixed my 360!
AXF1G21IMHCU6,B00000J1QK,1.0,2013-08,0,2,0.0,77,Allsop cd laser-lens cleaner
A3MMVTD7DA3PJ8,B00000J1QK,4.0,2010-10,3,4,0.75,248,A CD savior
A34LWZYRIOIC7H,B00000J1QK,5.0,2009-11,0,0,,132,Fixed my Boston Acoustics player perfectly!
AJ093IH3TA4HU,B00000J1QK,1.0,2010-09,2,4,0.5,15,dont waste the money
A2POPDGIZ1XGFE,B00000J1QK,5.0,2008-05,0,0,,32,Give this a try to restore your cd player
A1GZULYG4M5HHR,B00000J1QK,5.0,2013-04,0,0,,67,It cleans the laser. Nobody said it repairs your CD player.
A22WMZMHRAR43Z,B00000J1QK,4.0,2013-06,0,0,,26,MUCH BETTER
A117L29JBUWK5U,B00000J1QK,5.0,2002-07,46,47,0.9787,63,Don't buy a new CD player.
A3PUN31Y8OUO4U,B00000J1QK,4.0,2013-02,0,0,,58,Seems to work I like it!
A3UC3YT2E65LZO,B00000J1QK,5.0,2006-05,5,6,0.8333,69,Brought my skippy CD player back to life
A2MSAU64QJ998A,B00000J1QK,5.0,2013-07,1,1,1.0,36,Did the job
A1ZWKAFL352WRK,B00000J1QK,1.0,2009-11,2,6,0.3333,22,Doesn't work period.
A2AJ77KV1AA7T0,B00000J1QK,5.0,2014-04,0,0,,73,Allsop CD Laser-Lens Cleaner
A8BZEB7HYFLKF,B00000J1QK,5.0,2008-04,10,10,1.0,80,Glad I Bought It!
A19DJFABUM7D1K,B00000J1QK,5.0,2014-02,0,0,,70,Did The Job
ATO7H6R5SQKIX,B00000J1QK,5.0,2007-01,33,35,0.9429,133,Simple and Effective
A3G9C63446RUCD,B00000J1QK,5.0,2013-08,0,0,,21,Works fine!
A389M5HYNF26PN,B00000J1QR,5.0,2011-11,4,4,1.0,90,Economical cleaning solution.
AFNG8O2DXRCUV,B00000J1QR,5.0,2010-11,55,59,0.9322,109,No kidding that it is fast!
A33M07VZBYRMPY,B00000J1QR,5.0,2012-02,0,0,,32,great cleaning pads
A5V1EF2BNERO9,B00000J1QR,5.0,2011-05,4,6,0.6667,36,EXCELLENT PRODUCT
A3UIQ1DG8MOREB,B00000J1QR,5.0,2011-11,0,0,,37,I was very much in need of this
A3RTSHT0J64TY4,B00000J1QR,4.0,2013-09,0,0,,23,Worked Great
A33GQ5EG104KN7,B00000J1QR,4.0,2013-01,0,0,,53,Seems To Work Fine
A10QQWAYZVX2QS,B00000J1QR,4.0,2013-02,0,0,,43,DVD Wipes
A2SPHO9F2ZL98F,B00000J1QR,4.0,2012-10,0,0,,160,Good but not Excellent wipes
A2CGLPWEC9NL0E,B00000J1QR,2.0,2013-04,1,3,0.3333,24,Not what I wanted.
A41I67QYRAOSQ,B00000J1QR,5.0,2012-01,0,0,,50,Works Very Well
A1Y8NN628X1IMH,B00000J1QR,5.0,2013-04,0,0,,43,Cleaning wipes
A2AK9QCWJ7PJHV,B00000J1QR,5.0,2012-12,0,0,,54,Indispensable item
A2J5ZIUR1C1KKE,B00000J1QR,4.0,2013-08,0,0,,26,Works for me!
AZXP46IB63PU8,B00000J1QR,5.0,2014-02,0,0,,25,Inexpensive way to clean CD's
AHOH3V3AVVCL3,B00000J1QR,5.0,2012-12,0,0,,33,Excellent for cleaning dirty DVD
A1H7JRH18L2BXG,B00000J1QR,5.0,2011-05,5,5,1.0,96,DVD clean them up
A3NID9D9WMIV01,B00000J1QR,5.0,2010-02,45,47,0.9574,61,"last review done in 2000, still the best IMO"
A24VVE3E7D4GVQ,B00000J1QR,4.0,2013-02,0,0,,34,Good product!
A3L6XHA5FVMN16,B00000J1QR,5.0,2011-04,8,9,0.8889,32,DVD wipes
A28A0A6EDMP5P8,B00000J1QR,1.0,2013-06,3,4,0.75,107,WARNING: WEBSITE DESCRIPTION INCOMPLETE: You have to receive this product
A21C8Y7YS25NI9,B00000J1QR,3.0,2014-04,0,0,,31,it cleans well
A3F4OHY3R93F78,B00000J1QR,5.0,2013-03,0,0,,20,Cd cleaner
A3S47OYFMIQT5N,B00000J1QR,5.0,2014-03,0,0,,83,Happy Surprise!
A3A5TZ3IHOOYM9,B00000J1QR,5.0,2012-06,0,0,,66,Very good DVD wipes
A2UKE398XW8Z6J,B00000J1QR,2.0,2012-12,1,1,1.0,69,Didn't work for me.
A2YG15FR3JP4JC,B00000J1QR,2.0,2013-12,0,3,0.0,21,all stop cd and dvd favorites
A0266076X6KPZ6CCHGVS,B00000J1QR,5.0,2013-11,0,0,,23,DVD Fastwipes review
A29UNXK7F3S93L,B00000J1QR,5.0,2012-10,0,0,,177,Amazingly good
A19JDXB5R33C7R,B00000J1QR,4.0,2011-10,8,8,1.0,209,A better CD/DVD cleaner than my T-shirts ... :-)
A2TN0U8173HM7A,B00000J1SC,5.0,2012-12,0,0,,22,Belkin Velcro Cable ties
A6GSTJCNZY4IW,B00000J1SC,5.0,2013-07,0,0,,42,Great!
APT7V2Z8MO6T0,B00000J1SC,5.0,2012-12,0,0,,32,Very helpful
A34X9CGJCEE5Q5,B00000J1SC,5.0,2013-07,0,0,,39,Nice and neat
A1UB46NT3QX94A,B00000J1SC,5.0,2013-12,0,1,0.0,34,Works as Advertised
ASCBJEPXTOU0V,B00000J1SC,5.0,2013-12,0,0,,26,Good
AHRWSHIMCV963,B00000J1SC,4.0,2013-08,0,0,,40,Works Great!
A3LQI6DLFEXOVJ,B00000J1SC,4.0,2014-04,0,0,,20,I like them.
A5ZGJBOPDRVQL,B00000J1SC,5.0,2012-12,0,0,,23,Reusable
A35OQ29USFZHDN,B00000J1SC,3.0,2011-01,1,1,1.0,50,better options available
A33LBTRTH6XOLE,B00000J1SC,5.0,2014-04,0,0,,38,Good Ties
A1GZTVDFGF71XM,B00000J1SC,3.0,2013-07,0,0,,53,Ok but not great
A3LM4LWX9M14BI,B00000J1SC,5.0,2014-03,0,0,,67,Buy these
A4OGL6HINEZVL,B00000J1SC,2.0,2014-01,0,0,,94,There are better choices
A3V6YL38FIEDP,B00000J1SC,5.0,2012-12,0,0,,43,Just what we needed!
A7N1JRLTA65IE,B00000J1SC,5.0,2013-10,0,0,,34,Just the thing to clean up those wires
A2ZBL197CLFKPK,B00000J1SC,5.0,2012-11,0,0,,37,Bought these eight years ago and then again last month
A1MCVOZSB6GDI8,B00000J1SC,5.0,2013-03,0,0,,22,Have a lot of computer equipment - Nice to keep cords organized.
A2BYV7S1QP2YIG,B00000J1SC,4.0,2014-02,1,1,1.0,78,For $1.13 you can't go wrong!
A1IZZLH62NT5F1,B00000J1SC,5.0,2014-05,0,0,,20,Excellent
AFTOBK4M64RVV,B00000J1SC,4.0,2012-12,0,0,,35,Organize your cables!
A31GOE0Y2JM17C,B00000J1SC,4.0,2010-10,1,1,1.0,28,Works as advertised
AI43VKPN5NF7D,B00000J1SC,5.0,2013-06,0,0,,32,Nice Product
A1EAN2SFKYBJ05,B00000J1SC,5.0,2013-01,0,0,,42,It's All About Control
A13HO1F4SW568P,B00000J1SC,5.0,2013-11,0,0,,42,You'll love them
A3CFH7IL0GL187,B00000J1SC,4.0,2014-05,0,0,,40,Good
A1SH4S5XGTEXZ3,B00000J1SC,5.0,2013-11,1,1,1.0,24,Mulit-use cable ties.  Love 'em.
A2MBLVMVDLHK1L,B00000J1SC,5.0,2008-04,0,0,,96,"Exactly what I expected - 8"" velcro ties"
A1PGUHJ9ZN499P,B00000J1SC,3.0,2013-06,0,0,,128,Keeps cords organized but design is missing key feature
A24FQNZ2ZCP9UH,B00000J1SC,5.0,2014-02,0,0,,24,Prefect
A1YOQKB992308L,B00000J1SC,4.0,2013-01,0,0,,110,Great Cable ties for big wires. Just know they won't work well on smaller applications.
A1LM4PSE0HJQDW,B00000J1SC,5.0,2013-10,0,0,,46,Velcro Cable Ties
ALHX1KDNFZX40,B00000J1SC,4.0,2013-12,0,0,,29,A good product
A3NH30B70DU5IH,B00000J1SC,5.0,2014-02,0,0,,29,cable ties
A3F5EZF0JJ207G,B00000J1SC,3.0,2014-06,0,0,,33,They're alright
A1DDNUNC9JNZEV,B00000J1SC,2.0,2013-11,0,0,,33,Buy something else
A3T643FOKZCYEC,B00000J1SC,1.0,2014-03,0,0,,48,Not exactly what i was hoping for...
A37AQI4AU3JWSR,B00000J1SC,5.0,2012-12,0,0,,43,"Works great , doesn't tear"
A2VRYQBXSTA424,B00000J1SC,5.0,2014-06,0,0,,50,For The Win!
APRFTIZ7PB4S8,B00000J1SC,4.0,2014-03,0,0,,51,Best ties on the market
A3QG1JW6O3SD96,B00000J1SC,5.0,2013-01,0,0,,22,Good
ASAE723AV7MYO,B00000J1SC,4.0,2013-04,0,0,,25,good
A3QZV5S4BD1XPJ,B00000J1SC,4.0,2014-04,0,0,,32,Good cord management.
AKCDHGUSKVJ72,B00000J1SC,4.0,2014-06,0,0,,118,Help for organizing those cables!
A3EMZ433QPZU0O,B00000J1SC,4.0,2014-07,0,0,,44,Great Velcro ties.
A3BI8BKIHESDNQ,B00000J1SC,5.0,2013-07,0,0,,51,Belkin Velcro Cable Ties (8 Inch)
A9P4Q7KX35RS2,B00000J1SC,5.0,2014-01,0,0,,76,Great Wire Wraps !
A2MTMN4A9KGE2X,B00000J1SC,5.0,2013-01,0,0,,79,The best reusable cable ties wraps!
A2GMJ3DJ7CBM1D,B00000J1SC,5.0,2014-05,0,0,,48,VERY HANDY TO HAVE
AXLRBD9NUE6BV,B00000J1SC,5.0,2008-06,0,0,,48,Perfect for managing cords.
AQJSM4LO7M7G5,B00000J1SC,1.0,2012-01,3,4,0.75,50,Disappointing at best
A1LBH85DP0NEVO,B00000J1SC,5.0,2007-07,1,1,1.0,81,"Belkin F8B024 8-Inch Cable Ties (Multiple Colors, 6-Pack): Review"
A2DOUSV52ED1HG,B00000J1SC,5.0,2013-12,2,3,0.6667,20,Highly recommend.
A124AKDXC26XT9,B00000J1SC,5.0,2008-05,0,2,0.0,121,That little extra to get free shipping
A38D9RSMAYZSCM,B00000J1SC,2.0,2009-12,2,3,0.6667,156,Poorly thought out design
A1PQU7KH22ZPBM,B00000J1SC,3.0,2013-01,0,0,,22,colorful
AJNZQZVL8MG6P,B00000J1SC,5.0,2013-12,1,1,1.0,53,Who knew so little could get you so much?
A2NEMZPEE1NIWE,B00000J1SC,4.0,2014-07,0,0,,61,"Light duty, but works"
A2VIZ3GQZ0O6F6,B00000J1SC,4.0,2013-11,0,0,,119,"Colourful, Effective Cable Ties"
A1A9BAB8AO2GK4,B00000J1SC,3.0,2008-07,1,1,1.0,23,Cable ties
A36K4VOLWEBG1H,B00000J1SC,5.0,2013-07,0,0,,24,Cable Ties
A1YSTRGTX7B66G,B00000J1SC,5.0,2010-11,0,0,,236,I like these things
AE3S5S2B77PJX,B00000J1SC,5.0,2013-07,0,0,,34,very useful
ADZCA4OI2ZKUX,B00000J1SC,4.0,2013-07,0,0,,28,good for repeated use
A2PH4RGYVR34L,B00000J1SC,5.0,2013-12,1,2,0.5,29,Cheaper at the dollar store.
A3M5OYNZ2A5E0O,B00000J1SC,2.0,2009-02,10,13,0.7692,51,"If you're a musician, forget these."
A1OO228VP8O47W,B00000J1SC,3.0,2010-01,1,1,1.0,30,Easy to use
A3P7KN9Z1N5OOR,B00000J1SC,5.0,2011-05,0,0,,55,Great little gizmos!
A2VNAGUP6GD6ZW,B00000J1SC,4.0,2014-06,0,0,,19,Good
AJX474LNBU6TX,B00000J1SC,4.0,2013-12,0,0,,84,Not as versatile as I'd hoped
A1Y2BG1GPW1VT6,B00000J1SC,5.0,2011-01,0,0,,24,"It's velcro, holds wires securely and keeps them orgaized"
A22QIJY2CB21MV,B00000J1SC,4.0,2011-11,0,0,,46,mulit colored velcro ties
A2Q12G0CRKK0KP,B00000J1SC,4.0,2012-08,1,1,1.0,94,"Work, But Overpriced?"
A27QB80ZPR6SWR,B00000J1SC,5.0,2014-04,0,0,,26,Works as described
A35Z26M69ZK7EJ,B00000J1SC,3.0,2014-01,0,0,,85,Paying for a brand name
A1EKB0SYZ81ZV,B00000J1SC,5.0,2013-01,0,0,,43,The best cable control
A3J0IFH0TYTVHQ,B00000J1SC,5.0,2014-03,0,0,,50,good quality - very useful and handy
AAPW9O14YB64T,B00000J1SC,1.0,2014-04,0,0,,20,If i could zero star them i would
A2IE2U4SL7JWX2,B00000J1SC,5.0,2012-03,0,0,,168,Great for Musicians
A1FT3XZ2GWQAC3,B00000J1TX,5.0,2008-08,0,0,,28,Typical Belkin Quality
A320DLHQTRFL5L,B00000J1TX,5.0,2012-04,0,0,,27,Great cable and great price
A3S87ZOPB3UM9N,B00000J1TX,5.0,2001-06,137,152,0.9013,181,Best price around
A3L61G6N7AT8N2,B00000J1TX,2.0,2014-06,0,0,,51,"What is It?,"
AI0NMYA3LKXW1,B00000J1TX,2.0,2008-05,0,14,0.0,51,What is It?
A2S5XJK8PFYKH9,B00000J1TX,5.0,2010-10,0,0,,19,Great Job!
A3J7BP60ZB6HW3,B00000J1TX,5.0,2007-01,0,0,,9,Does what it's supposed to
A60GRZWE1VPHV,B00000J1TX,5.0,2010-06,0,0,,82,does its job
AQMD0WGJVD4RJ,B00000J1TX,5.0,2004-01,8,8,1.0,58,if you can use a usb cable for your printer this is the one
A2CRF098PBFCLK,B00000J1TX,5.0,2012-10,0,0,,27,Its a cord
A2QAOP52OEB5EV,B00000J1TX,5.0,2002-11,0,0,,14,Excellent Cable
A23SRAOAAD81FF,B00000J1TX,5.0,2007-10,0,0,,19,fair price; flexible cable
A2J8IE3Q5LLB96,B00000J1TX,5.0,2010-03,0,0,,38,Belkin USB Cable
A319CJUZ04SQL7,B00000J1TX,5.0,2012-12,0,0,,23,Cable for USB.
A2FG90RW53W8WS,B00000J1TX,5.0,2007-12,0,0,,17,GREAT!
A39F7XOVXQ0LZK,B00000J1TX,5.0,2009-05,0,0,,63,INCREDIBLE BARGAIN
A33V7Z377X9KBV,B00000J1TX,5.0,2013-12,0,0,,23,Good quality USB Cable at a reasonable price
A1BAT4NZAP6B07,B00000J1TX,5.0,2001-10,3,9,0.3333,21,Great Stuff.  Good Quality.  Cheap Price.
AKT8TGIT6VVZ5,B00000J1TX,5.0,2007-05,1,1,1.0,110,Superb USB Cable From Belkin
AER2EZOUZSKYB,B00000J1TX,5.0,2009-01,0,0,,22,Nice cable
A3PLX6PTM2ERKL,B00000J1TX,5.0,2001-06,2,2,1.0,36,"Great Cable, Belkin Strikes Again"
AINUV6DVXMKEM,B00000J1TX,5.0,2010-08,0,0,,48,Highest quality for bargain price............
A36ARO7W03JMXV,B00000J1TX,5.0,2014-02,0,0,,25,Excellent
A3DWO9ZI48DJL1,B00000J1TX,5.0,2009-09,0,0,,40,"It's a USB cable, It Works"
ADGRGGF9V645P,B00000J1TX,5.0,2014-06,0,0,,26,Great quality
A1ER9BE147BD5E,B00000J1TX,5.0,2009-05,0,1,0.0,19,what can I say?
A2NYK9KWFMJV4Y,B00000J1TX,5.0,2013-06,0,0,,220,Built to last
A2DF62DP20RIXF,B00000J1TX,5.0,2004-12,17,17,1.0,86,Exceptional Quality at Low Price.
A28TVBEH7FWGPC,B00000J1TX,5.0,2009-04,0,0,,29,Very good quality cable!
AZ7EFFHA5K82P,B00000J1TX,5.0,2008-01,0,0,,18,what a buy!!
A1VRWURI5XLNU5,B00000J1TX,5.0,2012-04,0,0,,40,Good product
A28LUBH5ZQBPIP,B00000J1TX,5.0,2013-04,0,0,,23,Ahead Of Time
A1TX3VNWII1TOJ,B00000J1TX,5.0,2003-12,17,17,1.0,95,great bargain
A5I75Q8VR91XE,B00000J1TX,5.0,2001-12,21,24,0.875,133,Don't get ripped-off by computer stores!!!!
AZOTUFIYPVNDT,B00000J1TX,4.0,2014-02,0,0,,46,Good value for the money
AGCWHENEQYV5N,B00000J1TX,4.0,2013-11,0,0,,23,A very good buy!
A3C85GXT2Q6IG1,B00000J1TX,2.0,2013-10,1,1,1.0,35,Not Belkin!!
A96K1ZGW56S2I,B00000J1TX,5.0,2010-03,1,1,1.0,65,Great cable
A3ILBM48JP35BG,B00000J1TX,5.0,2002-06,0,2,0.0,8,Magic cables
A11ZI425LVTVH7,B00000J1TX,5.0,2009-03,0,0,,28,Excellent cable
A357HQZDY3YE58,B00000J1TX,5.0,2003-01,1,1,1.0,10,Cable USB
A20F5RFH0WVFNF,B00000J1TX,5.0,2008-06,0,0,,69,It's a cable; it works
A1YRI31DB4921S,B00000J1U8,5.0,2011-10,0,1,0.0,28,great product
A2OCFY81BELYVJ,B00000J1U8,4.0,2013-01,0,0,,55,Does the job
AQA9PLI2LH3MK,B00000J1U8,4.0,2014-02,0,0,,20,Works fine.
A19HKRB4LU5YR,B00000J1U8,5.0,2007-06,0,0,,11,Works as advertised!
A1K5H8RA39DKT4,B00000J1U8,5.0,2008-05,0,0,,23,Nice and fast
AFXE634F4366L,B00000J1U8,5.0,2013-04,0,0,,28,usb cabele
A37KC1KU0JPI1K,B00000J1U8,5.0,2014-07,0,0,,53,Belkin USB Extension Cable
A2X7OZLHUKAAAT,B00000J1U8,2.0,2008-01,3,4,0.75,17,False Advertising!
A1H5P52BNEMM2P,B00000J1U8,4.0,2014-03,0,0,,37,Nice cable
A2HXEJXEQQTM1D,B00000J1U8,5.0,2011-07,0,0,,35,Great Product
AZFM7IM6ZEX2T,B00000J1U8,5.0,2008-02,3,5,0.6,62,Handiest thing ever!
A36MDL9RQGO7EN,B00000J1U8,5.0,2012-07,0,0,,20,Works as described
A3DZIDWH11X2BF,B00000J1U8,5.0,2007-05,0,0,,46,USB cable review
A2RZVD8A0T6ZF1,B00000J1U8,5.0,2014-03,0,0,,20,This works great for our needs.
A32PY9MW5928O5,B00000J1U8,5.0,2007-02,0,0,,14,Does what it advertises
A2SZOQBR5IWD59,B00000J1U8,5.0,2007-08,0,0,,16,Best deal out there.
ASCRBSK5RD33H,B00000J1U8,5.0,2008-06,0,0,,97,great accessory for webcan
A2XXCCT0TBVDIE,B00000J1U8,3.0,2010-10,0,0,,20,OK
A3MXYE2LUQ523F,B00000J1U8,5.0,2008-10,0,0,,18,USB extension cable.
A2EYZJBTX8X9XU,B00000J1U8,5.0,2013-02,0,0,,32,worked great
A3O6UZVYTJY1S7,B00000J1U8,5.0,2007-01,2,2,1.0,19,USB CABLE EXTENSION FOR MOUSE CORD
A13LR4L955N2NI,B00000J1UA,5.0,2011-10,4,4,1.0,30,Need to run a very old PC
AFXTKAO0CB354,B00000J1UA,5.0,2009-05,3,3,1.0,19,Does What's Suppose To
A2BSW8L2WPWNAT,B00000J1UA,1.0,2014-05,0,0,,29,QA needed
A2NZB5S3QTQRVS,B00000J1UA,5.0,2011-01,1,2,0.5,25,Perfect if you need it
A2B37JAQUAZ29N,B00000J1UA,5.0,2013-02,0,0,,20,it works fine
A2VME004JAPD41,B00000J1UA,5.0,2009-05,3,3,1.0,89,Belkin Keyboard Adapter
A3HSLVVMSJNCX9,B00000J1UB,5.0,2013-01,0,0,,24,KB AT to PS/2 adapter
A23YS38RRW4YW6,B00000J1UB,4.0,2013-01,0,0,,22,Very necessary
A3IKK57TI9BP85,B00000J1UB,5.0,2012-10,0,0,,23,As expected
A16BSOOMVMXGR9,B00000J1UB,5.0,2013-08,0,0,,31,Works!
A2NB2E5DXE319Z,B00000J1UB,5.0,2011-08,4,4,1.0,167,Simple but does the job
A2XPPAMKIMK3VE,B00000J1UQ,5.0,2014-01,0,0,,19,It's a good cord.
ARNWCQZHZWKW8,B00000J1UQ,5.0,2009-09,0,0,,47,Excellent replacement AC cord
AJ4NMYPGJ43BY,B00000J1UQ,5.0,2013-05,1,1,1.0,23,Great replacement!
A183S80WADLOCU,B00000J1UQ,5.0,2013-02,0,0,,43,Exactly as expected
A11F8JSQ206D9J,B00000J1UQ,5.0,2013-07,0,0,,29,"Works great, excellent brand"
A2NOQZINOJVPV2,B00000J1UQ,5.0,2013-06,0,0,,35,Waste of money
AIU5R82TF1ID2,B00000J1UQ,5.0,2011-11,0,0,,37,Pleased
A1JLW42JHQRJBP,B00000J1UQ,5.0,2014-01,0,0,,68,A quality replacement
A3LG0DU1ALKTH3,B00000J1UQ,5.0,2013-05,1,1,1.0,21,Excellent quality
A87N6UTYA6NOB,B00000J1UQ,5.0,2012-06,0,0,,45,Replaced a lost AC cord on my Thecus n4100Pro server
A3BTBXXZ7LG6LW,B00000J1UQ,5.0,2014-01,0,0,,24,It works as advertised
A1Y9VZ0TXTSWWD,B00000J1UQ,3.0,2013-11,0,0,,42,Where the heck did I put that original cord?
A1HWSRLE5IBCTV,B00000J1UQ,5.0,2012-12,1,1,1.0,23,Good Product
A61UIWC9N8CJK,B00000J1UQ,5.0,2011-10,0,0,,54,Excellent Quality
A2PNSG656BQTHC,B00000J1UQ,5.0,2014-01,0,0,,27,It's a power cord.
AFJ0ZC0BL7NV3,B00000J1UQ,5.0,2013-06,0,0,,209,"""Quality product, at (don't tell the stores), at a MUCH LOWER PRICE!  Order a couple of these even if you don't need them!"""
A22KNT28RO8DXL,B00000J1UQ,5.0,2014-01,0,0,,33,Belkin is Belkin
A18BVW63F1Y9QX,B00000J1UQ,1.0,2013-05,0,1,0.0,41,Does not work
AE38XXG3CPZ0L,B00000J1UQ,5.0,2014-01,0,0,,20,They work
A30IP3E4MDQ36,B00000J1UQ,5.0,2010-10,10,12,0.8333,96,I'm power mad!
AW96RTBLM8068,B00000J1UQ,5.0,2014-02,0,0,,24,Works just as it should
AK9BXHEXOOM6Z,B00000J1UQ,5.0,2011-01,0,0,,20,cheap and solid
A32P0B3INF7HF5,B00000J1UQ,5.0,2014-01,0,0,,20,Good Priced Replacement Cord
A183602MCC0Y5P,B00000J1UQ,5.0,2013-12,0,0,,24,Great cord
A1SDKQER8V6DG6,B00000J1UQ,5.0,2013-12,0,0,,37,Does the job.
A146CA37V0450V,B00000J1UQ,5.0,2013-09,0,0,,40,Belkin good quality brand
A3M3CZ0MVUOED0,B00000J1UQ,4.0,2013-12,1,1,1.0,78,Good affordable cable. Snug/Secure fit. Happy Buyer
A1XCA99IXPBIKV,B00000J1UQ,5.0,2012-02,0,0,,51,Does it's job
A3KO6JEVS1FJ8X,B00000J1UQ,5.0,2013-12,0,0,,29,Add-On Item
A149VXBN2A971G,B00000J1UQ,5.0,2014-06,0,0,,22,Belkin Powercord does what it says it will do
A1STW7ZA3XZ9VV,B00000J1UQ,5.0,2013-03,1,1,1.0,25,Gave Power to my Monitor
AVRV5S5L7MJNC,B00000J1UQ,5.0,2013-03,1,1,1.0,29,The cable works perfect!
A1HENIY6ASC7ZO,B00000J1UQ,5.0,2009-01,0,0,,25,Works as expected
APWCLRB3H1AVJ,B00000J1UQ,5.0,2011-11,0,0,,25,This cord works
A3SIW24TMUVXG6,B00000J1UQ,5.0,2012-03,2,2,1.0,45,This is a Power Cord
A1HC9B0Y05N95A,B00000J1UQ,5.0,2012-11,0,0,,45,Works Great
A1PORN92IWDNBP,B00000J1UQ,5.0,2011-07,0,0,,54,Simple Cheap Power Cord.
A1MQQEM7W77L62,B00000J1UQ,5.0,2011-01,2,2,1.0,33,A good as new!
A6FIAB28IS79,B00000J1UQ,5.0,2009-09,16,20,0.8,442,Power to the people
A3F64PK0D3MLRR,B00000J1UQ,5.0,2013-09,0,0,,40,works so far
A3VWCQP7XS2JD,B00000J1UQ,5.0,2014-02,0,0,,85,Yup!
A2CIMOITO2S0ZY,B00000J1UQ,5.0,2013-08,1,1,1.0,39,Nice Replacement Power Cables
ADL66OTVQYDIC,B00000J1UQ,5.0,2013-12,0,0,,28,Yup
A25E3UVEKH8D5,B00000J1UQ,5.0,2014-03,0,0,,40,Good quality replacement cord
A2QLAROSHRF0W3,B00000J1UQ,3.0,2013-06,0,1,0.0,25,turtle
A21I0B69KHEWMD,B00000J1UQ,5.0,2013-12,0,0,,29,Perfect power cord
A17YPB3JICRUK2,B00000J1UY,5.0,2013-11,0,0,,25,6ft Extension Cord
A3RHPUZBOP4D47,B00000J1UY,5.0,2013-05,1,1,1.0,46,Word!
A3PPLH5DL6DHN7,B00000J1UY,5.0,2011-09,0,0,,22,Great Quality and performance
A1IDWUYX4QXTUE,B00000J1UY,5.0,2012-08,0,0,,86,Perfect! Great product at a great price
A1N8FRMRYUHHV0,B00000J1UY,5.0,2011-10,0,0,,32,Solid cable should last a lifetime
A1G74Z2NYIIVCM,B00000J1V3,4.0,2013-04,0,0,,22,Good product
A1SNT83NFD4U8N,B00000J1V3,5.0,2007-09,14,16,0.875,34,it works
A38IWCW17QMNI9,B00000J1V3,5.0,2007-04,4,4,1.0,18,Hm...
A3STDPXRUJQBOQ,B00000J1V3,5.0,2013-01,0,0,,24,Customer wanted
A1QHTHV3S8J3GJ,B00000J1V3,5.0,2007-03,17,18,0.9444,20,Great value
A2RB0X2T3VWV1B,B00000J1V3,5.0,2008-04,1,1,1.0,57,"This is a great deal.  DONT get ripped off, buy here!"
AEZJTA4KDIWY8,B00000J1V3,5.0,2013-03,0,0,,26,Price is affordable
A1YZEEDWCHXZUU,B00000J1V3,2.0,2011-07,0,0,,85,I received generic product from Sewell Direct.
A22QKPZ2BV00NK,B00000J1V3,5.0,2009-06,0,0,,52,Good Value - Works fine
A10GWHRIUD964P,B00000J1V3,1.0,2011-05,0,0,,206,STINKS!  Literally
A14HHLBGGNNCFK,B00000J1V3,5.0,2007-04,5,5,1.0,24,Great Deal
A33YNEPUTEG8I0,B00000J1V3,4.0,2008-05,1,1,1.0,29,Cat-5 cable
A2759PRDPCNGXF,B00000J1V3,5.0,2007-05,2,2,1.0,49,Belkin Cable
A3QNX5KWHDV0GD,B00000J1V3,5.0,2006-12,23,23,1.0,55,Just What I needed
AW1D68VYR0HD0,B00000J1V3,5.0,2009-02,0,0,,33,Perfect for Xbox 360
A2XXCCT0TBVDIE,B00000J1V3,4.0,2013-04,0,0,,20,Ok
A3I2LH8T7QJI7J,B00000J1V3,5.0,2010-01,1,1,1.0,68,Just what I needed
A277VC5WJ818NY,B00000J1V3,4.0,2013-12,0,0,,28,Great cable.
AQ6F5FMEFRIKL,B00000J1V3,5.0,2007-02,6,6,1.0,48,What can be said?
A5XWWZZL5NZUX,B00000J1V3,5.0,2008-02,3,3,1.0,38,belkin review
A33ZNV7VQ925SB,B00000J1V3,5.0,2010-04,0,0,,20,ethernet cable 5e
A1J75JJ0Q2OEJN,B00000J1V3,5.0,2008-09,1,1,1.0,71,"Well made, great price!"
A3E0CXFVZHO626,B00000J1V3,5.0,2008-11,3,3,1.0,32,Great cable
A2SN4KPZ2G45V3,B00000J1V3,5.0,2008-12,1,1,1.0,33,Excellent for home and office networking
ACQL06Y00GI08,B00000J1V3,4.0,2012-11,0,0,,23,Functions well
A3E37ZYITKUQNL,B00000J1V3,5.0,2014-02,0,0,,38,Belkin A3L791-S 50-Foot RJ45 CAT 5e Snagless Molded Patch Cable (Gray)
A2UB3DLGTRBHVT,B00000J1V3,5.0,2007-12,4,4,1.0,27,exactly as advertised
A1Z93YS0KD9M9N,B00000J1V3,5.0,2007-06,3,3,1.0,69,"A Cable, Priced as a Cable Should be Priced. A Good Deal"
AJJB4D6Y3T7AC,B00000J1V3,5.0,2008-02,1,2,0.5,26,BEST VALUE AND QUALITY FOR THE PRICE!
A3HMI98TOOAVYS,B00000J1V3,5.0,2008-12,1,1,1.0,13,does the job
A34LSBBIKLTOOV,B00000J1V3,5.0,2010-04,0,0,,15,Works
A29WUMT65XEQE9,B00000J1V5,5.0,2013-02,0,0,,50,Belkin
A1YMC7H5U3TQOU,B00000J1V5,5.0,2013-08,0,0,,36,Snagless
A105TOJ6LTVMBG,B00000J1V5,4.0,2013-04,0,1,0.0,64,Not bad
AGL4FKIL9IYXA,B00000J1V5,4.0,2013-06,0,0,,85,Can't beat the price!
A20S66SKYXULG2,B00000J1V5,5.0,2012-12,0,0,,30,good cable
AVWRG73FEVBQV,B00000J1V5,5.0,2013-05,0,0,,20,Perfect
A2RRYDCPJ4T8OV,B00000J1V5,5.0,2014-04,0,0,,21,Seems to be of good quality
A1KUEYKLNP6CIW,B00000J1V5,5.0,2011-02,0,0,,36,Works as expected
AD20KMDUDP5EF,B00000J1V5,5.0,2013-02,0,0,,26,Perfect!!
AZQ9DYG38GVBR,B00000J1V5,5.0,2013-05,0,0,,23,Great cables for a great price.
A253X5E4L0DM0W,B00000J1V5,5.0,2013-04,0,0,,33,It works!
A33MZ69QV2G5F3,B00000J1V5,5.0,2013-03,0,0,,65,No complaints
ANI8BTQMGG1R2,B00000J1V5,5.0,2013-02,0,0,,22,Love the colors
A2H4B42VDSFV2V,B00000J1V5,5.0,2014-03,0,0,,22,I love Belkins
A1PLDDS2NHUD76,B00000J1V5,4.0,2013-10,0,0,,53,GREAT PRICE
A28CAQRAIZ1UWU,B00000J1V5,5.0,2013-08,0,0,,38,Nice and cheap
A2X435VE2DGZFG,B00000J1V5,5.0,2013-01,0,0,,26,The price is right
A13REZ5NPV6L,B00000J1V5,5.0,2014-05,0,0,,26,QUALITY AT A GREAT PRICE
A31YMI20E4F0RI,B00000J1V5,4.0,2012-12,0,0,,43,"Good, but the Plastic Tips Broke Easily"
A31GHUVQ0N2NXH,B00000J1V5,5.0,2012-10,0,0,,29,As described.
AF9TX1AH6OR65,B00000J1V5,5.0,2013-09,0,0,,23,I would buy this item again.
A3KEH9CD2SPUEB,B00000J1V5,5.0,2012-12,0,0,,25,Does its job.
A37FULV9NLQYXU,B00000J1V5,4.0,2014-06,0,0,,22,Ok
A14JBDSWKPKTZA,B00000J1V5,5.0,2004-01,54,58,0.931,252,"Great cable, the snagless feature saves the cord"
ARXYNHFIXEYO2,B00000J1V5,5.0,2014-07,0,0,,14,Five Stars
APXN17MQLCH7O,B00000J1V5,5.0,2012-10,0,0,,21,Patch cable
A2XEO2W78WS34Z,B00000J1V5,5.0,2013-10,0,0,,23,Don't Get Any Other
A3SA3SI8HXUTWM,B00000J1V5,5.0,2013-03,0,0,,20,Cheap! Works!
A3QX0ERX4D03TF,B00000J1V5,5.0,2014-01,0,0,,62,Good quality and fit
A28ORIA0YWRKEK,B00000J1V5,4.0,2013-02,0,0,,23,Good cable for reasonable price.
A1B4RFR5BLLQI5,B00000J1V5,3.0,2013-02,0,0,,30,"Don't get excited, its just a CAT5 patch cable!"
A1WWW237KEJDJY,B00000J1V5,5.0,2014-06,0,0,,7,Patch Cable
A3O7Z9L168UHBP,B00000J1V5,5.0,2013-04,0,0,,36,The product works just as it should.....
A3ONGNBZHTJ12H,B00000J1V5,4.0,2013-03,0,0,,38,Cheap cord!
A3EV8JA23IUP7O,B00000J1V5,5.0,2011-05,0,0,,51,Good quality cable at a good price
A3SJSUSBFQ1V81,B00000J1V5,5.0,2011-09,0,0,,40,Great!
A1HTXF6132KVZY,B00000J1V5,5.0,2013-01,0,0,,44,great product
A24CLCP2DPE9ML,B00000J1V5,4.0,2014-04,0,0,,20,It's Just Cable!
A24X8P2TG2AR02,B00000J1V5,5.0,2012-07,3,3,1.0,51,Works + Price + Brand name = Great Buy!
A13WREJ05GMRA6,B00000J1V5,3.0,2013-12,0,0,,35,Ethernet
A25PJ0QJ61SC80,B00000J1V5,5.0,2014-04,0,0,,23,Yep works
A1LUE84R341L1Q,B00000J1V5,5.0,2014-07,0,0,,13,Five Stars
A3OSY1QRGCQRAI,B00000J1V5,1.0,2011-05,14,20,0.7,57,Bait and Switch
A22ZZQG4FOCNCM,B00000J1V5,5.0,2012-12,0,1,0.0,34,It's What You Expect
A1CXH0ECJCO3US,B00000J1V5,5.0,2012-11,0,0,,47,Quality Cable
A175DL6WO56TUX,B00000J1V5,5.0,2013-07,0,0,,50,Best price for an ethernet cable
A36Z96ASIRAB1E,B00000J1V5,5.0,2013-10,0,0,,21,Belkin 7-Feet CAT5e Snagless Patch Cable (Green)
A20NL7QAHXDCU5,B00000J1V5,5.0,2014-07,0,0,,2,Five Stars
A204ETWOV23HO4,B00000J1V5,5.0,2002-08,4,6,0.6667,50,Belkin cables - they're all great
A1VUHTQ6GC4LH,B00000J1V5,4.0,2014-06,0,0,,154,"good price, annoying connectors"
A8L8U91R992XJ,B00000J1V5,4.0,2013-12,0,0,,26,Just normal CAT5e cables at discount price.
A4APIXYMVZGU4,B00000J1V5,5.0,2011-07,0,0,,25,It's a cable !
ALC8I6BZ0QDJE,B00000J1V5,5.0,2013-02,0,0,,55,great price
AB33ZRXEBG41L,B00000J1V5,5.0,2013-04,0,0,,35,It works
A291IOKN3QEQNQ,B00000J1V5,5.0,2013-05,0,0,,27,Just What a Cable Should Be
A2YOI67EI4N4D,B00000J1V5,5.0,2013-02,0,0,,22,Good cable
A2S2PG1LKF4YCX,B00000J1V5,5.0,2013-01,0,0,,24,Good buy
A3M5APXHTREGU4,B00000J1V5,5.0,2011-08,0,0,,31,Cable
ANC58RQKSQ5DG,B00000J1V5,5.0,2014-03,0,0,,21,Works as they should
A31PXV9XPENREQ,B00000J1V5,5.0,2014-06,0,0,,8,Five Stars
A12OILS0DDD1K9,B00000J1V5,5.0,2014-06,0,0,,94,Great cable!
A1LPDIAKNVQNQ2,B00000J1V5,2.0,2013-05,0,2,0.0,28,short
A2TPCUVV4A98H3,B00000J1V5,5.0,2014-05,0,0,,21,Belkin 7-Feet CAT5e Snagless Patch Cable (Blue)
A1PG70NH85K859,B00000J1V5,5.0,2013-03,0,0,,23,Does the job at a good price
A3HZ83EUW587RM,B00000J1V5,5.0,2014-01,0,0,,44,"Good cable, good price"
A2BCB516A8HV6K,B00000J1V5,5.0,2012-10,0,0,,53,works great
AMFXT0836BF87,B00000J1V5,4.0,2013-05,0,0,,40,Does what it's supposed to.
A1LXHQM4NSC1T4,B00000J1V5,5.0,2014-01,0,0,,77,"A nice, thick, pliable cable. Can't beat it for the price."
A3N8O68DOEQ2FE,B00000J1V5,5.0,2013-06,0,0,,18,Great
A1UEW6E8MAN95V,B00000J1V5,5.0,2013-01,0,0,,20,Excellent
AO91OW1SZKSJK,B00000J1V5,5.0,2014-02,0,0,,28,easy & quick
A3EGCYJ41MWIFD,B00000J1V5,5.0,2013-12,0,0,,44,good cables
A677O9VC9P6L9,B00000J1V5,5.0,2013-01,0,0,,21,high quality cables
A3QRPQFQLHDF2X,B00000J1V5,5.0,2013-08,0,0,,22,good cable
A5KVTBI8FA961,B00000J1V5,5.0,2013-01,0,0,,20,Works As Described
A3CJABT03EG9FE,B00000J1V5,5.0,2013-07,0,0,,49,typical
A1J9LVA298D5OF,B00000J1V5,5.0,2014-05,0,0,,33,Economical and it works well
A19KWXOS9L6WIO,B00000J1V5,5.0,2013-02,0,0,,20,Good quality.
A3ANRNLZ2LVM8J,B00000J1V5,5.0,2013-12,0,0,,70,Its a cable and its been working!
A3CX02IGUE2FV9,B00000J1V5,5.0,2013-11,0,0,,32,good cable
A2ZD6GWOWGMC11,B00000J1V5,5.0,2014-07,0,0,,8,Five Stars
AGJEFBYEYM9LA,B00000J1V5,4.0,2013-10,0,0,,23,router cable
AM3R8PW5WQ7UB,B00000J1V5,4.0,2013-05,0,0,,26,Its good
A1K1I1LQE8DFFN,B00000J1V5,4.0,2014-07,0,0,,3,good product.
A3NWP4CG5S2PDE,B00000J1V5,5.0,2013-03,0,0,,39,Basic cables
AEBC5HHLPWMLC,B00000J1V5,5.0,2011-06,10,11,0.9091,30,Its a Network Cable!
A2OZ5ERO1D2YOX,B00000J1V5,5.0,2013-08,0,0,,35,"Good cable, great price..."
A38ZQZ8N7EDWQA,B00000J1V5,5.0,2014-07,0,0,,34,Great cables
A37NYCRAA80CP8,B00000J1V5,5.0,2013-05,0,0,,25,Purple!
A2KPCPTR2Z3KA7,B00000J1V5,5.0,2012-05,0,0,,25,Does the job
A131XK438X81X9,B00000J1V5,5.0,2013-09,0,0,,42,A 5 Star Cable!
A1KJRNFAO7K5S5,B00000J1V5,5.0,2013-07,0,0,,34,"Good price, good cable, no issues"
A1AW01QS0NVVDV,B00000J1V5,5.0,2013-12,0,0,,24,"And on the seventh day, the Lord created CAT5e cables."
A10CRW7XRJBJ2G,B00000J1V5,5.0,2013-03,0,0,,34,Belkin 7 foot rJ45 Cat 5e cable
APSGIVBQKFLRY,B00000J1V5,5.0,2013-03,0,0,,24,It's ethernet cable not rocket surgery
A2PYL7WLGVIBT7,B00000J1V5,4.0,2013-01,0,0,,29,look great
A1ZGFGTX5BQ8WY,B00000J1V5,5.0,2013-08,0,0,,23,Fine
A18Q0YU1FMO7TE,B00000J1V5,3.0,2013-02,1,1,1.0,298,Belkin 7-ft RJ45 CAT 5E ethernet cable: Belkin doesn't understand -- don't kink electronic cables!
A2Q7VY0358PA3W,B00000J1V5,5.0,2013-12,0,0,,24,Good cable for the money
AHXU85QHWB8JM,B00000J1V5,5.0,2013-12,0,0,,21,Great
A1Q98ZMHZXOYWI,B00000J1V5,5.0,2013-10,0,0,,20,jumper
A2LZSPR192KEX6,B00000J1V5,5.0,2012-07,0,0,,79,"Good price, look good, work well!"
AWLUBRTNZP5FL,B00000J1V5,5.0,2011-10,0,0,,20,Works well
A1OX19PDA486CD,B00000J1V5,5.0,2013-02,0,0,,24,good value
A3NZEQJJZEZROW,B00000J1V5,4.0,2013-03,0,0,,26,it worked
A34DUTUH6VLRWB,B00000J1V5,5.0,2014-05,0,0,,36,Needed that extra foot
A3TNOAG3UIFQDI,B00000J1V5,5.0,2014-05,0,0,,22,Works Great!
A3NKRADYHW2CIP,B00000J1V5,4.0,2014-06,0,0,,34,thank you cord for my data transmissions
A369ZU3YLFRDIC,B00000J1V5,5.0,2013-12,0,0,,33,Great network cable
A3JUJ6UQVE5B92,B00000J1V5,5.0,2013-04,0,0,,26,Gets the job done
A32BQI4PD4MC1K,B00000J1V5,5.0,2012-01,2,2,1.0,48,Yup. It's a CAT5 cable
A30CV4T4I9Y89P,B00000J1V5,5.0,2013-08,0,0,,35,"Again, in KS"
A3RNIG506NCWWO,B00000J1V5,5.0,2014-05,0,0,,30,good quality cable
AC09OIFJYTUQK,B00000J1V5,5.0,2011-12,0,1,0.0,20,"It's a wire, what's to say?"
A2O26XU8WGOQSC,B00000J1V5,5.0,2013-06,0,0,,37,"Nice color, Good Quality, and Frustration Free"
A3ANBGDAJX55HD,B00000J1V5,5.0,2010-08,0,0,,20,A cable is a cable
A1IGVPJTW1ED3W,B00000J1V5,5.0,2014-03,0,0,,43,Somewhere in between.
A1F8FFYPYZ9XJ,B00000J1V5,5.0,2013-09,0,0,,20,works
A2V91VHCO48UO4,B00000J1V5,5.0,2013-12,0,0,,23,great value
A1J5BGM658BIUS,B00000J1V5,5.0,2013-07,0,0,,39,Works like a CAT5 cable should
A2IF9ZFPVR0E15,B00000J1V5,5.0,2013-03,0,0,,45,works as advertised
A13A9XV81EQF30,B00000J1V5,5.0,2014-06,0,0,,68,CAT 5e .... Stands for Extra Heavy Gauge wire......  Not really needed  for this lentgh  of 7 feet.  But an extra feature
ADZ84438N4VXR,B00000J1V5,5.0,2013-01,0,0,,21,Found it good.
A2RULKDI00UF1F,B00000J1V5,5.0,2010-12,2,2,1.0,38,Good quality
A1TFS18UUUKO1F,B00000J1V5,5.0,2013-07,0,0,,33,"Inexpensive, does the job"
AE5UGQ696VKHE,B00000J1V5,3.0,2012-12,0,0,,28,Bellin Cat 5 patch Cable
A2TI9BIKPB7TZJ,B00000J1V5,5.0,2012-09,0,0,,25,Cat5 cable
ADWUJZ8865J2A,B00000J1V5,5.0,2013-12,0,0,,24,It works fine.
A3DUWI8P66G61C,B00000J1V5,4.0,2013-09,0,0,,21,Cat 5 cable
A1CPPZT5ZNIM57,B00000J1V5,5.0,2013-08,0,0,,25,Works
A27PF7CJPO7AH,B00000J1V5,5.0,2013-08,0,0,,25,Quality cable.
A23M2D8GZPCWCV,B00000J1V5,5.0,2013-09,0,0,,32,"Inexpensive, and it works."
A14QLW52ATB8W5,B00000J1V5,5.0,2013-10,0,0,,42,GRE8888888888
A3K67UNIBXO76V,B00000J1V5,4.0,2012-12,0,0,,32,Good cables and a good price.
A2IUAT0NF7OVTC,B00000J1V5,3.0,2013-03,0,0,,32,"It works, as Expected"
A1KAE1LOY4TBSV,B00000J1V5,5.0,2011-01,25,26,0.9615,112,Great cables
A3J8A5L5AF5TX9,B00000J1V5,5.0,2011-06,0,0,,79,Genuine Belkin Cat5e Ethernet Cable
A179LO7TV9N1BT,B00000J1V5,5.0,2014-02,0,0,,20,Great product
A8QA95BMLXCSU,B00000J1V5,5.0,2010-09,0,0,,19,Good Network Cable
A3RHCLAFMG8W8,B00000J1V5,5.0,2014-02,0,0,,38,Faultless
A36N2I7T8KSQEF,B00000J1V5,5.0,2013-01,0,0,,22,"Great product, and the purple stands out."
A5PS42VT6YVQZ,B00000J1V5,5.0,2010-12,6,7,0.8571,23,They work!
A2H9S6PTI94ELV,B00000J1V5,5.0,2014-01,0,0,,38,Quality cable
A1DA35S1UET846,B00000J1V5,5.0,2013-02,0,0,,20,Works well so far.
ABU4LUKJU2QOY,B00000J1V5,5.0,2013-11,0,0,,24,Dosn't snag!
AKYDGCKCY7H9F,B00000J1V5,5.0,2011-10,0,0,,100,"Most work, some don't on all applications"
A2XR40GPJM6I6L,B00000J1V5,4.0,2014-06,0,0,,39,Snagless Patch Cable (Gray)
A3I87TP2N3GXK6,B00000J1V5,4.0,2012-12,0,0,,20,Nice cable and fast shipping
A2BHAEL2Q4HR4A,B00000J1V5,5.0,2014-05,0,0,,65,Durable cord with a good length
A10VE1GY2DIMOZ,B00000J1V5,3.0,2013-05,0,0,,21,doesnt seem to fit
A14LG64GIVZIGS,B00000J1V5,5.0,2007-02,1,1,1.0,97,Great Cable. Increased DSL speed
A1MZ1T2CO2J2Q3,B00000J1V5,5.0,2013-03,0,0,,27,works just as any other cat5 should
A1UB3T4KB2SJ1E,B00000J1V5,5.0,2011-12,0,0,,67,Works perfectly
A1GWYS0HGHQKB7,B00000J1V5,5.0,2013-01,0,0,,20,yup
AIT3KLQ2691DL,B00000J1V5,4.0,2013-09,0,0,,20,Great Cable.
A19KVCG1JDOGAB,B00000J1V5,5.0,2013-12,0,0,,24,Good Cables
A1BQLUMAXH49VN,B00000J1V5,5.0,2012-01,2,2,1.0,45,belkin makes good products
A2AA9EL5OTG0T5,B00000J1V5,5.0,2013-02,0,0,,21,Exactly as described
A1DE7W7O9L1UYX,B00000J1V5,5.0,2012-11,0,0,,25,belkin snagless cable green
AB0WO69IUZAYV,B00000J1V5,4.0,2011-11,0,0,,40,"Nice cables, good value"
A12SBVZP1QK9GM,B00000J1V5,4.0,2012-02,1,1,1.0,142,I am connected with this cable as I write this review
A2NHID60GOWHD0,B00000J1V5,5.0,2013-07,0,0,,20,Simple and effective
A15KFU3ZSAOUG0,B00000J1V5,5.0,2004-06,1,7,0.1429,12,Great cable
AJ2RVTE5ZN68V,B00000J1V5,5.0,2014-02,0,0,,34,works
A1NUAX0GYD3076,B00000J1V5,5.0,2013-06,0,0,,23,great
A1ZNLNA7BEZJCP,B00000J1V5,3.0,2011-04,1,1,1.0,53,Good cable. Not Dark gray like in picture.
A4BLZ3ZNJ0YV2,B00000J1V5,4.0,2012-07,0,0,,24,Good cable
AJMZSJU3VIJVW,B00000J1V5,4.0,2013-02,0,0,,32,No complaints
A3V5YGSE1SBERA,B00000J1V5,5.0,2014-05,0,0,,46,It Works As It Should
A3RVAT0EUNM2MI,B00000J1V5,3.0,2014-05,0,0,,66,"Slightly damaged, but working perfectly"
A1EN0HIRFDGC8T,B00000J1V5,5.0,2012-01,1,2,0.5,30,Ethernet cable
A36KQQ89928GK2,B00000J1V5,4.0,2012-09,0,0,,24,Just what they said
A2Y6PGW144PYBN,B00000J1V5,5.0,2013-07,0,0,,33,Great Patch Cable
A2HRHF83I3NDGT,B00000J1V5,5.0,2013-12,0,0,,27,good clip
A2FRFAQCWZJT3Q,B00000J1V7,5.0,2010-06,0,0,,72,An affordable solution!
A2VAJSG4VJ0II2,B00000J1V7,5.0,2011-10,0,0,,94,Just what I wanted
A1XSZF2A3ZV2MW,B00000J1V7,4.0,2013-06,0,0,,20,Does the Job
A2BGJ5ABQEERDU,B00000J1V7,5.0,2013-01,0,0,,29,Worked Perfect
AJT510WEA1QHV,B00000J1V7,5.0,2013-11,0,0,,24,Great addition!
A2UU3ZOWZLA2SP,B00000J1V7,5.0,2013-12,0,0,,23,good buy
A37WVR9M1STQDU,B00000J1V7,5.0,2010-04,1,1,1.0,50,Good quality cable at reasonable price.
A3AOGYPD6MVBYZ,B00000J1V7,5.0,2012-03,0,0,,77,Exactly as I hoped it'd be
A1IJOBQD8CY8K1,B00000J1V7,5.0,2014-03,0,0,,53,Well-made extension for older PS/2 connection
AP6T0CI46U93Z,B00000J1V7,5.0,2008-01,3,3,1.0,38,Nice
A1QXBKNTVF2BNV,B00000J1V7,5.0,2013-04,0,0,,34,Worked fine
A1WFQPYY8YBXEM,B00000J1V7,5.0,2010-02,0,0,,34,Works fine
A33ZNSZSZ580D9,B00000J1V7,5.0,2012-11,1,1,1.0,20,No Complaints
AGCN38LIJZM3K,B00000J1V7,5.0,2013-08,0,0,,35,Works well
A135MK4P9G8EDX,B00000J1V7,5.0,2008-04,0,0,,71,does the job!
A21ZZUXAM2PUCA,B00000J1V7,5.0,2012-02,0,0,,96,Buy This on Amazon Not In A Store.
A2TKWMX4563NR6,B00000J1V7,5.0,2013-02,0,0,,27,does what its supposed to
A2U7QPASO59UO1,B00000J1V7,5.0,2012-02,0,0,,83,Works like a charm
A3OVFH1ACP273D,B00000J1V8,5.0,2001-10,1,1,1.0,12,It works
A2LMVRUCHB6G8K,B00000J1V8,5.0,2007-09,1,1,1.0,25,Easy to handle
A1TQBAHI3M4ZBQ,B00000J1V8,5.0,2011-10,1,1,1.0,26,Works great
A3GAJB5Y9XCLHU,B00000J1V8,5.0,2011-01,0,0,,48,Did the job...
A3AXXUSU4KJQ6R,B00000J1V8,5.0,2014-05,0,0,,26,Works fine.
A3TXZJQWCPYNVS,B00000J1V8,5.0,2013-06,0,0,,53,"Works fine, cheap"
A3U4LQGN5AE9DO,B00000J3G3,5.0,2013-03,0,0,,99,Are these even still for sale?
A1M31HB05OCA8X,B00000J3G3,4.0,2008-09,0,0,,68,Great sound for the money
A11ED8O95W2103,B00000J3G3,3.0,2006-11,2,4,0.5,124,"Not bad for the price, but not satisfying in the long haul."
A30LT7I4GHR1H2,B00000J3G3,5.0,2003-10,6,7,0.8571,51,What a Great Deal!
A3OHJS5Q9C4IYS,B00000J3G3,4.0,2004-06,3,4,0.75,63,Great for the price.....
A1NOM79RDZRLHM,B00000J3G3,4.0,2013-12,0,0,,185,Surpassed my expectations with sound Quality and durability
A39KOJG83K8F1U,B00000J3G3,2.0,2009-07,0,1,0.0,34,Don't bother
A38QEATH3NODFM,B00000J3G3,5.0,2006-07,1,1,1.0,317,"Huge Value and Unbelievable performance, and durable too"
A2WAU01PM6FPD9,B00000J3GR,5.0,2010-07,4,4,1.0,19,outstanding product
A1QPUBF6U5EQM6,B00000J3GR,5.0,2014-03,0,0,,67,Works great
A22ZH10HU692PZ,B00000J3GR,5.0,2013-09,0,0,,78,Works Well!!
A2682BOZU0ZTCF,B00000J3GR,5.0,2011-02,1,1,1.0,40,Durable
A9U3398HENJBM,B00000J3GR,5.0,2013-07,0,0,,59,LOVE this!
A19RD443T9F1WX,B00000J3GR,5.0,2013-05,0,0,,26,So cute!
AVH94LMMMVXSO,B00000J3GR,5.0,2012-12,0,0,,47,Great !
A1IEFXS4C1TSB8,B00000J3GR,5.0,2008-05,1,2,0.5,25,Great
A1ISUNUWG0K02V,B00000J3HB,5.0,2000-08,1,1,1.0,257,We use our TalkAbout 280 all the time
A2NICY8I08AZL2,B00000J3HB,3.0,2000-05,6,16,0.375,36,Disappointing
A305FHDAKFC9LQ,B00000J3HB,5.0,2000-07,7,8,0.875,110,Essential Parenting Tool
A9U1BQILTMSMM,B00000J3HB,5.0,2001-02,3,4,0.75,170,A useful gadget for the average family outing...
AIR5HDNUI9WCU,B00000J3HB,5.0,2000-01,7,10,0.7,44,Motorola TalAbout TA280 SLK
A3MV1KKHX51FYT,B00000J3II,5.0,2009-01,2,2,1.0,524,Flexible Data Storage and Transfer
A1ORUSHRRG0VWN,B00000J3II,4.0,2000-05,0,0,,84,An OK drive
A3A15L96IYUO6V,B00000J3II,5.0,2000-05,0,0,,89,Works great on a 486
A1WVMDRJU19AFD,B00000J3II,5.0,1999-12,26,28,0.9286,211,the most popular removable storage next to floppies
A2J11LO19PHVDC,B00000J3II,1.0,2014-06,0,0,,62,NO DRIVER INCLUDED FOR WINDOWS 7 OR 8
A2B7BUH8834Y6M,B00000J3II,5.0,2002-01,3,4,0.75,309,Sturdy workhorse for 4 years
A243HY69GIAHFI,B00000J3II,2.0,2000-05,10,11,0.9091,422,Not the wisest choice for most users
A23ZO1BVFFLGHO,B00000J3II,5.0,2000-06,8,8,1.0,312,If it's simple and works - then it's not stupid
A18U05IGMK1FVV,B00000J3Q1,5.0,2002-06,0,0,,7,Excellent Slim Case
ASWYSSKL9LL9X,B00000J3Q1,4.0,2000-01,18,20,0.9,80,Elegant and practical
AN4ALUMJTDX3Z,B00000J3Q1,4.0,2009-12,0,0,,46,Nice Case
A3NHUQ33CFH3VM,B00000J3Q1,4.0,2011-04,1,1,1.0,38,Fair deal
ALUNVOQRXOZIA,B00000J3Q1,5.0,2000-08,14,18,0.7778,165,A great case that doubles as a wallet
A3O4F0C47C2FEY,B00000J3Q1,3.0,2001-02,2,2,1.0,78,Not so small to consider on a Palm Vx
A3W112102BC6BG,B00000J3Q1,4.0,2001-03,16,16,1.0,389,Excellent product but there are others out there!
A8TZ88OM8YOLW,B00000J3Q1,5.0,2001-09,13,13,1.0,358,Great Features -- And It Holds Business Cards Too!
A6ZPLVAUQ6695,B00000J3Q1,5.0,2000-06,24,27,0.8889,169,Extra Protection For Your Baby
ANUPOX03HUN1C,B00000J3Q1,3.0,2002-10,0,0,,29,Won't fit in Palm Cradle
AM4ZQJ0IORVWG,B00000J3Q1,4.0,2000-05,43,44,0.9773,413,"Nice case, OK wallet, better than the hard case"
A3AAL5TGOW29X3,B00000J3Q1,2.0,2000-02,0,0,,18,Nice-until the rail falls off
AGVB3UZIPFHEF,B00000J3Q1,4.0,2000-04,13,14,0.9286,91,"Nice, But Could Be Better"
A1JJOV69MAU2J2,B00000J3Q1,4.0,2001-12,0,0,,90,A good product at a good price...
A3MV1KKHX51FYT,B00000J3Q7,5.0,2009-09,0,0,,371,Useful Data Storage and File Transfer
AV1GL5WEA5MRW,B00000J3Q7,4.0,2007-10,1,1,1.0,47,Still using it 10 years later
A1F0J7IHM0KX5G,B00000J3Q7,3.0,2013-10,0,0,,156,Amazing.  It's great when obsolete technology saves the day!
A1GBT4UN2RW7XY,B00000J3Q7,4.0,2012-07,2,2,1.0,65,Plug-and-play on Windows 7
A1KH2YVJA0B6MB,B00000J3Q7,5.0,2000-12,9,10,0.9,130,Great Product!
A3R9KRIO25CKZV,B00000J3Q7,5.0,2003-01,3,3,1.0,73,Two Years Old and Going Strong
A265S153QJNV70,B00000J3Q7,5.0,2010-01,1,1,1.0,68,Product saved my life!
A35BXS8M3HZZV4,B00000J3Q7,5.0,2014-02,0,0,,34,Iomega Zip 100 USB drive
A2DCXXNQCZERQ8,B00000J3Q7,1.0,2014-05,0,0,,145,Does not work in Windows 8
A2QXRKY45PAGU9,B00000J3Q7,5.0,2013-02,0,0,,36,HURRAH!!!!  I can now retrieve all my files
A22EUYXY2KQEKH,B00000J3Q7,5.0,2013-06,1,1,1.0,32,Iomega Zip 100 Portable USB Drive (PC/Mac)
A2XW3HYL9YSJGW,B00000J3Q7,5.0,1999-08,8,9,0.8889,67,Works fine.... all the time.
A243HY69GIAHFI,B00000J3Q7,3.0,2000-09,37,38,0.9737,445,There are better Zip drives out there
A238V1XTSK9NFE,B00000J3SA,5.0,2001-08,54,56,0.9643,141,Convenient little device
A2SKVCKORF8J9Y,B00000J3SA,5.0,2001-03,41,46,0.8913,63,Truly plug and play...
A3VP5SXUTKJFRW,B00000J3SA,5.0,2002-08,2,3,0.6667,114,Inexpensive and still fantastic
AK73Y669AMPVS,B00000J3SA,5.0,2003-04,1,1,1.0,61,Works like a charm!
A2YRMTUDRXBMYR,B00000J3SA,4.0,2002-09,1,1,1.0,17,Laptop Adapter good value
A5NXA10HTO42S,B00000J3SA,5.0,2003-06,1,1,1.0,94,Just what you buy! no more no less
A2RB7KPCTJEP4Z,B00000J3SA,4.0,2004-12,2,2,1.0,84,Plug and Play on the Mac
A3UBI8XEO26P2C,B00000J3SA,5.0,2003-01,0,0,,57,This will save you tons of image transfer time!
A26624KSJ3FBMZ,B00000J3SA,4.0,2006-01,3,3,1.0,47,Good device
A3D6ITN1HM1FQG,B00000J3SA,5.0,2002-05,18,19,0.9474,276,"So nice, so very nice"
APXV4GM2BKZX1,B00000J3SA,5.0,2002-04,2,2,1.0,73,Second Wind
A386NVAVQV5WUO,B00000J3SA,5.0,2002-08,3,4,0.75,75,Works like a charm.
A3JLI2G1CCUKIM,B00000J3SA,5.0,2002-08,1,1,1.0,55,great price for performance
A3F5JV08JUY06C,B00000J3SA,5.0,2001-12,4,4,1.0,21,Great product!
A1X8YM80GSTO66,B00000J3UH,4.0,2009-09,0,0,,79,High quality case but lacks some features
A14JBDSWKPKTZA,B00000J3UH,5.0,2009-06,4,4,1.0,456,It's the Max
AL5V0IGIPIBEJ,B00000J3UH,5.0,2010-05,0,1,0.0,19,Great Product!
AR1SVEHMOGP44,B00000J3UH,2.0,2010-09,0,0,,89,meh
A2690TEJA2N778,B00000J3UH,5.0,2007-06,2,2,1.0,32,Good for the money.
A19MDKEDNOK76X,B00000J3UH,3.0,2008-03,2,2,1.0,18,Handsome Case
A3CJGCQI6RKRNJ,B00000J3UH,4.0,2011-12,0,0,,126,Roomy and leathery
A3J034YH7UG4KT,B00000J3UJ,4.0,2012-09,1,1,1.0,38,Good Brand
A24UIMLT48Z09O,B00000J3UJ,1.0,2014-04,0,0,,71,don't bother!  hunk of junk
A1YOGD8K6EV6VI,B00000J3UJ,1.0,2010-07,0,0,,95,Jammed with 6 months
A27LYK37L6L37M,B00000J3UJ,5.0,2008-06,0,4,0.0,374,There is a newer model than the one in the photo: It's Great!
A2V1J3JT5OOZFO,B00000J3UJ,1.0,2013-04,1,2,0.5,240,Just a heads up on a potential problem
A1WKMDL85JLIFM,B00000J3UJ,5.0,2012-12,1,1,1.0,24,Good lock
A3PSGJREO570YX,B00000J3UJ,5.0,2011-12,0,0,,31,Has worked perfectly for 13 years.
A3D4B6J0ZAA6D,B00000J3UJ,5.0,2014-01,0,0,,20,Good laptop security!
AQT8N7YPGVWCM,B00000J3UJ,1.0,2011-01,0,0,,379,The worst product I have ever purchased in my life. Straight up.
AWO7V8RR26RMX,B00000J3UJ,4.0,2013-09,0,0,,53,Great product for work laptops
A38W29I8J03QW8,B00000J3UJ,4.0,2014-04,0,0,,47,EXCELLENT
A38WJKB6YULQ6J,B00000J3UJ,3.0,2008-02,0,3,0.0,23,Lock and secure
A3I634592SZH0B,B00000J3UJ,5.0,2013-01,1,1,1.0,48,"Cheap, Amazing Lock"
A3VHGUZCGYA4KK,B00000J3UJ,5.0,2013-03,0,1,0.0,67,Great key lock
A14OG85Y77RQVY,B00000J3UJ,4.0,2009-08,0,1,0.0,108,Follow the instructions
AQNQHPRR3WQU1,B00000J3UJ,1.0,2011-08,0,0,,97,Design Flawed! Laptop Got Stolen Anyway
A25TM6Q7ROIR0Y,B00000J3WQ,5.0,2014-06,0,0,,26,Great protection!
ANWZYGU6HFYM9,B00000J3WQ,1.0,2012-12,1,2,0.5,294,CERO STARS MIGHT BE BETTER PLEASE DONT BUY
A1U9EJYPPU0VA4,B00000J3WQ,1.0,2012-11,7,8,0.875,286,APC Warranty Is Worthless - Look Elsewhere
A451H9FVEZTWR,B00000J3WQ,5.0,2014-04,0,0,,98,APC Surge Protector
A1VBFJXCQ3AK30,B00000J3WQ,1.0,2013-10,1,4,0.25,144,Recalled Oct. 2013 - Purchased March 2010.  AVOID
A1XT816XMPYPZ9,B00000J3WQ,4.0,2013-04,0,0,,22,Lots of outlets
A3QBHMMDRSC5VY,B00000J3WQ,5.0,2000-07,29,29,1.0,169,Sort out your blocks
A22MRNZZGWJXBC,B00000J3WQ,5.0,2011-11,0,0,,83,Solid Equipment
A3HKNAA3578FSZ,B00000J3WQ,5.0,2009-01,0,0,,31,Good choice for space saver surge control
A36NE7OSWUC5KS,B00000J40X,4.0,2004-07,6,6,1.0,910,Great GPSR for driving anywhere!
A7RV1KU5O0II9,B00000J40X,5.0,2000-08,32,35,0.9143,184,Top notch
A33O0L7DTMBKUK,B00000J40X,4.0,2002-09,5,5,1.0,197,"Pretty good, but has some limits"
A2RBMWT2ZB95JY,B00000J40X,5.0,2001-05,50,51,0.9804,282,Some things to know...
A2IY49V4ARN4HC,B00000J40X,5.0,2003-05,6,6,1.0,820,"Expensive, but a VERY worthwile investment!"
A3RKNRLZ2D6D08,B00000J434,5.0,2001-07,1,1,1.0,61,"Great look, light and sturdy"
AXDCA2CU2BNSG,B00000J434,5.0,2001-01,2,2,1.0,72,"Does its job admirably, and looks good doing it."
A329L3HF2QK7E,B00000J434,5.0,1999-12,7,9,0.7778,81,"Awesome case, buy it!"
A1LXQEATSZ228H,B00000J434,5.0,2009-05,0,0,,15,Vx for ever
ASWYSSKL9LL9X,B00000J434,5.0,2000-01,32,32,1.0,124,Great protection and modern looks.
A298COFUERZQWL,B00000J434,1.0,2000-06,2,3,0.6667,231,"NOT worth 40 bucks, is NOT strong, is made of PLASTIC"
A3SMN4GQEQBCJ5,B00000J434,3.0,2001-12,1,1,1.0,452,Good protection comes with a trade off
A3TRPVAGT3NWBS,B00000J434,5.0,2001-01,7,7,1.0,150,"Stronger Than One Would Think &#65533; Stylish, Too!"
AG3XKSY6YWH95,B00000J434,1.0,2000-06,9,11,0.8182,166,Unimpressive and NOT Worth Buying
A31LD9CUER3EGH,B00000J434,5.0,2000-07,14,15,0.9333,158,Just My Style
A2IMLPUXYQJTSY,B00000J434,5.0,2000-05,4,4,1.0,71,Great Stuff
A3W112102BC6BG,B00000J434,5.0,2001-05,2,2,1.0,478,The best overall case for the V series
A1TNK82XJQ0XPK,B00000J434,4.0,2000-10,4,4,1.0,155,An excellent value
A3PLX6PTM2ERKL,B00000J434,4.0,2001-05,0,0,,93,"Sleek, Stylish, Sexy, but not as sturdy as it looks"
A1AQ8LQW5QQSTD,B00000J434,3.0,2000-11,5,5,1.0,417,Overpriced But Necessary
A1MJMYLRTZ76ZX,B00000J434,4.0,2001-04,1,1,1.0,114,Offers good protection
AYWIO6OYAGFGQ,B00000J434,5.0,1999-12,14,14,1.0,89,Best Case for the V
AGVB3UZIPFHEF,B00000J434,4.0,2000-06,135,138,0.9783,339,Your Best Option
A2RL9JHYNEJ1QR,B00000J434,2.0,2001-03,3,4,0.75,87,What is the point?
A2T04VAIXSKJH2,B00000J434,5.0,2000-02,26,27,0.963,86,Elegant and strong
A2L8545I1KHY19,B00000J47F,4.0,2014-02,0,0,,78,Was a bite confused at first
A1LIAYBBNHUCB4,B00000J47F,5.0,2014-05,0,0,,34,Great Set of Lasing batteries
A3U04KS55VJLSR,B00000J47F,2.0,2014-01,0,0,,26,Don't hold a charge long.
A6ZPLVAUQ6695,B00000J47F,3.0,2000-06,37,39,0.9487,101,These batteries are 1200 mAH
A1B75TZD1XLC0A,B00000J47F,5.0,2013-01,0,0,,27,awesome
A13QGI4AZOB64K,B00000J4CX,5.0,2013-11,0,0,,23,They were awesome while they were available.
A204ETWOV23HO4,B00000J4CX,4.0,2003-01,4,4,1.0,509,Fantastic! Though not quite as spacy as it says
A1KD8NJPZ01R37,B00000J4CX,1.0,2001-10,0,7,0.0,48,what happened to the hard case?
A1P3WH08J6VEXF,B00000J4CX,5.0,2000-10,4,5,0.8,144,Save the Space
A3AAL5TGOW29X3,B00000J4CX,5.0,2000-10,4,4,1.0,103,Almost perfect
A2UTU1T0P7YTSG,B00000J4DV,4.0,2013-03,0,0,,31,Good Deterrent
AJPO70SUQEDRJ,B00000J4DV,5.0,2013-02,0,0,,58,Keep it! Lock it up!
A2G9DTRPLG0VED,B00000J4DV,5.0,2013-02,0,0,,74,"Awesome, great price."
A1FERFOI1OU1OF,B00000J4DV,3.0,2014-07,0,0,,101,Epoxy didn't bond well
A28X7NZ02016FO,B00000J4DV,5.0,2009-05,3,4,0.75,183,"Well, my stuff is still here, so...."
A3BTFKDNAC29JL,B00000J4DV,5.0,2007-08,3,4,0.75,57,Kensington Desktop Microsaver Universal Computer Key Lock and Cable Security System (64162)
A2BDQ38RNRXIRQ,B00000J4DV,5.0,2011-08,0,1,0.0,60,Worth a sense of security
A23KLGJ105C5LV,B00000J4DV,5.0,2010-04,2,3,0.6667,32,Kensington cable lock
A1V3TRGWOMA8LC,B00000J4DV,5.0,2008-02,2,3,0.6667,38,Tidy and easy to install
A3GATAFT8LVTSK,B00000J4DV,5.0,2013-01,0,0,,46,Thank God
A2KAOIY8M4D044,B00000J4DV,5.0,2013-12,0,0,,42,Good locking pads for cable locking systems
A30F4NMKRP7UZS,B00000J4DV,5.0,2013-08,0,0,,21,High quality lock system
AFJ6LHAGTA6LS,B00000J4DV,4.0,2014-03,0,0,,74,Exactly as described and it works well
A20HMQGKR7RET5,B00000J4DV,5.0,2013-06,0,0,,50,I really like the extra security.
A1YUZ3PFNAILHW,B00000J4DV,5.0,2013-04,0,0,,71,Used to secure home safe
A2T077JYCTRL60,B00000J4DV,5.0,2013-11,0,0,,22,Great computer equipment lock.
A1LZUJF8AQ796R,B00000J4EY,5.0,2014-06,0,0,,35,Love this!
A37RCN295YXNKD,B00000J4EY,5.0,2014-03,0,0,,45,Makes for a great charging station
A34BFOXOM87TCY,B00000J4EY,5.0,2010-06,11,12,0.9167,34,"Does the job, looks pretty good."
A28Q0JA9H8WZOD,B00000J4EY,5.0,2013-11,1,1,1.0,79,Nicely designed to accommodate various sized charger plugs
A2H1X4B3ISLHOG,B00000J4EY,5.0,2013-01,0,0,,42,Good functional outlet
A10ONZJPXOK6G7,B00000J4EY,5.0,2012-05,2,2,1.0,235,just what I needed
A35GCX48AVAQPB,B00000J4EY,5.0,2013-01,0,0,,36,Great Design
A1V5UCC82BEETQ,B00000J4EY,5.0,2012-12,0,0,,37,nice power strip - great shape and cord length
AZXKUK895VGSM,B00000J4EY,4.0,2014-04,0,0,,24,Does what you'd expect.
A30OCGX9SUDKUE,B00000J4EY,4.0,2014-01,0,0,,25,Great power strip
A1C7AR562HE0TF,B00000J4EY,5.0,2013-12,0,0,,102,Handy and Sturdy
A13E4PY6OVAGTX,B00000J4EY,5.0,2014-02,0,0,,145,Exactly what I needed.
A1YJ09IVYZ0FW0,B00000J4EY,5.0,2014-03,0,0,,50,smartsocets 6-outlet
A1JFNZ4UAMEZN3,B00000J4EY,5.0,2011-10,0,1,0.0,97,Impressive surge protector
A2ZHSHIVYKUFQQ,B00000J4EY,4.0,2012-04,7,10,0.7,204,Terrific design; Cord too long
AJQDIT55SZ3ZX,B00000J4EY,5.0,2012-12,0,0,,137,Not using on table but it works well on floor.
A2CNXXVWOAPE0B,B00000J4EY,5.0,2009-01,2,4,0.5,29,Perfect size for big room
A1F1A0QQP2XVH5,B00000J4EY,5.0,2012-10,0,0,,49,Long cord and room for larger adapters.
A1FVN80HHHR3RA,B00000J4EY,3.0,2012-12,2,2,1.0,535,"Poor build-quality, but otherwise it does what it should"
A344UAY8CWTXOI,B00000J4EY,5.0,2013-11,1,1,1.0,66,Circle of Power!
A16EE2RD5VLYE6,B00000J4EY,5.0,2013-12,0,0,,21,Unique!
A2TXG0E15EEHKG,B00000J4EY,5.0,2014-04,0,0,,52,Great Design
A369WEIVFS31G7,B00000J4EY,5.0,2012-08,2,2,1.0,73,Excellent complement to power strip options
AT2J7H5TRZM8Z,B00000J4FS,5.0,2001-11,12,13,0.9231,901,The Palm V connected organizer: Put your mind at ease
A9ELHLPXF7JKD,B00000J4FS,3.0,2000-05,28,35,0.8,139,Not shock resistant
ASWYSSKL9LL9X,B00000J4FS,5.0,2000-01,121,123,0.9837,211,Magnificent!
A1AC0ZLC6SVXSD,B00000J4FS,5.0,2000-03,66,70,0.9429,169,"Excellent synchronization, good software,good bang for the $"
A335QXPTV1RIV1,B00000J4FS,5.0,1999-10,9,9,1.0,101,"Tough first week, thereafter an ESSENTIAL tool"
AV27WAAYOTH0U,B00000J4FS,4.0,1999-10,132,134,0.9851,873,"Awesome product, but larger memory of the Palm Vx is welcome"
A21AOHWYUQ3QEY,B00000J4FS,3.0,1999-12,130,135,0.963,127,"Great style, but an important flaw"
AY8Q1X7G96HV5,B00000J4FS,5.0,2000-08,6,20,0.3,202,"Palm Pilot Series V - Slim, Sleek And Elegant..."
A3TRPVAGT3NWBS,B00000J4FS,5.0,2000-07,13,13,1.0,265,"Absolutely, Positively, Fantastically GREAT!"
A10P8UG177H2XR,B00000J4FS,2.0,2014-06,0,0,,160,What to do if you're into vintage computing
A3UZ17HANZ9F1E,B00000J4FS,4.0,2000-10,22,27,0.8148,273,"Excellent, but already being pushed to last generation."
A3KKOBGO2ZQY3P,B00000J4FS,5.0,2000-05,35,36,0.9722,316,An Incredible Combo of Form and Function...
A1SL5FHOMDDY15,B00000J4FS,5.0,2000-07,2,3,0.6667,197,The long awaited Palm V
A601TLJMZ9CZN,B00000J4FS,3.0,2000-01,28,44,0.6364,125,I like the Palm IIIe
A2IMLPUXYQJTSY,B00000J4FS,5.0,2000-05,13,13,1.0,46,Great Item
A1EH2S92FHWZRP,B00000J4FS,4.0,2010-12,0,0,,70,Ten years old and still working perfectly
A6ILK3FXYH595,B00000J4FS,5.0,1999-07,1,1,1.0,21,After-market Memory Upgrades
A9U1BQILTMSMM,B00000J4FS,5.0,2000-05,20,22,0.9091,140,A tool that will pay for itself...
A2E2I580OO3HET,B00000J4FS,5.0,2000-06,7,7,1.0,333,Invaluable for busy people
A2RU2K55M9S25C,B00000J4FS,4.0,2001-12,5,6,0.8333,87,The classic Palm
A1WVMDRJU19AFD,B00000J4FS,5.0,1999-12,43,44,0.9773,264,"Unlike AOL, the palm is number 1 for a good reason."
A24XFCZJKMAONS,B00000J4FS,4.0,2000-05,0,0,,43,Poorly place power button
A31XREIO9ZOYH4,B00000J4FS,4.0,1999-12,33,45,0.7333,63,"Remember, these things break."
A1SAQB40R8C44A,B00000J4FS,3.0,2000-05,26,32,0.8125,387,Efficient Organizer; but low on features and memory
AYWIO6OYAGFGQ,B00000J4FS,5.0,2000-01,33,35,0.9429,125,I'm finally organized
AGVB3UZIPFHEF,B00000J4FS,5.0,2000-04,13,18,0.7222,88,An Adult Pacifier
A3BSPXD2A2UQ2T,B00000J4FS,5.0,2008-03,0,0,,119,It Continues to Live after 6 years!!!!!
A2T04VAIXSKJH2,B00000J4FS,5.0,2000-02,172,179,0.9609,223,Amazing!
A5V6ZDQQAARJL,B00000J4FS,5.0,2001-10,1,2,0.5,71,I never knew how much I needed this toy!
A1US87X5YUEQ7A,B00000J4FS,5.0,1999-12,7,9,0.7778,49,Don't leave without it
AMC5Y9SMC96Z1,B00000J4GE,5.0,2014-07,0,0,,1,Five Stars
A2756CRIGV5V7T,B00000J4GE,5.0,2013-02,0,0,,50,Good Inserts
A14QXPTYZ90Q7M,B00000J4GE,2.0,2013-08,0,0,,40,Can't really give a rating...
A2OTT4J4JLCL1G,B00000J4GE,3.0,2013-06,0,0,,76,This isn't glossy or semi-gloss
A3BUBZG2VAP67E,B00000J4GE,5.0,2014-07,0,0,,5,Five Stars
A2KIJBT9HRIOM8,B00000J4GE,5.0,2012-02,0,2,0.0,26,Great product and price
A2ZWLZHPWI6JGG,B00000J4GE,4.0,2014-03,0,0,,44,they cool....do the job
A1Y7QU3BUUSI6R,B00000J4GE,5.0,2013-06,0,0,,43,Does the job
A16HZ3PVXRYR4A,B00000J4GE,3.0,2010-12,0,0,,42,So so
A3MJTC00XJWGBF,B00000J4GE,5.0,2010-03,2,3,0.6667,225,Does the job well
AM5176KRA9JA9,B00000J4GE,5.0,2013-03,0,0,,28,Good product.
A3SFQQB23IZVVL,B00000J4GE,5.0,2012-12,0,0,,24,Best CD inserts you can buy
A2XF4BFQ1WPR2E,B00000J4GE,4.0,2014-03,0,0,,37,Cheap = Good
A20BHA430QDYV2,B00000J4GE,5.0,2014-04,0,0,,44,just what I needed
A3A5VMQMYTLXV9,B00000J4GE,5.0,2014-04,0,0,,20,thse are so nice
A3GHZZM7CNK77I,B00000J4GE,5.0,2008-11,2,2,1.0,55,Memorex CD Jewel Case inserts
A3U8J6HOIYKIFM,B00000J4GE,5.0,2010-05,0,1,0.0,28,Memorex Jewel Case ...50 pack
A19B3LR2VGAP88,B00000J4GE,5.0,2011-01,2,2,1.0,87,Excellent jewel case inserts
A3HD4V3W6ZLV4N,B00000J4GE,4.0,2013-12,0,0,,20,Good product
AWAJT50EE2PBD,B00000J4GE,5.0,2013-04,0,0,,28,Fits My Product Needs Exactly
AZBXKUH4AIW3X,B00000J4GE,4.0,2013-07,0,0,,33,These Work Great
A3L8CZT6T4K4PC,B00000J4GE,1.0,2014-05,0,0,,139,No real software available
A3PJTNFMKC508C,B00000J4GE,5.0,2013-06,0,0,,38,CD box inserts
A11JDD2KZVUOT6,B00000J4GE,5.0,2013-01,0,0,,72,Awesome... but not as professional as I'd like
A1KL1YVYYMQE2E,B00000J4GE,3.0,2012-03,1,1,1.0,843,Another Ersatz Insert Replacement - But Good for Custom CD's / Gifts
A1KFSMS14CY4ON,B00000J4GE,3.0,2011-09,2,2,1.0,179,Complicated Assembly
A3ST3KY96FDE6I,B00000J4GE,4.0,2012-09,0,0,,37,What I expected
A1XFI340SHOS5K,B00000J4GE,4.0,2013-10,0,0,,229,Easy to line up
A3KYYFT538CZ0O,B00000J4L8,5.0,2001-04,2,2,1.0,111,Great Medium Sized Company/SOHO Card
A1J87C2DKBO441,B00000J4L8,5.0,2000-05,10,10,1.0,82,Worked fine for me
A2S67FYOJ408L0,B00000J4L8,5.0,2000-07,1,1,1.0,90,Easy To Install And Works The First Time
A2QGQ5KO0RRENL,B00000J4L8,5.0,2000-09,0,0,,39,Awesome card at a great price.
A3C1MJ6AYAJ1PP,B00000J4L8,3.0,2000-05,25,36,0.6944,164,Why not pay less for something that is going to &quot;just&quot; work?
A3PLX6PTM2ERKL,B00000J4L8,5.0,2001-07,1,1,1.0,103,"Simple, Cheap and Effective"
A3I28B9NJBGB5O,B00000J4L8,5.0,2013-05,0,0,,42,Still my favorite.
A1F9YNY2KTBO5H,B00000J4L8,5.0,2001-01,4,4,1.0,203,"Works Well With Red Hat Linux, Windows 9x"
AQL2WVOAADPE2,B00000J4L8,5.0,2000-09,1,1,1.0,25,"Solid cards, Use tulip driver in linux"
AN30G4IKL1BMZ,B00000J4L8,5.0,2001-06,0,0,,64,Affordable and very robust
A39239F78V03U4,B00000J4L8,2.0,2000-03,11,23,0.4783,160,Iffy Quality &amp; Stability. Skip this one!
AJ6SPK7Y38RKW,B00000J4L8,5.0,2000-12,1,1,1.0,160,Great Value and Works Flawlessly with win 95/98
A1JSO7PPEA0W72,B00000J4LQ,4.0,1999-11,17,17,1.0,145,The thing just works!
A3NVZTGPORNPRW,B00000J4LQ,5.0,2013-05,1,1,1.0,102,Good for packet sniffing
A2S67FYOJ408L0,B00000J4LQ,5.0,2000-07,3,4,0.75,45,"Very Nice Unit, Works Excellent, Simple To Install"
A30NZYWSJ5WT7I,B00000J4LQ,5.0,2002-10,2,4,0.5,46,Works like a champ and extremely simple to set up
A8CIFOCCN9G1P,B00000J4LQ,5.0,2011-11,9,9,1.0,56,When you need a hub instead of a switch
A3EQQHWJ1EEYEU,B00000J4M9,5.0,2013-05,0,0,,101,"Hard to find, at a fair price"
A38HCBJDXTSWKK,B00000J4M9,4.0,2002-04,0,0,,172,"Great Hub, Netgear Tech Support could be better."
A2QGQ5KO0RRENL,B00000J4M9,5.0,2000-11,4,4,1.0,91,The best hub for a home network
ACDUPC4QGE99F,B00000J4M9,4.0,2000-09,57,59,0.9661,312,"A solid hub, but 10 Mbps is too limiting today."
A3TUZOJZM9008Y,B00000J4M9,5.0,2002-03,11,11,1.0,49,"Excellent, inexpensive home network solution."
A3A15L96IYUO6V,B00000J4M9,5.0,2001-06,2,2,1.0,53,What else can you ask for?
A2RU2K55M9S25C,B00000J4M9,4.0,2001-12,0,0,,54,Just wish it was cheaper
AJ6SPK7Y38RKW,B00000J4M9,4.0,2000-12,7,8,0.875,125,Great for Home Network!
A25C1PGDWZ5G3V,B00000J4VK,4.0,2010-08,0,0,,17,Still have this case all these year later
AAXG160ES9P7G,B00000J4VK,5.0,2001-11,0,0,,96,Great For Kodak Digital Cameras
A3TPM2VJA0X1Y2,B00000J4VK,4.0,2001-05,5,5,1.0,138,"Great case, fits Olympus D-460"
A2G2QNKDL1Y6AC,B00000J4VK,3.0,2000-11,24,24,1.0,120,OK if your camera fits
AN30G4IKL1BMZ,B00000J4VK,5.0,2001-06,14,14,1.0,138,High quality for a camera bag
A34HJQ50HKYUQ3,B00000J4VL,4.0,2002-12,7,7,1.0,56,Bigger than I thought
A1IT7KPZW9DY05,B00000J4VL,5.0,2001-12,12,12,1.0,106,Great Bag
A1KLBWKUQHSQVW,B00000J4VL,4.0,2003-01,12,12,1.0,209,"Handy bag, pack in a lot for the size"
A1BAT4NZAP6B07,B00000J4VL,5.0,2001-10,3,4,0.75,49,Gameboy on one side.  Digicam on the other.  Lots more room
AAXG160ES9P7G,B00000J4VL,5.0,2001-11,6,7,0.8571,69,Perfect For A Kodak Digital Camera
A36XQ1OK9UUSB0,B00000J4VL,4.0,2001-06,33,35,0.9429,161,Good Bag  !
A2CF6Z5T5AF6NC,B00000J506,5.0,2013-08,0,0,,59,Order Two!!
AEWYZOB8G3MBQ,B00000J506,2.0,2006-02,8,9,0.8889,337,Not Very Durable. Will need battery changes.
A1QRUMZRWUEWEK,B00000J506,4.0,2005-01,4,5,0.8,57,Great item
AOB4X41HYDG3L,B00000J506,3.0,2002-12,48,49,0.9796,197,Solid unit...with a catch
A2CKNYM4Y87MYC,B00000J506,4.0,2006-09,2,2,1.0,130,Protects my stuff
A1NVD0TKNS1GT5,B00000J579,5.0,2000-10,32,35,0.9143,119,"Easy to Use, Almost everything you could want"
A304GUEPCPYM3Z,B00000J579,5.0,2004-06,13,14,0.9286,379,An effective basic soundcard
A111XJY4XSDIY9,B00000J579,5.0,2009-07,0,0,,52,Creative Labs Soundblaster 16 Sound card
AY4B9XKR85TTK,B00000J579,1.0,2010-11,0,0,,51,Bad out of box board
A7RJ19XG5PDRU,B00000J579,4.0,2002-07,6,7,0.8571,82,"Good low-end, no-hassle card"
A3CCYAQRHUTPIQ,B00000J579,3.0,2000-09,4,8,0.5,92,Bathtub
AT4AV7XIQDKQP,B00000J579,3.0,2002-04,8,9,0.8889,122,Ok for the price and basic functions
A1AGGVT4VE56D,B00000J6WY,3.0,2007-01,5,5,1.0,250,Good binoculars if you're not too close
A2EP0WOZE8HCJX,B00000J6WY,1.0,2013-09,0,0,,73,defective upon arrival.
ALVYD6HBLYI0W,B00000J6WY,1.0,2008-07,6,8,0.75,630,Flimsy Product
A3UZ17HANZ9F1E,B00000J6WY,5.0,2000-10,108,121,0.8926,49,Very good binoculars
A298Q3B5R3X54L,B00000J6WY,5.0,2013-04,0,0,,37,Bushnell Powerview 16x50 Binocular
A1U7RWHQX3W141,B00000J6WY,4.0,2008-12,0,0,,92,"Great product, flimsy attachments"
A2H0U8LGLEXHXV,B00000J6WY,1.0,2013-09,1,1,1.0,116,horrible
A19XMHRB3G4DIR,B00000J6WY,2.0,2009-10,4,5,0.8,104,Bad for Birding - Make me dizzy
A32R6DMRW8JBNT,B00000J6WY,4.0,2008-01,4,4,1.0,297,Good For The Money
A1TH70AZA3XZOL,B00000J6WY,5.0,2011-04,0,0,,19,Powerful
AR0TID0Y19R2X,B00000J6WY,3.0,2012-02,0,0,,92,Bino's
A3LJOSAYINSWU3,B00000J6WY,4.0,2014-04,0,0,,22,"little stiff, but great distance"
AQQVPOL6VPVVN,B00000J6WY,5.0,2008-11,3,3,1.0,144,Info
A1KCSW7Y04ZWYJ,B00000J6WY,5.0,2010-08,0,0,,17,very goof for the price
A3UBNP5DWQCNEH,B00000J6WY,5.0,2008-02,2,2,1.0,30,Bushnell Binocs...Great Product
A1RJUXDK64O91A,B00000J6WY,4.0,2004-07,20,22,0.9091,373,Hope this sheds a little light on the product
A1QOF415R8PIJO,B00000J6WY,3.0,2005-04,60,63,0.9524,327,They're OK
A2KZOIOFXXMC1H,B00000J6WY,3.0,2012-04,2,2,1.0,516,"Not bad, but could be better"
A1CV19Z3EDXMJ6,B00000J6WY,1.0,2005-08,24,34,0.7059,139,"HEAVY, and UNSTEADY FOCUS"
A20AAU9AUQ2ATE,B00000J6WY,3.0,2014-03,0,0,,463,Lack of narrow interpupillary range could be a problem - think about Bushnell H2O's instead
A38X9XX2ZRR0ON,B00000JBAH,3.0,2006-11,0,0,,406,"Install disk fail, however manual install works great"
A1DS1VQA47ACCC,B00000JBAH,5.0,2004-08,1,3,0.3333,139,Know Your Computer
ASQIJSJUYE00F,B00000JBAH,5.0,2006-02,0,0,,19,3 MINUTES TO INSTALL
A1KH2YVJA0B6MB,B00000JBAH,5.0,2000-12,2,2,1.0,31,"Easy Setup, Easy Operation."
A1A87C7E8W4W66,B00000JBAH,4.0,2000-05,6,6,1.0,122,Excellent Modem - Excellent Technical Service
A37GFV0AL784BL,B00000JBAH,5.0,1999-11,26,28,0.9286,95,Good Product / Easy to Install
A1WVMDRJU19AFD,B00000JBAH,4.0,2000-05,20,21,0.9524,212,This modem goes both ways (3.3 and 5 volts)
A1R9QOPV6HVEKF,B00000JBAT,3.0,2000-02,0,2,0.0,97,Worth the price with multiple rebates
A1ABVP0DV1ZN89,B00000JBAT,5.0,1999-06,0,0,,89,WOW! THE BEST THING TO HAPPEN TO MUSIC!
A3POK7TFSW520G,B00000JBAT,4.0,2000-01,4,4,1.0,331,Pretty cool!
A41JUIFTT1J4B,B00000JBAT,4.0,2001-07,2,3,0.6667,438,Great little device for short duration play
ARXU3FESTWMJJ,B00000JBAT,2.0,1999-12,17,21,0.8095,273,If only it was better made....
AQ6XS10RR7CE0,B00000JBAT,5.0,2000-02,3,5,0.6,37,cool
A33GO0KKMW20BK,B00000JBAT,3.0,2000-06,3,3,1.0,213,Good sound Weak quality Poor support
A2LFIYTONVQMEQ,B00000JBHE,5.0,2000-01,0,0,,30,Great Speakers
AM765S5A37QB2,B00000JBHE,5.0,2004-06,1,1,1.0,91,Get them while you still can
A3Q5IB0HPGUQXW,B00000JBHE,5.0,2001-10,0,2,0.0,44,i love big speakers!
A3S8A9JBOP1PG7,B00000JBHE,5.0,2007-12,1,1,1.0,137,It's really a pity Yamaha stopped making computer speakers
A1WM8DNWJ8SCEL,B00000JBHE,4.0,2002-11,7,7,1.0,276,"FOR GREAT SOUND: highly, highly, highly recommended"
A1WYKNREHQ30KE,B00000JBHP,4.0,2011-01,0,0,,47,Great Headphones
A24PTVSZSM8968,B00000JBHP,4.0,2013-03,0,1,0.0,92,Pretty nice
A4DZOJ79D9BXE,B00000JBHP,4.0,2013-06,0,0,,78,It serves it purpose well enough
A104VHQ06KFLDT,B00000JBHP,4.0,2010-07,7,7,1.0,36,Inexpensive yet descent sound
AGI34T5QZWBBC,B00000JBHP,5.0,2014-05,0,0,,47,Very happy!
A2NIT6BKW11XJQ,B00000JBHP,4.0,2013-03,1,1,1.0,25,HEADPHONES PERFECT FOR KEYBOARD
A1BDMSJDPX5MDF,B00000JBHP,4.0,2013-02,1,2,0.5,93,Work well
A39KC1FTFJ6WE7,B00000JBHP,3.0,2014-06,0,0,,34,"Price is right and it works,"
A3MVMPFBN1RFFV,B00000JBHP,4.0,2014-03,0,0,,209,"Works good, but kids don't like the feel of the ear foam"
A32VSTSDEPUBHU,B00000JBHP,5.0,2014-02,0,0,,29,Great for checking sound through console
A1VJGPW4W8FBFV,B00000JBHP,2.0,2013-02,3,4,0.75,65,"Sound OK, Comfort SoSo"
A90CJHEDYOPIW,B00000JBHP,5.0,2012-12,0,0,,21,Great Product and Great Price...
A28621TSIR5EOG,B00000JBHP,5.0,2014-01,0,0,,64,Yamaha RH1C Portable Headphones
A31UHOIFMFSCN1,B00000JBIA,1.0,2000-10,24,24,1.0,136,This camera is HORRIBLE!
A1ZYDU26TKRNAW,B00000JBIA,1.0,2001-04,5,5,1.0,54,Just awful; avoid at all costs
A1RPTVW5VEOSI,B00000JBIA,1.0,2000-02,47,47,1.0,91,Not the best choice
A26FYKG5LAHRUH,B00000JBIA,1.0,2000-08,16,17,0.9412,159,BE CAREFUL!!!
A3MEIR72XKQY88,B00000JBIA,1.0,2000-06,28,42,0.6667,148,"Worse than I thought, but at that price..."
A3IIYC4PF1DTG9,B00000JBJQ,4.0,2001-09,2,2,1.0,175,"Baby got BOOM, but not separate volume control."
A1NVD0TKNS1GT5,B00000JBJQ,4.0,2000-10,6,7,0.8571,49,Good little speakers
A1M9126YPQPS3L,B00000JBJQ,1.0,2001-06,8,8,1.0,289,Put on a short leash....
A2MYRMQWSWGR29,B00000JBJQ,2.0,2014-04,0,0,,30,I tossed it out.
A243HY69GIAHFI,B00000JBJQ,4.0,2000-12,27,30,0.9,315,Doubtful most users need more than this
A2VBJ937PKSBG8,B00000JBJQ,5.0,2008-12,0,0,,174,INCREDIBLE SOUND IN A TINY PACKAGE
AFKEI3OEU5U85,B00000JBLJ,5.0,2006-05,0,0,,428,An Outrageous Bargain
A3IBOQ8R44YG9L,B00000JBLJ,4.0,2000-05,26,26,1.0,100,Excellent value. But there are better alternatives
A2UNPQIED8UO2O,B00000JBLJ,4.0,2002-08,3,3,1.0,50,Good value
AMZCZBK1EF1PV,B00000JBLJ,5.0,2000-07,0,0,,90,Excellent headset
A2R9J5LULVKF6T,B00000JBLJ,4.0,2001-09,2,2,1.0,100,Great Value!
A1DE6049MCZ3CE,B00000JBLJ,1.0,2001-01,3,6,0.5,147,They can't hear me
A1VQ61UT9WKCV2,B00000JBLJ,1.0,2000-02,8,13,0.6154,50,Too small
ARJ1P9IS56IE4,B00000JBLJ,5.0,2001-09,1,1,1.0,85,"Comfortable, clear and the price is right"
A2R1ASJJDBM2S4,B00000JBRV,5.0,2014-05,1,1,1.0,44,Modded Masterpiece
A19YIXNURUGK6I,B00000JBRV,5.0,2013-08,0,0,,75,Bought this to cut it apart
A2VRTT04CKK484,B00000JBRV,3.0,2011-07,3,5,0.6,79,$50? Really?
A2MQ3Z1UX5EXUC,B00000JBRV,5.0,2014-04,1,1,1.0,25,Sounds great!
A1ESEP2IGYJDXN,B00000JBRV,4.0,2013-09,0,0,,185,Pretty good for gaming
A155YL0Y0GKUW5,B00000JBUI,5.0,2011-10,3,3,1.0,170,simply amazing and flat out baffling why it is no longer made
A2UEW04N38LVB,B00000JBUI,5.0,2011-05,3,3,1.0,105,Legendary trackball way out of production
A3MMQ88H2WCYVJ,B00000JBUI,5.0,2008-07,1,1,1.0,87,"The best, most ergonomic, most useful trackball..."
A3TWFM69THKQBK,B00000JBUI,5.0,2010-09,0,0,,441,Once superior design now dated and headed for obselesence
A1C8K8UTDSXRXS,B00000JBUI,5.0,2014-01,0,0,,120,Best trackball ever.
A3A48XEYWLWH7T,B00000JBUI,5.0,2000-05,27,28,0.9643,217,Still Unrivalled as Best Trackball Device
A1MJMYLRTZ76ZX,B00000JBUI,4.0,2001-03,10,11,0.9091,614,Made me a convert
A2QZ7Z48X4I4TA,B00000JBUI,5.0,2008-12,1,1,1.0,169,King of the trackballs
AS9YSOCMP1D9D,B00000JBUI,5.0,2007-08,4,4,1.0,97,Still the best after 10 years !
A2D333TODX15EN,B00000JBUI,5.0,2013-10,0,0,,228,Great Trackball
A2XWJK6POTDSP7,B00000JBUI,5.0,2006-05,3,3,1.0,110,"Outstanding, where can I buy another?"
AO5PXGAR6RSYV,B00000JCT8,3.0,2013-12,0,2,0.0,39,Nice Headset
A2T463WX091RTX,B00000JCT8,4.0,2013-07,1,1,1.0,45,There's a delay when used VOX
A449KVVGC9J7I,B00000JCT8,5.0,2014-01,0,2,0.0,53,Work Perfect!
A36J60Z5VCWBQZ,B00000JCT8,5.0,2014-06,0,0,,23,It works great
A1D7WKS43Y6AVY,B00000JCT8,2.0,2011-11,1,1,1.0,109,Doesn't work with all Talkabout Radios
AE5HGZPR0FLGF,B00000JCT8,4.0,2013-08,0,2,0.0,37,using with a set of Motorola MT350R
A3FGOOWBV8SUCA,B00000JCT8,5.0,2013-03,0,2,0.0,21,Love This
A3A15L96IYUO6V,B00000JCT8,4.0,2001-06,5,13,0.3846,52,Recommended accessory for FRS radios
A3QBHMMDRSC5VY,B00000JCT8,5.0,2000-01,92,100,0.92,182,Little things mean a lot to bicyclists
A1XHC34F2MFZ4I,B00000JCT8,1.0,2006-08,1,4,0.25,39,Not compatible with all series
A1CGUQU1YQNJFX,B00000JCT8,1.0,2009-08,1,3,0.3333,15,Cheap product for the price.
A2V5K7WIPS4XOG,B00000JCT8,5.0,2012-12,2,4,0.5,53,Easy on the Ears
A2NQ5LLFYUKUFL,B00000JCT8,4.0,2013-01,1,1,1.0,50,"Works good, but awkward."
A102ZABPUPNYCT,B00000JCTO,4.0,2013-05,0,0,,20,Works fine
A2JVIA9P648H6Y,B00000JCTO,3.0,2010-09,1,2,0.5,77,Not good for Motorcycles
A2CKQA93KUJUH2,B00000JCTO,3.0,2013-12,0,0,,43,Come in Major Tom
A16JV9KHNCJQGF,B00000JCTO,5.0,2012-11,0,0,,21,Work's Great
A37Z65SZVT0TVB,B00000JCTO,5.0,2001-09,8,10,0.8,60,A Necessity
AURW67ORPANXK,B00000JCTO,3.0,2001-02,23,23,1.0,197,"Good quality, but could be better..."
A3S84AU8UJ9P9D,B00000JCTO,4.0,2002-08,13,14,0.9286,74,Good product. Short wire
A2DCWFE9TAMT6P,B00000JCTO,1.0,2014-06,0,0,,55,Very Garbled voice using the built-in Microphone
AEH6EQL2LG02J,B00000JCTO,3.0,2014-05,0,0,,21,Ok
AV5QKR5O2XE1I,B00000JCTO,5.0,2014-05,0,0,,39,Earbud for walkie talkies
A3A15L96IYUO6V,B00000JCTO,4.0,2001-06,16,17,0.9412,64,Recommended accessory for FRS radios
A1XN1D2FGCQC8E,B00000JCTO,3.0,2013-11,0,0,,32,Works but seems flimsy
ATYQBGM6Q5UMD,B00000JCTO,4.0,2008-05,0,0,,76,What's with the short cord
A38K8WFKSUTNJ2,B00000JCTO,5.0,2013-02,0,0,,20,Motorola earbud
AN30G4IKL1BMZ,B00000JCTO,2.0,2012-12,0,0,,136,I had to modify the male plug for it to fit the Motorola radio
A1Y5UABA87I2JI,B00000JCTO,5.0,2013-09,0,0,,47,Great for hunting
A22NZFCXVF7Y51,B00000JD34,2.0,2013-11,0,0,,124,Not an ideal speaker for Walkie units worn on belt lines.
AE9LKENEJLL79,B00000JD34,4.0,2008-04,0,3,0.0,49,hanging thingee
A27S55KYD5LCAT,B00000JD34,5.0,2013-04,1,2,0.5,146,nice works well
A18011LY5SHJSV,B00000JD34,3.0,2014-03,0,0,,66,Doesnt work well skiing
A3B3HBKN6PR2N7,B00000JD34,4.0,2012-07,4,5,0.8,249,Nice Mics
AI1FBBRXK8DL3,B00000JD34,4.0,2013-02,1,2,0.5,20,Motorola 53724 Remote Speaker Mic
A32J6G16FFL8OC,B00000JD34,4.0,2013-03,0,0,,189,"Does the job, mostly"
A3LO4IG4O4REVD,B00000JD34,4.0,2011-07,1,1,1.0,41,Very Convenient!
A26U6HU35KBSWV,B00000JD34,2.0,2013-12,0,0,,43,Stopped working
A3G15U1ZTHYX56,B00000JD34,1.0,2012-10,0,0,,78,very dissappointed
A13BX9O5UDBILC,B00000JD34,5.0,2013-12,0,0,,30,works with all 2 ways with a headphone plug
A1GPS3ULIPNN4R,B00000JD34,3.0,2007-01,18,19,0.9474,43,Works well
A3FGOOWBV8SUCA,B00000JD34,5.0,2013-03,0,0,,23,Great Mic.
AH596GQANP9CU,B00000JD34,4.0,2012-12,0,0,,51,Awesome Handset
A1UYLCO4MXXB70,B00000JD34,5.0,2012-12,0,1,0.0,36,Nice addition to a radio set
A37KD47W5WONHK,B00000JD34,5.0,2011-06,2,2,1.0,77,Motorola Quality for everyone
ATAS1JU2SXBL4,B00000JD34,5.0,2013-01,2,2,1.0,235,Quality Remote Speaker Mic
A39B0SSJKCS0WY,B00000JD34,5.0,2014-02,0,0,,289,looks very promising
A2NYY8Z3CWT3IB,B00000JD34,5.0,2012-06,2,2,1.0,96,Motorola 53724 Remote Speaker Mic
A3TZI7G52WTQGD,B00000JD34,4.0,2012-12,0,0,,40,Like unit doggedly well built
A22A28CW42M1M9,B00000JD34,4.0,2011-08,3,4,0.75,44,Motorola Speaker Mic
A3956O40ZZYFMY,B00000JD3C,5.0,2011-09,0,1,0.0,35,Arrived quickly and packaged well
A8PEBDJYN6B16,B00000JD3C,5.0,2013-04,0,0,,20,Best for what it is.
AE8HKSVNLQRC7,B00000JD3C,1.0,2013-11,0,1,0.0,72,Seem to be non-standard knockoff cassettes
AZYTIZ4EHOAL8,B00000JD3C,4.0,2010-10,0,1,0.0,17,Seem to work fine
A108QN0VQPX1W2,B00000JD3C,4.0,2009-01,0,0,,42,mini cassettes
A2TER9CFVU6V93,B00000JD3C,5.0,2011-10,3,3,1.0,74,hard to find item
A14NIA30HFV68D,B00000JD3O,5.0,2011-06,0,0,,152,Great little trash bag!
A1UWT5AETD0NY2,B00000JD3O,4.0,2011-06,0,0,,65,"Great bag - stores plenty, easy to empty"
A2THQCHKR89E16,B00000JD3O,5.0,2011-05,0,0,,33,A great way to keep the car clean
A3A4WASUJDYCE3,B00000JD3O,5.0,2010-06,1,1,1.0,93,great auto trash bag!
A21BPMOV9NV2DJ,B00000JD3O,4.0,2011-10,1,1,1.0,37,very good but small
A3K8OOB88ICB2E,B00000JD3O,4.0,2011-07,0,0,,89,I like it
AR3HUTA2RFUL5,B00000JD3O,4.0,2012-01,0,0,,129,Good car trash bag with a couple minor cons
A158D4T6S70AWO,B00000JD3O,5.0,2013-08,0,0,,27,Did the trick
A209G57KXCBF4C,B00000JD3O,5.0,2011-09,1,1,1.0,125,fantastic - does the trick
AW37W6PEWFCD7,B00000JD4T,5.0,2009-06,0,0,,11,short-wave radio.
A9AVOPGTAWJ1K,B00000JD4T,2.0,2006-10,4,5,0.8,250,Not quite what I expected
A2FD03H5CQG76E,B00000JD4T,2.0,2003-12,15,16,0.9375,114,Flash But No Substance
A32VHSD0V87NOU,B00000JD4T,1.0,2007-01,4,4,1.0,89,DECEITFUL SELLERS = JR MUSIC & Amazon
A3HJGWV3E5U502,B00000JD4T,1.0,2007-02,0,0,,99,Save your money!
A38Q2EI3LM24VT,B00000JD4T,5.0,2012-04,2,2,1.0,186,"One Version Great, One Terrible"
AEE2GJR0VF6R7,B00000JD4T,5.0,2000-05,2,18,0.1111,17,Looks good.
A18H2E8QLI8XGZ,B00000JD4T,2.0,2009-08,2,2,1.0,266,Barely satisfied but only due to the low purchase price!
AJJV9Z17KV6GR,B00000JD4T,2.0,2003-10,16,16,1.0,95,Not the best from Grundig
A21AX7U9UNIV75,B00000JD4V,5.0,2005-04,3,3,1.0,64,Awesome radio
A9E7XZEMW0K9V,B00000JD4V,5.0,1999-12,93,95,0.9789,179,A portable with full size sound.
A1D0KL9ZD7SU56,B00000JD4V,4.0,2005-06,6,6,1.0,278,A Lot of Bang-for-the-Buck
A3097DNGRCNJEV,B00000JD4V,4.0,2004-10,11,11,1.0,282,A much better radio than I thought it would be.
A2BLITJITO97N5,B00000JD4V,5.0,2004-01,15,15,1.0,150,Great radio
ABQ255D6JXBNV,B00000JD4V,5.0,2013-09,0,0,,35,Yacht Boy 400 Great Radio
A1X3DA7C61WZLQ,B00000JD4V,4.0,2004-12,7,9,0.7778,284,Fantastic sound.  Not for the bedside.
AP6SQ9NLF1QYZ,B00000JD4V,1.0,2007-10,3,11,0.2727,103,"Good FM clock radio, very bad SW receiver"
A3BY5KCNQZXV5U,B00000JD4V,4.0,2005-06,7,8,0.875,193,Great Electronics Value - some bad packaging design
A3NCIN6TNL0MGA,B00000JD4V,4.0,2004-10,20,23,0.8696,154,Excellent Radio with One Glaring Weakness
A1SCWY8O0IL2HU,B00000JD4V,5.0,2000-02,44,45,0.9778,221,A Great Shortwave Receiver
A1CCBLW6NH70ID,B00000JD4V,5.0,2002-12,18,19,0.9474,138,Very nice radio
A301OOJQXCXXO5,B00000JD4V,4.0,2005-09,3,3,1.0,78,Great Portable With Excellant Reception!
AJJV9Z17KV6GR,B00000JD4V,3.0,2003-10,46,50,0.92,223,Average performance radio
A2JA7C0WEMB1M7,B00000JD4V,5.0,2003-02,40,41,0.9756,146,The best shortwave I've owned
A3S5USAAZE6029,B00000JD4V,4.0,2011-02,2,2,1.0,130,Very Good Radio
A954QD0JVPDYF,B00000JDEL,5.0,2000-07,26,27,0.963,149,Awesome value - very user friendly
A2X8KN82L07RSK,B00000JDEL,4.0,2005-01,1,1,1.0,323,Only wish they still made them like this...
A39Z1MT92AMF5E,B00000JDEL,4.0,2000-10,3,3,1.0,136,Kodak 240
A3J5VAB9PZN1T3,B00000JDEL,5.0,2000-07,9,10,0.9,138,Good bang for the buck
A2SKR9O60ZE62D,B00000JDEL,5.0,2000-09,4,4,1.0,74,"Great Camera, Great Features, Easy Use"
A2LKEE1EP7KLD2,B00000JDF5,4.0,2014-07,0,0,,1,Four Stars
A18EQZ8EIR31YU,B00000JDF5,2.0,2014-03,0,1,0.0,21,I thought it was meant to be a fancy cable
A1J87C2DKBO441,B00000JDF5,5.0,2000-05,26,28,0.9286,28,Love Belkin cable
A141NV31GSC2CQ,B00000JDF5,5.0,2013-10,0,1,0.0,76,"Short cord, perfect for my setup"
A1WPDGKWL4ANIS,B00000JDF5,4.0,2013-07,0,1,0.0,26,Just what I wanted
A2019UPX8SO317,B00000JDF5,5.0,2013-07,0,1,0.0,21,Works great for behind the tv
A1JTQ5TNBCTWPV,B00000JDF5,5.0,2013-08,0,1,0.0,23,Great Price
A1KUEYKLNP6CIW,B00000JDF5,5.0,2011-06,0,1,0.0,190,Works as expected
A1SF0589DRG9AD,B00000JDF5,4.0,2011-01,2,3,0.6667,42,Just Right
AEQKUNN8X67EN,B00000JDF5,5.0,2011-12,0,1,0.0,38,Great Price. Works.
ASRMT0X0G4UU2,B00000JDF5,4.0,2011-09,0,1,0.0,62,good quality short ethernet Cat 5e cord
AL6R8X23EGQNG,B00000JDF5,5.0,2011-07,0,1,0.0,27,Just what I needed
AZI2LSICN77KW,B00000JDF5,5.0,2014-04,0,0,,83,Rugged and best length for my needs
A2D77G2B5FTSKM,B00000JDF5,4.0,2013-01,0,1,0.0,64,Bought this to System Link two Xbox 360s.
A14JBDSWKPKTZA,B00000JDF5,5.0,2003-09,33,42,0.7857,349,These cables are tops in any size
A171OFMZU7XP72,B00000JDF5,5.0,2013-12,0,0,,180,It's been snagless and it has worked well for me. Highly recommended
A22VA25WNAMON7,B00000JDF5,5.0,2013-06,0,1,0.0,30,what can i say?
A2EQVLY0BKQINM,B00000JDF5,5.0,2014-05,0,0,,23,Does what it's supposed to
AS730BK4JQF0V,B00000JDF5,5.0,2013-09,0,1,0.0,42,Reliable at a great price
A3MW8B6I2LXVWR,B00000JDF5,3.0,2014-03,0,0,,44,"Yussiree, it's CAT-5!"
AFW5OSWR85WRY,B00000JDF5,5.0,2014-02,0,0,,20,Not much to say
A1WWW237KEJDJY,B00000JDF5,5.0,2014-06,0,0,,10,CAT 5e cable
A3S5AME3Q5SFDD,B00000JDF5,5.0,2013-10,0,1,0.0,38,SOOOO much cheaper than a local store.  Cables work great.
A26UGCSD0QA6FC,B00000JDF5,5.0,2011-05,0,1,0.0,55,It works. It's a cable.
A1HTXF6132KVZY,B00000JDF5,5.0,2013-01,0,1,0.0,26,Great Product
A32IJ34W2PUHT7,B00000JDF5,3.0,2014-03,0,0,,21,I like it
A6H2C3IPC0J9Q,B00000JDF5,5.0,2013-12,0,0,,57,Works Great!
A2CRIC1BKMLACP,B00000JDF5,5.0,2013-11,1,2,0.5,35,Good for short jobs.
A22WODWOZKCO40,B00000JDF5,5.0,2013-09,0,1,0.0,30,Belkin 3-Foot RJ45 CAT 5e Snagless Molded Patch Cable (Blue)
A3P47HE94ZHGP7,B00000JDF5,5.0,2013-01,0,1,0.0,62,Simple working cables
A35B9KQC3483CR,B00000JDF5,5.0,2013-05,0,1,0.0,99,Short and sweet
A2N607UFKAA5MM,B00000JDF5,5.0,2014-03,0,0,,20,Great cheap cable
A3SG4FNILRZH5S,B00000JDF5,5.0,2012-02,0,1,0.0,34,Belkin Cat-5e Patch Cable (Black 3ft)
A10CY1HLD2P2Y0,B00000JDF5,4.0,2012-01,2,3,0.6667,37,great little cable
AQ28L0J970DVW,B00000JDF5,5.0,2013-03,0,1,0.0,20,High quality product
A2VZ43530IHTJU,B00000JDF5,5.0,2013-08,0,1,0.0,19,Perfect Ethernet Connector for Short Distance Connections
A2HSRVGCSNHW97,B00000JDF5,5.0,2013-11,1,2,0.5,27,It does everything you expect a blue cat 5 cable to do.
A1K2Q0OI20VB24,B00000JDF5,4.0,2014-05,0,0,,51,Good cables at a reasonable price. The choice of COLORS was my main reason for choosing this series of cables.
A2HYEGYQXWXCJX,B00000JDF5,5.0,2013-05,0,1,0.0,42,Another satisfied customer
A291IOKN3QEQNQ,B00000JDF5,5.0,2013-05,0,1,0.0,42,Solid Cable
A3ERS94QZJJ9EP,B00000JDF5,5.0,2013-09,0,1,0.0,31,"Great price, short cable"
A2YOI67EI4N4D,B00000JDF5,5.0,2013-02,0,1,0.0,27,Good quality
A28X7NZ02016FO,B00000JDF5,5.0,2011-03,2,3,0.6667,263,Snagless is right.
A439RDKQQIYR3,B00000JDF5,5.0,2013-12,0,0,,23,nice set of wires
A1FZZV7MKUE0MK,B00000JDF5,5.0,2011-08,0,1,0.0,37,Good cable.
AHE4RU04NVDHR,B00000JDF5,5.0,2013-02,0,1,0.0,26,Works fine
A1FJU0BFGSBF3K,B00000JDF5,5.0,2013-01,0,1,0.0,22,Nice
A32S5XUIJ6NEX0,B00000JDF5,5.0,2013-01,0,1,0.0,22,needed a new one
A3OIGJHNDIU7OV,B00000JDF5,5.0,2013-12,0,0,,34,Works well
A1D8JPKIZ9SZYL,B00000JDF5,5.0,2013-07,0,1,0.0,70,"Short, simple, sweet"
A3M8D93CGFP9JU,B00000JDF5,5.0,2008-11,1,2,0.5,30,What more can you say about a cat5 cable?
AKP9TEMA1T01X,B00000JDF5,5.0,2013-12,0,0,,34,No trouble
A22TJPZOUI9DE1,B00000JDF5,5.0,2013-08,0,1,0.0,25,gets the job done
A1R3GN9MEJFXM3,B00000JDF5,5.0,2013-11,1,2,0.5,57,Quality Cat 5 patch cable for a network rack
A3CJABT03EG9FE,B00000JDF5,5.0,2013-07,0,1,0.0,42,typical
A2CS5VHXSF8ABK,B00000JDF5,5.0,2009-10,97,104,0.9327,83,It works
A3IGETH1M17L0W,B00000JDF5,5.0,2014-07,0,0,,19,Works as good as any cable you can buy in your local ...
A2IXAPF182DWBL,B00000JDF5,5.0,2011-03,0,1,0.0,24,Great Value
A3QMZJARX8M858,B00000JDF5,4.0,2013-10,0,1,0.0,45,Works as advertised
A2ZD6GWOWGMC11,B00000JDF5,5.0,2014-07,0,0,,9,Five Stars
A2XD50D7HKTTZE,B00000JDF5,5.0,2014-04,0,0,,20,Great cable
A32B6XWNR55SRL,B00000JDF5,5.0,2013-07,0,0,,48,Best price I found
A1VNONWPXHI3LT,B00000JDF5,4.0,2014-02,0,0,,19,Blue
A1RUOPLRT1W7P7,B00000JDF5,5.0,2013-08,0,1,0.0,30,it does what it does
A3SCHXMAJDLLUU,B00000JDF5,5.0,2013-11,0,1,0.0,20,This cable is a quick fix for a small cable problem
AP7IT6ZJMDVUA,B00000JDF5,5.0,2010-11,2,3,0.6667,30,"Straightforward, plug and play"
A1XP5DDWIHLH0Q,B00000JDF5,5.0,2012-10,0,1,0.0,26,Belkin Cable
A1OG5AUTRLC040,B00000JDF5,5.0,2013-11,0,1,0.0,43,No complaints
A3963R7EPE3A7E,B00000JDF5,5.0,2010-04,9,10,0.9,157,All Factors GO
A3UL00RH3B9MMC,B00000JDF5,5.0,2013-02,0,1,0.0,21,It worked
A3U7I2H2SLL8C8,B00000JDF5,4.0,2011-10,0,1,0.0,28,What I expected
A7958QGR5LEDZ,B00000JDF5,5.0,2014-01,0,0,,21,as expected
A2JOPUWVV0XQJ3,B00000JDF5,4.0,2014-06,0,0,,47,Decent Quality
A2QV5G2WEWP15M,B00000JDF5,5.0,2013-08,0,1,0.0,33,"Simple, cheap, gets the job done"
A1WLV9I6MMMDM5,B00000JDF5,5.0,2012-12,0,1,0.0,20,Does what it's supposed to
A3UP19I6HSILR9,B00000JDF5,4.0,2012-10,0,1,0.0,75,Good Cable
AT4KBG3R728L8,B00000JDF5,3.0,2013-12,0,3,0.0,45,No Idea why I bought this.
A3A2QISZ44247F,B00000JDF5,5.0,2014-03,1,1,1.0,20,Works
AN9FFU7XP6TL5,B00000JDF5,5.0,2014-04,0,0,,20,Sometimes shorter is better
A32V1A0ER6VKTX,B00000JDF5,5.0,2014-01,0,0,,21,As you'd expect
A1QNOY9QHX1YS9,B00000JDF5,4.0,2012-12,0,1,0.0,85,It works and thats what matters...
A2MGM6AJYYLSAG,B00000JDF5,2.0,2014-05,0,0,,30,stuck
A18E7XYFB86Q84,B00000JDF5,5.0,2014-03,0,0,,21,Simple Patch
A38LHIAC52T0UH,B00000JDF5,5.0,2013-10,0,1,0.0,56,Great cables
A10BH1JDT6SNGA,B00000JDF5,5.0,2013-10,0,1,0.0,28,No more no less
A2I3RZM3UC2Z3G,B00000JDF5,5.0,2014-05,0,0,,61,It is a length of blue CAT 5 cable
A3NXN2XK3S4HN1,B00000JDF5,5.0,2009-11,6,7,0.8571,56,Very Good Deal
A3BOV3A8GZJ0AT,B00000JDF5,5.0,2013-07,0,1,0.0,21,works
A30CV4T4I9Y89P,B00000JDF5,4.0,2013-06,0,1,0.0,38,It is a cable
A1IGVPJTW1ED3W,B00000JDF5,5.0,2014-03,0,0,,40,Compact Cable.
AE8LM3YURTAF4,B00000JDF5,5.0,2013-10,0,1,0.0,24,Works Great!
A24VVE3E7D4GVQ,B00000JDF5,5.0,2013-02,0,1,0.0,46,Worked great!
A2YAXL6USA6MJO,B00000JDF5,5.0,2013-06,0,1,0.0,25,Tough
A3B6PCNC86UB86,B00000JDF5,5.0,2013-04,0,1,0.0,29,It Works
AUX0AAT25O9O0,B00000JDF5,5.0,2013-01,0,1,0.0,22,Cable
A3HNMDZLMAX9H9,B00000JDF5,5.0,2013-09,0,1,0.0,20,Well Constructed
A21WV6SJFB21AM,B00000JDF5,5.0,2013-01,0,1,0.0,77,Why Pay More?
A3T5U8741AEXWU,B00000JDF5,5.0,2011-12,1,2,0.5,25,Gread Value
A26W5C2OC26ZXI,B00000JDF5,5.0,2014-02,0,0,,25,Nice
AR6E0WAEOCUKI,B00000JDF5,5.0,2013-02,0,1,0.0,82,great
A3SKD7PP6S0II4,B00000JDF5,5.0,2014-05,0,0,,39,Good cable.
A2K5FK58JSWXJ9,B00000JDF5,4.0,2000-08,11,15,0.7333,38,Great Cable
AYEXT1RVLWRXW,B00000JDF5,4.0,2009-04,0,1,0.0,34,Good cable
A3V8K9BG9DSC11,B00000JDF5,4.0,2013-12,0,0,,41,Just what I needed
A2TAY3SZ3TF5EI,B00000JDF5,5.0,2014-02,0,0,,21,How do you rate a cable?
A30RMQZADGBG6V,B00000JDF5,5.0,2012-12,0,1,0.0,20,Good Price
A3EU21JSI4F2QH,B00000JDF5,4.0,2013-01,0,1,0.0,23,Good cable
A4KNTF8EEFAKK,B00000JDF5,3.0,2014-02,0,0,,20,Cheap but works
AV4OIRMTG6QXC,B00000JDF5,5.0,2014-06,0,0,,21,Good short cable
A3DVCKQY3WN6ZU,B00000JDF5,5.0,2014-01,0,0,,22,These do exactly what you need them to do!
A3V1A3C9DTLPME,B00000JDF5,5.0,2011-07,0,1,0.0,63,"The less you have to think about the cord, the better crafted it must be."
A4U8NV8P13RH9,B00000JDF5,5.0,2014-03,0,0,,30,Belkin 3-foot internet cable
A20CC4CZ7EL7D7,B00000JDF5,5.0,2010-04,3,4,0.75,16,Great Cable
A2AXDNZG8JIVAW,B00000JDF5,5.0,2011-10,0,1,0.0,48,Great Product!
A3HOU7C1FRGTXI,B00000JDF5,5.0,2014-06,0,0,,36,Attractive quality made cat 5 cable
AHZ0OA3U26THX,B00000JDF5,4.0,2014-03,0,0,,21,works Great!
A8AIHHQ300K0Q,B00000JDF5,5.0,2013-07,0,1,0.0,47,nothing wrong with them
A2H9S6PTI94ELV,B00000JDF5,5.0,2014-01,0,0,,25,Great cable
A3APKVUOTQ20KQ,B00000JDF5,5.0,2013-11,1,2,0.5,23,It's a cable
A33H8NZQ7UVSC7,B00000JDF5,5.0,2012-10,0,1,0.0,20,Good
A2FGU9ML27G3Q2,B00000JDF5,5.0,2011-03,0,1,0.0,30,great price for a genuine Belkin CAT5e patch cable
A38155DKJODLWZ,B00000JDF5,5.0,2011-09,0,1,0.0,30,cheap and prefect
A3LZEFHIYZ1FGA,B00000JDF5,5.0,2010-05,8,10,0.8,61,"Solid, reliable, inexpensive."
A2XR40GPJM6I6L,B00000JDF5,4.0,2014-06,0,0,,25,Belkin  Patch Cable
AAW7X3GRD8GY9,B00000JDF5,5.0,2011-10,0,1,0.0,25,Exactly what I ordered
A1PGGWY26N3SP4,B00000JDF5,5.0,2012-02,1,2,0.5,30,Belkin cat cable
A3V8P0O224OBDB,B00000JDF5,5.0,2013-08,0,1,0.0,43,Great cable!
ALTD3G36MJTGO,B00000JDF5,5.0,2014-03,0,0,,20,great cables.
ABDX7H5LA2IB0,B00000JDF5,5.0,2010-04,2,3,0.6667,23,Good cables.
A327GK6XKAKQZG,B00000JDF5,5.0,2012-02,3,4,0.75,138,Cheapest Buy
AQBAN131RIXIZ,B00000JDF5,5.0,2012-11,0,1,0.0,35,good quality cable
A2AA9EL5OTG0T5,B00000JDF5,5.0,2013-02,0,1,0.0,22,Good deal on a short cable
A1DE7W7O9L1UYX,B00000JDF5,5.0,2012-11,0,1,0.0,29,patch cable
A27BPKU7ZJ3NOO,B00000JDF5,5.0,2013-06,0,1,0.0,20,High quality in bulk packaging
A2865Q3GBNDKFV,B00000JDF5,5.0,2011-12,1,2,0.5,18,Perfect
A1F81UOEZWZ01A,B00000JDF5,5.0,2013-10,0,1,0.0,55,ethernet cables
A1P7GKSA09Z20U,B00000JDF5,3.0,2014-04,0,0,,25,It is what it is.
A140KFMVPOLASZ,B00000JDF5,5.0,2013-05,1,2,0.5,27,it works
A3R3W0GZUR17TK,B00000JDF5,4.0,2013-10,0,1,0.0,23,Good Cable
A1S5QVS3YLY6FK,B00000JDF5,5.0,2012-02,3,4,0.75,266,Better router connection
AY6A8KPYCE6B0,B00000JDF5,4.0,2013-09,0,1,0.0,72,Works Great - Orange Color is Ugly
A33E61AGL43KTS,B00000JDF5,5.0,2013-11,0,1,0.0,29,Good Quality Cable
A72KEKIG7WATK,B00000JDF5,5.0,2013-05,0,1,0.0,25,Works Like A Champ
A3RVAT0EUNM2MI,B00000JDF5,5.0,2014-05,0,0,,45,Gets the Job done
A337UU54VPYJLP,B00000JDF5,3.0,2013-08,0,2,0.0,19,"Average quality, plugs are not plated"
A1P8W0HATB9U86,B00000JDF5,5.0,2014-01,2,2,1.0,83,Cheap and They Work!
A1MML2MUXAA8AM,B00000JDF5,4.0,2013-09,0,1,0.0,23,Does Fine
A2GBQVP43UVKTA,B00000JDF5,4.0,2013-08,0,1,0.0,37,Ethernet cable Blue 3ft long!
A3TRSUX9JYKNCJ,B00000JDF5,5.0,2011-11,0,1,0.0,69,Perfect for My Needs
A1FISS9YFJCXVG,B00000JDF6,5.0,2005-12,6,6,1.0,53,It is perfect.
A1KNHTFGH5X84I,B00000JDF6,5.0,2012-10,0,0,,24,It works. It's snagless.
A212MDP6K4VJS5,B00000JDF6,5.0,2002-06,1,1,1.0,89,It broke...and they sent me a new one! FREE!
A14JBDSWKPKTZA,B00000JDF6,5.0,2003-08,52,54,0.963,341,Pre made cables versus a big roll
A3BA8YMGPWARPM,B00000JDF6,5.0,2012-06,0,0,,35,Connecting it from modem to PS3. Works fine
AGDKPD4DZD1L0,B00000JDF6,5.0,2012-07,0,0,,75,This works perfectly!
A1VGFVLWGGR4YX,B00000JDF6,4.0,2013-08,0,0,,20,What's there to say about CAT 5 Cable.
A2IZHXL66QBRNW,B00000JDF6,5.0,2012-12,0,0,,26,Great price
AATOKZ7EFZARA,B00000JDF6,5.0,2012-07,0,0,,83,"High quality cable, but you might want to roll your own"
A1OQS6JOD52Z84,B00000JDF6,5.0,2013-08,0,0,,28,Great cable at good price
A24QH83RNAKZGR,B00000JDF6,3.0,2013-01,2,3,0.6667,23,Okay
AQ4CDTEJMPTOS,B00000JDF6,5.0,2013-08,0,0,,22,Good cable
A27T9BZ9WP57BY,B00000JDF6,5.0,2013-06,0,0,,33,good
A204ETWOV23HO4,B00000JDF6,5.0,2002-08,14,15,0.9333,54,Excellent cable!
A3DWCCNBLNKWAQ,B00000JDF6,4.0,2014-04,0,0,,26,Internet connection Extension.
A1BWD4UA5QTBOI,B00000JDF6,5.0,2012-12,0,0,,22,Cord is nice
A28X0LT2100RL1,B00000JDF6,5.0,2013-08,1,1,1.0,133,"Yep, this is the best LAN cable"
A1OKXYEBH75140,B00000JDF6,5.0,2013-11,0,0,,27,"One of the very best, buy it!"
A24P7YUPH9L5XU,B00000JDF6,5.0,2006-03,6,6,1.0,26,Great price
A13JB1PC2F89MY,B00000JDF6,5.0,2009-03,0,0,,19,Great Product
AC8PYR6RJY04M,B00000JDF6,5.0,2013-09,0,0,,21,Appears to be durable and well constructed.
A2MWHD94CP06QL,B00000JDF6,5.0,2013-02,0,0,,21,Does The Job
A1V3TRGWOMA8LC,B00000JDF6,5.0,2008-02,0,0,,43,"Long cable, low price."
A1WO5XDNFM80Y8,B00000JDF6,5.0,2008-04,0,0,,40,Good cable value
A2HT87FB90NI27,B00000JDF6,5.0,2001-09,0,0,,32,"Works great, priced great"
A1OEIH3SU8TSJC,B00000JDF6,5.0,2014-01,0,0,,28,Just as Described
A3G91OD8ODO80V,B00000JDF6,5.0,2012-01,0,0,,23,Good Product
A3HXSYE3AEP812,B00000JDF6,5.0,2014-02,0,0,,45,I use it every day
A1NZLRAZJGD99W,B00000JDF6,2.0,2013-12,2,2,1.0,118,Not Sure About this Product.
AOHNLSWSOLK8N,B00000JDF6,4.0,2014-03,0,0,,24,I needed a long cable for occasional use...
A1N5U7RRKEJS9T,B00000JDF6,5.0,2008-06,0,0,,15,Just what we needed
A38LHIAC52T0UH,B00000JDF6,5.0,2013-10,0,0,,60,Belkin for the win
A1MRESWHA86B5B,B00000JDF6,5.0,2014-05,0,0,,20,"It's works, what else is there to say."
A21IOH964XF1AI,B00000JDF6,5.0,2005-01,6,6,1.0,19,belkin cable worked for me
A3Q0XALDVB66VQ,B00000JDF6,5.0,2012-08,0,0,,89,Reliable Name Brand at a Great Price
A2089FS2PJ9OZB,B00000JDF6,5.0,2014-03,0,0,,23,It's blue
A2TNTY0JVQGGBJ,B00000JDF6,2.0,2013-04,4,4,1.0,121,"Not the same Belkin, now MADE IN CHINA"
ADD6H83G26BIW,B00000JDF6,4.0,2013-04,0,0,,23,just right
A3K7A4GPMV3C22,B00000JDF6,1.0,2010-05,27,30,0.9,83,Received a fake Belkin Cable
A13OMZX5UHL36K,B00000JDF6,5.0,2011-02,0,0,,63,Belkin Cat5 ehternet cable
A1522TN5FVJL0Y,B00000JDF6,5.0,2002-07,4,4,1.0,29,50 ft of blue bandwitdth
A3UXW18DP4WSD6,B00000JDF6,5.0,2013-04,0,0,,56,50 foot premade
A3J8BLQ2HLK4WZ,B00000JDF6,5.0,2011-01,1,1,1.0,38,Works perfectly. Great value.
A1EN4XAKX9LK4A,B00000JDF6,5.0,2005-09,20,22,0.9091,44,Go cables!
A3JX1D26WFEXOS,B00000JDF6,5.0,2009-06,1,1,1.0,42,Premade Belkin Blue RJ45 Ethernet Cable - Snagless Baby!
AMIU8UVMZJLER,B00000JDF6,5.0,2004-03,6,6,1.0,79,Very good Ethernet Cable
A24ECQCIUKA2Y3,B00000JDF6,5.0,2013-11,0,0,,25,Good Deal
A2Z7FGJ2UCQV7T,B00000JDF6,5.0,2013-06,0,0,,52,QUALITY CAT 5E BELKIN CABLE 50'
A2IPDJISO5T6AX,B00000JDF6,5.0,2013-03,0,0,,36,Buy it for the great deal!
AJ6WCVOY4HP06,B00000JDF6,5.0,2003-02,0,0,,38,"its long, its strong, its down to get the friction on!"
A2B201HPHQVX3V,B00000JDF8,5.0,2012-12,1,1,1.0,27,Good item for teaching a class
A1FPVTPIJF9IIQ,B00000JDF8,5.0,2013-07,0,0,,55,Great for out of sight PC
A2P1G7ONLUBJ7O,B00000JDF8,5.0,2013-10,1,1,1.0,27,Great buy
A1PG70NH85K859,B00000JDF8,3.0,2013-04,0,0,,39,It worked for me
AY99XJF8S74Q5,B00000JDF8,5.0,2013-10,0,0,,20,good cables
A2I5LVVQ7WXEH6,B00000JDF8,5.0,2013-03,0,2,0.0,23,"Belkin VGA Monitor Extension Cable, 10ft"
A1F041LBLQNOZW,B00000JDF8,5.0,2013-01,0,0,,28,VGA extension fix.
A3VDWR7HE54SB2,B00000JDF8,5.0,2014-03,0,0,,83,"Good cable, used for VGA extender"
AG3ICATDLQ3EQ,B00000JDF8,5.0,2010-03,0,0,,159,*UPDATE: great Male to Female VGA extension cable
APZ51EQUCB79F,B00000JDF8,5.0,2013-04,0,0,,28,Works just fine
AGQZW9MI41AFR,B00000JDF8,5.0,2011-10,0,0,,90,Brand Name Quality - Discount Price
A3ULKL4TS05ZGX,B00000JDF8,5.0,2010-12,0,0,,50,great product at a good price
A2C00NNG1ZQQG2,B00000JDF8,5.0,2014-04,0,0,,21,Works perfectly
A29WPOE56CCG1X,B00000JDF8,1.0,2011-10,0,0,,48,Not working
A28Y1YD0QK88M5,B00000JDFI,5.0,2014-04,0,0,,54,Does its job as it's supposed to. A lifesaver if you need to run DOS and print.
AT2BYFEVLVITT,B00000JDFI,5.0,2000-06,4,6,0.6667,50,Great speed even with multiple devices attached
A1IH42TUIZ2XJL,B00000JDFI,5.0,2008-12,2,2,1.0,20,Extra long Printer Cable
AFJ0ZC0BL7NV3,B00000JDFI,5.0,2012-11,0,0,,101,Well made and itworked!  Cost-effective.
ANUB9JPLMT41O,B00000JDFI,5.0,2013-08,0,0,,22,typical great belkin quality
A1ZRKRDFWG1TC,B00000JDFI,5.0,2013-11,0,0,,24,Quality cable
A1RFYCSNNOJ0VW,B00000JDGQ,4.0,2001-05,2,2,1.0,525,Cheap but powerful speakers
A1LWYVLGA3N2R4,B00000JDGQ,4.0,2000-02,25,26,0.9615,131,great value
AEUV9916W7NQM,B00000JDGQ,4.0,2001-03,0,0,,80,great value but one flaw
A1KH2YVJA0B6MB,B00000JDGQ,5.0,2000-12,2,2,1.0,19,Simply  WOW!
A2VW4FYZILSXF2,B00000JDGQ,5.0,2001-09,1,1,1.0,297,Good Bang For The Buck
A3C1MJ6AYAJ1PP,B00000JDGQ,4.0,2000-03,9,10,0.9,110,No complaints
AGOL1UIZVLC75,B00000JDGQ,4.0,2001-05,1,1,1.0,57,3+ years and still going strong
AQ6XS10RR7CE0,B00000JDGQ,5.0,2000-02,1,2,0.5,15,for the price and size
A3IB1W0SVED0Z3,B00000JDGQ,5.0,2001-06,4,4,1.0,426,A compact audio dynamo!
A6ZPLVAUQ6695,B00000JDGQ,5.0,2000-09,16,16,1.0,237,Great set of speakers.
A1OG22AV0FS7F1,B00000JDHV,2.0,2013-10,0,0,,77,Old product
A1KNSBM4VIPXED,B00000JDHV,5.0,2013-05,0,0,,68,"Super Camera, but not supported for WinXP or above."
A2I76U2KSA7QWL,B00000JDHV,5.0,2005-08,0,0,,98,TOO bad 3COM Web Cams are a thing of the past....
A1B3GNO9C8YX0N,B00000JDHV,3.0,2002-03,3,3,1.0,103,"OK, but watch out!"
A3C4JNSTXZEMTL,B00000JDHV,4.0,1999-10,96,100,0.96,63,"Excellent camera, but expect no help from 3com"
A2TYHWXZPE415M,B00000JDHV,5.0,1999-12,234,236,0.9915,154,Great pictures for a Webcam
A38T55CCT4B3E6,B00000JDHV,5.0,2003-09,3,3,1.0,148,I own three and run them on Win2K and XP
A3A0KPQ1458501,B00000JDHV,2.0,2003-09,5,6,0.8333,263,"Bad color, bad framerate, installs well"
A31BD4RXCON7QO,B00000JDHV,5.0,2009-02,0,0,,39,"Good optical quality webcam, find a used one"
A17KYU38U9WRVW,B00000JDHV,5.0,2000-05,0,0,,120,Great PC Camera - Works smoothly with Adobe 5.0 products
A2PWNYM29NJ2J4,B00000JDHV,4.0,2001-06,3,4,0.75,339,Excellent image quality! User friendliness could be improved
A38IFC31823UST,B00000JDHV,1.0,2006-04,0,5,0.0,125,Barely Works
A2ZY199QQQY3FB,B00000JDHV,3.0,2014-02,0,0,,55,3Com 00371800 HomeConnect PC Digital Camera
A3CWLHT8Y2BZB6,B00000JDK0,3.0,2000-05,5,9,0.5556,43,If you lose the orginal stylus
A3W112102BC6BG,B00000JDK0,3.0,2001-03,13,13,1.0,338,Good but not great
A3PLX6PTM2ERKL,B00000JDK0,5.0,2001-05,1,1,1.0,46,Good Buy
A3UCD1OMXG96OR,B00000JDK0,5.0,2012-08,0,0,,32,Great quality product!
AGVB3UZIPFHEF,B00000JDK0,5.0,2000-06,23,26,0.8846,67,Exact Replacement Stylus
ALMK0YBTI72RL,B00000JDK0,3.0,2000-06,8,10,0.8,101,&quot;Hard&quot; tip -- Palm III stylus runs smoother
ADP9OKUYOSYCW,B00000JDK0,4.0,2001-09,1,1,1.0,108,"Works, but not as advertised."
A2ULPJ9UDZCGQ2,B00000JF4M,2.0,2001-04,35,35,1.0,545,It works but prepare to spend time troubleshooting
A1KT8699WEJXS8,B00000JF4M,5.0,2000-03,8,10,0.8,63,Good tool for compressed video captrure
A25QY9B9W2FQCF,B00000JF4M,2.0,2000-07,33,36,0.9167,171,"Works great, if you can get it to work at all."
A3132X0691CH4V,B00000JF4M,2.0,1999-12,67,74,0.9054,75,You get what you pay for...
A1ZR6RT42KHUIF,B00000JF4M,3.0,2000-05,0,0,,154,Very useful for some tasks
A2XTK6CZTWSCKH,B00000JFE3,5.0,2005-05,0,0,,88,Flawless
AOXDZSY5AGHEA,B00000JFE3,2.0,2002-10,1,1,1.0,46,Not a VCD player
APIXJQATQT7TK,B00000JFE3,5.0,2000-01,11,12,0.9167,164,This gem is almost free!
A2WL349JI5LCWX,B00000JFE3,1.0,2001-08,3,3,1.0,47,Not again
A20JYIHL1W1U54,B00000JFE3,5.0,2001-02,1,3,0.3333,93,One of the Best DVD Players by SONY
A1THF19PO0LXRD,B00000JFE3,5.0,1999-12,0,0,,197,No problems.  I love it.
AFQBS241UKPAZ,B00000JFE3,2.0,2003-02,1,1,1.0,226,Poor quality; a blemish on the Sony name
AW8YACI7RNNC,B00000JFE3,5.0,2000-02,3,3,1.0,52,Great DVD Player
A1JTSRG8SU4VFO,B00000JFE3,5.0,1999-07,0,0,,25,Own the Sony 550D model
AST7UNIXVOAVA,B00000JFE3,5.0,2000-01,17,17,1.0,196,No problems with synch - a GREAT product!
AUDSB403UNG6L,B00000JFE3,4.0,1999-12,10,10,1.0,87,No problems at all
AHKOPVTQ3IEBL,B00000JFIF,5.0,1999-11,194,195,0.9949,395,A definite winner- Buy this camera!
A1QWYAWB1DRSQF,B00000JFIF,5.0,1999-11,23,23,1.0,107,Top Notch Digital Photography for a Bargain Price
A38HCBJDXTSWKK,B00000JFIF,5.0,2001-11,0,0,,145,"Excellent camera, but the quality of the photo is lacking..."
A2TYHWXZPE415M,B00000JFIF,5.0,1999-12,0,0,,93,I'm upgrading my rating
ATELSGYOHCL3E,B00000JFIF,5.0,1999-12,36,37,0.973,388,The D340R is a great camera!
A6HIYEJGCE1MA,B00000JFIF,5.0,1999-11,18,18,1.0,115,"Excellent product, good value"
AXVORKGHPNFN5,B00000JFIF,4.0,2003-04,0,1,0.0,125,Muy buena c&aacute;mara digital!
A1K6G765GJLOZE,B00000JFIF,5.0,2007-01,0,0,,115,best camera made!
A2U9UL88VXBMJ4,B00000JFIF,5.0,2000-01,30,30,1.0,76,Absolutely Great
AW05BRCRWPZWA,B00000JFMK,5.0,1999-12,43,48,0.8958,33,great DVD
A2TXTO6FBY2EB4,B00000JFMK,5.0,2000-01,0,0,,50,good for movie lovers
A7RV1KU5O0II9,B00000JFMK,5.0,1999-07,0,0,,120,Incredible screen!
ACCUPJZUVRNT1,B00000JFMK,5.0,1999-12,8,8,1.0,86,So Long Hand Held TV!
A3OZZ0IQTIPZNW,B00000JFMK,4.0,1999-09,0,0,,32,Picture a little small and price a little high
A2IMLPUXYQJTSY,B00000JFMK,5.0,2000-02,36,39,0.9231,119,This is a VERY cool toy.
A2HW2SL0WG09OR,B00000JFMK,5.0,1999-11,38,41,0.9268,116,Perfect...
A2AEZQ3DGBBLPR,B00000JFMK,4.0,2002-10,5,7,0.7143,34,Battery life too short
A170EFO2P2A4FJ,B00000JGN9,4.0,2003-04,120,124,0.9677,224,Know what you want first
A2X8NZUNAWX9SO,B00000JGN9,3.0,2012-08,0,0,,29,Still Going
A22QLK442U2GP0,B00000JGN9,1.0,2001-02,11,16,0.6875,53,Doesn't work well
A3JBGEOQG8PFBH,B00000JGN9,1.0,2013-02,0,0,,23,Not worth the money!
A1RLP0R1N8H8C4,B00000JGN9,4.0,2008-01,1,1,1.0,77,Works good
AO7TPG23L7Z3L,B00000JGN9,5.0,2012-09,0,0,,21,:)
ADIA0K5LUGSYF,B00000JGN9,1.0,2007-03,5,6,0.8333,67,Get a real 9 volt battery
AFH0V9CYF56IK,B00000JGN9,5.0,2008-05,1,1,1.0,103,Great Battery
A2K5I02PHHTTNQ,B00000JGN9,5.0,2009-05,1,1,1.0,106,No Problems!
A2CRZP89XOHVKK,B00000JGN9,5.0,2014-04,0,0,,20,It Works
A23O8T3LNL9YY8,B00000JGN9,5.0,2010-11,0,0,,59,They work for me..
A3D5B2CBFNJB0K,B00000JGN9,1.0,2007-06,18,21,0.8571,265,No good for my needs
A2ID51FCQFBOFS,B00000JGNB,5.0,2005-11,4,6,0.6667,113,Great NiMh Battery Charger
A15BN1AMRT8FP1,B00000JGNB,4.0,2005-07,0,2,0.0,12,good for the money
AEL6CQNQXONBX,B00000JGNB,5.0,2008-11,0,0,,55,SIMPLE & WORKS WELL
A1L6PBIR22S3FA,B00000JGNB,3.0,2006-12,0,0,,136,Not a smart charger but it has its uses and it is cheap.
A3KSDF3A05PXJ7,B00000JGNB,3.0,2005-08,78,79,0.9873,483,"Good for the Price, but Understand it ain't Smart"
AGX4R68F1QS36,B00000JGNB,2.0,2001-04,70,86,0.814,150,Not as &quot;smart&quot; as other rechargers
A1SYLII0808HD6,B00000JGNB,5.0,2003-11,10,14,0.7143,212,Good All Around Product for the Money
AWPODHOB4GFWL,B00000JGNB,4.0,2005-06,3,3,1.0,93,What Do You Expect For The Money?
A3CKHLERBVJ86H,B00000JGNB,4.0,2007-05,0,0,,25,great for the 9volt
A1ISUNUWG0K02V,B00000JHVP,5.0,2000-09,20,21,0.9524,76,Works well and cheaper than a HotSync Cradle!!
ALUNVOQRXOZIA,B00000JHVP,5.0,2000-08,23,24,0.9583,186,Great Travel accessory for you Palm
A2ZB6BETR6IC27,B00000JHVP,2.0,2001-02,1,7,0.1429,125,Serial ports are a thing of the past
A2AFT2VCH2S01B,B00000JHVP,4.0,2000-04,27,27,1.0,120,Every Palm VII owner with a laptop needs one of these
A355B9HM87SFHE,B00000JHVP,5.0,2001-01,0,0,,61,Better option than buying an extra cradle
AEJAGHLC675A7,B00000JHVP,5.0,2001-03,6,7,0.8571,127,Palm IIIxe? You NEED this - read the other reviews as well!
A34PNHKNM05TXD,B00000JHVP,4.0,2000-04,15,15,1.0,145,My Palm kit is now complete
A2MMTMB7CKROY0,B00000JHWX,5.0,1999-12,2,2,1.0,76,Great service from Toshiba
A178RW5ZI68YR3,B00000JHWX,2.0,1999-10,2,3,0.6667,143,"A poorly designed, unreliable DVD player"
A3IBOQ8R44YG9L,B00000JHWX,5.0,2000-05,11,11,1.0,109,HIGHEST value-to-price ratio. Not a flaw.
A11617B1NW474D,B00000JHWX,5.0,2000-04,17,17,1.0,92,A Toshiba DVD Owner
AUQQWQ5GTVKTQ,B00000JHWX,5.0,2000-11,6,6,1.0,225,It's too bad they stopped making this
ADIEPB0AZ4RHE,B00000JHWX,5.0,2000-05,0,0,,136,Great Machine
A1BVIANDXCX7RW,B00000JI2C,5.0,2002-05,4,4,1.0,90,A must if you use your Palm at home and the office.
ALUNVOQRXOZIA,B00000JI2C,1.0,2000-06,24,39,0.6154,173,Not a good value
A1DIK3X5W8SX51,B00000JI2C,4.0,2010-10,0,0,,54,palmtastic
A1ORUSHRRG0VWN,B00000JI2C,4.0,2000-08,5,7,0.7143,42,A good produt.
A3PLX6PTM2ERKL,B00000JI2C,5.0,2001-05,3,4,0.75,100,Great Accessory
A1F234IKW8X91O,B00000JI2C,5.0,2011-09,0,0,,22,Wanst right but works.
A1R8R7XKJJ3Q3T,B00000JI2C,4.0,2013-10,0,0,,65,Night Player
A1JJOV69MAU2J2,B00000JI2C,3.0,2001-12,9,9,1.0,43,Get the USB cradle instead...
ASWYSSKL9LL9X,B00000JI2D,2.0,2000-01,50,52,0.9615,72,Not worth it.
A1VXOAVRGKGEAK,B00000JI2D,3.0,2014-01,0,0,,26,Palm V
AG3XKSY6YWH95,B00000JI2D,3.0,2000-11,4,4,1.0,160,Works Well...but at a price!
A3UZ17HANZ9F1E,B00000JI2D,5.0,2001-07,0,0,,56,Pretty useful !!
A3PLX6PTM2ERKL,B00000JI2D,5.0,2001-05,0,1,0.0,73,Great for any Traveler!
A1JSO7PPEA0W72,B00000JI38,5.0,1999-08,19,19,1.0,69,Should be standard equipment with Nikon Coolipx 950
A1K22IFHM99SVT,B00000JI38,4.0,2000-07,11,11,1.0,208,Comes with 1450 mah batteries
A29PQH8RIUG4KZ,B00000JI38,3.0,2001-01,36,41,0.878,69,Too pricey
A6ZPLVAUQ6695,B00000JI38,5.0,2000-06,0,0,,130,Worth the extra price
AEE2GJR0VF6R7,B00000JI38,4.0,2000-04,16,19,0.8421,79,Light!
A59BC7H4T874H,B00000JI48,3.0,2009-05,0,0,,188,Okay for what it is -- but be sure to not underestimate your needs
AKCE2SHQ736GH,B00000JI48,1.0,2008-05,1,1,1.0,14,Bad product!
A16CV6OJMT3RVO,B00000JI48,5.0,2006-12,5,5,1.0,41,Holly Smokes! For the money.....
A171JOM1WWO69U,B00000JI48,2.0,2006-12,0,0,,49,Only lasted one use
A16DISUEZB83W6,B00000JI48,3.0,2007-06,7,7,1.0,76,Flimsy but cheap
A2WY7M2G4FUK9Y,B00000JI48,5.0,2007-01,1,1,1.0,32,amazed
A3TYWLLZGB1EDR,B00000JI48,5.0,2004-12,43,47,0.9149,47,Love it!
A1S3FOP19D8W1X,B00000JI48,4.0,2007-05,2,5,0.4,22,Don't sneeze beside this thing... i'll move!
A23956TW9D1LTN,B00000JI48,5.0,2006-12,2,2,1.0,59,must have
A28ICNCNINMC7Q,B00000JI48,4.0,2014-07,0,0,,6,Four Stars
A8BGFC6VK46OW,B00000JI48,2.0,2009-06,0,0,,102,"Light yes, but can't hold camera"
A1RFYCSNNOJ0VW,B00000JI4F,4.0,1999-12,39,48,0.8125,30,Good Product
A3LMUTT4V5P0QG,B00000JI4F,2.0,2014-03,0,0,,46,No 720k Support
A1LWYVLGA3N2R4,B00000JI4F,4.0,2001-06,10,11,0.9091,92,"It works, it's cheap -- what more do you want?"
A29N9FVO6L2IGO,B00000JI4F,4.0,2013-12,0,0,,23,Worked perfectly with Windows 7.
A39GD9S0DEQNLD,B00000JI4F,5.0,2013-12,0,0,,27,Works well.
A34QWZUNR0WNWM,B00000JI4F,5.0,2013-09,2,2,1.0,36,Sabrent External USB 1.44 MB 2x Floppy Disk Drive (FL-UDRV) Black
A192GMTQ2TVISY,B00000JI4F,5.0,2014-03,0,0,,192,Perfect for recovering data on old floppies
A2SXL0NDPTP9X9,B00000JI4F,4.0,2014-05,0,0,,27,Its cheap and it works with Windows 8
A2CPG57XFTOBDL,B00000JI4F,4.0,2014-02,0,0,,47,Sabrent External USB 1.44 MB 2x Floppy Disk Drive (FL-UDRV) Black
A38ZPLOD8GA3VJ,B00000JI4F,3.0,2014-06,0,0,,61,Not Thrilled
AM9OC1FTXJICQ,B00000JI4F,2.0,2014-06,0,0,,30,Not Happy
A2BBUA32IHWXB1,B00000JI4F,4.0,2014-07,0,0,,33,does not work with Win& out of the box - ...
A1Z5E1Z9V8G2SU,B00000JI4F,5.0,2014-03,0,0,,29,Simple Easy To Use
AYO28MSBV9F,B00000JI4F,5.0,2014-03,0,0,,25,Great
A3RRV1F1QVI0C5,B00000JI4F,5.0,2012-07,2,2,1.0,161,"Wow, I love it.  Nice, very nice. Great price too."
A3BRJW85SMKZF,B00000JI4F,3.0,2014-03,0,0,,71,For those who still have 1.44 mb floppy disks
A18LW76H2OQ1KE,B00000JI4F,2.0,2014-01,0,0,,106,Will NOT read 720K DD disks.  Marginal readability on 1.44 HD disk
A3RH8D7NKLP2JS,B00000JI4F,5.0,2014-04,0,0,,70,Can believe I bought this
AYXH5VLBX3GDT,B00000JI4F,5.0,2011-09,0,1,0.0,29,easy to install and works perfectly
AXO2I2EINB39S,B00000JI4F,5.0,2014-05,0,0,,27,Copy Floppies like its 1998
AY1406KH1MLAP,B00000JI4F,5.0,2013-02,0,0,,20,Good
A1BC62X6HZJGZR,B00000JI4F,5.0,2013-10,1,1,1.0,83,Works Perfectly!
A17FS0XVZ5V35L,B00000JI4F,5.0,2013-08,2,2,1.0,116,"Plug & play, 100+ floppies later still going strong"
A3DWCCNBLNKWAQ,B00000JI4F,4.0,2014-07,0,0,,17,Four Stars
AXMV0OS9TZN0I,B00000JI4F,4.0,2014-07,0,0,,202,"program data files and old program installation files seemed to copy easily, albeit slowly"
A1W98MNHYOZR3,B00000JI4F,4.0,2013-11,1,1,1.0,121,Great value
A9BKIPTBOUDSV,B00000JI4F,3.0,2014-04,0,0,,74,Ordered 2 1 works 1 does not
A3Z3817Z6WTXU,B00000JI4F,5.0,2014-05,0,1,0.0,23,Worked great and was cheap
A1EUVBIPRTHTCX,B00000JI4F,1.0,2014-01,1,1,1.0,20,Bad item.
A14NSELR34WBZE,B00000JI4F,3.0,2014-05,1,1,1.0,116,Noisy - Cheaply Made
AZOPTWUSS6UM0,B00000JI4F,5.0,2014-04,0,0,,32,Sabrent External USB 1.44 MB 2x Floppy Disk Drive (FL-UDRV) Black
A1E2TVC46QZJ3X,B00000JI4F,5.0,2013-04,0,0,,44,works great.
A2ZVNM8J2Q4HQT,B00000JI4F,5.0,2004-07,14,17,0.8235,73,what else can you ask for???
A2QGQ5KO0RRENL,B00000JI4F,2.0,2014-04,0,0,,125,Dead on arrival - or is it?
A2KYC21WDNY5L,B00000JI4F,4.0,2014-05,0,0,,34,Sabrent External USB
A32B8VX0HMX9YQ,B00000JI4F,5.0,2013-11,0,0,,23,Excellent product
A3T7POAJUPYA06,B00000JI4F,5.0,2014-04,0,0,,211,This one works
A14738H3YYX7ZC,B00000JI4F,5.0,2013-12,0,0,,109,A necessity nicely wrought and priced right.
A2JLDER5UES1Q3,B00000JI4F,5.0,2014-04,0,0,,43,Great product - works well with Windows 8
A21UXK2Q4138Q3,B00000JI4F,5.0,2012-11,0,0,,23,WORKS GREAT
A1VLZAAASQE9DH,B00000JI4F,3.0,2014-03,0,0,,32,Ok CAC holder
A1NZLRAZJGD99W,B00000JI4F,5.0,2014-02,0,0,,68,Excellent Floppy Drive
A1W6VR9F0OKMWM,B00000JI4F,5.0,2014-02,0,0,,112,A must have item
A1YW7H051M0ME3,B00000JI4F,5.0,2014-04,0,0,,53,Great device
A39I7G8W0SSL9V,B00000JI4F,4.0,2014-02,0,0,,22,No thrills disk drive
A8BW6F16DEZOZ,B00000JI4F,5.0,2014-04,0,0,,96,Simple-just plug & play
A2WQA5YPH8P4SB,B00000JI4F,5.0,2012-10,1,1,1.0,25,"Yep, it works"
A3LX8CS6G6RQSZ,B00000JI4F,4.0,2014-06,0,0,,28,Works great!
A1IAJW86DJU0EM,B00000JI4F,5.0,2013-12,0,0,,20,Great for reading old floppy disks
A2UG509F865GJK,B00000JI4F,5.0,2013-07,0,0,,24,Useful for reading an occasional floppy.
A47HWSPR8430B,B00000JI4F,4.0,2013-02,0,0,,62,USB External 3.5-Inch 1.44 MB Floppy Disk Drive (white)
A2QT4XAXGRNVEO,B00000JI4F,5.0,2013-11,0,0,,42,USB floppy drive works great for me
A38LAEUSCK6Z7Z,B00000JI4F,4.0,2013-10,1,1,1.0,39,Exactly as advertised
A3D20C3LM506B2,B00000JI4F,4.0,2014-04,0,0,,22,"Works well, good value for the price"
A2V69PY52MG7PO,B00000JI4F,4.0,2014-04,0,0,,30,Work OK
A3774N0999VO0P,B00000JI4F,5.0,2013-11,1,1,1.0,193,"Excellent 3.5"" HD floppy disk drive"
A3AE2N9PGYQU7L,B00000JI4F,5.0,2014-06,0,0,,22,Works
A30HUZHJBOX1LK,B00000JI4F,5.0,2014-06,0,0,,31,Great for those old floppies
AOBGKBBDODKIP,B00000JI4F,4.0,2014-05,0,0,,93,I used it once and it worked
A38BUEXQR3ERCX,B00000JI4F,4.0,2014-05,1,1,1.0,96,Pretty Good USB Floppy Disk Drive
A1WREU7PGTX98P,B00000JI4F,1.0,2014-06,2,2,1.0,52,device was DOA
A39K52QDP4C3ZS,B00000JI4F,5.0,2014-02,0,0,,68,Works perfectly under 10.9 Mavericks
A2GJU27367VVCX,B00000JI4F,5.0,2014-03,0,0,,22,Good
A127KI9JEAESJ1,B00000JI4F,1.0,2014-02,2,2,1.0,341,Sabrent External USB 1.44MB Floppy Disk Drive (FL-UDRV)
AA70BU7RTBOMM,B00000JI4F,4.0,2014-02,1,1,1.0,179,It Works IF You Wait 1 Minute After Plugging it in
A3R749LCFV5I3,B00000JI4F,5.0,2013-12,0,0,,38,Worked Great!
A11JD0X51IJ7RM,B00000JI4F,5.0,2013-12,0,0,,293,If you have old 3.5 inch floppy discs you NEED this drive!
A2LD9KDNCD0WCG,B00000JI4F,5.0,2014-05,1,1,1.0,126,Great drive if you need to access old floppies
AKSTTBUJN6ES8,B00000JI4F,4.0,2013-11,0,0,,43,Pretty nice
A3LQUEB84IR3VO,B00000JI4F,3.0,2013-12,0,0,,162,Sorta works
A5V88D7KFLRRP,B00000JI4F,3.0,2002-02,8,11,0.7273,61,It's OEM!
A16ISYMCYGT0NB,B00000JI4F,4.0,2014-06,0,0,,158,Does the job (somewhat)
A1ESVSG3FBJFH7,B00000JI4F,3.0,2013-09,0,0,,33,Works as advertised.
A1I1H1EHPOH6ZW,B00000JI4F,5.0,2014-02,0,0,,67,Good External Floppy Drive
AKDY7BC9798XP,B00000JI4F,3.0,2014-05,0,0,,53,It helped us archive our old floppies.
A356BWNK80JKVP,B00000JI4F,5.0,2014-05,0,1,0.0,20,External USB flopper drive
AZQTJ6HUS5L2Q,B00000JI4F,5.0,2014-02,0,0,,60,Just the ticket to retrieve files from those old floppy disks
ARFRKSZXZF0PS,B00000JI4F,3.0,2014-05,1,1,1.0,55,Fair piece of equipment
A3P9WO6BXBSM54,B00000JI4F,5.0,2014-02,0,0,,26,Floppy drive that works.
A3JR704FL9YJ26,B00000JI4F,5.0,2014-07,0,0,,2,Five Stars
A11B7E8ERAX3KD,B00000JI4F,1.0,2014-03,2,2,1.0,20,did not connect
A1EB8F8AYQAR5A,B00000JI4F,3.0,2014-05,0,0,,86,Cheap but Noisy
A1GYJC4UO4YCQQ,B00000JII6,4.0,2003-08,10,10,1.0,23,The product we were looking for.
AA8ORMR10LFCQ,B00000JII6,4.0,2006-07,3,3,1.0,125,Great quality wireless speaker for price
A16SONX6KV5EIY,B00000JII6,1.0,2006-06,2,3,0.6667,73,Stay far away! Zero stars
A1N3DFHTSVCORA,B00000JII6,1.0,2001-07,0,0,,87,This is junk
A1P98E8Z20JD1Q,B00000JII6,5.0,2006-06,0,0,,34,Got no complaints
A182GCZ1JR1TWH,B00000JII6,2.0,2008-04,0,0,,55,"good sound, limited range."
A2P9KNX5JRKPKH,B00000JII6,1.0,2006-05,2,2,1.0,302,"on 2nd one now-, speaker doesn't work after 30 seconds"
A1N9QUJASE2N76,B00000JII6,5.0,2003-07,78,82,0.9512,264,Let's disturb the neighbors!
A3ET92C0O9XNS6,B00000JII6,5.0,2003-06,10,11,0.9091,76,"Nice Looking, Works Great!"
A1G0N4WP7EDQ1H,B00000JII6,1.0,2004-11,9,10,0.9,83,"Not good, do not buy this speaker."
A5R13YQNSP42J,B00000JII6,4.0,2006-07,0,0,,68,Worth the price
A3C5JFSAPHWJU3,B00000JII6,5.0,2006-07,1,1,1.0,51,Works fine
A1WM8DNWJ8SCEL,B00000JII6,1.0,2002-11,9,11,0.8182,219,"Stop right now, do not pass go..."
A21PJEIX2MIM1X,B00000JII6,4.0,2006-05,3,3,1.0,159,Good speaker
AJ6TMOHHFJJAJ,B00000JMO4,5.0,1999-07,5,5,1.0,85,Simply the best in the market --- Get it while you can
A1RO3O4905L66T,B00000JMO4,4.0,1999-10,67,68,0.9853,303,A GREAT digital camcorder at an ASTOUNDING price
A1ILWPH1GHUXE2,B00000JMO4,4.0,2004-12,4,4,1.0,383,Excellent product after 4 years - only a few small gripes
A7A01Y50214JY,B00000JMO4,2.0,2000-01,80,89,0.8989,212,Very Disappointing
A2DGP3CC6D0TKL,B00000JMO4,5.0,2003-01,1,1,1.0,64,The last of the great Sony Handycams
AHVLDNLA5IRQ1,B00000JMRV,5.0,2010-08,0,0,,95,Grundig Mini 100 PE Review
A2BLITJITO97N5,B00000JMRV,4.0,2004-03,7,8,0.875,161,Good for the price
A2211XQCAX9TD4,B00000JMRV,5.0,2007-09,0,0,,70,Grundig M100 Portable radio
A1I9B4PSCDDWOO,B00000JMRV,1.0,2004-05,19,23,0.8261,155,low grade quality
A3JAH5WW61N2EK,B00000JMRV,3.0,2007-12,0,0,,109,Nice radio for the price
A1QCZTQ1QBG892,B00000JMRV,5.0,2010-10,0,0,,28,Good emergency radio and I believe I got it at a bargain price
A1PSVZBM894R5H,B00000JMRX,1.0,2007-12,0,0,,29,Lousy sound
A3I8OURC83NM6V,B00000JMRX,4.0,2009-01,0,0,,145,My first
A2OH11RXZJDOEV,B00000JMRX,2.0,2011-08,0,0,,151,Many Shortcomings
A1X3DA7C61WZLQ,B00000JMRX,4.0,2005-02,3,3,1.0,336,"Great size, easy controls, true digital tuner, tinny speaker"
A1I3GL5GLBEQ7X,B00000JMRX,3.0,2010-01,1,1,1.0,359,"Xmas present, poops out but can be ""reset"" to work again"
A2F0TTEP4W354Y,B00000JMRX,4.0,2000-02,11,11,1.0,108,Grundig 300PE
A301OOJQXCXXO5,B00000JMRX,3.0,2005-10,3,3,1.0,74,Great Lightweight Portable Radio!
AJJV9Z17KV6GR,B00000JMRX,3.0,2003-10,3,3,1.0,170,Pretty good for the casual user
ARWR2O48OIGKH,B00000JPPI,5.0,2006-03,9,10,0.9,45,Panasonic DMR-E75V Recorder
A2FQIOU39ZHLM5,B00000JPPI,4.0,2012-10,0,0,,22,Maxell DVD-LC DVD Lens Cleaner - Blue
A27HJKSWIJZ131,B00000JPPI,5.0,2013-03,0,0,,24,Why I buy Maxell
AUMJC6WY81CEI,B00000JPPI,4.0,2013-06,0,0,,38,Worked for Me
A1T6R772Q80FW7,B00000JPPI,5.0,2005-09,28,31,0.9032,60,"Works with DVD Recorders, too!"
A2QIDS8473FW29,B00000JPPI,5.0,2014-05,0,0,,21,Love it!!
A1JB0SYY10KNOJ,B00000JPPI,3.0,2013-10,0,1,0.0,53,Product calibration
A1SM9R4UGRNV4V,B00000JPPI,3.0,2013-06,0,1,0.0,87,Far from perfect
A3S66LKKKGTI30,B00000JPPI,1.0,2013-02,0,0,,22,Crap
A2DIPUAC4DOZAK,B00000JPPI,5.0,2013-07,0,0,,32,Works Great
A2LIZECHRMJAEI,B00000JSES,1.0,2002-11,3,6,0.5,145,No disc/C13:00
A4GGT6O0GQNV2,B00000JSES,5.0,1999-12,22,25,0.88,184,This One Does It All!
AY8Q1X7G96HV5,B00000JSES,4.0,2000-06,4,7,0.5714,830,"Sony DVP-S550D - Naturally, Another Sony Hit..."
A20535WAMJUP3U,B00000JSES,1.0,2004-05,4,7,0.5714,190,Good picture -- when it works...
A3KKOBGO2ZQY3P,B00000JSES,5.0,2000-01,23,23,1.0,151,A Can't Miss DVD Player
A3W2UTN0BC4ZKD,B00000JSES,5.0,2000-06,2,2,1.0,166,Excellent DVD player for the price - great feature set/remot
AZZ1KF8RAO1BR,B00000JSES,3.0,1999-10,4,5,0.8,68,A great player if you don't care about lip-sync
A17QAS8K17V9EC,B00000JSES,1.0,2002-03,5,5,1.0,129,Has Broken 4 Times
A1J87C2DKBO441,B00000JSGF,4.0,2000-10,14,14,1.0,335,This was a tough decision
A1AC0ZLC6SVXSD,B00000JSGF,4.0,2000-03,8,8,1.0,86,Good machine but poor documentation
A2XQD6IU77PC5F,B00000JSGF,4.0,2001-12,2,2,1.0,128,"Great Player, ... Software"
A33H0WC9MI8OVW,B00000JSGF,4.0,2003-04,0,0,,84,And Oldie but a Goodie
A3TRPVAGT3NWBS,B00000JSGF,4.0,2000-06,8,8,1.0,255,Almost Perfect
A2E3CXT3CJDCUC,B00000JSGF,5.0,2000-11,7,11,0.6364,21,Great player for music or audio books.
A1YCDZ4K4G0CN3,B00000JSGF,4.0,2000-09,11,11,1.0,131,"Nice, but needs some more features"
AP0ZL2WX8J0JD,B00000JSGF,1.0,1999-11,11,24,0.4583,40,"buggy, rushed out product..."
A1FIGM5NXX9J3Q,B00000JSGF,2.0,2000-03,37,41,0.9024,514,Rio500 -- Great Specs. Terrible Implementation
A3KKOBGO2ZQY3P,B00000JSGF,4.0,2000-04,29,30,0.9667,215,A Great First Time Buyer's Device
APWY5SPO12LJQ,B00000JSGF,3.0,2001-10,0,0,,24,Not great but better than most
AFWMVMPB2WVP9,B00000JSGF,5.0,2000-10,4,4,1.0,47,great product
A2ZYFIRTB2V11J,B00000JSGF,4.0,2000-02,6,6,1.0,137,A good recorder with some problems
A3FTI86WAVJOLG,B00000JSGF,1.0,2000-06,46,53,0.8679,386,I wish I could give it a negative rating
A1M6X8CH3J2K4J,B00000JSGF,1.0,2000-08,7,10,0.7,147,"neat technology, but immature product"
A2HG4AFBEP9084,B00000JSGF,4.0,2003-11,4,4,1.0,127,"Good player, terrible company"
A20HM81911V9KD,B00000JSGF,3.0,2001-11,0,0,,104,Rio 500
A1KGKPWWG61U42,B00000JSGF,4.0,2000-12,1,1,1.0,160,Great Product but Crappy Software
A6ZPLVAUQ6695,B00000JSGF,5.0,2000-06,42,42,1.0,244,Seamless integration with the Mac platform
A2K5FK58JSWXJ9,B00000JSGF,5.0,2000-08,4,5,0.8,57,great way to bring your music with you
A1U5NWJOYH2QQH,B00000JSGF,5.0,2001-02,1,1,1.0,194,Great machine.  Easy to use.  Great sound.
A3V8S5VKPG1B79,B00000JSGF,2.0,2000-07,0,0,,226,Wait for better price or buy Rio 600
A231WM2Z2JL0U3,B00000JSGF,4.0,2000-09,1,3,0.3333,69,500 big step up from 300!
A3MEIR72XKQY88,B00000JSGF,4.0,2000-07,0,0,,140,Too expensive! Only an hour for $200!
AOLQ22OA3HHHK,B00000JXV3,4.0,2000-01,13,21,0.619,227,Simplifies Hookup
A2KKVYSLUE5JFR,B00000JXV3,5.0,1999-10,13,13,1.0,64,Great for recording from Satellite Receivers
A3HYYO8PBJZ0J0,B00000JXV3,3.0,2000-04,6,8,0.75,99,"nice unit, but complicated"
A38UKFBS0Y3KZY,B00000JXV3,5.0,2006-04,2,3,0.6667,102,Good player to save videos to DVD.
A39KTSPC3MP53O,B00000JXV3,5.0,2005-06,1,1,1.0,145,Best VCR
A12DLJESJKM1OQ,B00000JXV3,4.0,2003-02,2,2,1.0,685,"Good Value, Not Perfect, but A Perfection for viewing needs"
A1GFH98ATO6D5I,B00000JYLO,5.0,2013-01,0,0,,46,El poder de grabar en discos
A8TIL945EHW1U,B00000JYLO,5.0,2000-12,8,8,1.0,87,Marvelous!
A19D2SBM4FLBT7,B00000JYLO,3.0,2000-02,114,120,0.95,160,good but not great camera
A9B2MKOXU1GSD,B00000JYLO,4.0,2001-03,20,20,1.0,261,Saves money in the long run
A2G0O4Y8QE10AE,B00000JYLO,4.0,2001-02,7,10,0.7,221,Thumbs Up
A392YS0W837HFU,B00000JYLO,4.0,2000-11,33,35,0.9429,127,"A Wonferful Camera for Internet Use, NOT PHOTOS"
A25D7KKZFL2PH0,B00000JYLO,4.0,2000-02,32,33,0.9697,134,Versatile and Convenient
A2T049UQONS0OY,B00000JYLO,4.0,2005-08,14,14,1.0,381,"Good camera for fast performance, low resolution results"
A3CCYAQRHUTPIQ,B00000JYLO,4.0,2000-05,20,21,0.9524,119,Limited
A3MEIR72XKQY88,B00000JYLO,5.0,2000-07,25,29,0.8621,215,"Wow, a 10x zoom!"
A1QPV43SWY9CGI,B00000JYLO,5.0,2000-04,18,18,1.0,113,Great for a beginner
A3CG6YLYZJXQG4,B00000JYLO,3.0,2001-01,24,25,0.96,225,"Good, not great"
A1L3U9ZRIBJEHJ,B00000JYWQ,4.0,2000-12,10,13,0.7692,177,Great Digital Camera with many feature
A1NKE9ESVFDJ8M,B00000JYWQ,4.0,1999-12,93,93,1.0,235,A Hassle but Worth It
A1JSO7PPEA0W72,B00000JYWQ,4.0,2000-05,90,91,0.989,416,A Great Digital Camera
A3CTI2ARGG2T7X,B00000JYWQ,4.0,2008-12,1,1,1.0,133,Decent Starter Digital Camera
A7RV1KU5O0II9,B00000JYWQ,4.0,1999-10,11,11,1.0,110,Great camera--a little difficult to use
A14XUCN5OC998O,B00000JYWQ,4.0,2008-09,1,1,1.0,349,Easy to use and highly addictive
A2OMVGNP2F5O6T,B00000JYWQ,4.0,2000-08,42,43,0.9767,218,Check the 990 model before purchasing
APZA8SXX9DMT8,B00000JYWQ,1.0,1999-11,44,58,0.7586,81,"Expected better results, was disappointed!"
A1GEV4XRR3YJ0F,B00000JYWQ,5.0,2012-09,0,0,,199,Great camera for odd photography!
A4UMQLZ0O489D,B00000JYWQ,4.0,2000-05,14,15,0.9333,261,"Gorgeous images, easy to use, needs better Flash"
A2PRAB4P64SXLK,B00000JYWQ,4.0,2000-02,51,51,1.0,288,Great!
A1TEKCBCU3ZBXE,B00000JYWQ,5.0,2001-11,5,5,1.0,82,A wonderful digital camera!
A3FTRN2V98QBCP,B00000JYWQ,5.0,1999-11,13,13,1.0,79,Holy Macro
A1US87X5YUEQ7A,B00000JYWQ,5.0,1999-12,47,48,0.9792,146,Great Product - Does Everything But Make Dinner...
A3O75UULU0XR60,B00000K135,4.0,2014-07,0,0,,3,Four Stars
A3CW0ZLUO5X2B1,B00000K135,5.0,2012-05,1,1,1.0,72,Even if you don't have an actual choice...
ASRSXQNGDV0HG,B00000K135,5.0,2014-02,0,0,,24,"Great quality, great price"
A6RZG1711OSGT,B00000K135,5.0,2012-11,0,0,,20,great item
AZPYIAOEAV3OZ,B00000K135,4.0,2012-11,0,0,,20,very good
A3AIL332D1GIX5,B00000K135,5.0,2012-12,0,0,,54,Magnificent Labeler
A5P7STTZE2MJV,B00000K135,5.0,2012-12,0,0,,22,Always a winner
A2HW660OT2KXUM,B00000K135,5.0,2012-05,0,0,,22,Love my P Touch
A35JP8KSV9281K,B00000K135,5.0,2007-05,5,5,1.0,33,"Yes, it's a refill"
AISN6HORBXNHR,B00000K135,5.0,2013-10,0,0,,57,High Quality
A3G2FOJL92215L,B00000K135,3.0,2012-01,0,0,,30,Did it job
A3R4Q2UEPTZPSQ,B00000K135,5.0,2014-06,0,0,,22,Highest quality
A1Q0SLK0BVABXZ,B00000K135,5.0,2013-10,0,0,,25,always use for my labelers
AN560AP1HH0U1,B00000K135,5.0,2008-10,1,1,1.0,38,Good Product for Label Maker
A2MG743ZMA5Y6N,B00000K135,4.0,2009-08,0,0,,18,Brother M231 1/2 in. Labeler Tape
A37AQ1M5701JCG,B00000K135,3.0,2014-04,0,0,,20,Labels for Brother M231
A3V5NOBJ1294FS,B00000K135,1.0,2005-01,26,45,0.5778,156,No warranty on these!  Buyer beware!
A127GZ51PD786F,B00000K135,4.0,2013-04,1,1,1.0,67,it works
A2JNIVIFZNKF61,B00000K135,4.0,2011-12,0,0,,51,Great for what I need
A3TBMGNSEQBWIL,B00000K135,5.0,2014-02,0,0,,53,Great Quality Item ...
A1IV22RC7DF26R,B00000K135,5.0,2014-03,0,0,,22,Perfect
A2MXK2BL6EFOPR,B00000K135,5.0,2013-07,0,0,,33,Glad they still make these for my old Brother P-Touch
A38WZ0ITR34AFN,B00000K135,5.0,2014-02,0,0,,27,also confirms this fits a PT-65
A4ZGPH50QWA1F,B00000K135,5.0,2012-03,7,7,1.0,26,great product
A3GZQJZLSMETLI,B00000K135,5.0,2007-06,3,4,0.75,14,good item
A4RASGC2BYMD5,B00000K135,4.0,2013-04,0,0,,23,Good By Dynamo Labeler
ACHMAK6A8MHH,B00000K135,4.0,2012-10,0,0,,45,"Overpriced, but works as described."
AXAJXJZUL2J5P,B00000K135,5.0,2012-06,0,0,,88,Great tape for a great labeler
A1F6ASVUPBDSKJ,B00000K135,4.0,2013-08,0,0,,21,"Same as in stores, but cheaper."
A1G0E1SQB3SGSZ,B00000K135,4.0,2014-06,0,0,,21,Tape Cartriges
A3LXBD5R25MX7P,B00000K135,3.0,2014-02,0,0,,34,P-Touch Labels
A2ZNMPZMLRRC8R,B00000K135,5.0,2012-01,4,4,1.0,158,I've Been Using for Years
AOTY596BG2YX7,B00000K135,3.0,2014-01,0,1,0.0,33,It does the job
A3VZ99CCMUESSY,B00000K135,5.0,2013-04,0,0,,58,Works Perfectly
A3J3MXHLT5EPA9,B00000K135,5.0,2014-03,0,0,,35,great
A2PATWWZAXHQYA,B00000K135,5.0,2010-04,1,1,1.0,36,Exactly as expected
AIZFG6OQA55AP,B00000K135,5.0,2014-01,0,0,,20,Just what you expect
A33LUG9R954H0Q,B00000K135,5.0,2014-05,0,0,,23,Great replacement
A1NVCFX4PU0NYK,B00000K135,5.0,2013-02,1,1,1.0,25,M tape for Brother P-Touch
AZSKORJRCSQ38,B00000K135,5.0,2013-09,0,0,,20,It just works
AEZJTA4KDIWY8,B00000K135,4.0,2013-03,0,0,,29,Great labels
ACASEIWET37PO,B00000K135,5.0,2014-04,0,0,,39,a must have for an organizer freak.
A1PLCSMLPR3ZQ9,B00000K135,2.0,2013-02,1,2,0.5,57,On Warehouse Shelf Too Long
A1R3T01MVZU6Z5,B00000K135,5.0,2014-03,0,0,,45,Genuine Brother replacement tape
A12EO7KLFN2JLU,B00000K135,4.0,2013-08,0,0,,30,"Good Product, Great Price"
A14DNCG5WHM86Z,B00000K135,4.0,2011-06,14,15,0.9333,67,ALSO FITS PT-65 MACHINES!
A1D1ZUWM0MMBVK,B00000K135,5.0,2014-02,0,0,,20,Brother M231 Tape is fine
A24NT6ZIGSJFWG,B00000K135,5.0,2012-01,0,0,,32,Just a regular refill
AZ4ZYOPY754KQ,B00000K135,5.0,2012-02,0,0,,25,Good labels
A2T9HCIVTG1OAA,B00000K135,5.0,2013-03,0,0,,20,It fits and works well.
A32T9TM5F7KHIG,B00000K135,5.0,2013-09,0,0,,23,Exceptional
A1UWY9OB9080JS,B00000K135,2.0,2014-05,0,0,,81,Not what I thought I was getting
A148WA455FCXQZ,B00000K135,5.0,2014-03,0,0,,53,Best price on M tape
AXSTY40VP4M45,B00000K135,5.0,2013-10,0,0,,50,Exact Replacement!
A2M775WAM2DXTD,B00000K135,5.0,2013-05,0,0,,30,As advertised
A2F0AE8YOO8Q9U,B00000K135,4.0,2011-10,1,1,1.0,24,Labeler Tape
A2JL1GIC0JAFW9,B00000K135,5.0,2014-05,0,0,,48,As Advertised
A1Z27AHFNIFBG6,B00000K135,2.0,2014-02,0,0,,19,Not satisfied with quality of product
ABGD4FXC1AJPJ,B00000K135,3.0,2013-10,0,0,,57,Now that's cheap -
A3NYG1OSPK7UW1,B00000K135,5.0,2013-07,0,0,,22,Great Buy
ADYRLMDROBAXW,B00000K135,5.0,2013-11,0,0,,25,Works with no pain
A2ERKJWKPRWZU5,B00000K135,5.0,2014-03,0,0,,20,Works great!
A2UHZY5FPP05QI,B00000K135,5.0,2013-07,0,0,,42,Worked just fine
A18VF30YX62V1N,B00000K135,5.0,2013-01,0,0,,53,Works great exactly as described.
A1VUA80DLZGWIP,B00000K135,5.0,2014-03,0,0,,29,Works fine.
A5XWJZF0L36W3,B00000K135,5.0,2013-10,0,0,,29,Good Product
A1UP5CIELABXA7,B00000K135,5.0,2013-04,0,0,,23,WORKS WELL
A5QVPEDG62HV2,B00000K135,4.0,2014-06,0,0,,21,Works as advertised
ADG1I43JFC7YX,B00000K135,4.0,2007-12,2,2,1.0,69,Labeling Madness
AJUP0PNA44A0A,B00000K135,5.0,2013-09,0,0,,21,Yes works well
A2Q4DC1N1DH67C,B00000K135,5.0,2013-04,0,0,,49,Brought my label maker back to life.
A17BH0ZOXHDFJJ,B00000K135,5.0,2014-03,0,0,,115,Continues to do just what it is designed for
A3TJ2K4LP6V71U,B00000K135,5.0,2014-03,0,0,,51,Tape does it all!
A31PZ5TL8HYZ84,B00000K135,4.0,2014-02,0,0,,27,it works
A1LR13XK9SU73G,B00000K135,5.0,2013-04,0,0,,30,"This kind of laberl printers are must to have, and so is the tape"
A22CW0ZHY3NJH8,B00000K135,5.0,2009-12,5,6,0.8333,95,So many reasons to like this P-Touch tape
A1JZEPPYFZDRPC,B00000K135,5.0,2012-09,0,0,,39,Right refill at the right price
A2C9MURXVUCBMM,B00000K135,5.0,2013-09,0,0,,69,Label All The Things!
A8B29NA6R2E6Z,B00000K135,5.0,2013-08,0,0,,48,Why buy another labler? This cost me $10 and this price is fair for $10
AKFXN2QUBIKZA,B00000K135,5.0,2014-05,0,0,,42,It's is a Brother lable tape and works just as a Brother lable tape should!
A3BEYTAVDKX9BQ,B00000K135,5.0,2013-08,0,0,,26,perfect fit
A2KJXBI3V1MZNM,B00000K135,5.0,2014-03,0,0,,72,Economical way to buy!
AQZ64R6S3R1VF,B00000K135,3.0,2014-03,0,0,,55,It's A Brother Product
ANMFIHKJH7032,B00000K135,5.0,2011-12,0,0,,25,Label tape
A31HVP4R32FSVZ,B00000K135,5.0,2012-12,0,0,,25,Labeler refill
A25EGTGMF8V06Y,B00000K135,5.0,2013-04,0,0,,25,Love my Label Maker!
A3TMAXADCGGSYL,B00000K135,5.0,2011-09,1,1,1.0,23,Fits my ptouch labelmaker
A3HLUBDLMU8RGO,B00000K135,5.0,2013-12,0,0,,49,Cheap and durable
A2VNAGUP6GD6ZW,B00000K135,5.0,2014-03,0,0,,27,Great Price
A2XFN1TTYLQHYM,B00000K135,4.0,2013-10,0,0,,21,Works
A10TI8SX6OKJ23,B00000K135,5.0,2013-05,0,0,,71,Brother M231 1/2-Inch Black on White Tape for P-Touch Labeler
A1ISGQPXW3BOHN,B00000K135,4.0,2014-03,0,0,,21,works great - easy to install
A19VS67HZOKT6X,B00000K135,5.0,2012-12,1,1,1.0,40,It does the job. Excellent!
AJ7RK6IXOYK4U,B00000K135,5.0,2014-02,0,0,,21,P-Touch Refill Cartridges
AM2PAP6COUV5J,B00000K135,5.0,2013-10,4,4,1.0,23,"Works Brother Personal Labeler Machine, White (PT90)"
A3THKM5QX5XBKQ,B00000K135,3.0,2010-11,1,2,0.5,20,cheap and lasts a long time but hard to peel
A3IIOKFJDSKW9H,B00000K135,5.0,2014-03,0,0,,26,Fit my device perfectly
A3DB5AX3HWU2UN,B00000K135,4.0,2012-10,0,0,,28,Good quality
A1LAT21BT7FUXX,B00000K135,4.0,2013-12,0,0,,52,Fits My Brother Labeler
ARBV8U9I8C1BK,B00000K135,5.0,2009-03,4,4,1.0,58,Tape works great - easy to peal with the PT-80
ACT1EPHFS9E7V,B00000K135,5.0,2012-10,0,0,,33,works perfect
A1K3LZFVAZMPMN,B00000K135,4.0,2007-05,3,5,0.6,89,Quantity/Price Ratio Off Kilter
A25PBJDH4ZRJFQ,B00000K135,4.0,2014-03,0,0,,21,Labeler tape
A1X244QTQDFT49,B00000K135,5.0,2010-02,1,1,1.0,24,Great Product
A1FAJINGM36NHC,B00000K135,5.0,2013-06,0,0,,34,Good product
A13MPH77KVE9NH,B00000K135,3.0,2013-11,0,0,,79,Standard Tape for P-Touch: Works Great
A3UE78V8Z8G1YP,B00000K135,3.0,2014-06,0,0,,42,good tape
A2HRHF83I3NDGT,B00000K135,5.0,2013-11,0,0,,42,"Cheap, great quality."
A2ZT5LYQVJQJAU,B00000K13A,5.0,2011-03,0,0,,41,Brother product so it works with their label printer
A2DOKI3HUPALWE,B00000K13A,5.0,2011-03,0,0,,56,Real Brother tape
A1KAERT0MPBZOO,B00000K13A,4.0,2009-08,0,0,,76,Easy to Peel Off
A3GFK87L3P68AH,B00000K13A,5.0,2014-05,0,0,,30,Excellent replacement
A3DVGMO8DCK8AX,B00000K13A,5.0,2011-02,0,0,,26,Perfect replacement
A2E2BMXO5WCNNJ,B00000K13A,4.0,2011-01,0,0,,30,"Works, a little expensive"
A2BAKWNFT9N7L5,B00000K13A,5.0,2007-03,0,0,,18,Labeling tape
A2S462MQ984OD2,B00000K13A,5.0,2009-02,0,0,,28,"Good product, an even better supplier!!"
A2ZT9UP11DGS0O,B00000K13A,5.0,2014-01,0,0,,32,Great Product
A8LEFDO3AKIJP,B00000K13A,4.0,2013-06,1,1,1.0,137,"Buy 1/2"" to avoid peel-off's"
A3CDH6GBMQ8SF6,B00000K13A,5.0,2013-10,0,0,,57,Quality Product
A2VSI9JA8Q1OPM,B00000K13A,5.0,2014-04,0,0,,21,works great
A1WGFWCQ8IQCWV,B00000K13A,5.0,2013-02,0,0,,23,Great labeling tape
A29KEBGOFM7WP3,B00000K13A,5.0,2011-10,0,0,,27,Good Labeling Tape
A1GHIZOF6W4VON,B00000K13A,5.0,2010-04,0,0,,28,Great price
A3R8M455KMAQ5K,B00000K13A,5.0,2013-01,0,0,,22,Just what I was looking for
AZAC8O310IK4E,B00000K13A,5.0,2011-01,0,0,,36,Brother Ptouch Labeling Tape = Great for manila folders
A14RFF9JUIM34U,B00000K13A,4.0,2011-01,1,1,1.0,20,genuine
A3TAS1AG6FMBQW,B00000K13A,5.0,2010-03,0,0,,207,"Great value, so many uses!"
A6Z5D6RNFVHEP,B00000K13A,4.0,2013-02,0,0,,22,Works
A3KKULCHWGLL5Q,B00000K13A,3.0,2013-07,0,0,,24,Its functional  - But not the original
A1NAR74A45O0AV,B00000K13A,5.0,2010-04,0,0,,17,label tape
A29GWIJL72GXXZ,B00000K13A,4.0,2011-02,1,1,1.0,27,Good Price - Kinda Slow Shipping
A4BW957GKIJUM,B00000K13A,5.0,2012-08,0,0,,30,Amazing!
AFYDSCHAXBASF,B00000K13A,5.0,2009-07,1,1,1.0,100,Used for priceless photos - Genealogy
A2AOZQ3WTNVVOK,B00000K13A,5.0,2006-01,57,58,0.9828,265,Useful for Hanging File Folder Labels
AQ3Z6LHWZ5W7E,B00000K13A,5.0,2012-12,0,0,,20,Brother labeling tape
ABOTQXNUBA1MM,B00000K13A,5.0,2013-11,0,0,,70,"Brother's labels are simple, clean and used everywhere."
AID6E0HC9H6CP,B00000K13A,5.0,2009-12,0,0,,77,Never been happier!
A25DV2T1HW6WTR,B00000K13A,5.0,2005-10,7,7,1.0,78,Versatile
A3A57GX8FJ4QNQ,B00000K13A,4.0,2006-01,34,34,1.0,716,Works great but expensive and no generic market
A2V0SRJJJ3PD91,B00000K13A,5.0,2007-12,3,3,1.0,34,Vastly Superior to Dynmo
A3SIVSBFGWO03,B00000K13A,5.0,2010-05,0,0,,23,Pleased
A2J0SM6KGZKSS8,B00000K13A,4.0,2009-12,0,0,,34,Great product
A1W2DP25RTN59X,B00000K13A,5.0,2007-01,3,5,0.6,88,Label to the max!
A3VZH0PWLQ9BB1,B00000K13A,5.0,2008-02,1,1,1.0,48,handy to have
AUL0JCNC6QZ2L,B00000K13A,5.0,2009-02,16,16,1.0,81,Love my labels
AXNQ3UXQ3P5HE,B00000K13A,5.0,2004-03,3,9,0.3333,30,Excellent
A32JA9FA6O0XST,B00000K13I,5.0,2007-03,6,6,1.0,53,Brother labeling tapes
A16C19G0I2DE8S,B00000K13I,5.0,2014-05,0,0,,51,brother tz131 blk and clr 1/2 inch label tape
A8LEFDO3AKIJP,B00000K13I,3.0,2013-06,0,0,,157,Good for medium size items
AFFAPZZMQI5GW,B00000K13I,3.0,2009-10,1,1,1.0,23,paper backing doesn't peel off well
A29KEBGOFM7WP3,B00000K13I,5.0,2011-10,0,0,,24,Good Label Tape
A1IWMPKH1ELQQP,B00000K13I,5.0,2010-10,1,1,1.0,35,RELIABLE and the label LASTS
A1NAR74A45O0AV,B00000K13I,5.0,2010-04,0,0,,19,labeling tape
AFN973QGO8L9J,B00000K13I,5.0,2013-12,0,0,,28,"Great tape, fits Brother Label Maker"
A3A57GX8FJ4QNQ,B00000K13I,4.0,2009-07,8,8,1.0,141,Good but not as useful as Black on white
A1VQHH85U7PX0,B00000K13I,5.0,2009-06,0,0,,206,"Durable ""Crack and Peel"" Labeling Tapes"
A1R8R7XKJJ3Q3T,B00000K13I,5.0,2014-03,0,0,,28,Night Player
AQHYPU9OIL1IL,B00000K13I,5.0,2014-03,0,0,,58,Works well
A1YV5G4GL5N6XV,B00000K13I,5.0,2007-01,2,2,1.0,47,Better to buy on Amazon than an office supply store.
A13CEEFTSM9ZAZ,B00000K13I,3.0,2010-11,0,0,,79,good but sloppy handling.
A2UFAKH7Y8VH5N,B00000K13I,5.0,2010-05,0,0,,48,Discrete Label for Light Surfaces
A2GZBRT6DBCCZY,B00000K13L,4.0,2011-01,0,0,,22,label
A5SRH9OLR37VY,B00000K13L,5.0,2014-01,0,0,,21,works with my labeler
A3MCPNPCOLOCEI,B00000K13L,5.0,2013-08,0,0,,28,Great OEM Tape
A3VTSPF7JQ80UQ,B00000K13L,5.0,2008-12,2,3,0.6667,38,Its Tape and its YELLOW
A2V5UI37R7ESEV,B00000K13L,5.0,2013-10,0,0,,173,Brother Tape Cartridge 12mm MK631 Black On Yellow
A2FY4IRPNJCRUK,B00000K13L,5.0,2011-06,3,3,1.0,405,Great organisation Green is more of a Mint
A2WDCAMKCCP1UR,B00000K13L,5.0,2013-01,1,1,1.0,59,Great that they're on Amazon!
A3GZQJZLSMETLI,B00000K13L,5.0,2007-06,1,1,1.0,26,refills
A2C7D65XX6K2OD,B00000K13L,5.0,2013-12,0,0,,27,Excellent tape.
A33CNFK776MTWR,B00000K13L,5.0,2012-12,0,0,,50,It give you good ink long life
A3R9X003XW0LNR,B00000K13L,5.0,2009-10,0,0,,25,Great for the holidays
A1JTTI1KH3DOCY,B00000K13L,5.0,2013-08,0,0,,112,Great Replacement Tape
A1JUJM2FDDREHY,B00000K13L,5.0,2013-12,0,0,,24,Great
AKXT3E60ZZQCY,B00000K13L,4.0,2012-12,1,1,1.0,20,? It's Tape ?
ALD4EGIL85Q8,B00000K13L,5.0,2013-07,0,0,,45,A durable and professional cartridge
A31Y28UEDXQ0HB,B00000K13L,5.0,2008-07,1,1,1.0,20,good
A32T9TM5F7KHIG,B00000K13L,5.0,2013-09,0,0,,21,Exceptional
AGTQW6LCRGAPZ,B00000K13L,5.0,2010-04,0,0,,16,Its just a refill
A21VM9WVF8EOSJ,B00000K13L,4.0,2013-01,1,1,1.0,26,It's yellow label tape
A149C701MLJDJC,B00000K13L,5.0,2004-11,1,5,0.2,23,Does the Job!
ABU5AVJ05TWXW,B00000K13L,5.0,2012-10,0,0,,23,Brother label printer tape
A2LH14QP9ZKF3G,B00000K13L,3.0,2014-05,0,0,,29,Not so clear
AZ5A2S8UZ7RTL,B00000K13L,5.0,2012-12,0,0,,37,useful
A3QA0BBQW08DLZ,B00000K13L,4.0,2013-04,0,0,,25,It works
ADG1I43JFC7YX,B00000K13L,5.0,2007-12,1,1,1.0,38,Perfect for Holiday Labeling
A2UOK8UV9AITAW,B00000K13L,5.0,2014-07,0,0,,6,Five Stars
A3SL7BXUHLRKW3,B00000K13L,5.0,2009-07,2,2,1.0,20,Works as advertised
A2C9MURXVUCBMM,B00000K13L,5.0,2013-08,0,0,,45,Satisfy the OCD in all of us
A6GDUWATWOH8B,B00000K13L,5.0,2012-11,0,0,,20,Great
A3TPEPYMO2GFN7,B00000K13L,4.0,2013-04,0,0,,42,OK Tape Cartridge
A2PMSS7I2J8ZBE,B00000K13L,4.0,2011-12,0,0,,20,Exactly as described
A1T7TGDFADVX6Q,B00000K13L,3.0,2014-01,0,0,,24,Clear Tape
A2ANICQ82D7RJV,B00000K13L,5.0,2013-08,0,0,,20,Brother Tape Cartridges 0.5IN Wide Black On Yellow
A3PFLOVUUUDUI3,B00000K13L,5.0,2013-09,0,0,,23,Glossy!
A319UCRTOK0V9P,B00000K13L,5.0,2011-01,1,1,1.0,75,Brother PT-85 Tape Cartridge
A3H482CX4KZBK4,B00000K13L,5.0,2014-06,0,0,,25,BRIGHT
A22QIJY2CB21MV,B00000K13L,4.0,2009-12,5,5,1.0,29,label refills
A27FPKOKRNWKJM,B00000K13L,5.0,2013-12,0,0,,36,Real deal
A1EKB0SYZ81ZV,B00000K13L,5.0,2013-01,0,0,,58,Just the letters show
A2NYUHO4HL2CYG,B00000K13L,5.0,2014-04,0,0,,21,Brother M131 Black on Clear 0.47in X 26.2ft
A928NXDJXHVS8,B00000K2YR,4.0,2014-07,0,0,,54,Breaker-Breaker 9999
A379VJJGXWIZFE,B00000K2YR,4.0,2013-01,1,1,1.0,89,Not impressed
A243GF4FL8TW1X,B00000K2YR,4.0,2011-06,2,2,1.0,64,"Good product, works as it should."
AW4ZR3T63NCP0,B00000K2YR,4.0,2014-02,0,0,,86,Awesome CB for occasional use
A2ZH26QW2ZPK2C,B00000K2YR,4.0,2012-12,0,0,,77,Adequate for the job
AUM9K0KZGK653,B00000K2YR,5.0,2014-06,0,0,,84,Best cb ever
AIZV746OPQ5PS,B00000K2YR,5.0,2013-01,1,1,1.0,165,Great CB for the price!
A2DXC3PKBFPQDS,B00000K2YR,4.0,2014-04,0,0,,104,as much as you can expect from a hand held
A2RRT5Z4D43CZV,B00000K2YR,5.0,2012-09,1,1,1.0,95,Who's about on the 19  :o)
A3RAESXA4SR1YL,B00000K2YR,4.0,2011-01,3,3,1.0,167,I am impressed with the quality of this product so far
A6CT51FUL6UT8,B00000K2YR,4.0,2014-01,0,0,,169,Motorcycle
A1SF59X4FDUGQG,B00000K2YR,5.0,2014-03,2,2,1.0,184,"Great little CB radio, used either way...handset or walkie talkie"
A20RIYQIMFLVM5,B00000K2YR,4.0,2010-06,1,1,1.0,137,"Compact, versatile radio"
AWWBWAEQ8UUO0,B00000K2YR,5.0,2013-06,0,0,,93,Great portable CB option
A3PXZ8TOQNGLA,B00000K2YR,5.0,2014-02,0,1,0.0,26,Good product
A1YIBJJC910PCQ,B00000K2YR,4.0,2014-03,1,1,1.0,28,compact
A1GE6AROZ4IEAJ,B00000K2YR,4.0,2007-09,7,9,0.7778,42,nice radio
A3MJIXDIQT5S16,B00000K2YR,4.0,2006-06,12,16,0.75,98,"5-7 business days for Standard Shipping, required"
A1GIRH2N6B2VZL,B00000K2YR,1.0,2012-04,1,5,0.2,51,Not so great
A1AK5068R1WJAK,B00000K2YR,5.0,2012-02,2,2,1.0,50,Great choice
A36LUBBXFGA2Q2,B00000K2YR,4.0,2013-08,0,0,,21,Just what we needed.
A95PWI4S6WHGL,B00000K2YR,4.0,2010-02,1,1,1.0,64,Midland 75-933 40 Ch 2 way CB
AXQPJFOALBYAH,B00000K2YR,5.0,2013-08,1,1,1.0,180,Perfect for use in 2013 Jeep Wranglers!
ASOQKF9ZNJ1YO,B00000K2YR,4.0,2013-09,0,0,,128,Not bad
A1FZ5XWQ2NNT62,B00000K2YR,2.0,2013-04,1,2,0.5,77,this thing flat out stinks
A25YWG8NC0DKGH,B00000K2YR,5.0,2013-07,2,2,1.0,58,great little radio
A1H6G9KAJFX19Z,B00000K2YR,5.0,2013-02,1,2,0.5,28,have enjoyed the versatility
A3FQZZNEHL02WO,B00000K2YR,5.0,2013-06,1,1,1.0,30,Good
A258NDMTLH29RJ,B00000K2YR,5.0,2013-08,0,2,0.0,32,Midland 40 channel cb
A339BQZ2491E6N,B00000K2YR,5.0,2012-11,4,4,1.0,280,Super Happy with this radio!
A2LQN25HW5IGSB,B00000K2YR,4.0,2011-09,0,0,,49,Nice package
A1OO9N1MRNQ7K0,B00000K2YR,5.0,2011-07,3,3,1.0,56,Midland 822
ACJWRLQLI9EYZ,B00000K2YR,1.0,2014-03,0,1,0.0,52,Very low reach
AIAT4UQM6AS8G,B00000K2YR,5.0,2013-10,0,0,,372,Killer Bang for the Buck
ANEHF7BWGYZ5L,B00000K2YR,5.0,2012-12,0,0,,29,CB Radio
A3UERTXLHBGAZ0,B00000K2YR,5.0,2010-05,1,1,1.0,65,Small size/BIG performer
ADR6157NMQOTV,B00000K2YR,3.0,2014-03,1,6,0.1667,30,It's a CB
A74HK3XXFGZ9G,B00000K2YR,2.0,2008-01,2,6,0.3333,60,Ineffective
A2MFT5N8Y4RXV9,B00000K2YR,5.0,2013-03,0,0,,23,This is a very nice cb the best hand held in its class
A2RBX3L0OJSXN0,B00000K2YR,5.0,2013-06,0,0,,45,greta portable
ATIESTXNUFNSW,B00000K2YR,3.0,2013-09,0,0,,40,returned
A390Y4PZY8XTYL,B00000K2YR,4.0,2013-03,0,0,,21,C B
A3CL2MI40GZGPR,B00000K2YR,5.0,2009-08,0,0,,19,CB Radio
A42FNTM7Q2FE0,B00000K2YR,5.0,2012-11,0,1,0.0,28,Motorcycle Rider
A3S5KSCNM13MSB,B00000K2YR,4.0,2013-01,6,6,1.0,404,Great setup for my Jeep
A22KD7ATICQIPK,B00000K2YR,5.0,2013-01,1,1,1.0,65,"Years after I purchased it, still going strong"
A1MC4013WKDABW,B00000K2YR,5.0,2009-11,2,2,1.0,66,Good product
A1AHL90POX6J9K,B00000K2YR,2.0,2012-01,3,3,1.0,169,I Sent It Back
AMF75VWP2SV6M,B00000K2YR,5.0,2014-02,0,1,0.0,28,Midland 75-822 CB
AW2YZ8GHU8GIV,B00000K2YR,4.0,2013-06,0,0,,60,Worked well in the weather!
A1S7ZHV3VCF4IQ,B00000K2YR,5.0,2012-04,2,3,0.6667,163,Awesome hand held cb
A1XEL9W3JBAT4P,B00000K2YR,5.0,2013-02,8,9,0.8889,645,Nice little CB radio!
A3V2PI7YM6U7YI,B00000K2YR,4.0,2010-06,0,0,,32,Handy radio.....
A3A3LNDYHH53L0,B00000K2YR,5.0,2010-04,4,4,1.0,133,Great radio!
A1JRAJNQP2Y4DU,B00000K2YR,2.0,2013-08,1,2,0.5,200,Not as advertised. Buyer beware.
A9LYDGQCOZ3LV,B00000K2YR,5.0,2013-02,3,3,1.0,49,Works great
AQ18N1SD6RV2P,B00000K2YR,5.0,2013-08,1,3,0.3333,31,radio
ACDMTFO375XVZ,B00000K2YR,4.0,2012-03,2,2,1.0,283,Versatile And Packs A Punch
A27NKDSY5J9MEB,B00000K2YR,5.0,2007-06,7,7,1.0,102,Great Little Unit
A2WZX2MXMMNYBA,B00000K2YR,5.0,2011-07,2,2,1.0,147,A great CB radio!!!
A11CH52DG6EF6P,B00000K2YR,1.0,2006-01,3,33,0.0909,25,Not A Very Good CB
A13KTNVB5IG8SB,B00000K2YR,1.0,2011-12,2,2,1.0,66,Midland 75-822 40 Channel CB-Way Radio
A1UIUV0YRYPAAV,B00000K2YR,1.0,2011-12,2,3,0.6667,132,Midland 75-822 40 Channel CB-Way Radio
A1B52QAAMM1OUJ,B00000K2YR,1.0,2006-12,18,24,0.75,87,"Poor Quality, Receiver Fails After Six Weeks"
A2UHI6BF37BZ0Z,B00000K2YR,5.0,2013-05,1,1,1.0,89,Midland 75-822 40 channel CB radio
A2QQU4THUEX7I,B00000K2YR,5.0,2006-11,6,7,0.8571,155,"Good value, works well"
A2NLE392AJ0LOU,B00000K2YR,5.0,2013-04,0,0,,174,Versatile CB Transceiver
A2YGB747HQLREO,B00000K2YR,5.0,2013-06,0,0,,77,a great purchase for us!
A2PECP2HBQG4AS,B00000K2YR,2.0,2011-08,1,2,0.5,56,very compact but was a waste of money
A1WV0XTJROAYGK,B00000K2YR,4.0,2012-03,7,8,0.875,257,"Good Handheld CB, not a Galaxy, but will work"
A275POKNNSDTC4,B00000K2YR,3.0,2011-01,2,3,0.6667,42,MIDLAND 75-822 40 Channel 2 Way Radio
A3J30FS0PGTYWU,B00000K2YR,5.0,2012-12,0,0,,40,sweet
A2GML5RFMHMAYW,B00000K2YR,5.0,2013-04,0,0,,431,Perfect general use radio for the recreational user
A2P38D8T3HQ14T,B00000K2YR,4.0,2013-06,0,0,,81,Great for Trail Runs in the Jeep
A1VSJ1YD40Y7PG,B00000K2YR,5.0,2013-04,0,0,,44,Excellent performance at a great price
A37894K753YF3J,B00000K2YR,5.0,2013-02,1,1,1.0,20,Great Gift
A13ZT5G31M5WJ5,B00000K2YR,4.0,2010-06,0,1,0.0,382,"Update on ""Received an apparent lemon"""
A3LWTNKF8T05AK,B00000K2YR,5.0,2010-04,6,6,1.0,357,This unit seems to be the later version of the 75-830...
A3JNVOV0L3UI0J,B00000K2YR,4.0,2013-04,0,1,0.0,48,Wonderful and useful
A2W8L7O2RC73OX,B00000K2YR,2.0,2012-06,3,5,0.6,120,OK if you want a toy
A2H7ICQGFXDI4S,B00000K2YR,2.0,2012-12,0,1,0.0,21,Didn't feel like it would last.
ASLAICRA179OS,B00000K2YR,5.0,2013-07,1,1,1.0,175,It works
A15GJXWN6IKKLS,B00000K2YR,4.0,2014-04,0,0,,27,Good
A2PLKZ6IW9MXRZ,B00000K2YR,1.0,2011-08,3,5,0.6,142,NOT RECOMMENDED FOR PURCHASE
AS19IWGORT8IT,B00000K2YR,4.0,2011-08,1,1,1.0,63,Up dated review
A35ST2XPLHG2BR,B00000K2YR,4.0,2013-12,0,0,,34,"""Jack of all trades, master of none.."""
A3N7GBJ5NC8RUC,B00000K2YR,5.0,2013-03,0,0,,40,Works well
AY18E24VXG8FT,B00000K2YR,5.0,2013-04,0,0,,37,Great item!
A16BCKU6WTSGRL,B00000K2YR,5.0,2014-01,0,0,,40,Great CB for the money
AVPJ9F4OR0VRB,B00000K2YR,5.0,2013-06,0,0,,49,Great CB for the price!
A2DVPGMT4IU827,B00000K2YR,4.0,2012-03,3,3,1.0,230,Compact and adaptable
A2AIDS3RG8GKWW,B00000K2YR,5.0,2014-01,0,1,0.0,68,Great small unit
A2CC9R0KDGDFQP,B00000K2YR,4.0,2014-02,0,0,,82,Needs cap for removable antenna
AODQI51IBW7WN,B00000K2YR,1.0,2012-03,0,4,0.0,77,Defective from the box
A2VC9CVEP6M5NA,B00000K2YR,3.0,2013-03,1,3,0.3333,52,"Compact, but so is the range"
A65VEN5RKAEA8,B00000K2YR,5.0,2014-06,0,0,,49,Great!
A1XTVZ9Y9Y6GRU,B00000K2YR,5.0,2013-07,1,1,1.0,48,Killer Compact CB for motorcycle or any vehicle
A1HEFVTXHT1AL1,B00000K2YR,4.0,2013-08,0,0,,26,Good small CB
A210UZTIFQ6FLD,B00000K2YR,4.0,2012-12,0,0,,57,Midland 75-822 40 Channel CB-Way Radio
A25KDAMREZ38KJ,B00000K2YR,2.0,2011-08,1,1,1.0,51,Hoped for better
AOVTLYTHVDNUX,B00000K2YR,4.0,2014-04,2,2,1.0,389,Overall a Great Radio with Some Minor Flaws
A2KUOQLRGGHCQX,B00000K2YR,5.0,2012-06,3,5,0.6,212,Radio fine...but...missing critical part! Order new if you buy!!
AR2D9G4V4GGUF,B00000K2YR,5.0,2014-06,0,0,,38,Great radio
A132Q9YLCIRHDN,B00000K2YR,4.0,2011-05,1,1,1.0,139,Good all in one radio
A2CTBK9W1K01W7,B00000K2YR,1.0,2011-10,6,8,0.75,101,"range too short,"
A19ALNTBQGCWO7,B00000K2YR,5.0,2012-12,0,0,,84,Great unit
AFQHIL1EROP1F,B00000K2YR,4.0,2013-03,1,1,1.0,40,Nice compact cb
A11DJX3UKJD737,B00000K2YR,2.0,2013-01,1,2,0.5,164,2 Units and both have defects
A3LM1NSW9FM8IO,B00000K2YV,5.0,2013-09,0,0,,21,Good Product
A1XD710QD1HCI1,B00000K2YV,4.0,2014-04,0,0,,62,This antenna isn't going to provide great range or performance
A38K3YPGRNGXGW,B00000K2YV,1.0,2013-12,0,0,,21,Not the best.
A2II4B6CJ4O47Q,B00000K2YV,1.0,2007-03,17,20,0.85,187,Some things dont cut it
A34P7YFJQPS07T,B00000K2YV,1.0,2009-02,5,7,0.7143,107,"Ok, as long as it sticks"
A1KCI96DKAK1JA,B00000K2YV,1.0,2013-07,4,5,0.8,119,Terrible......
A27181AF6YYMRF,B00000K2YV,5.0,2014-06,0,0,,21,works real nice
A2KFAJY4JA7JQ1,B00000K2YV,5.0,2014-05,0,0,,28,Sturdy antenna; well made.
A13LRIL8P0TYK0,B00000K2YV,1.0,2011-03,1,2,0.5,67,Don't bother
A393ITXMCJFQFF,B00000K2YV,1.0,2013-08,0,0,,35,Crap
AVPY9B8NYUMJG,B00000K3RI,5.0,2000-10,40,40,1.0,98,Best all-around scope
AD50TWQOM8W4G,B00000K3RI,5.0,1999-11,211,215,0.9814,257,Beyond my wildest expectations!
AIU8YRECU4HZ4,B00000K3RI,3.0,2000-07,57,64,0.8906,47,"cool, but really need optional eyepieces!"
A3VONQL7YW8UPM,B00000K3RI,4.0,2002-12,14,14,1.0,240,Great Amateur Scope!
A1RPTVW5VEOSI,B00000K3RI,3.0,2000-02,103,109,0.945,218,"Optically excellent, mechanically...well..."
A2L3ZOXJL8OR9G,B00000K3RI,1.0,2013-06,0,3,0.0,111,I bought it and it was broken
A1PAGHECG401K1,B00000K3RK,4.0,2001-01,45,45,1.0,397,necessary accessory
AVPY9B8NYUMJG,B00000K3RK,4.0,2000-10,34,34,1.0,133,Find stars you never knew existed
AD50TWQOM8W4G,B00000K3RK,5.0,1999-12,62,65,0.9538,105,Must have for ETX-90EC
AXYGT3CBHC1WA,B00000K3RK,5.0,2002-05,9,9,1.0,493,Huge database of Information
A3VONQL7YW8UPM,B00000K3RK,5.0,2002-11,4,4,1.0,116,Not Optional for Beginners
A1ERWR5A8OVLDH,B00000K3RK,2.0,2001-06,0,2,0.0,80,Autostar for Dummies? Where is it? I'll buy.
A11N54DYZ6NT3K,B00000K4KH,4.0,2003-10,18,22,0.8182,90,It does what it should
A17GXMTHZLL8OC,B00000K4KH,5.0,2013-01,0,0,,51,Very good
A2NXNDJVTMANZM,B00000K4KH,3.0,2013-01,0,2,0.0,212,Not for New MBPros (2012) - CORRECTION: OK
AGCJIYX1XCW29,B00000K4KH,4.0,2009-03,2,2,1.0,157,Looped to bedframe
A3FNOSCPPESDF9,B00000K4KH,5.0,2008-09,0,0,,17,Works well
AZ0FIJCBTM6MI,B00000K4KH,5.0,2013-05,0,0,,211,Peace of mind while traveling
A3AGSFLNNIFKNJ,B00000K4KH,5.0,2012-01,0,0,,28,Works great - same day delivery a plus!
A2IYECKOTKGOMA,B00000K4KH,2.0,2002-08,6,15,0.4,110,Looks nice and safe - but broke in two weeks!
AC2SMT7WEOBQM,B00000K4KH,1.0,2012-01,16,18,0.8889,368,"Looks good, but not."
AN560AP1HH0U1,B00000K4KH,4.0,2009-12,0,1,0.0,27,Does What its Made For
A20ICEO8M18VHR,B00000K4KH,4.0,2008-09,0,0,,53,Works exactly like it should
A1VPAHPK6H0267,B00000K4KH,5.0,2013-01,0,0,,31,Notebook Lock
A1MYZWL405PBUB,B00000K4KH,5.0,2009-01,0,0,,155,Definitely worth 32.00
A8PW0WUVGYF9P,B00000K4KH,4.0,2014-01,0,1,0.0,71,While I haven't officially used it
A21LAY2T4KERFL,B00000K4KH,4.0,2007-02,8,8,1.0,47,I can finally pee!
A2UZ08JP9E384H,B00000K4KH,5.0,2002-07,6,13,0.4615,65,A very useful cable..
A3H8R9RBN7MYD,B00000K4KH,4.0,2010-08,1,1,1.0,161,Pretty Strong but pretty confusing too
A2V7EO331SFUF6,B00000K4KH,5.0,2006-01,100,106,0.9434,262,"Nice deterrant, for the price, but don't expect this to do more"
ADTRPBYXKK8BE,B00000K4KH,5.0,2013-06,0,0,,63,Notebook Lock w Security Cable (Mac/PC)
A6J4ESHKQ1H3,B00000K4KH,1.0,2009-06,37,43,0.8605,128,"Tamper-Evident ""feature"""
A34XU2SMQ7LRQO,B00000K4KH,4.0,2013-01,0,0,,23,Bigger than I thought it would be.
A14PTBE6AR7MTA,B00000K4KH,4.0,2013-07,0,2,0.0,21,works great!
A2S3G3C84ATVST,B00000K4KH,5.0,2013-03,0,0,,34,Simple easy way to secure a laptop from roaming hands
A2SAI9GPI7NLK,B00000K4KH,5.0,2012-12,0,0,,35,Cable is long enough to loop around something secure and still have some mobility
A39PXL8TQKMNRY,B00000K4KH,4.0,2013-09,0,0,,117,Handy security device at a decent price
A22DV4ZASA1MX3,B00000K4KH,5.0,2010-03,6,6,1.0,190,Works fine on my MacBook
A1EKSHKY9G1K18,B00000K4KH,5.0,2000-06,46,52,0.8846,191,A wise way to spend money for notebook security
A1TNK6MP89YXY2,B00000K4KH,5.0,2002-02,129,136,0.9485,326,Notebook physical security doesn't get much easier
A5ZX2K585HWOB,B00000K4KH,4.0,2012-08,0,0,,24,good
A34VKO642QP76Z,B00000K4KH,4.0,2014-01,0,0,,20,This case is beautiful and simple
ATQQA4VFSCXAG,B00000K4KH,5.0,2009-04,0,0,,19,Kensington Notebook Lock
ALR7JXNK1KOIC,B00000K4KH,5.0,2010-08,2,2,1.0,156,Pleased today
A15VJ6S6HLGYBT,B00000K4KH,4.0,2013-10,0,0,,20,It works
A3977M5S0GIG5H,B00000K4KH,5.0,2007-12,4,4,1.0,122,"Light, Effective, Laptop Security Solution"
A100SER4Z9YAWR,B00000K4KH,5.0,2014-01,0,0,,111,Works for my TV
A2VVT23YZNEOUE,B00000K4KH,5.0,2013-05,0,0,,20,Great
AHJ67NJKYWK7W,B00000K4KH,4.0,2010-08,5,7,0.7143,178,Tamper proof issue
ALSIXP72JBQ2Q,B00000K4KH,5.0,2012-12,0,0,,49,You are the first line of defense
A1XH86OU75RY6Y,B00000K4KH,4.0,2008-07,4,5,0.8,98,Does what it says but not good for macbooks
A3QT60TL8CF94W,B00000K4KH,3.0,2011-02,4,4,1.0,65,Amazon switched out for a cheaper model!
A222VKIXTH31TZ,B00000K4KH,4.0,2011-12,0,0,,34,works well enough
A2PGQ584ZF9B3F,B00000K4KH,1.0,2014-06,0,0,,42,NOT FOR MAC
A9A673ZJS3ZGI,B00000K4KH,4.0,2010-09,0,0,,243,It does exactly what a lock in its price range should do
ACH5AATZANIVL,B00000K4KH,5.0,2011-08,1,1,1.0,106,Works with my 2011 MacBook Pro!
A1F1A0QQP2XVH5,B00000K4KH,5.0,2011-07,0,0,,21,Easy to use
A3ES51FL3H0QCR,B00000K4KH,4.0,2005-01,9,9,1.0,118,Makes me feel safe when I leave my laptop unattended.
A3OEWQXYMIXYVI,B00000K4KH,4.0,2010-10,0,0,,212,Stout lock
AKVKO4R1KZ0WR,B00000K4KH,5.0,2014-04,0,1,0.0,31,Lock for Laptop
A2B7R69TZSJA8C,B00000K4KH,4.0,2014-01,0,1,0.0,65,Nice and sturdy deterant
A35MUY1T5C335X,B00000K4KH,4.0,2009-11,0,0,,150,Works fine; watch out for the size of the lock mechanism
A1NP78VYIMHCKK,B00000K4KH,5.0,2009-11,0,0,,41,It works as advertised
A284J4XHAKPYM6,B00000K4KH,5.0,2014-05,0,0,,87,Love this Lock
A20W4W9KGWJV12,B00000K4KH,5.0,2008-10,0,0,,106,There are locks and there is Kensington Lock
A231WM2Z2JL0U3,B00000K4KH,5.0,2004-03,20,23,0.8696,62,Simple &amp; effective.
A1KRFQ0HKNHZ7,B00000K4KH,4.0,2011-06,0,0,,35,Product does what it is suppose to
A1HHEF51V3BA0D,B00000K4KH,2.0,2013-08,0,0,,176,Frames Are Not All The Same
A290XSFY4NQDJQ,B00000K4KH,4.0,2010-09,0,0,,17,Basic security cable...
A2IQMBBNQQREPT,B00000K4KH,4.0,2014-02,0,0,,62,Poor Directions
A1B9W7LG5CQ8LL,B00000K4KH,5.0,2007-06,2,2,1.0,56,Does its job
A23CIS24TPIQZP,B00000K4KH,5.0,2012-05,0,0,,86,Kensington Key Lock
A27EXUP9VDZ5FV,B00000K4KH,5.0,2010-11,0,0,,23,Strong
A2A2STSMRHC225,B00000K4KH,5.0,2013-12,0,0,,21,Mac Lock
A22MHWKRGV89RZ,B00000K4KH,4.0,2013-12,0,0,,37,"Seems to work OK,  should it be snug when locked into that little Kensington lock hole?"
A13M0YEMOZZKDL,B00000K4KH,5.0,2010-10,2,2,1.0,69,Good Laptop Lock
AJ6SPK7Y38RKW,B00000K4KH,4.0,2000-12,30,38,0.7895,97,Will do but not theft proof
AZ2X2P045ZFH2,B00000K4KH,5.0,2013-03,0,0,,28,Easy
A34ETKDJ29JAQ3,B00000K4KH,5.0,2013-07,0,0,,28,Met expectations
A18MN3B52HHBH1,B00000K4KH,1.0,2013-12,1,1,1.0,106,Poorly designed
A2JWF9IG8PJAOA,B00000K4KH,5.0,2013-05,0,0,,345,Temporary Security measures. WOn't stop a CAble cutter.
A2519QDPSKTSAV,B00000K4KH,5.0,2013-01,0,0,,276,Simple to use laptop securty
A12SQEAX4EOM13,B00000K4LF,2.0,2014-06,0,0,,27,Hardware problems
ARVIOWMXTTQ50,B00000K4LF,2.0,2006-02,3,3,1.0,84,Fantastic At First -- But Incredibly Short Life...!
A1LSNQQ37FA5J9,B00000K4LF,2.0,2005-03,13,15,0.8667,229,Sad to say this just won't do the job
A3I05EBYT0I4XR,B00000K4LF,2.0,2012-11,0,0,,21,Kensington Orbit USB/PS2 Combo Mouse/Trackball
A2MZRCGX947V40,B00000K4LF,1.0,2002-04,0,0,,25,Clogs too much (and hard to clean)
A2AG8VKBKJY40R,B00000K4LF,5.0,2014-06,0,0,,101,This is the best thing since . . . whatever.
A3GAU6X29L9VTL,B00000K4LF,5.0,2005-08,1,1,1.0,28,my favorite most comfortable trackball
AYRAJKPKSORP4,B00000K4LF,4.0,2004-07,1,4,0.25,12,It works great for the price
AS0NL4FNH6XGS,B00000K4LF,1.0,2003-11,7,9,0.7778,294,"Trackballs are great - this one, however, is NOT"
AF55QHQTEOPF3,B00000K4LF,4.0,2005-09,0,0,,80,Kensington is quality
A3L60UJZQ0O0R5,B00001MXYW,2.0,2003-06,0,0,,138,More like the TV Blunder
A1NYJPZ6687EUD,B00001MXYW,1.0,2004-10,1,1,1.0,103,If it works for you then you are in the minority
A3KANLQLC9LHU3,B00001MXYW,4.0,2000-09,2,3,0.6667,38,"Could be a bit better,but gets the job done"
A1BAT4NZAP6B07,B00001MXYW,3.0,2000-11,10,14,0.7143,257,Never buy a PCI TV Card!  ATI TV cards are great though.
A3A15L96IYUO6V,B00001MXYW,5.0,2000-06,5,6,0.8333,93,Good product
AQU3SRNE1MAZX,B00001MXYW,1.0,2001-08,5,5,1.0,204,Ugh-- Just wait for nVidia Personal Cinema
A196K5YM49XXAE,B00001OPJ1,4.0,2000-07,1,3,0.3333,94,Good speakers - Bad service (Yamaha)
ALKWNPN0QCSP7,B00001OPJ1,5.0,2000-10,3,3,1.0,135,Rich sounds from an affordable system
A258SMAC3H58CO,B00001OPJ1,5.0,2001-07,2,2,1.0,65,Great set of speaker at great price
A2STLT852H9K75,B00001OPJ1,4.0,2000-06,8,8,1.0,106,Great *Computer* Speakers
A149RNR5RH19YY,B00001OPJ1,4.0,2003-08,2,3,0.6667,77,"I used to have once, b4 the desktop stereo"
A1Y3ECGECWDCAZ,B00001OPJQ,3.0,2010-01,0,0,,118,Nice unit.....but be extremely careful...
AT8TIN5JKHO2V,B00001OPJQ,4.0,2007-07,12,16,0.75,199,Nice combination of the two!
A32B969NDCPVWQ,B00001OPJQ,5.0,2007-06,39,40,0.975,54,Fits the bill!
A2OD0GJGVMA07I,B00001OPJQ,5.0,2007-10,12,12,1.0,86,Met our needs well
A19HP1ACNFQDT,B00001OPJQ,3.0,2009-09,3,3,1.0,470,Sound quality not up to par
A2Y7BPLIRE7SHD,B00001OPJQ,4.0,2013-11,0,0,,21,Shipped as ordered and promised
AT8TIN5JKHO2V,B00001OPJV,3.0,2007-07,11,11,1.0,214,Good unit at a fair price but please be kind to it
A2DLY1BLDQRWGX,B00001OPJV,5.0,2009-05,2,2,1.0,53,Great Tape Deck
A2MSQT2P5PH6O3,B00001OPJV,2.0,2007-01,23,24,0.9583,180,TEAC - a favourable price but at what cost?
A2AQC0GK90K9WX,B00001OPJV,4.0,2013-12,0,0,,28,Cassette Player
A1GRYKT7TUE9CE,B00001OPJV,2.0,2010-03,0,0,,67,Poor quality cassette player
A2MPKE7P1DFYTK,B00001OPJZ,4.0,2009-04,2,2,1.0,218,"If you find one of these, snap it up!"
A1HMI0JPCWQY4E,B00001OPJZ,5.0,2006-12,3,4,0.75,23,"Nice sound, easy to use"
A3EXWV8FNSSFL6,B00001OPJZ,5.0,2007-12,2,2,1.0,113,Great CD Changer
A2JSFCLWWRXIJ4,B00001OPJZ,5.0,2008-02,0,0,,36,Excellent Item.
A23QTZE764PJNS,B00001OPJZ,5.0,2008-07,4,4,1.0,291,You Can't Beat The Specs For The Price
A2LO26RUD8RCXH,B00001OPJZ,1.0,2007-12,4,6,0.6667,31,Failed after 1 year of Light Use
AO4ZALF33HP0,B00001OPJZ,4.0,2007-08,2,2,1.0,63,Pretty Good Base CD Changer
A1GFB47CXP4LKR,B00001OPJZ,5.0,2000-02,0,0,,117,An excellent DVD player for the price
A1P3DDFL423B3C,B00001OPJZ,5.0,2006-02,42,42,1.0,292,Nothing wrong with this at all
A2I85TDI7XF3C3,B00001OPJZ,5.0,2007-10,2,2,1.0,27,jvc 5 disc cd player
A1M1B4JA1SX1U9,B00001OPJZ,5.0,2001-06,12,12,1.0,19,Great machine
A2V1E7EAKW3CWB,B00001OPJZ,5.0,2009-02,1,1,1.0,37,5 CD Changer
A2DE1BPU8QCNSD,B00001OPJZ,2.0,2008-11,2,2,1.0,306,Gambled and Lost
A1Y09QLADQYQJG,B00001OWYM,4.0,2012-07,1,1,1.0,99,We use a wet one and a dry one... great line from a straight man to a comic...
A30UHM6OOPVHNA,B00001OWYM,4.0,2013-04,0,0,,20,It cleaned the heads of my defunct VCR
ARR335JD5JNJ3,B00001OWYM,5.0,2013-09,0,0,,38,Just What I was looking for
AICUSSCEK2P4C,B00001OWYM,5.0,2013-11,0,0,,23,Maxell VP-100 VHS Dry Tape Video Head Cleaner
A2SJ2SD6WIG56,B00001OWYM,5.0,2012-09,1,1,1.0,20,vcr head cleaner
AO2FXIAM4EKOS,B00001OWYM,3.0,2012-12,1,1,1.0,21,Get the Wet Tape Cleaner
A2OZ96KRM10ST1,B00001OWYM,4.0,2013-12,0,0,,24,Very good product.
A1GLMR6A34M0VV,B00001OWYM,1.0,2013-03,0,0,,88,CrappaMundo
A4SVJ7V6HZF9U,B00001OWYM,5.0,2013-01,2,2,1.0,60,Clean vcr equals better viewing
A5135DZW9GC8X,B00001OWYM,4.0,2007-07,4,11,0.3636,71,Don't know if it works well but I still like it because it is idiot proof!
A2RA2SK1H0WLQG,B00001OWYM,3.0,2009-09,0,1,0.0,116,"Too Early For a Review, Amazon"
A893NEHDW6NOL,B00001OWYM,5.0,2010-01,0,0,,25,Maxell VP-100
AI19J9P1TH9UD,B00001OWYM,1.0,2011-12,3,3,1.0,41,Meh!!!
A7Y6AVS576M03,B00001OWYM,5.0,2013-09,0,0,,233,Excellent Dry Head Cleaner
A2OLJ3NHHOHCHQ,B00001OWYM,2.0,2012-09,1,1,1.0,75,Head cleaner for VHS player-recorders.
A1F4EPSDCON365,B00001OWYM,5.0,2011-02,2,2,1.0,32,Cleans up Hi-Fi audio too!
A551XNTLYOHAS,B00001OWYM,1.0,2013-05,1,1,1.0,37,Bad Cleaner
A1XMNRX9WW7JXR,B00001OWYM,1.0,2012-06,6,6,1.0,77,Defective
A1K1YV2K1958SE,B00001OWYM,1.0,2014-01,0,0,,41,doesn't work
A141E91QV31KER,B00001OWYM,4.0,2013-03,0,0,,21,Dry is Good
AUPCERMZ6ASML,B00001OWYM,3.0,2013-02,0,0,,58,I can't rate this very well as it arrived damaged
A1HBINFSVAQ7G3,B00001OWYM,5.0,2011-10,2,2,1.0,53,Amazing!!
A187S6RMLW86N,B00001OWYM,3.0,2009-08,3,5,0.6,74,Did Not Clean Adequately
A3K129H6GAF9E8,B00001OWYM,4.0,2013-01,1,1,1.0,20,vcr cleaner
A1BPRRT5QIKU8J,B00001OWYM,5.0,2007-01,19,23,0.8261,13,It really works
A2HDTOF8222KN3,B00001OWYM,5.0,2014-03,0,0,,104,A simple and effective VHS cleaner
A3W4D8XOGLWUN5,B00001OWYM,4.0,2012-12,1,1,1.0,152,Head Cleaning
A1M0M3TOS6CD1A,B00001OWYM,1.0,2012-06,0,0,,241,Reels would not spin...
A14344GE7UZNTJ,B00001OWYM,4.0,2014-03,0,0,,41,Maxell VP-100 VHS Dry Tape Video Head Cleaner (290058)
A2XAMPN1ZH4FGT,B00001OWYM,5.0,2011-05,1,1,1.0,36,as good as can get for an almost obsolete item
A1PEITQQFYXYLM,B00001OWYM,4.0,2009-04,1,1,1.0,67,Does what it's supposed to do
AY7RGI58I9W3B,B00001OWYM,5.0,2008-01,2,2,1.0,62,Excellent Head Cleaner
A1XLLEHKFY3TN2,B00001OWYM,4.0,2013-04,0,0,,25,Maxell VP-100 VHS Dry Tape Vide Head Cleaner
A1XJF5OXN7NWGG,B00001OWYM,4.0,2012-01,0,0,,24,Good Product
A2V8WQ7E1OD7XL,B00001OWYM,1.0,2011-12,6,6,1.0,229,Garbage.
AF9WWJL5J3NIU,B00001OWYM,3.0,2013-01,1,1,1.0,47,I think it is OK
A2IQTGLZ3PIWAM,B00001OWYM,1.0,2013-06,2,2,1.0,44,Don't work
AKAYUX1M0PZWB,B00001OWYM,5.0,2011-11,3,3,1.0,37,Its not sexy but it gets the job done
A3PGAICBV5O6QR,B00001OWYM,2.0,2014-01,0,0,,43,Be careful
A104F83PVACKQF,B00001OWYM,5.0,2014-01,0,0,,77,Worked way faster and better than I ever would thought
A34N4IZ2X6V08N,B00001OWYM,1.0,2013-07,0,0,,47,Didn't work
A2YG15FR3JP4JC,B00001OWYM,5.0,2013-01,1,1,1.0,21,Maxell VP-100VHS Tape Video Head Cleaner
AB5E23ZV79CVZ,B00001OWYM,4.0,2012-01,0,0,,30,No complaints
A1JEJEDR7NDZ7C,B00001OWYM,5.0,2013-02,0,0,,35,Cleaned my VCR
A1FYX3RHM6B6EX,B00001OXQ9,5.0,2008-10,0,0,,70,Great quality for the price
A2M67X3IJ1EMIH,B00001OXQ9,4.0,2007-05,0,0,,29,great for the price
A2P3LG0CZ2WNX0,B00001OXQ9,5.0,2008-05,0,0,,58,Can't beat it!
A2Z5C2MD0XL1QB,B00001OXQ9,5.0,2012-09,0,0,,26,GREAT SOUND
ARPX4QADOUSVM,B00001OXQ9,5.0,2007-08,0,0,,116,Great value
A2I6KBFBFIORH7,B00001OXQ9,5.0,2003-12,14,14,1.0,123,These Speakers Are A Bargain!
ADIIDEMF3LB1,B00001OXQ9,3.0,2005-06,3,3,1.0,113,"Good sound, metal rusts..."
A2E74YKJXGZCJB,B00001OXQ9,5.0,2002-10,10,11,0.9091,36,Works great!
A2583R6OPKM7CN,B00001OXQ9,5.0,2008-04,0,0,,31,Do the job!
A1HSX3ZEQI9QAB,B00001OXQ9,4.0,2007-01,1,1,1.0,40,good but not great
A1CC0801G6N9GO,B00001OXQ9,4.0,2008-12,0,0,,68,grear for inside a camper
A11ED8O95W2103,B00001OXQ9,5.0,2006-11,6,7,0.8571,204,Miracle product!
A1NRSZN52JUEM3,B00001OXQ9,4.0,2014-07,0,0,,20,"Good sound, didn't break, what more can you ask."
AFDAQD10WTBAD,B00001OXQ9,5.0,2004-11,4,4,1.0,142,You get more than you pay for!
A3U52V5ZAHZZKU,B00001OXQ9,5.0,2005-08,4,4,1.0,76,Very cool piece of equipment
A2CJIF5L72V65I,B00001P4XA,1.0,2009-04,1,1,1.0,75,"Poor model, not durable, stopped working after 6 mos"
A24WS0HVBX9D3L,B00001P4XA,5.0,2007-12,0,0,,37,The Most Comfortable Earphones Ever!
A1VPV97Z0340WI,B00001P4XA,5.0,2008-02,1,1,1.0,102,"Great, cheap and Koss Replaces for free"
A2NBQ9E181AC8O,B00001P4XA,2.0,2012-03,0,0,,111,useless warranty
A1AP9NRICWMME4,B00001P4XA,3.0,2007-07,1,1,1.0,15,Not as good as KOSS Sparkplug
A3T9DOOJ5B1U7O,B00001P4XA,4.0,2005-08,0,1,0.0,40,What a sweet surprise!
A2S13NSRLNW59V,B00001P4XA,5.0,2008-10,0,0,,98,"Best for the money, and then some."
A6NZ93XM5N1DJ,B00001P4XA,2.0,2008-04,0,0,,107,not that great...
A2NRAA6WNNQ4O5,B00001P4XA,4.0,2003-12,0,0,,242,Works Great!  Less Filling?
A5BR77YAIE341,B00001P4XA,5.0,2007-10,1,1,1.0,201,What a bargain !
ADWC6B49QR30H,B00001P4XA,1.0,2007-01,1,2,0.5,76,These did not fit my ears
A3KK6PWQOBG9QV,B00001P4XA,5.0,2006-04,18,18,1.0,69,"Tried super expensive product, found these better!"
A2CDEOM9RZMI74,B00001P4XA,5.0,2013-01,0,0,,139,I have loved these a long time
A3LWC833HQIG7J,B00001P4XA,5.0,2001-12,84,93,0.9032,203,"Great headphones, but ONLY the 'new ones'"
A7HEVWKSWUSI4,B00001P4XA,4.0,2005-11,7,7,1.0,716,"Amazing value, great sound if used PROPERLY!"
A2620FU6M0WOXM,B00001P4XA,1.0,2005-12,0,2,0.0,40,uncomfortable
A2Y1YSXP0CR3JK,B00001P4XA,5.0,2013-03,0,0,,28,Perfect for sound isolation
A1OOCC4V3H670F,B00001P4XA,2.0,2007-09,0,1,0.0,31,Earphones
A3BKOOED6SA0G9,B00001P4XA,3.0,2007-03,1,2,0.5,72,hurt my ears
AQC42OVV9FLWV,B00001P4XA,5.0,2014-04,1,1,1.0,140,I Keep Buying Them for a Reason
A265ELQ8QCGJZ1,B00001P4XA,5.0,2013-07,0,0,,74,Excellent for the price
A38RMU1Y5TDP9,B00001P4XA,5.0,2006-11,0,0,,113,"Finally, ear buds that fit!"
A3CRIG5P35VKUB,B00001P4XA,4.0,2007-01,1,1,1.0,109,So nice we bought them twice
AIU3NFC8VQG72,B00001P4XA,5.0,2010-08,0,0,,188,Best headphones I've ever had
A31Z1N67RKI5A,B00001P4XA,5.0,2006-06,1,1,1.0,63,Great for hiding ambient noise
A3QNZW2WKPSDJG,B00001P4XA,5.0,2009-06,0,0,,38,"Not complete noise cancellation, but not bad"
A3EO7H0UOYYVJ,B00001P4XA,4.0,2007-07,1,1,1.0,21,Aside from the color...work nice
A5JXRY7KNM1QK,B00001P4XA,4.0,2007-08,3,3,1.0,329,"Good headphones, great price"
A1TRAEV7QWA5DX,B00001P4XA,5.0,2007-04,1,1,1.0,144,Love the fit
A3BL333OWK3I4J,B00001P4XA,2.0,2008-04,0,0,,51,Don't expect much from it
A19MJFMEE3035J,B00001P4XA,5.0,2010-12,1,1,1.0,158,Best jogging headphones
AXDI7SSVP9VMZ,B00001P4XA,2.0,2006-08,1,3,0.3333,54,The Plug by Koss
A3479FS9K87E6O,B00001P4XA,1.0,2010-06,0,0,,69,Good head[hones but...
A2AAN5OO6QZ905,B00001P4XA,1.0,2014-03,0,0,,47,Worst earphones ever. Don't waste a penny on these.
A39JC4OBLTFWYG,B00001P4XA,3.0,2012-11,0,0,,101,"Sound is good, cables are horrid."
A3LV8JJF1KK7O8,B00001P4XA,2.0,2006-01,2,2,1.0,147,"Sound good, but probably won't stay in YOUR ears!"
A2BRXREMT5WZJ0,B00001P4XA,4.0,2007-01,5,5,1.0,267,Great ear buds if you don't mind things IN your ear
A2BF3B582JCRZ4,B00001P4XA,4.0,2006-11,1,1,1.0,130,"Grat comfort, great value... but not very durable"
A3E6HFD7U91DY,B00001P4XA,4.0,2013-12,0,0,,55,Great Value.
A1MXXBKX2AWBR8,B00001P4XA,5.0,2012-12,0,0,,45,Another great product
AHRXG1I39B1FR,B00001P4XA,5.0,2012-08,0,0,,33,Very good noise isolation
A2NGUYX6A691YS,B00001P4XA,4.0,2008-06,1,1,1.0,136,good price and sound
A1TND9THMFVTQG,B00001P4XA,4.0,2007-10,1,1,1.0,20,Great little ear plugs
A2MG5RDEK195A8,B00001P4XA,1.0,2014-06,0,1,0.0,246,Open back nullifies noise cancelation capabilities
A2Y8QYR1IOIA06,B00001P4XA,4.0,2007-03,1,1,1.0,49,Good Sound and Clarity
A1HZXIWZ2BFEI9,B00001P4XA,4.0,2014-05,0,0,,32,They're orange and they sound nice
A2U68XR09T58BG,B00001P4XA,2.0,2005-10,0,0,,141,If you are an a budget and don't plan to be mobile...
ALLIL7DUQXJ97,B00001P4XA,5.0,2006-04,2,2,1.0,116,"Comfortable, full of bass Headphones - replaced iPOD headphones"
A3D550GH0U6T5C,B00001P4XA,3.0,2004-10,2,2,1.0,281,"Good Sound, Poor Fit"
A2EDFATBY4VNTS,B00001P4XA,4.0,2004-05,4,4,1.0,990,"Efficient, Broad Response, Custom Fit...at least 4 stars"
A1WNEVIRLVH12R,B00001P4XA,5.0,2014-06,2,2,1.0,166,Think Safety Foam Ear-Plugs that PLay Great Music!
AF19ZLFXCX31S,B00001P4XA,5.0,2000-12,3,4,0.75,57,"Some reviews are of old product, some new (foam better now)"
A3TLYL0E41W6DQ,B00001P4XA,5.0,2007-03,0,0,,104,Great for the price !
A3SC8ZUDU3TR2H,B00001P4XA,4.0,2006-03,1,1,1.0,163,Pretty good - could do with a tad more treble
A3RRHP4XAI4KUI,B00001P4XA,5.0,2005-09,0,0,,45,Outstanding headphones
A3FSH1DQMR9M0M,B00001P4XA,3.0,2008-11,0,0,,212,"Excellent Isolation, Terrible Cord"
A1RW48VM5K7UU,B00001P4XA,5.0,2006-09,1,1,1.0,92,Great  earphones!
A3POU7ZIEKZ0Y8,B00001P4XA,1.0,2005-11,4,6,0.6667,164,Don't plug the plug
AIZWYEWMY94L9,B00001P4XA,3.0,2013-10,1,1,1.0,170,For Big ears
A1WF4CS5PX9N73,B00001P4XA,3.0,2007-06,1,1,1.0,54,"Like the Koss ""Spark Plug"" better"
A29PQH8RIUG4KZ,B00001P4XA,4.0,2004-12,1,1,1.0,206,great value!
AOKH8MBCROIL,B00001P4XA,5.0,2005-08,1,1,1.0,189,Great Way to Try Ear-Canal Phones
A1YF0SKMGV2BIL,B00001P4XA,1.0,2006-10,14,20,0.7,385,Blistering headaches & terrible sound reproduction;  BEWARE!
A2HOYLB0HXLLJJ,B00001P4XA,5.0,2005-12,2,2,1.0,51,"Poor man's Shure, if you do the following....."
A3E1IXJ949VL29,B00001P4XA,5.0,2012-10,0,0,,95,One of the best for the price
A2N1VI3PB6IXMP,B00001P4XA,5.0,2006-06,3,5,0.6,48,Ahhhhhhhhh.......
A31Y54OKMYME6G,B00001P4XA,1.0,2004-04,3,4,0.75,78,Unusable
A21TU2TDCOCDI,B00001P4XA,4.0,2005-10,1,1,1.0,131,"Good sound, great comfort and fit for runners"
AULAFZN0HMQG0,B00001P4XA,1.0,2008-04,1,1,1.0,23,one side failed after about 3 months
A1D45GKC02247Y,B00001P4XA,4.0,2013-05,0,0,,47,These in the ear headphones/earbuds are nice they deliver a great sound for the money.
A3P02QITTUA6VH,B00001P4XA,2.0,2012-08,0,0,,45,"Will break after 3-5 months, warranty is a joke"
A2X8ORQE9W3GIH,B00001P4XA,5.0,2013-01,0,0,,103,Love the BASS
A8ZVKQT47JSH5,B00001P4XA,4.0,2013-05,0,1,0.0,55,Favorite Cheap Earbud
AUVCTHRJWGFXN,B00001P4XA,2.0,2008-09,0,0,,53,This is my second pair and the left ear plug goes out. Beware!
AA7P2NEC94K79,B00001P4XA,4.0,2010-01,0,0,,99,"Comfortable, stay put, BEST value for price"
A2L44BPVGMB5FD,B00001P4XA,5.0,2013-06,0,0,,74,Koss is the name in Great sound
A3BSYRSX8N8FQ8,B00001P4XA,2.0,2007-11,1,2,0.5,14,Worked for two weeks
A3346F1Q4PT8Q1,B00001P4XA,4.0,2005-03,3,3,1.0,501,Good for those with large ears
A2ONNRUVWQN0HU,B00001P4XA,2.0,2004-12,0,0,,283,Step up and buy the Sony MDR-EX71SL
A3D822N1K2IAQD,B00001P4XA,4.0,2002-12,6,7,0.8571,238,Excellent value with many good qualities
A1VUUO6EEBON7Y,B00001P4XA,1.0,2008-03,0,0,,45,awfull
A1VASOVPUGUYEJ,B00001P4XA,5.0,2007-03,0,0,,117,Great headphones
A2959OYCZX0D4Y,B00001P4XA,5.0,2008-07,1,1,1.0,135,"Finally, an earphone, earbud or whatever that WORK's !!!!"
A1HSGHW38ZSYXN,B00001P4XA,5.0,2013-09,1,1,1.0,64,"Good quality, low price"
A3S15YGZ6W6EV2,B00001P4XA,5.0,2006-06,0,0,,48,"Ditch those white iPod earbuds, and get these"
A2BQWD54CXBX6R,B00001P4XA,4.0,2013-08,0,0,,56,My Kid Loves Them
AWA8NYOA1CPBS,B00001P4XA,5.0,2013-06,0,0,,38,Good bas
A3B2DFMVEIT8TS,B00001P4XA,5.0,2013-09,1,1,1.0,58,Great headphones at a tiny price
A2PL7ZNZNA1S68,B00001P4XA,2.0,2012-03,0,0,,152,Does not work under a helmet. Returning it :(
A1I7UZEKGFIYP,B00001P4XA,2.0,2007-05,3,6,0.5,186,You get what you pay for
A1X6VVP8JLFEJ,B00001P4XA,4.0,2009-02,0,0,,39,These have very good bass.
A33775AIB1A664,B00001P4XA,4.0,2003-06,243,249,0.9759,664,"Good, cheap sound solution for the traveller"
ARXU3FESTWMJJ,B00001P4XA,3.0,2000-08,3,3,1.0,190,"Nice idea, could be better implimented."
A1JERSJES55IBU,B00001P4XA,2.0,2003-01,1,1,1.0,117,Not comfortable at all - even modified
A3QY9MCAQ6CRFH,B00001P4XA,5.0,2014-04,1,1,1.0,58,Been using them for 10 years
A340RN4767K964,B00001P4XA,3.0,2014-03,0,0,,20,OK
A3RKVIE9PUITW8,B00001P4XA,5.0,2005-02,2,2,1.0,92,Great sound
A3IC02PU1BELQ1,B00001P4XA,4.0,2008-03,1,1,1.0,247,Aboslutely The Best Under $80
A25V0QNH29GCX4,B00001P4XA,5.0,2005-10,1,1,1.0,185,For the price...these things are good!!!
A1YXEYOWESHVLJ,B00001P4XA,2.0,2005-02,6,6,1.0,57,For Bass-heads ONLY
A13YCUYVQ1S2WP,B00001P4XA,4.0,2007-01,1,1,1.0,132,"Good Sound quality, moderate sound insulation"
A80DXXEKX12RI,B00001P4XA,4.0,2006-11,2,2,1.0,172,Nice for the price if you like bass.
A1SZJC7I20X82N,B00001P4XA,5.0,2009-10,0,0,,93,Very good headphones
A3A15L96IYUO6V,B00001P4XA,4.0,2000-06,2,4,0.5,105,"Good sound, bad ear cushions"
A3PGVJF37JSHFO,B00001P4XA,2.0,2008-03,0,0,,77,"Tinny, underwhelmed, get Philips HE592 instead"
A1QX9VE4U6FQMM,B00001P4XA,5.0,2006-03,2,2,1.0,23,"Koss ""The Plug"" Portable Headphones"
A290P12SRG78VQ,B00001P4XA,4.0,2004-12,0,0,,255,Noise cancelling wannabe's (w/ modification)
A3VNAKMYO27RFX,B00001P4XA,4.0,2006-10,1,1,1.0,105,Subwoofer in your head
A30UO2HV1289CO,B00001P4XA,5.0,2011-04,0,0,,40,These get the job done
A1THVLECOV14YL,B00001P4XA,5.0,2014-01,0,0,,84,Lifetime Warranty!?
AL47H8L17R0GG,B00001P4XA,2.0,2012-11,0,0,,23,Poor sound and fit!
A5II29J0V20A1,B00001P4XA,3.0,2005-09,0,1,0.0,22,could not get plugs to fit
A1BIPJK03QKFQA,B00001P4XA,1.0,2011-11,0,0,,60,redefines pathetic
A2QIK74BPWV7NR,B00001P4XA,5.0,2009-01,2,2,1.0,59,"Work great, probably a pleasant tasting earphone"
A18HE80910BTZI,B00001P4XA,5.0,2008-06,0,0,,226,When every dollar counts!
ACGEI811KV9OY,B00001P4XA,4.0,2014-02,0,0,,41,Slightly Better than the Norm in Some Respects
A3QPQD77H49IFR,B00001P4XA,5.0,2007-05,3,3,1.0,14,Love them
A1GGD7MP7HKJAJ,B00001P4XA,5.0,2005-01,0,0,,138,Blocks all background noise
A3J8A5L5AF5TX9,B00001P4XA,4.0,2013-01,0,0,,187,"Good Quality, Low Price & Good Sounding Bass"
A23BXVNBGXQ33Y,B00001P4XA,4.0,2006-06,0,0,,21,Comfortable and cheap
A2GR77INMKX9O4,B00001P4XA,5.0,2013-11,0,0,,74,Loud head phones for a good price
A1S95WASXJ02VX,B00001P4XA,5.0,2012-11,0,0,,23,Headphones
A146K5OQPHQUMR,B00001P4XA,5.0,2010-01,0,0,,98,A plug for the plug
A2WJ5XSE4I9F55,B00001P4XA,3.0,2010-02,0,0,,98,Why you expect HIFI sound from $12 headphones?
ASBCVHHEO1QXB,B00001P4XA,5.0,2007-09,0,0,,29,hot lava
A2QKYGD9QERARX,B00001P4XA,4.0,2008-05,1,1,1.0,22,Excellent Product
A1WVIO1Z0N8JG2,B00001P4XA,4.0,2010-09,0,0,,97,Ear plug review
A11LTGLPJ66GTN,B00001P4XA,5.0,2014-01,0,0,,79,Best low priced earbuds
A1BEMKOWN1TJK4,B00001P4XA,1.0,2004-10,8,10,0.8,265,Not for everyone
ABDAL1JFCZSH6,B00001P4XA,5.0,2010-01,0,0,,72,These are GREAT!
A2T9W5ND8N17O0,B00001P4XA,5.0,2005-01,3,3,1.0,297,The Best for BASS!
A22PNO62IYQ4WM,B00001P4XA,5.0,2011-08,0,0,,66,Love these and so do my whole family.
A1V5TRJXTI6F01,B00001P4XA,5.0,2012-06,0,0,,83,Great Value and Great Sound
A1NI8QXW52SARP,B00001P4XA,1.0,2011-07,0,1,0.0,172,"Decent fit, but TERRIBLE sound."
A38Z1QNI3H0JDB,B00001P4XA,5.0,2012-04,0,0,,166,The ONLY headphones for travel
A1J98WSXXXWGY2,B00001P4XA,1.0,2013-02,0,0,,26,They hurts
A3NPFLYZKA4N09,B00001P4XA,5.0,2008-02,0,0,,66,Great for the price
A3MEIR72XKQY88,B00001P4XA,5.0,2002-04,2,2,1.0,317,Absolutely the best!
AFXN7YRQIBTP1,B00001P4XA,5.0,2009-04,1,1,1.0,84,Awesome Isolation Headphones
A3AXW3V7YBRKCE,B00001P4XA,5.0,2013-01,0,0,,40,These rock for the money
A1Y1J6BKWVU4C0,B00001P4XA,3.0,2013-05,0,0,,126,Great fit in the ear
ATOKT8QYK967L,B00001P4XA,4.0,2008-02,0,0,,96,"Cheap, usable earbuds"
A3L6A3G6T6IXXF,B00001P4XA,2.0,2013-04,0,0,,46,They have a feedback
A132UAXQEMO52E,B00001P4XA,4.0,2006-08,0,0,,40,Good sound... but finicky
AWUQ43W80B8ED,B00001P4XA,3.0,2007-11,4,4,1.0,232,Stay away. Quality has declined.
ATXGAWFZAYEKT,B00001P4XA,5.0,2006-09,0,0,,74,excellent inexpensive
A264KSWO7ADT2W,B00001P4XA,5.0,2008-08,0,0,,284,I love these little gems!
A37OY0QXW9R2ES,B00001P4XA,2.0,2013-11,0,0,,195,"Barely noise isolating, and cheaply made."
A1ZIPGAG8KMU66,B00001P4XA,5.0,2009-01,0,0,,34,Awesome!
AP6M728REMY04,B00001P4XA,2.0,2003-09,1,1,1.0,110,"Yes, it's all that but the sound is *awful*"
A3I2XB5G02ETXX,B00001P4XA,3.0,2008-10,0,0,,24,I dont like
A1AFW98PPLSRBB,B00001P4XA,5.0,2013-11,0,0,,67,the best headphones ever for under $20 ever!
A1YJ541O10BM5U,B00001P4XA,5.0,2005-01,0,0,,95,Unbeatable for the price and purpose.
A1UN8HF1AY2KJF,B00001P4XA,3.0,2007-09,0,0,,163,"Good headphones, wish they made a tougher version"
A1O7IMK0R5L0S0,B00001P4XA,4.0,2011-01,0,0,,64,Great Product
A272JDNEVXGADX,B00001P4XA,5.0,2008-12,0,0,,41,Good Noise Blocker
A2YZ9XYWX9NQEW,B00001P4XA,5.0,2012-07,0,0,,93,Great travel headphones
AS5TFE8EY77WU,B00001P4XA,2.0,2006-12,1,2,0.5,124,"Well, they do block out sound, at least."
AT7MEX6AWQF8P,B00001P4XH,4.0,2014-07,0,0,,3,It works
A2J753YWOBIOSR,B00001P4XH,3.0,2014-07,0,0,,8,Three Stars
AZXWUZ9PPSOTL,B00001P4XH,5.0,2014-07,0,0,,11,So far so good! Perfect volume control
A3NGABXDIB0POU,B00001P4XH,5.0,2014-07,0,0,,10,"Works as advertised, high quality"
AZD8DMTDUVUDL,B00001P4XH,5.0,2013-04,1,2,0.5,61,"Used to control volume out of TV, WORKS"
AU0V5EYSZT9SK,B00001P4XH,5.0,2012-08,0,0,,37,Simple easy to use
A28GT8K15D0LIS,B00001P4XH,2.0,2013-12,0,0,,27,Meh
A288QFC30VQKN2,B00001P4XH,4.0,2013-03,0,0,,26,Sometimes you need one
ACQS5S0Q65SHV,B00001P4XH,2.0,2008-04,1,10,0.1,97,Won't boost volume
A13831TMEGELTX,B00001P4XH,1.0,2009-03,10,13,0.7692,48,Sound has fuzzy noise
A1VNI8SZ045QY1,B00001P4XH,5.0,2014-02,0,0,,108,First day review. Love it!
AU61SDVMO3PQG,B00001P4XH,5.0,2014-03,0,0,,31,works
A3H6HJSLFNLGMA,B00001P4XH,4.0,2012-08,0,0,,55,"Basic, efficient volume controller"
A2RHF1DLWK3MO4,B00001P4XH,3.0,2013-12,0,0,,57,does the job
A36E0HUM2Q6BSU,B00001P4XH,3.0,2011-12,0,0,,77,Decent for slightly controlling volume
A2M83KG7MS2VSR,B00001P4XH,4.0,2009-05,6,6,1.0,105,"Does what it says, although balance seems off at extremely low levels"
A14NF0ZJXRYNO3,B00001P4XH,1.0,2010-11,4,12,0.3333,119,I should have listened to the reviews
A2P3LG0CZ2WNX0,B00001P4XH,5.0,2008-05,1,1,1.0,24,Works great!
A1LB1T6HPU2J91,B00001P4XH,5.0,2013-06,0,0,,24,Unusual use
A2HMD9LSALP7N1,B00001P4XH,4.0,2011-12,0,0,,174,Good volume control access - Not an L plug
AGYW580EFV1QF,B00001P4XH,5.0,2009-02,1,1,1.0,18,nice little addon for my new pair of Audio-Technica ATH ANC7 headphones
A2IFTSL05L8NP,B00001P4XH,5.0,2014-01,0,0,,46,Does The Job
AJEBA8C74TQ5U,B00001P4XH,5.0,2008-01,2,2,1.0,103,Works As It Should
A3KN2OBPZ6QJLF,B00001P4XH,5.0,2013-08,0,0,,103,Great idea!!!
AZDBSC1VRMVY8,B00001P4XH,4.0,2009-03,21,21,1.0,160,"Handy Gadget, 3 Easy questions to make your decision."
AACK5P7QALJ7O,B00001P4XH,3.0,2013-11,0,0,,53,short working lifespan
A24WJXSXVNB9KF,B00001P4XH,5.0,2014-01,0,0,,53,Koss VC20 Volume Control
AO7W7WGOU6UIW,B00001P4XH,4.0,2013-03,0,0,,26,Volume control does the job
ANRS196NKFVUU,B00001P4XH,4.0,2013-04,0,0,,70,inline volume control
A1FI3PMS0U7KQL,B00001P4XH,5.0,2007-05,7,8,0.875,74,Works Fine
A3639Z6O5JBLIZ,B00001P4XH,5.0,2014-04,0,0,,164,Nicely designed unit
A3S66WJLBU17YW,B00001P4XH,4.0,2009-10,1,1,1.0,41,"Inexpensive, practical solution."
A2QT1VUOINR03O,B00001P4XH,5.0,2013-05,0,0,,52,Work Great!
A2H5LR3VHM0TIY,B00001P4XH,4.0,2011-12,0,0,,89,No L plug like current picture
A31EMKD6ZGNC9W,B00001P4XH,4.0,2012-08,1,1,1.0,232,Another interesting use: external speaker volume control
AU9LWFAOXCZOV,B00001P4XH,4.0,2014-06,0,0,,71,So far so good!
A22X8SXCBIY746,B00001P4XH,5.0,2013-03,1,1,1.0,194,"Easy to use, works with all my devices, a single volume control to remember."
A2DYPUU188F6BV,B00001P4XH,2.0,2011-01,0,2,0.0,58,You get what you pay for...
A2169QCESH3QDF,B00001P4XH,4.0,2013-10,0,0,,21,Love it
A3ISA8LBB5P34E,B00001P4XH,4.0,2013-10,0,0,,100,Different requirements
A1M2MPPL6OK3QJ,B00001P4XH,4.0,2013-03,1,1,1.0,78,works well BUT ...
A12G7V6HEAQ9JK,B00001P4XH,5.0,2011-05,0,0,,73,Durable and Affordable
A24AB6DJ00YOJ6,B00001P4XH,5.0,2014-04,2,2,1.0,176,Superb Product
A2O8BAXJPDSV0M,B00001P4XH,4.0,2013-08,0,0,,122,Brass Tacks
A2GTJW5WTDX7H2,B00001P4XH,3.0,2013-09,0,0,,37,Works OK but the leads are way too long
A27KTLDSBWXNED,B00001P4XH,4.0,2011-09,0,0,,62,"Good control, but access to the wheel could be better"
A3A4NX6KSX3Q8F,B00001P4XH,5.0,2012-01,0,0,,35,Love It
A2V8SHOF5ZU931,B00001P4XH,5.0,2014-04,0,0,,161,Does the job well
A42PJ9K10RLMT,B00001P4XH,4.0,2013-03,0,0,,22,Volume Control
A22A3YXFDLPMFL,B00001P4XH,5.0,2013-08,0,0,,44,"Works great, great price,"
A2WL2ZWWGHM2J1,B00001P4XH,5.0,2013-01,1,1,1.0,25,works fine
A2IBUZECB34CMS,B00001P4XH,5.0,2014-06,0,0,,27,Absolutely Great
A32SUIEEW3K443,B00001P4XH,5.0,2012-11,0,0,,37,Use to adjust radio volume when walking
A2P1ZALAC93BHH,B00001P4XH,5.0,2010-11,2,2,1.0,79,I'd been looking for this without knowing it.
A1QR3OYDFRFNE5,B00001P4XH,4.0,2012-02,0,0,,57,Great while it lasted
A3M5APXHTREGU4,B00001P4XH,4.0,2011-08,0,0,,30,Does what it's supposed to
A2JEB9JRWW0MFL,B00001P4XH,5.0,2013-08,0,0,,53,Perfect for my use !
AO9QC2WG3T9NQ,B00001P4XH,5.0,2013-03,0,0,,20,:O
A266PY9OPJHHQW,B00001P4XH,5.0,2012-12,0,0,,23,Works as Advertised.
A15N3ETU8WWAUB,B00001P4XH,5.0,2008-04,3,4,0.75,113,AMAZING DURABILITY!!
A16U2XUA72CHR8,B00001P4XH,4.0,2012-03,0,0,,50,Excelent
A2BV8E2VPVORN3,B00001P4XH,3.0,2009-08,2,2,1.0,32,Handy item
A1KJAMZ82D1Z44,B00001P4XH,1.0,2010-08,5,6,0.8333,51,Not a stereo jack
A2UO1LAZGQQMDR,B00001P4XH,5.0,2014-04,0,0,,29,"Wonderful, very useful!"
AGS5OEWHBHLJI,B00001P4XH,4.0,2008-11,2,2,1.0,59,Works fine - good for the money
A2V0V7KOZ857NX,B00001P4XH,2.0,2013-01,0,0,,42,does not fully control the volume of a speaker
A246B0QH9QMNFW,B00001P4XH,5.0,2013-11,0,0,,35,Adjust the VR2!
A1ZP77LMY0DTIM,B00001P4XH,3.0,2013-07,0,1,0.0,30,"Hey, it works."
A2909VBH8409LU,B00001P4XH,4.0,2012-10,0,0,,29,Quality could be better
A2IPN5RZ7YAJG7,B00001P4XH,5.0,2013-06,0,0,,61,entirely satisfied
A23YK4DYOYWI55,B00001P4XH,5.0,2014-07,0,0,,20,Just exactly what I was looking for. Satellite box ...
AE9QWJETO90U0,B00001P4XH,5.0,2013-12,0,0,,69,Good Price and Work Exactly As It Should
A2U9WJOGZSYM0U,B00001P4XH,5.0,2009-03,169,172,0.9826,387,Excellent for MP3 players with FM tuners
A1Z8SLW84NV7WJ,B00001P4XH,3.0,2013-01,0,0,,58,"Works for a while, but the only thing like it for non-iPhone products"
A2H0XJ7I2FUZBD,B00001P4XH,5.0,2005-08,63,67,0.9403,67,I lost mine and was lost without it
A1WJ9679CCAXNS,B00001P4XH,5.0,2013-04,1,1,1.0,119,Removes hissing sound from HTC phone
A3194LALPLNT8Y,B00001P4XH,5.0,2012-04,1,2,0.5,46,wonderful accessory for Kindle Fire
A2BUXQ05X8GB58,B00001P4XH,4.0,2013-09,0,0,,78,Works well
A181QOJBZ8O5AY,B00001P4XH,5.0,2012-12,0,0,,43,Works ad described
A1HML2C0J5JKG,B00001P4XH,1.0,2009-02,31,34,0.9118,117,Clarity Eliminator
AMZREEUVCV998,B00001P4XH,3.0,2013-01,0,0,,42,Average
A2ADXHHQWZ630U,B00001P4XH,2.0,2014-01,0,1,0.0,39,Koss VC20 Volume Control
A2HT87FB90NI27,B00001P4XH,5.0,2000-11,78,80,0.975,65,Very functional
A1R8RXVOGP7Q7C,B00001P4XH,5.0,2012-08,0,0,,49,Great for a pillow speaker.
A30BQ1F0T0IES8,B00001P4XH,5.0,2014-02,0,0,,47,It works where nothing else will!
A21M8JLOHG5Q6V,B00001P4XH,5.0,2013-07,0,0,,26,Dandy Little Volume Control
A2QDO2ACVW88GT,B00001P4XH,5.0,2014-01,0,0,,23,Useful accessory.
AKZ32SQMCXBS2,B00001P4XH,5.0,2007-06,4,4,1.0,22,Simple but effective
A33LOGQTJCM66N,B00001P4XH,5.0,2013-07,0,0,,20,Works like a charm.
A248LSBZT4P38V,B00001P4XH,3.0,2014-06,0,0,,59,It loses two stars for how it crackled and had a poor connection almost as soon as I got it in ...
A1ENHG9CYI17HW,B00001P4XH,3.0,2013-05,0,0,,53,"it works, the tiny volume control wheel  is a little difficult to turn"
A3ER6ARJ23CIN8,B00001P4XH,4.0,2009-11,2,2,1.0,38,"Love it, needs to be more durable"
A23GS2ACRISIER,B00001P4XH,5.0,2013-09,0,0,,21,great
A146CA37V0450V,B00001P4XH,5.0,2013-12,0,0,,86,best vol. control @ Amazon
AVJRYJHGXR3NX,B00001P4XH,1.0,2008-05,13,41,0.3171,144,Does not turn sound up; only turns sound down
A35C08P4HELIMI,B00001P4XH,5.0,2012-06,0,0,,49,Perfect
A8UY3MKZ9OHDF,B00001P4XH,2.0,2014-06,0,0,,20,Nice while it lasted
A225F6Y9DTUEDM,B00001P4XH,4.0,2013-04,0,1,0.0,32,Works well
A2AEG2K27AHN95,B00001P4XH,4.0,2010-01,3,3,1.0,120,a nice device
A17WKG6ZXE7Y3O,B00001P4XH,4.0,2014-04,1,1,1.0,46,Used for recording
A2R035SIYEQN2O,B00001P4XH,4.0,2013-12,0,0,,33,Works as expected
A33152QEGO2MZN,B00001P4XH,5.0,2013-01,0,0,,31,Works great - Quick volume control
A3DDKMEJPK9XQS,B00001P4XH,2.0,2012-02,0,0,,109,Got a few months out of it
A1EXXVCOOMXEQ0,B00001P4XH,5.0,2013-03,1,1,1.0,38,Handy little thing
A1X6VVP8JLFEJ,B00001P4XH,4.0,2009-02,5,5,1.0,28,I use it at work.
A339ZN69W7N8PW,B00001P4XH,4.0,2009-08,0,0,,48,indispensible with short-cord phones
A29C2DK1SF1GI4,B00001P4XH,5.0,2013-01,0,0,,57,Good quality
ABXEFUVFKQLXT,B00001P4XH,5.0,2011-12,0,0,,62,Works for my elliptical
A2Y12EX2K0HH8O,B00001P4XH,1.0,2013-10,0,0,,43,Not good
A1SYGY98J1RWIY,B00001P4XH,3.0,2013-02,0,0,,24,Looks cheap.
A3JZ3PFAD6DXBM,B00001P4XH,5.0,2013-05,0,0,,20,Koss VC20 Volume Control
A3DH53FPYSP9E,B00001P4XH,3.0,2011-06,1,1,1.0,393,Functional but somewhat flawed
A2ZDADVIBD50VB,B00001P4XH,1.0,2012-09,0,1,0.0,105,How can this item even be sold to the public?
A1CEGZTK2CO8FF,B00001P4XH,4.0,2012-12,0,0,,21,Perfect
AC4BQYY52RRRQ,B00001P4XH,3.0,2011-11,1,1,1.0,41,Great till it stops working
A3AG0DHBLDYVPZ,B00001P4XH,5.0,2014-03,1,1,1.0,24,Can't be beat
A3DYB4VNXP9RBE,B00001P4XH,4.0,2012-06,0,0,,75,"Works well, but the metal clip bends easily."
A2L7URQ9FR0U92,B00001P4XH,4.0,2013-06,0,0,,21,Works as advertised.
AD3VW9VRW7MMB,B00001P4XH,4.0,2014-06,0,0,,62,A low price solution for multiple headphones
A3LAPQWMLWTYRK,B00001P4XH,5.0,2008-02,0,0,,55,handy
A2EU2DD8LJT35E,B00001P4XH,4.0,2014-07,0,0,,55,worked for me.
A32WCCXGTR5UFX,B00001P4XH,5.0,2007-05,14,15,0.9333,73,Very nice volume control
A4IF24BMN3Z3H,B00001P4XH,5.0,2012-03,0,0,,30,Very Nice
ARKQYQ6FMLT3H,B00001P4XH,5.0,2012-12,0,0,,96,"Perfect for what it is, and what I needed"
AARTX8A7CN0PB,B00001P4XH,4.0,2014-01,0,0,,630,"Controlling your volume with a ""knob?""  That's so old fashioned"
A10WET3ZP50AFG,B00001P4XH,5.0,2009-04,1,1,1.0,46,It works
A1Y949S90RE8FP,B00001P4XH,5.0,2013-04,0,0,,72,Does the job
AID3D20YLGU0U,B00001P4XH,5.0,2010-03,3,3,1.0,92,Very cool mp3 player accessory
A19J2S0JHH69F2,B00001P4XH,3.0,2009-08,1,1,1.0,123,Decent Product
A5ESSBL2PIQBD,B00001P4XH,1.0,2013-06,1,1,1.0,45,Low quality product
A7V2BYVR7KUF0,B00001P4XH,3.0,2013-09,0,0,,20,Nice to have
A3HRDRQ5VAFPQS,B00001P4XH,2.0,2007-03,8,14,0.5714,154,Good idea - okay product
A3F85J4C6F7A7Z,B00001P4XH,3.0,2012-12,0,0,,107,Lasted a while
AVX4WIV5O4F93,B00001P4XH,4.0,2008-07,1,1,1.0,97,Convenient but pricey
A3923W0OJNGUHN,B00001P4XH,4.0,2013-11,0,0,,25,I had one before.
A3F85164PLQFTP,B00001P4XH,5.0,2013-01,0,0,,47,Works great!
A2NF9AB5M72QTE,B00001P4XH,3.0,2012-11,0,0,,22,Works but cheap construction
AQCJ6YL20AICG,B00001P4XH,1.0,2014-02,0,0,,57,not worth the money
A1YX6YUHJA11KE,B00001P4XH,5.0,2013-12,0,0,,142,It does what it says
A1KY5G5FP31F2F,B00001P4XH,4.0,2013-07,0,0,,50,Does the Job
A3T8ISGIQ27V3X,B00001P4XH,3.0,2012-11,0,0,,68,Koss VC20 Volume control...
A2HUXYU0IQOMOB,B00001P4XH,3.0,2012-12,0,1,0.0,33,Meh...
A1MQQEM7W77L62,B00001P4XH,5.0,2011-12,0,0,,182,Works Great
A4DZ12AFVZ6LT,B00001P4XH,1.0,2014-01,2,2,1.0,24,not what i needed
A21ML571MPRGXC,B00001P4XH,4.0,2009-12,5,5,1.0,120,Nice little item to extend and control volume...
A39AB1CZ74VSGG,B00001P4XH,5.0,2011-12,0,0,,54,Koss VC20 Volume Control
AUCIFMWP3DU8R,B00001P4XH,5.0,2014-04,0,0,,131,Perfect
A3PUAZ6L97FT78,B00001P4XH,4.0,2013-05,0,0,,26,Works well.
AH84JM3TLWA43,B00001P4XH,4.0,2013-12,0,0,,30,Works well
A2OEPMLEWAF9A4,B00001P4XH,5.0,2013-11,0,0,,27,Control
A227BV4KDDDZHZ,B00001P4XH,5.0,2009-04,4,4,1.0,71,Works Great
A17HVJ3WXQXJ8J,B00001P4XH,5.0,2008-11,1,1,1.0,23,I LOVE IT
A33TDBE3822NTY,B00001P4XH,5.0,2012-01,0,0,,89,Does what it should.
A3PSL549ERGXLD,B00001P4XH,1.0,2014-04,1,1,1.0,40,Died after less than a month of use
A328YKP8SAY73L,B00001P4XH,5.0,2012-06,1,1,1.0,36,Just What I Needed
AJ6N2T3MDB2ER,B00001P4XH,5.0,2012-12,0,0,,31,Works just as Expected
A3GS06T7VKDRPV,B00001P4XH,5.0,2013-05,0,0,,40,Perfect for head phones that don't have a volume control
A2JAOZ2CINPUTT,B00001P4XH,3.0,2009-01,2,3,0.6667,79,"Snap, Crackle, Pop"
A2MGCK4TVZQHIC,B00001P4XH,2.0,2013-06,0,0,,30,Pretty crappy
A365UWK3K5SD1X,B00001P4XH,5.0,2013-12,0,0,,58,Just what the Doctor Ordered
A2Z6M29DOKM8EB,B00001P4XH,5.0,2013-06,0,0,,45,Koss Volume Control
A3552ZMW6AKTR3,B00001P4XH,4.0,2012-12,0,0,,21,Does the job
A2BBN72TP5QOPK,B00001P4XH,3.0,2008-06,3,3,1.0,20,Great Product but wire length needs to be shortened
A2CQET6JR59YEY,B00001P4XH,4.0,2007-05,0,0,,18,Works well
A1W6G74P9FYOQG,B00001P4XH,4.0,2011-02,0,0,,54,"good value, good product"
AI8SCFYK5I0YB,B00001P4XH,5.0,2014-01,0,0,,26,Great
A2VUAICVS9XW35,B00001P4XH,5.0,2013-07,0,0,,54,Perfect For Listening To Audio On My PC
ALVO1A5UB8DG0,B00001P4XH,5.0,2014-04,0,0,,52,What a great gadget!
A196U4AE2M1G44,B00001P4XH,4.0,2008-06,0,0,,34,Great companion
A7JDRR7KJA6HG,B00001P4XH,4.0,2014-06,0,0,,28,Simple and effective volume control
AHT6REY7TMPJI,B00001P4XH,4.0,2011-04,0,0,,90,I like it BUT
ATEQ0KDIJ7K89,B00001P4XH,4.0,2012-12,0,0,,126,Works as it is suppose to
A23LM7S0TPQSCZ,B00001P4XH,2.0,2014-06,0,0,,30,It degraded sound quality
A2FUQX4OMDU3LS,B00001P4XH,5.0,2013-09,0,0,,27,love it.
A34NPP4LLJL4HU,B00001P4XH,3.0,2012-04,2,2,1.0,47,Not well shielded cable
A10TI75YHEDJ55,B00001P4XH,4.0,2012-06,0,0,,441,"Pretty good, but not perfect"
ATQVLZOBO68E9,B00001P4XH,5.0,2013-02,1,1,1.0,33,Works great
ALHC64J88LVWO,B00001P4XH,5.0,2013-07,0,0,,47,Convenient
A2BIAZVVPAEB9U,B00001P4XH,5.0,2013-10,0,0,,200,High Quality Works Great
A3EAKDPOB7H96W,B00001P4XH,5.0,2013-02,0,0,,20,Good quality & Design
A2GARLO234WK85,B00001P4XH,4.0,2013-01,1,1,1.0,34,Just what I was looking for!
ANX51Y0Y4TXAK,B00001P4XH,5.0,2007-12,12,12,1.0,70,A solution to a problem
A9D87WNSGOGLW,B00001P4XH,5.0,2013-07,0,0,,22,Very useful...
A3J3XO9BNTVTRS,B00001P4XH,5.0,2013-03,0,0,,140,Nice little device.
A1NMFG57527DGM,B00001P4ZH,4.0,2009-01,1,2,0.5,16,PortaPro Headphones
A3433V6H1NDFGP,B00001P4ZH,3.0,2013-09,1,1,1.0,118,somewhat disappointing sound quality and storage bag
A1HE9XEZ3LPP6B,B00001P4ZH,5.0,2010-08,1,1,1.0,49,Exceptional Sound Quality .!!!!!!!!!!!!!
A1HIZC2BJYEY5P,B00001P4ZH,5.0,2010-10,3,3,1.0,77,The Only Headphones You'll Ever Have to Buy
A2MBSC4S2PJNRD,B00001P4ZH,5.0,2010-01,1,1,1.0,144,"Good value, but a Bit Flimsy"
A2I6H0OBCTMNN9,B00001P4ZH,4.0,2013-12,1,1,1.0,62,Good quality in a small package.
A2FW8B993V84VI,B00001P4ZH,4.0,2008-09,1,2,0.5,59,great value
A3LLFZGX8RTA0E,B00001P4ZH,4.0,2012-12,1,1,1.0,20,Good Product
A3PEXCKPTNZLC4,B00001P4ZH,5.0,2011-06,1,1,1.0,96,Worth every penny!
A21A9F84S9AZIP,B00001P4ZH,5.0,2010-08,2,2,1.0,383,The best computer/mp3 player headphones for the money
A3UK6XF38M32SK,B00001P4ZH,4.0,2012-03,2,2,1.0,210,Best bang for the buck
A34CK5N0R36M7T,B00001P4ZH,5.0,2013-09,1,1,1.0,53,if you are looking a pair of head phones to make a statement. and sound wonderful hear you go
A2MNHYUXMW4KW7,B00001P4ZH,5.0,2011-07,1,1,1.0,259,"great sound, great quality and  great for running and biking"
A3ATYUPQYD15TK,B00001P4ZH,5.0,2011-10,2,2,1.0,106,Review #999: Fantastic product
ACNAJKU6NPDW,B00001P4ZH,5.0,2011-02,1,1,1.0,96,Very good to Excellent for this price
A271VNQZ9NCM42,B00001P4ZH,4.0,2014-06,0,0,,152,A few gripes but good headphones.
A3CA8KTWWHA0JI,B00001P4ZH,5.0,2010-11,1,1,1.0,67,Surprising Sound for What You Pay
AA0IWAA89O93S,B00001P4ZH,5.0,2009-08,2,3,0.6667,110,Flawless
A2NA9VZN5VA9GW,B00001P4ZH,5.0,2008-10,2,2,1.0,135,These have truly stood the test of time!
AUY3CWAZDVGT5,B00001P4ZH,5.0,2008-07,3,3,1.0,164,Best headphones for the price!
AQ4T1DUD9HI3F,B00001P4ZH,5.0,2014-02,1,1,1.0,33,Excellent Quality
A6312S8QYEDED,B00001P4ZH,4.0,2011-12,2,2,1.0,98,Holy mother of price hike!
AYNE96AZ7GLLB,B00001P4ZH,5.0,2014-06,0,0,,24,sweet sounds
A31QX4MCDU5235,B00001P4ZH,4.0,2009-05,1,1,1.0,43,Good Value
A93JRHV3FRSZP,B00001P4ZH,5.0,2012-05,1,1,1.0,24,A must buy
AM76TKHVICZC6,B00001P4ZH,4.0,2007-01,3,3,1.0,635,not durable enough -- my revised review changes star rating down to 3 stars
ASY5SLOQQNPR9,B00001P4ZH,5.0,2014-05,0,0,,36,Excellent Value
AQD5KJ615OHJN,B00001P4ZH,5.0,2011-03,1,1,1.0,254,Great Value for the money.
A2VR3SNZMCUTZ6,B00001P4ZH,4.0,2007-11,8,10,0.8,443,Excellent ...but I prefer the Sennheiser PX100 - both great
AZ0SIZRQWN7RC,B00001P4ZH,4.0,2005-01,3,4,0.75,150,"Good phones...for the price, anyway"
A36EWCNCF4OQG8,B00001P4ZH,5.0,2005-04,4,4,1.0,94,"Awkward-Looking, But Great Sound!"
A2M7G89B9WKLG9,B00001P4ZH,4.0,2011-03,1,1,1.0,122,Good value
A21NY1BE30PD7J,B00001P4ZH,5.0,2010-11,1,1,1.0,116,Still good after 22 years
A2QAGLOY2VFUYU,B00001P4ZH,4.0,2014-03,2,2,1.0,37,Best price/value headphones I ever had.
A14453U0KFWF31,B00001P4ZH,5.0,2005-01,92,106,0.8679,134,Good where it counts
A2GNP3FHYG63XI,B00001P4ZH,5.0,2004-12,3,4,0.75,50,Simply Amazing!
A35Z3TBNCQU3VY,B00001P4ZH,5.0,2014-04,3,3,1.0,110,My favorite headphones.
A1QK3W42I9LS30,B00001P4ZH,4.0,2009-09,2,2,1.0,123,Highly acclaimed
A1GCLR2XBUFH6,B00001P4ZH,3.0,2013-02,1,1,1.0,142,Going against the masses
A3IY8S20GL2IP4,B00001P4ZH,5.0,2013-01,1,1,1.0,322,Know what to expect and your expectations will be met!
A3DGGVZIS0QCQ9,B00001P4ZH,5.0,2013-01,1,1,1.0,124,"Lots of bass, reasonable price, old school style"
A2NXHKW2R4IZNG,B00001P4ZH,5.0,2012-12,2,3,0.6667,115,koss porta pro - perfect portable can
A2CUOPUW0ZDPW6,B00001P4ZH,3.0,2014-06,0,0,,28,ok but not for a lot of use
A3H6HJSLFNLGMA,B00001P4ZH,5.0,2012-12,1,1,1.0,40,Quality of sound is out standing!
A20WH8FQNXNZSP,B00001P4ZH,4.0,2013-12,1,2,0.5,78,"It works,.... the sound really come out from the phones."
A1RVYSEJCY9BJS,B00001P4ZH,5.0,2013-12,1,1,1.0,349,The Best Portable Phones I've Owned
A3LWC833HQIG7J,B00001P4ZH,5.0,2012-06,2,2,1.0,422,Extraordinary achievement: you can spend hundreds and not get a better headphone
AR2MFHU7NDF9Z,B00001P4ZH,5.0,2013-12,1,1,1.0,126,At Long Last
A2I16SKF3RHED6,B00001P4ZH,5.0,2009-04,2,2,1.0,81,The Best
A2KTANMYE2372G,B00001P4ZH,4.0,2013-06,1,1,1.0,28,kooky
AOIBOJRBYYVGI,B00001P4ZH,5.0,2013-01,1,1,1.0,200,Be$t Headphone$ for the $$$$$!
A2582KMXLK2P06,B00001P4ZH,5.0,2012-01,1,1,1.0,157,reliable
A2379RPKARK5IE,B00001P4ZH,5.0,2013-02,2,2,1.0,93,Great for the price
AN6774EDYBQPP,B00001P4ZH,4.0,2010-11,2,2,1.0,481,Value Pro
A3AGSFLNNIFKNJ,B00001P4ZH,5.0,2006-08,5,5,1.0,209,Updated Review from 2003!
A3L0LXJ66P4OFG,B00001P4ZH,3.0,2010-07,1,1,1.0,92,Not as good as other reviewers say
A191ZKMLDYIMZX,B00001P4ZH,4.0,2013-04,1,1,1.0,48,durability?
A1FF0KZ7KWFDDH,B00001P4ZH,5.0,2008-01,2,2,1.0,176,Well worth the money
A2MTU2IXXZ35ZF,B00001P4ZH,4.0,2007-04,2,2,1.0,85,Great portable sound while they last.
A2PC9ZZIFV31B1,B00001P4ZH,5.0,2008-09,2,2,1.0,106,Great Sound and Value
A15HFIL37EBL9V,B00001P4ZH,5.0,2008-03,25,26,0.9615,242,Not Just Great Portable Headphones...
AJCHGS1GND4OA,B00001P4ZH,5.0,2012-09,1,1,1.0,146,Best sounding portable headphones I've heard
A3KN2OBPZ6QJLF,B00001P4ZH,1.0,2013-08,2,6,0.3333,76,Airplane headphones?
A3BZ20YGTVLAG5,B00001P4ZH,2.0,2011-11,3,3,1.0,45,"OK, but pressuring ears/skull"
A2UD5EG63WWTUR,B00001P4ZH,4.0,2011-04,1,2,0.5,74,"Sounds great, one small design problem"
A1POXXTXRSNEYU,B00001P4ZH,3.0,2012-11,1,1,1.0,47,Come see what the hype is about
A1PVB6CEXP5M9S,B00001P4ZH,5.0,2013-12,1,1,1.0,21,Ugly but great.
AQ9O2ACE8C9WS,B00001P4ZH,4.0,2012-09,1,1,1.0,167,Good sound but maybe just a tad overrated.
A1NAP0D9XV7KA5,B00001P4ZH,2.0,2012-12,1,1,1.0,183,"not good, might try again later"
A1W0XZWS8QC8IV,B00001P4ZH,5.0,2014-04,1,1,1.0,158,"Amazing for Rock, incredible for all types of music"
A2886U6R12OVNQ,B00001P4ZH,4.0,2013-07,1,2,0.5,73,Why jump the price?
A1D5HLEQD8J0MI,B00001P4ZH,4.0,2005-09,1,2,0.5,31,Great Phones!!!
A3FINBR4T5ACH3,B00001P4ZH,5.0,2013-11,1,1,1.0,63,"powerful bass, clear sound, high portability"
AMDZ6MZR6CRG9,B00001P4ZH,5.0,2011-03,1,1,1.0,49,Great headphones!
A10H073G5MOLJA,B00001P4ZH,4.0,2011-06,1,1,1.0,76,Just what I'd hoped for
A3DU46KRC2JFKH,B00001P4ZH,5.0,2012-11,2,2,1.0,442,Wonderful - but maybe too much bass
AR52CXOX54AW6,B00001P4ZH,5.0,2011-06,1,1,1.0,178,Deja Vu.
A2VCAIFRFMLMMD,B00001P4ZH,1.0,2008-08,3,16,0.1875,48,Defective plug
AI5CL94ZW72ZM,B00001P4ZH,5.0,2014-01,1,1,1.0,23,You just can't beat Koss for the price!
AEKNT5K9X1ZI1,B00001P4ZH,5.0,2013-01,1,1,1.0,116,Great value.
A2BUURD9JFCRXJ,B00001P4ZH,5.0,2013-09,1,1,1.0,29,Dope and great sounding.
A1SW7P73Z8BUUJ,B00001P4ZH,5.0,2009-11,1,2,0.5,55,Not Bad
A1EO5YR1238VL3,B00001P4ZH,4.0,2003-05,8,11,0.7273,136,Loud  With Great Bass
A143X0EUX2LCDS,B00001P4ZH,3.0,2014-03,1,1,1.0,93,Underwhelmed...
A21EW1CMBF5UKC,B00001P4ZH,5.0,2013-08,1,1,1.0,74,Bass Killer!
A2WZ9UMCNUGRUD,B00001P4ZH,5.0,2009-11,1,1,1.0,226,Can't beat these for the money
AOYKD7G6QJ52K,B00001P4ZH,4.0,2012-10,1,1,1.0,29,Deep Bass
A3SUG1O5YSG659,B00001P4ZH,5.0,2014-06,0,0,,46,Excellent
A2IGPYY0ULFD11,B00001P4ZH,5.0,2006-08,5,5,1.0,398,"Superb, above the competition."
A27IPICV6MUXIE,B00001P4ZH,3.0,2012-01,1,2,0.5,395,Gotta be honest
A2UJW6DKFDEPAS,B00001P4ZH,5.0,2006-11,3,3,1.0,113,Outstanding value
A2TVT03TGAMFL4,B00001P4ZH,4.0,2011-03,2,2,1.0,43,comfort
A2M5KSLIOG4T4Y,B00001P4ZH,5.0,2008-12,3,3,1.0,106,PortaPros Pack a Punch
A17S75Z5MR29B6,B00001P4ZH,5.0,2005-03,3,3,1.0,36,Best headphones for under $60
A3RLE0OTW1Y7FW,B00001P4ZH,5.0,2013-09,1,1,1.0,89,Headphones
A16GLKC0TJEAK2,B00001P4ZH,5.0,2011-03,1,1,1.0,67,Best sound for the price.
A1XL5KOLSQT6KH,B00001P4ZH,5.0,2005-12,6,6,1.0,139,The best portable.
A39TSOLD1HTE8M,B00001P4ZH,5.0,2008-06,1,1,1.0,182,Surprisingly good
A31F722DD3E761,B00001P4ZH,5.0,2010-02,1,1,1.0,216,Use them with my Roland V-Drums TD-10 kit...WOW!
A1591PJYM84XQT,B00001P4ZH,5.0,2012-08,1,1,1.0,101,porta pros rule
AT4MNYYZWM907,B00001P4ZH,5.0,2009-05,3,3,1.0,97,Best headphones I've ever owned
A823L2YB2FKBC,B00001P4ZH,5.0,2007-10,2,2,1.0,121,Porta Pro vs Sennheiser 100's
A3SINSKZTVFCX,B00001P4ZH,5.0,2006-01,2,2,1.0,102,"Butt ugly looks, fabulous sound."
A4ENZCYML4OEG,B00001P4ZH,5.0,2009-01,4,4,1.0,33,Customer demand sounds much better than. . .
A3RCGRXYBRKSRC,B00001P4ZH,5.0,2011-06,1,1,1.0,539,These are the most awesome headphones ever made!  I'll never buy any other brand!
AAHZ6JPL2S8YA,B00001P4ZH,5.0,2012-06,2,2,1.0,73,Impressed
A1GKAGU5JZODFN,B00001P4ZH,5.0,2013-02,1,1,1.0,40,Best I've ever owned
A81LEWNPJ49WO,B00001P4ZH,1.0,2010-12,1,14,0.0714,133,Really? SO OVER HYPED THIS IS CRAP.
A34LPMU4LNSJC6,B00001P4ZH,2.0,2013-01,1,1,1.0,181,Not comfortable for long periods of use
A54S9CIUV5VNB,B00001P4ZH,4.0,2014-04,1,1,1.0,56,"Decent headphones, but no padding"
A24C863NNAPCLW,B00001P4ZH,4.0,2010-12,1,1,1.0,104,You really can't ask for much more....
A1L7M2JXN4EZCR,B00001P4ZH,5.0,2014-01,1,1,1.0,23,Sounds better than any open headphone I've ever heard
A2A817AADURYEF,B00001P4ZH,5.0,2014-01,1,1,1.0,35,Great portalbe headphones!
A1409QCA0NZMYG,B00001P4ZH,5.0,2011-04,3,3,1.0,271,In my opinion COMPARABLE to the Bose OE and beyond...
AM20LNMBYFHHP,B00001P4ZH,5.0,2006-11,2,2,1.0,102,Now Hear This!
A118A49ORGNEUM,B00001P4ZH,3.0,2009-08,4,8,0.5,387,Headphones
A3EK5TRR1L1WR8,B00001P4ZH,5.0,2013-10,1,1,1.0,94,Heh - these are great!
A3F2NSR3N0UKP0,B00001P4ZH,4.0,2011-01,2,2,1.0,300,Not an audiophile but still want quality headphones?
A3A18QLK7CNIVX,B00001P4ZH,4.0,2014-02,1,1,1.0,192,Great sound...stupid design
A1C2FHDWS02T2Q,B00001P4ZH,4.0,2013-09,1,1,1.0,142,"2 years, still going!"
A1KLOJVF9LHYIE,B00001P4ZH,5.0,2013-09,1,1,1.0,99,The BEST headphones for portability and activity
A22EP447IBQNB2,B00001P4ZH,5.0,2009-06,4,25,0.16,169,Are you kidding me... Seriously?
AJGXGXR76J1C9,B00001P4ZH,5.0,2011-11,1,1,1.0,23,Simply the Best Value in Headphones
A1UEZ7R88W631V,B00001P4ZH,5.0,2011-11,1,1,1.0,120,Love 'em.
A3JX53X4LT4VA2,B00001P4ZH,5.0,2013-01,1,1,1.0,62,Finally!
A2LFDHTL18INZQ,B00001P4ZH,5.0,2012-12,1,1,1.0,32,My Daughter Loves these!
A833B463ZZJT7,B00001P4ZH,5.0,2009-05,2,2,1.0,36,Feel the music
A3HK1EO0SEEB8Z,B00001P4ZH,5.0,2003-11,6,6,1.0,81,"A great product, and a lifetime investment"
A13BOWET73AJQ1,B00001P4ZH,4.0,2013-12,1,1,1.0,137,"Cliche, but it really is one of the best headphones for the price."
AVWFHFRDVOC6Q,B00001P4ZH,4.0,2005-09,1,5,0.2,17,headphones
A633NIAR4JJAR,B00001P4ZH,5.0,2009-01,4,4,1.0,350,The best sounding headphones under $50
ASKFD1IPJ0PQ9,B00001P4ZH,5.0,2014-02,1,1,1.0,36,Amazing sound quality
A15OQ0YZCQ787E,B00001P4ZH,5.0,2010-09,1,1,1.0,260,Best bang for the money
ADH0XCEQ0TXHL,B00001P4ZH,5.0,2012-08,1,1,1.0,33,Retro tried & true tough headphones
A3B21ZWOW9I4X7,B00001P4ZH,4.0,2011-01,2,2,1.0,289,Decent for the price
AN3ILH8NOGNH4,B00001P4ZH,5.0,2013-12,1,1,1.0,40,Killer sounding phones
AIBGSX2D3EXU6,B00001P4ZH,5.0,2009-05,1,1,1.0,108,Sonic Bliss
A3TIJC6L8USJ6Q,B00001P4ZH,5.0,2001-05,179,194,0.9227,204,Great for Travel
AZA96HCU57OVF,B00001P4ZH,5.0,2009-12,2,2,1.0,105,By far the best portables headphones around.
A1FREHYUPLCMTC,B00001P4ZH,5.0,2012-01,2,3,0.6667,260,Longevity
AU23M8NFNISHE,B00001P4ZH,3.0,2010-06,1,2,0.5,90,Portable But Not Comprtable
A2LYL1FEOLWFSJ,B00001P4ZH,5.0,2009-07,1,1,1.0,342,Great headphones!
AJXQJ5KGNLRVS,B00001P4ZH,5.0,2013-05,2,2,1.0,352,Best headphones! My second pair!
A3SWLDY5FWIDNL,B00001P4ZH,5.0,2012-03,4,4,1.0,107,The best headphone under $100
A3QR5KBKZFDONP,B00001P4ZH,5.0,2012-11,1,1,1.0,101,Best head phones out there
A3C6RYB83KD1GX,B00001P4ZH,5.0,2009-08,1,1,1.0,47,Seriously in love with these. Going to buy a second pair.
A3OGYYZ007ABGA,B00001P4ZH,5.0,2012-03,2,2,1.0,79,"Excellent headphones, great price"
A1KZP366BCW0CR,B00001P4ZH,5.0,2014-02,1,1,1.0,69,amazong sound for price
APEJ8EJCC8PQ8,B00001P4ZH,4.0,2012-01,2,2,1.0,60,"Good sound, but there are others that are its equal."
A1AXJJTN6GPQ0I,B00001P4ZH,5.0,2011-07,1,1,1.0,28,More sound for the buck
AZHXG4UKZZLAG,B00001P4ZH,5.0,2006-02,2,2,1.0,88,Super Headphones!
AXI7RR4TBX3DZ,B00001P4ZH,3.0,2010-02,1,1,1.0,148,Good sound...so so comfort
A10X33VL24RGDK,B00001P4ZH,5.0,2009-08,1,1,1.0,15,Great heaset sound at a tiny price.
A2NA41EE5VUMY0,B00001P4ZH,1.0,2012-11,4,5,0.8,174,Broke after one trip
A3YDHETUB0LHF,B00001P4ZH,5.0,2011-10,2,2,1.0,118,The headphones to get!
A1WVESLCYWGW0Q,B00001P4ZH,5.0,2011-11,1,1,1.0,172,Changed design but still good.
A2SWRBE4RQEBX8,B00001P4ZH,5.0,2013-08,1,1,1.0,94,Sounds Great
A375DGFZH425FM,B00001P4ZH,5.0,2011-06,1,1,1.0,162,Outstanding
A1T8IVXCCBEA44,B00001P4ZH,4.0,2011-03,1,1,1.0,74,Surprising for the price
A3H3AW7VY6PI1A,B00001P4ZH,4.0,2013-08,2,2,1.0,101,Neat sound in compact format
A1NGKLLPET4J88,B00001P4ZH,4.0,2011-12,1,1,1.0,73,"Great, cheap headphones."
A32PQEIVGTNG4J,B00001P4ZH,5.0,2011-06,1,1,1.0,54,"Just great, even if they look outdated"
A11L3AWH521WFV,B00001P4ZH,3.0,2012-04,1,5,0.2,45,Koss PortaPro
A23B499FWWOSAX,B00001P4ZH,5.0,2010-05,1,1,1.0,99,Amazing sound for the price
A2DCG7B6C3YA5K,B00001P4ZH,5.0,2006-11,4,4,1.0,142,Quality From a Classic
A3OMSWC203H2YZ,B00001P4ZH,5.0,2010-03,1,1,1.0,59,Great sound in a small package
A2QIB13E4TR50S,B00001P4ZH,4.0,2005-10,2,2,1.0,189,Good value
A3KLPTNEJ28OS2,B00001P4ZH,4.0,2013-12,2,3,0.6667,290,So great that I bought 2 more pair for xmas gifts!
A2399LYFEX2HV0,B00001P4ZH,5.0,2010-03,1,1,1.0,194,WOW.
A1R5NYTW214KG4,B00001P4ZH,5.0,2014-01,1,1,1.0,39,You can not beat this
A3L18CVCO055N4,B00001P4ZH,5.0,2013-02,1,1,1.0,20,Great!
A14QOPWXLIA7A8,B00001P4ZH,5.0,2014-03,1,2,0.5,39,WORK WELL
A39WL7TJZW0ALV,B00001P4ZH,4.0,2010-01,2,2,1.0,17,Pretty good!
A1XZGL8Q0L8G9U,B00001P4ZH,5.0,2013-04,1,1,1.0,32,Great Sound!!
A3TT2RMPFK7D1W,B00001P4ZH,2.0,2010-01,2,5,0.4,54,Light & flimsy
AQ0483UAIEVME,B00001P4ZH,5.0,2012-02,2,2,1.0,156,"Simply, wow."
A29PQH8RIUG4KZ,B00001P4ZH,5.0,2005-01,6,6,1.0,127,a reference headphone
A1WKJRJRP3BLVS,B00001P4ZH,3.0,2010-02,3,3,1.0,154,Hair nightmare
A1XE3M22N91451,B00001P4ZH,4.0,2013-09,1,1,1.0,164,Excellent performance for the price
A13P785VXM6DBU,B00001P4ZH,5.0,2008-10,1,1,1.0,147,Great Headphones
A3FQTCYYVX5M5A,B00001P4ZH,5.0,2013-10,1,1,1.0,49,love it
AOKH8MBCROIL,B00001P4ZH,5.0,2005-07,4,4,1.0,70,KOSS PORTAPRO IS A WINNER
A26SCAZO579H8K,B00001P4ZH,5.0,2014-06,0,0,,23,None Better
AWS3IPO8RQSUB,B00001P4ZH,5.0,2011-10,1,1,1.0,169,Sweet
A186R37OQQ8TP1,B00001P4ZH,2.0,2012-04,1,1,1.0,28,Big noggin or ears? Incredibly uncomfortable
A2HCMW0RU59GPJ,B00001P4ZH,5.0,2005-01,6,7,0.8571,153,Amazing
AGC75EPFB7CYD,B00001P4ZH,4.0,2014-06,1,1,1.0,659,Surprisingly awesome.
A313H6238N589,B00001P4ZH,4.0,2009-03,2,2,1.0,148,Excellent for the 80s. Just good by today's standards.
A2OVKPY380S7M3,B00001P4ZH,5.0,2011-10,1,1,1.0,305,I can't Believe the sound quality on this cheap headphone!
AW07UH6002PLJ,B00001P4ZH,5.0,2011-03,1,1,1.0,42,Sound quality is great for the price
A1MXD8XEA29SL4,B00001P4ZH,5.0,2013-08,1,1,1.0,30,Rich sound
A23A0SXUF6KKF3,B00001P4ZH,5.0,2012-12,1,1,1.0,148,Best-sounding headphones for the price
A1NHTHTDTL70OV,B00001P4ZH,4.0,2013-04,1,1,1.0,110,A goo set of headphones at the pirce
A1YF0SKMGV2BIL,B00001P4ZH,5.0,2006-10,13,14,0.9286,565,The Koss PortaPro shines in every area!
A3IL9TABNQ0SYP,B00001P4ZH,3.0,2010-10,1,1,1.0,74,"Excellent sound, superb comfort, lacking low-end bass."
A343JEP7ADY2YD,B00001P4ZH,5.0,2013-09,1,1,1.0,312,"Koss Protapro vs Sennheiser PX100, an old audiophile's comparison."
A3FBX7QRP0B7S8,B00001P4ZH,4.0,2014-01,1,1,1.0,143,"Fun, retro, decent quality"
A1RDVQCQH9I4Q0,B00001P4ZH,5.0,2011-11,1,1,1.0,184,Amazing deal for the price
A8DV5O0AE04R1,B00001P4ZH,5.0,2014-01,1,1,1.0,31,"Beautiful frequency range, look fairly durable."
A130WL3J4YFXK9,B00001P4ZH,5.0,2013-02,1,1,1.0,193,Great travel headphones for the money
A2YF4URKFGNEEV,B00001P4ZH,5.0,2013-03,1,1,1.0,43,great headset
A30E0PFBI2LKRC,B00001P4ZH,3.0,2013-12,1,1,1.0,129,"good sound, but lotsa design flaw in this.."
A2P1ESXY3TK3UM,B00001P4ZH,4.0,2010-09,1,1,1.0,32,Ear Phones ordered
A3SDJ70H00OQCJ,B00001P4ZH,4.0,2006-07,4,4,1.0,129,If only they didn't readjust every time they're removed
A2RI4QE6EO29CA,B00001P4ZH,5.0,2012-01,2,2,1.0,724,Everyone Was Right
A2TQUTVIN89ZXD,B00001P4ZH,5.0,2008-05,2,2,1.0,77,Tried and true!
A2T2NVQ14BBBAS,B00001P4ZH,5.0,2010-11,1,1,1.0,107,PortaPro is a hit!
A300M5BZZ1FWRX,B00001P4ZH,4.0,2012-04,3,3,1.0,202,Awesome EXCEPT for Libraries
A2WB7LZ595CR50,B00001P4ZH,4.0,2009-11,2,2,1.0,449,Great headphones but build quality might be suspect
A7JK2LY3CHJ2H,B00001P4ZH,5.0,2009-05,3,3,1.0,386,Worth every penny
ANV2AKYYI04EU,B00001P4ZH,1.0,2007-02,23,36,0.6389,194,Very Disappointing
A1L8H91F2X4Z6H,B00001P4ZH,5.0,2014-03,2,2,1.0,23,Good sound
A2DJGZP9NFJDZB,B00001P4ZH,5.0,2012-12,1,1,1.0,463,"After decades on the market, they still hold their own"
A2B54000WDS6D2,B00001P4ZH,3.0,2012-08,1,1,1.0,146,Nice sound for the price - Durability So So
A339DV3S739GE8,B00001P4ZH,3.0,2014-06,0,0,,42,Good phones
AF8QRIV1ZZXDE,B00001P4ZH,5.0,2012-07,1,1,1.0,124,Nice Cans
A1NAAI0SBO3FBA,B00001P4ZH,5.0,2013-08,2,2,1.0,350,"Reliable, Clear, Comfortable"
A3KAMSQ04EA7MD,B00001P4ZH,5.0,2013-11,1,1,1.0,110,Best sub $50 headphones.
A1BBTNE0NGNTJW,B00001P4ZH,5.0,2012-10,1,1,1.0,188,Better than the Sennheiser PX 100
A2P73QZC75DD2A,B00001P4ZH,4.0,2009-07,2,2,1.0,330,Very good for the price.
A1FXR3BGMW7F22,B00001P4ZH,4.0,2014-01,1,1,1.0,65,good for the price
A2VM1WK24SIX6O,B00001P4ZH,5.0,2014-06,0,0,,22,love these headphones
A1Q9NE8OY1XD5J,B00001P4ZH,5.0,2012-03,4,4,1.0,452,Best headphones I can find
A3EMAT5NS591P1,B00001P4ZH,5.0,2013-04,1,1,1.0,65,Koss Portapro phones
A183VLQN2JD01,B00001P4ZH,4.0,2010-07,2,2,1.0,87,The sound is simply the best
ADF86HAB3K6EF,B00001P4ZH,2.0,2013-12,1,2,0.5,258,Short out in 6 months
A2IXOX389FMB4T,B00001P4ZH,5.0,2014-03,1,1,1.0,45,budget headphone best bang for buck!
A1YWOG0NT12J96,B00001P4ZH,3.0,2009-12,1,2,0.5,186,Not durable at all
AXCUPHHJJWZ3C,B00001P4ZH,5.0,2014-01,2,2,1.0,177,The headphon bargain of the century.
A1V6OO610O7MAO,B00001P4ZH,3.0,2013-01,1,1,1.0,34,"Not a huge fan, jack broke in first month."
A273WV7N5H7D5B,B00001P4ZH,5.0,2011-11,2,2,1.0,123,"For the money, can't be beat."
A22ELKXGNSSWDQ,B00001P4ZH,5.0,2012-01,1,1,1.0,115,They stand by their Lifetime Warranty
AYOIM6S23UDAH,B00001P4ZH,5.0,2013-01,1,1,1.0,120,PX100 Replacements
A3PFHOG6AV4ECA,B00001P4ZH,5.0,2010-03,1,1,1.0,44,Koss PortaPro Headphones with Case
A9O6AL247M1F6,B00001P4ZH,5.0,2012-11,1,1,1.0,51,Excellent headphones
A10WILNLQ44MGQ,B00001P4ZH,5.0,2010-05,1,1,1.0,24,Wonderful product!
APV4CA1BTAGQ3,B00001P4ZH,5.0,2013-04,1,1,1.0,45,Classic - great sound
A2CZW7M6NJT8KB,B00001P4ZH,5.0,2010-12,1,1,1.0,219,Excellent Headphones for the price
ARHPPI71WHUZ3,B00001P4ZH,5.0,2014-01,2,2,1.0,74,Great sound for the money
A2S728U0V6CZET,B00001P4ZH,5.0,2011-06,1,1,1.0,58,These sound great!
AF290PNTO838I,B00001P4ZH,5.0,2012-03,4,4,1.0,64,Completely amazing
A3UR1ZOS5PQGMP,B00001P4ZH,5.0,2010-01,2,2,1.0,44,capturest that vintage sound of an old rock amp
A1FMPZZL2642ZL,B00001P4ZH,5.0,2008-11,2,2,1.0,296,Glad I bought these babies!
A1TPQIM8DOH9JN,B00001P4ZH,4.0,2010-01,1,1,1.0,52,Nice but...
A2ZTSJRF8PYC5Y,B00001P4ZH,5.0,2013-10,1,1,1.0,58,The best headphones you can get for less than $50
APHEQQGFN0F31,B00001P4ZH,4.0,2010-02,1,1,1.0,87,"Great sound, weak cord"
A2EZ80LJMEMJM9,B00001P4ZH,5.0,2009-04,2,2,1.0,188,Excellent in everyway!
AHBCFCB295VIS,B00001P4ZH,5.0,2013-11,1,1,1.0,24,Great sound and value.
AIE03GJ95JW3Z,B00001P4ZH,5.0,2012-04,5,5,1.0,975,Koss PortaPro headphones: 20th Century Minimalist Masterpieces?
A2MY9VXHZYAHUZ,B00001P4ZH,5.0,2007-05,6,6,1.0,258,Great value. Very pleasant.
A2T1BB7S1F9YYU,B00001P4ZH,4.0,2013-05,1,1,1.0,68,Great sound for an inexpensive set of headphones
A2WNVDIUMPMD87,B00001P4ZH,5.0,2014-02,1,1,1.0,96,Classic headphones with Retro design
A2MPT0SEX1ORN7,B00001P4ZH,5.0,2005-10,24,26,0.9231,99,porta pro or px100
APGN8QGF0P5QR,B00001P4ZH,4.0,2008-01,5,5,1.0,38,Work great...
AFXNXN8TMGKZF,B00001P4ZH,4.0,2009-05,2,2,1.0,194,Koss PortaPro Headphones - Still looking for the perfect travel headphone
A356RFKNIG043B,B00001P4ZH,5.0,2008-03,8,8,1.0,689,Have used these daily for over 20 years
A2JOEQNS9LR0NF,B00001P4ZH,5.0,2006-03,3,3,1.0,90,Porta Pros Rock
A2CXHJECJ8R0QL,B00001P4ZH,4.0,2013-10,1,1,1.0,23,Best sound quality I've ever heard
A2HZP3EPX0AB8E,B00001P4ZH,5.0,2013-12,1,1,1.0,66,"""Listening is Believing"""
A1YUB4V9OHM4YI,B00001P4ZH,4.0,2005-09,5,5,1.0,147,I found great sound now that I'm using them
A6MA0VVEUCEVQ,B00001P4ZH,4.0,2011-04,1,2,0.5,37,best bang for your buck
A1C0WNM0G18HJ0,B00001P4ZH,5.0,2011-05,2,2,1.0,34,Fantastic!
A1KE06KXZCYVWG,B00001P4ZH,4.0,2004-05,3,4,0.75,174,Great while they last...
A37YWL8YILUNDL,B00001P4ZH,5.0,2008-02,2,2,1.0,123,Best headphones under $100
A36ARO7W03JMXV,B00001P4ZH,4.0,2009-04,2,2,1.0,68,"portapro and senn.px-100,"
AW6A4PPENVZY3,B00001P4ZH,5.0,2010-12,1,1,1.0,54,Awesome!!!
A2JNBBSGJFN7EF,B00001P4ZH,4.0,2014-01,1,1,1.0,225,Koss PortaPro Headphones with Case
A1UEWPPJHPS17C,B00001P4ZH,4.0,2013-12,1,1,1.0,22,"Def an oky pair of headphones, not the best"
A2VTAZ74VGR64W,B00001P4ZH,5.0,2007-03,3,3,1.0,46,Glad I read the reviews first
A2IBDTAQUO9UI8,B00001P4ZH,3.0,2006-09,10,10,1.0,108,Good sound but uncomfortable
A2GKFYK7QKPUS6,B00001P4ZH,5.0,2008-09,1,1,1.0,27,There Just Fine
A1EXXVCOOMXEQ0,B00001P4ZH,5.0,2010-04,1,1,1.0,254,simply: NICE!
A3FUTKW59AWR6C,B00001P4ZH,3.0,2011-02,1,1,1.0,45,Good and Bad
A3MEFZZMMGIECW,B00001P4ZH,5.0,2011-12,1,1,1.0,65,"for the price, you can't beat the quality"
A1ILS0R3USIU9O,B00001P4ZH,5.0,2013-12,1,1,1.0,118,Wow
A2J7JBVL369IIR,B00001P4ZH,5.0,2014-06,0,0,,35,Memorable purchase.
A140SPVDYIRXZA,B00001P4ZH,5.0,2013-01,1,1,1.0,1050,Amazing headphones! Still working great!
A1RHA553QUE54L,B00001P4ZH,4.0,2013-10,1,1,1.0,54,BIG BASS
A7829CRHD25WU,B00001P4ZH,4.0,2010-09,1,1,1.0,165,Good Value for the Money
A32MJ9F0FRBUJP,B00001P4ZH,5.0,2013-07,1,1,1.0,35,Amazing product
A20IZXV0FQ6P5G,B00001P4ZH,5.0,2011-08,1,1,1.0,96,Quality Product
AJP45EYVBQSTP,B00001P4ZH,4.0,2011-10,1,1,1.0,224,Good sounding portables though design could be improved.
A99TMXJYXUL55,B00001P4ZH,3.0,2014-07,0,0,,25,Not terrible
ANE9603L1IYFG,B00001P4ZH,5.0,2009-09,2,2,1.0,29,"Using them, it is obvious why they have been selling for so long"
A2XTTBXNX2FKOT,B00001P4ZH,5.0,2012-10,1,1,1.0,92,Doesn't look professional but sounds it AND is super comfortable
A15HFUSQXBTE76,B00001P4ZH,5.0,2013-08,1,1,1.0,57,The best small headphones money can buy
A366EEYIQBU9I5,B00001P4ZH,5.0,2013-10,1,1,1.0,97,Almost hard to believe...
A149RNR5RH19YY,B00001P4ZH,5.0,2005-05,3,3,1.0,106,"portapro family, your best choice for the price"
AR07B1BMVZ3QC,B00001P4ZH,3.0,2013-12,1,1,1.0,45,like them
A1CL2397W0CAC3,B00001P4ZH,5.0,2011-05,2,2,1.0,277,"Excellent headphones, incredible value"
A1400N2R4PQTWF,B00001P4ZH,5.0,2010-03,2,2,1.0,312,This is just what I needed
A80DXXEKX12RI,B00001P4ZH,5.0,2008-07,2,2,1.0,29,Excellent headphone
A2SS9DRRQQ7EG5,B00001P4ZH,2.0,2013-01,1,1,1.0,84,2nd time is NOT the charm
AAO47M51C3J98,B00001P4ZH,5.0,2006-05,13,14,0.9286,252,"bought 5 pair before these, and these are by far the best"
A2O5V1WMIXX0NO,B00001P4ZH,5.0,2012-09,1,1,1.0,127,great over the ear phones! worth the money! CNET top 5 too!
AMGNNJWUEIJ59,B00001P4ZH,5.0,2012-01,1,1,1.0,267,Best portable headphones for the price
A1UKWI7HRNRTGO,B00001P4ZH,5.0,2011-06,1,1,1.0,154,80's Style with great quality no matter what decade you're in.
A270443KWP6PER,B00001P4ZH,5.0,2013-03,1,1,1.0,214,"Small, Light & Great Sound"
A31DLX6GSOPHLI,B00001P4ZH,5.0,2008-08,1,1,1.0,96,How can you pass these up?
A18SK3MILJ272B,B00001P4ZH,5.0,2007-01,1,1,1.0,204,Excellent Portable Headphones
A10K4IH3C93O4L,B00001P4ZH,4.0,2011-12,1,1,1.0,51,"Good Headphones, Great for price"
A2IFT8RDBN3P35,B00001P4ZH,4.0,2007-05,4,4,1.0,95,"4.5, actually.  These are the ones..."
A1UQRSCLF8GW1T,B00001P4ZH,4.0,2006-05,8,8,1.0,82,Only one gripe
AE2D68WKW23T8,B00001P4ZH,5.0,2011-06,1,1,1.0,74,"Big sound, little package!"
AZHV16QDXACKC,B00001P4ZH,2.0,2010-06,2,3,0.6667,54,not great
A2SEQUFN8W7D07,B00001P4ZH,5.0,2012-09,1,1,1.0,323,"Hi-fi sound, comfortable, totally unfashionable, and cheap with a lifetime warranty. Best headphones in this price range by far."
A3FKLAPAZ8PFMO,B00001P4ZH,5.0,2006-08,2,2,1.0,204,The Best!
A22IDP8YERZ79X,B00001P4ZH,5.0,2014-01,1,1,1.0,31,Great for kids that move between households
AG20C61GKNS1Y,B00001P4ZH,5.0,2007-11,1,1,1.0,38,Koss PortaPro portable earphones
A360AVFBKSAY4W,B00001P4ZH,4.0,2013-10,1,1,1.0,41,Impressive
A35ST5ADM1MSQX,B00001P4ZH,5.0,2012-08,2,2,1.0,75,A Can't Lose Buy!
A22V3DIEBWPRKW,B00001P4ZH,5.0,2014-04,1,1,1.0,59,A classic
A2CY10DLP6U5MH,B00001P4ZH,3.0,2010-07,2,2,1.0,204,Finally tried Koss Portapro
A3AG0DHBLDYVPZ,B00001P4ZH,5.0,2014-02,2,2,1.0,137,My all-time favorite headphones
A1L7QES3JBISFS,B00001P4ZH,5.0,2012-02,1,1,1.0,111,Incredible
A2DGUUI336IOPT,B00001P4ZH,5.0,2009-09,1,1,1.0,79,Very good headphone for the price!
A20HABKJ0CDE1F,B00001P4ZH,4.0,2013-01,1,1,1.0,37,Meets my needs
A2ADK1Y7WSPSGP,B00001P4ZH,5.0,2009-01,2,2,1.0,61,Something so good they did not have to change the style
A2MML4TOL6Q7BG,B00001P4ZH,5.0,2013-08,1,1,1.0,251,"Bad, better, better yet"
AR1ZV5U2DYA7I,B00001P4ZH,2.0,2013-11,1,1,1.0,25,Great sound... Not Great Build Quality
A2Q6VIQLGXXLGD,B00001P4ZH,5.0,2010-10,1,1,1.0,228,Excellent Excellent Excellent
A1DBDCQASEIMDW,B00001P4ZH,4.0,2011-12,1,1,1.0,400,Good phones for an Ipod device
ACQINODHP6L4A,B00001P4ZH,5.0,2014-05,2,2,1.0,85,Believe the hype
AC84VPM3281GV,B00001P4ZH,5.0,2013-02,1,1,1.0,447,"Comparison between PortaPro, SportaPro and KSC75"
A32WCCXGTR5UFX,B00001P4ZH,5.0,2007-08,1,1,1.0,143,My Portapro
A1J5RNQJD3TPVN,B00001P4ZH,5.0,2009-08,2,2,1.0,154,Best Cheap Headphones Around
A34AJOQX9NGT7G,B00001P4ZH,4.0,2013-12,3,3,1.0,235,Great headphones for the price
A38FEJ8BPFY320,B00001P4ZH,4.0,2010-01,1,1,1.0,139,Not great; but very good.
AKV3O0ZER47PE,B00001P4ZH,5.0,2009-07,1,1,1.0,108,Godsend
AVV7G36385NL0,B00001P4ZH,4.0,2013-12,1,2,0.5,21,OK for the price
AOOZR8IN9NYTA,B00001P4ZH,5.0,2008-10,1,1,1.0,361,Portable sound quality !!
A2XOUBTCDPFMBB,B00001P4ZH,3.0,2010-08,2,2,1.0,261,"Great sound for the price, look retro and cool... but..."
A3FOXL24P5ZGE8,B00001P4ZH,4.0,2010-10,1,1,1.0,100,"Good value but don't believe the ""case"" it advertises"
A2VGUQIG98B6R5,B00001P4ZH,5.0,2008-12,1,1,1.0,84,"GREAT sound, comfort, and iPhone friendly!"
A3IWKEWM9EEPFJ,B00001P4ZH,5.0,2003-08,8,8,1.0,175,For Portable Music Listeners---These  Are A  Deal!
A1MHDCGQE5186H,B00001P4ZH,5.0,2008-07,2,2,1.0,20,I agree withthe others
A363QRXP83K8ZE,B00001P4ZH,5.0,2005-03,3,3,1.0,191,Blast from the 1980s future
A3PW19X5NQU3EF,B00001P4ZH,3.0,2012-11,1,1,1.0,128,Great sound but hard to get the fit adjusted right
ART6PY1KQ0CR7,B00001P4ZH,3.0,2014-02,1,1,1.0,341,sound great but...
A3LYRF8UZ0W182,B00001P4ZH,4.0,2010-07,1,1,1.0,83,Pretty good.
A3C6RY5QEY89CE,B00001P4ZH,4.0,2013-02,1,1,1.0,132,good sound
A1T5NZP0LNRAFY,B00001P4ZH,5.0,2013-12,1,1,1.0,64,SOUND
A3J5AG30K8Q7QH,B00001P4ZH,5.0,2014-04,1,1,1.0,30,Great sound for the price
A2PE6WM9V5A45Y,B00001P4ZH,5.0,2009-04,1,1,1.0,18,great pair of headphones
A2T5P0O707ESH6,B00001P4ZH,5.0,2014-07,0,0,,40,Definitely a good buy
A3OLGVL02YNQDK,B00001P4ZH,5.0,2014-01,1,1,1.0,96,"Amazing Sound, Amazingly Durable!!"
ALZ796TTBBDBL,B00001P4ZH,5.0,2009-07,3,3,1.0,15,Great headphone under $100
A1K5BHC4LS2XWY,B00001P4ZH,4.0,2010-07,1,1,1.0,106,"Very comfortable, good sound"
A1027EV8A9PV1O,B00001P4ZH,5.0,2013-12,2,2,1.0,95,Great sound and fit!!!!!!!
A1ICDP1SXHZE0U,B00001P4ZH,5.0,2014-03,1,2,0.5,91,GREAT SOUND
ARHGG2KXAPR32,B00001P4ZH,2.0,2011-11,1,2,0.5,145,going on my 3rd pair.....
A3AQOHP0SK2JBY,B00001P4ZH,4.0,2008-12,1,1,1.0,89,very good and short of excellent
AAW4JYVF4B845,B00001P4ZH,5.0,2014-05,2,2,1.0,27,Sound great
A3F4DSZ38VDKNR,B00001P4ZH,4.0,2010-02,1,1,1.0,78,feels cheap and plasticky but sounds great.
AKS51UDRDO6OP,B00001P4ZH,5.0,2011-08,1,1,1.0,41,Awesome Headphones!!!!!
A3P2RMAC6YQ51V,B00001P4ZH,5.0,2007-01,5,5,1.0,339,"If you seek comfort above all, this is an excellent choice"
A3NC84WPNQ74I4,B00001P4ZH,5.0,2012-02,3,3,1.0,66,Outstanding
A11VI2ORDN0AHS,B00001P4ZH,5.0,2012-09,1,1,1.0,39,My son loves these headphones.  Lifetime Warranty is great.
A32LX4XJ2LU740,B00001P4ZH,5.0,2010-02,4,5,0.8,621,I'm back...the sound can't be beat!!!
A2Y30NE63L0KFK,B00001P4ZH,5.0,2010-01,1,1,1.0,111,Porta-Pro - Always a winner!
A3D7IRV9BPFK5J,B00001P4ZH,5.0,2014-01,2,2,1.0,152,Let me count the ways
A1NX2S8MYXGEM,B00001P4ZH,5.0,2014-01,2,2,1.0,40,Best headphones I've owned!
A1BMPAGUVC0T9W,B00001P4ZH,3.0,2011-01,1,1,1.0,112,"good sound, not very durable."
A3TDYJPBZ7DXE7,B00001P4ZH,5.0,2008-08,2,2,1.0,223,"Excellent for the price, realistic reproduction of sound"
A33YH22HNC1POY,B00001P4ZH,5.0,2013-02,1,1,1.0,28,cant beat the sound
A2DD6S47KYGQEV,B00001P4ZH,4.0,2013-01,1,1,1.0,80,Perfect but feels a bit flimsy
A2424YRQZO9LE0,B00001P4ZH,5.0,2011-10,1,1,1.0,25,KOSS HEADPHONES
A9X950RNKST4P,B00001P4ZH,3.0,2010-10,1,4,0.25,40,They fell and broke and were replaced
APJXF6Z4Z61YW,B00001P4ZH,5.0,2006-02,2,2,1.0,69,Excellent sound
AAVSL38E1GU2L,B00001P4ZH,5.0,2013-08,1,1,1.0,149,Great sound and legendary support
AVX4WIV5O4F93,B00001P4ZH,4.0,2014-01,1,1,1.0,62,Resonable sound quality and comfortable
A36CA7WO8H60SK,B00001P4ZH,3.0,2010-09,1,1,1.0,238,Very Nice Cans
A15F2LYQBHNHDK,B00001P4ZH,5.0,2008-08,1,1,1.0,58,Good N Cheap
A1J75JJ0Q2OEJN,B00001P4ZH,5.0,2009-04,1,1,1.0,148,I Love My PortaPros
A2HRH6UBEXNHJT,B00001P4ZH,5.0,2013-11,1,1,1.0,125,Great Headphones...
A30E73YLNXH2LJ,B00001P4ZH,4.0,2014-03,2,2,1.0,73,Sweet
A1JRB7WNDFJSZP,B00001P4ZH,5.0,2011-01,1,1,1.0,414,Did I get a bad pair??  Apparently so...
A3UC3YT2E65LZO,B00001P4ZH,5.0,2004-08,6,6,1.0,36,the best lightweight headphones money can buy
A20JX4DJDU67DE,B00001P4ZH,2.0,2013-10,1,1,1.0,46,These used to be made better
A1IO8365H969TU,B00001P4ZH,5.0,2012-02,1,1,1.0,62,WOW!
AYJJDQQ4EZ5V3,B00001P4ZH,5.0,2013-12,1,1,1.0,23,Great headphones
A3QJFOLL5KGS8H,B00001P4ZH,3.0,2013-06,2,2,1.0,101,"Great sound, my favorite headset, but didn't last"
A2L7WYA5OENV03,B00001P4ZH,4.0,2000-07,1,5,0.2,21,Get the SportaPros Instead.
A21WOB2CIZVMRX,B00001P4ZH,5.0,2013-09,1,1,1.0,26,Great sound!
A2J1WRE1KQ5CS2,B00001P4ZH,4.0,2013-01,1,1,1.0,172,"Great sound quality, so-so comfort"
A3F0HJLB79JQJ4,B00001P4ZH,5.0,2013-12,4,4,1.0,354,Above-average headphones at a below-average price
AN2F0QIGX01QQ,B00001P4ZH,2.0,2012-09,1,1,1.0,41,prefer Sportapro
AM5JHS4J9K4SP,B00001P4ZH,5.0,2014-05,0,0,,58,GREAT COMPACT HEADPHONES
A3J8A5L5AF5TX9,B00001P4ZH,4.0,2012-04,1,1,1.0,120,Great Sounding Headphones with Strange Design
A4OPNK2K0EDLG,B00001P4ZH,5.0,2009-04,1,1,1.0,96,Incredible sound.
A2HGVGBEVX1XE,B00001P4ZH,5.0,2012-10,1,1,1.0,28,Excellent sound.
AEQTA2UFF0N1U,B00001P4ZH,5.0,2009-11,1,2,0.5,102,sweet headphones
A2VUYZAEVAIQHW,B00001P4ZH,5.0,2013-08,1,1,1.0,35,I am a big fan of these
A16QY8VBHHP9MT,B00001P4ZH,5.0,2005-06,6,6,1.0,63,Did you order yours?
A1OYKEHNH3E23C,B00001P4ZH,5.0,2014-01,1,1,1.0,35,great sound
A1XZRI9693K0N5,B00001P4ZH,5.0,2011-07,1,1,1.0,29,Great Headphones
AYPPJ3KQ6UDOS,B00001P4ZH,5.0,2009-10,1,1,1.0,294,great headphones
A2T4KPVN5XQ5V6,B00001P4ZH,4.0,2007-02,2,2,1.0,90,Perfect exercise headphones
A2V6A9H8LW136P,B00001P4ZH,5.0,2013-11,1,1,1.0,27,My third set and ill get more
A3QFJOSW3X52TY,B00001P4ZH,5.0,2013-01,1,1,1.0,158,Long time no Koss
A2WUGQKN584PCJ,B00001P4ZH,5.0,2012-12,1,2,0.5,21,Best under $100
A1BEMKOWN1TJK4,B00001P4ZH,4.0,2003-04,3,4,0.75,126,Sound great but a little ouchy
A2IEKS5Z84WVSR,B00001P4ZH,1.0,2013-06,1,1,1.0,44,Lasted barely a year
A2X6CTUCGR89UU,B00001P4ZH,5.0,2011-03,1,1,1.0,89,Proven great quality
A1IDFR483R23N,B00001P4ZH,4.0,2013-02,2,2,1.0,152,great sound.
A2RV56C21T320Y,B00001P4ZH,4.0,2014-06,0,0,,138,"Great Headphone, awkward plug."
A6FIAB28IS79,B00001P4ZH,3.0,2009-03,7,7,1.0,500,Koss PortaPro vs. Sennheiser PX100 vs. Koss UR40
A2ZP7F2XXKGUCR,B00001P4ZH,5.0,2009-10,1,1,1.0,205,Approved by Picky Audiophile
A1XISLQOHN41MN,B00001P4ZH,5.0,2010-05,1,1,1.0,60,Excellent headphones
A38T7HEXGCAWJA,B00001P4ZH,5.0,2008-11,2,2,1.0,23,Great Headphones
A391VSDDL0NTF4,B00001P4ZH,3.0,2013-12,2,2,1.0,46,Not Impressed At All
A1SKOP77DH7TEP,B00001P4ZH,5.0,2008-06,2,2,1.0,60,Great choice to replace earbuds
A3RMXJ4XMR56GB,B00001P4ZH,4.0,2013-10,1,1,1.0,21,very nice
A2RWHTNM5P3I8Y,B00001P4ZH,5.0,2007-09,12,13,0.9231,226,Stand Up to the Test of Time
A2SI71XM3BMLAD,B00001P4ZH,3.0,2010-07,1,1,1.0,120,"Good product, but beware long term durability"
A19TAB9NLAVPPK,B00001P4ZH,4.0,2009-11,1,1,1.0,81,One of the very best at this price point
A5ZELOQA2OY7V,B00001P4ZH,1.0,2012-06,13,14,0.9286,108,NOT the SAME as Pictured... DOWN-Graded Quality from Before
A9R1940MBF122,B00001P4ZH,4.0,2012-07,1,1,1.0,123,Great cans!
A3MEIR72XKQY88,B00001P4ZH,2.0,2000-12,4,15,0.2667,185,Beware : for non-abusive consumers only
A1VY2CG81I1JRR,B00001P4ZH,3.0,2013-08,1,1,1.0,158,"Good sound, poor construction"
A2EU4JERXUZDSI,B00001P4ZH,5.0,2010-02,1,1,1.0,276,Great headphones for a great price
A2AIDS3RG8GKWW,B00001P4ZH,5.0,2014-01,1,1,1.0,33,love these
A3UI6CTFWL721L,B00001P4ZH,5.0,2005-10,17,18,0.9444,333,Excellent headphones for portable electronics
A3A55IAQ5UNIYW,B00001P4ZH,4.0,2013-02,1,1,1.0,159,Excellent and beat many other headphones in it's range
A340AUQWQ33Y69,B00001P4ZH,5.0,2014-02,1,1,1.0,30,None Better 4 the Money
A1A629D04LRFUD,B00001P4ZH,5.0,2011-06,1,1,1.0,93,Love them!
A7DVK8H0OEA26,B00001P4ZH,5.0,2013-12,1,1,1.0,26,Decent budget sound on the go.
A20AQR382659T9,B00001P4ZH,5.0,2010-01,2,3,0.6667,194,My Favorite Headphones
A35TD8QAUMV0DB,B00001P4ZH,5.0,2004-05,40,44,0.9091,824,You won't believe your ears
A3119E8HWUNIR6,B00001P4ZH,5.0,2011-05,1,1,1.0,38,"Durable, Comfortable, and Sound Good"
A2BFNGFKQWHJN7,B00001P4ZH,5.0,2012-11,1,1,1.0,52,"Funky looks, great sound"
A34NVQTFD4QYJ0,B00001P4ZH,5.0,2013-05,1,1,1.0,200,Great headphones
A3JN3KKON08QBM,B00001P4ZH,5.0,2013-02,1,1,1.0,374,Best headphones since sliced bread!
A2N67VW99YXWAQ,B00001P4ZH,5.0,2014-03,1,1,1.0,78,Want to hear everything as intended - then buy this headphone
A3077MQTAKOVFZ,B00001P4ZH,5.0,2014-01,1,1,1.0,55,Just a classic
A28J0LAHKSFTQI,B00001P4ZH,5.0,2011-09,3,3,1.0,126,Clear sounding and very comfortable to wear
A2VUAICVS9XW35,B00001P4ZH,5.0,2013-09,1,1,1.0,22,Great Old School Headphone at a great old school price
A2KJV9P3Q523CI,B00001P4ZH,5.0,2010-11,1,1,1.0,101,Incredible Headphones
AFAFH4JV0WLJX,B00001P4ZH,5.0,2012-07,2,2,1.0,193,GREAT headphones
A1ESIPXHHGJS16,B00001P4ZH,4.0,2011-02,1,1,1.0,233,Well done for the money.
AD2KEOIA6BSUZ,B00001P4ZH,2.0,2013-01,1,1,1.0,59,"Fine sound quality, but not comfortable."
A2QK0CVRJVW7PX,B00001P4ZH,5.0,2010-07,1,1,1.0,108,The Last Headphones you will ever buy!!!
A303UDTZGJRFL,B00001P4ZH,4.0,2012-11,1,1,1.0,95,Bang For Your Buck and More
A1GYYOE13EFKKW,B00001P4ZH,5.0,2013-02,1,1,1.0,181,Just stop looking and buy these
A2VV9CK8ZN1DQQ,B00001P4ZH,5.0,2009-12,5,5,1.0,508,Maybe the best Bang for your Buck Headphones Ever.
AL8SQYYI1BZMW,B00001P4ZH,5.0,2012-03,2,2,1.0,28,Koss Porta pro
A31K78RDPK1UKE,B00001P4ZH,4.0,2010-12,1,1,1.0,59,Big Sound for the Buck
A3MZSWSG6L8EN2,B00001P4ZH,5.0,2008-05,1,1,1.0,100,Great for the gym
A3V0PEIMOBU8H5,B00001P4ZH,2.0,2014-06,0,0,,23,No good for the long haul...
A1IEGPT1Q5D3R2,B00001P4ZH,5.0,2006-01,3,4,0.75,164,"Excellent, a little pricey..."
AN4IXSXAL4L5Z,B00001P4ZH,5.0,2014-01,1,1,1.0,40,Sounds pretty awesome for a retro product. Pretty comfortable too.
A1FF2PLA84KNAE,B00001P4ZH,4.0,2013-09,1,1,1.0,131,Sound is great; Extremely lightweight; Construction durability remains to be seen.
A307BM12B9ZPWV,B00001P4ZH,5.0,2013-04,1,1,1.0,113,I wish I got one of these when I was a kid
A2HDRD3QSR2XWC,B00001P4ZH,4.0,2013-04,1,1,1.0,49,Very good phones
A3U5HTOOB376EP,B00001P4ZH,4.0,2012-07,2,2,1.0,49,Great value
A19VPQUXLUT46J,B00001P4ZH,5.0,2009-08,3,3,1.0,208,Simply the best headphones in their class
A28XLRMDS3C0P,B00001P4ZH,5.0,2013-04,1,1,1.0,27,Great Sound even in NYC Subway
A23LM7S0TPQSCZ,B00001P4ZH,4.0,2014-06,0,0,,26,Koss PortaPro sounds very good and a great value
A21YOY2I4CFF02,B00001P4ZH,4.0,2012-08,1,1,1.0,85,True Value
AD2LQ9E9N6Y48,B00001P4ZH,5.0,2010-02,1,1,1.0,397,Best headphones under $75 if you can get over the 80s design
A2VHZWRA699KYR,B00001P4ZH,2.0,2013-12,1,1,1.0,176,Buy the Sony MDR-V6 instead
AUPIVCP28NXK3,B00001P4ZH,5.0,2010-01,1,1,1.0,53,Happy ears
A2E4ROH3UVXCEJ,B00001P4ZH,4.0,2012-09,1,1,1.0,234,Great Headphones for a Great Price
A3LSNT62S89ERQ,B00001P4ZH,4.0,2011-07,2,2,1.0,277,Great Value
ATRZDZST8GM5W,B00001P4ZH,5.0,2014-01,1,1,1.0,248,Great Portable Headphones
A2ITSA62XD9VUD,B00001P4ZH,5.0,2010-04,1,1,1.0,122,great sound
A2Y7D6A2W3GY6V,B00001P4ZH,5.0,2011-05,1,1,1.0,27,Great set for the money
A6XGIW9KSC0Y1,B00001P4ZH,3.0,2013-01,1,3,0.3333,141,Not living up to the hype
AR1PSEQRQ3L04,B00001P4ZH,5.0,2013-02,1,1,1.0,92,You won't believe these Headphones.
ARM4MTNZK1975,B00001P4ZH,5.0,2011-02,2,2,1.0,795,"Incredible, My New Favorite Headphones"
A2BW7NHB67AQWP,B00001P4ZH,5.0,2013-04,1,1,1.0,157,Excellent sound
A1MRDNCRZT1AWC,B00001P4ZH,2.0,2014-01,1,1,1.0,121,New production is crap... changed connector style... insulation separated.
A29S8I5VT9TKZA,B00001P4ZH,5.0,2013-12,1,1,1.0,21,The Real Deal!
A10KDHOU58875,B00001P4ZH,5.0,2014-01,2,2,1.0,97,Sonic quality on a budget!
AFD5G92D7R972,B00001P4ZH,5.0,2011-09,1,1,1.0,203,Nice headphones-watch out for FAKES!!!!!!
A1GP5D3MXBKUQE,B00001P4ZH,4.0,2012-02,1,2,0.5,38,A classic
A1BMWYN78HO3Q3,B00001P4ZH,5.0,2014-06,0,0,,105,amazing little headphone!
A3N3LPHLB7V9NV,B00001P4ZH,5.0,2009-06,1,1,1.0,108,Porta Pro Rocks
A2ASJCZAYXEK0J,B00001P4ZH,5.0,2013-07,1,1,1.0,73,Koss keeps impressing me
AM29FF4K9EKVN,B00001P4ZH,5.0,2011-03,1,1,1.0,62,"Great shape, lightweight, good sound."
A7I6IEAQZIT9D,B00001P4ZH,5.0,2012-09,2,2,1.0,156,Great sounding and comfy
A4CIAXJTZ6P1,B00001P4ZH,5.0,2009-08,2,2,1.0,37,The Grand ol momma of all headsets
A2HD75EMZR8QLN,B00001P4ZR,5.0,2011-11,2,2,1.0,139,The Best!
A11V8U5E758U8U,B00001P4ZR,5.0,2014-05,0,0,,55,Best inexpensive Headphones ever!
A33U104WVD0P0S,B00001P4ZR,4.0,2013-04,0,1,0.0,20,Koss UR-20
ABC68JUCPTVOE,B00001P4ZR,2.0,2011-10,0,1,0.0,50,Flimsy and disposable
A1DNFRUWF2PXDT,B00001P4ZR,5.0,2013-03,0,0,,51,Great fit and sound
AQDRAF7MX0BRM,B00001P4ZR,5.0,2014-05,0,0,,258,"SHOCKING value, comfort, and quality sound"
A2ND0D2JVW04KS,B00001P4ZR,3.0,2012-03,1,1,1.0,25,Okay.  Not spectacular.
A28TEYUOFXAJCK,B00001P4ZR,5.0,2006-10,3,5,0.6,80,One of the best Headphones i have ever listened to
AFRGJP413HUZ5,B00001P4ZR,5.0,2012-06,0,0,,45,Superb headphones!
AJT08ZT4NQBYX,B00001P4ZR,5.0,2013-10,1,1,1.0,31,blocks out noise.
A2BYYFGBZHELAF,B00001P4ZR,3.0,2009-03,0,0,,38,Good quality but very it's very large
A214AXZWCBZLBO,B00001P4ZR,5.0,2005-10,5,7,0.7143,264,Good Bass and comfortable
A1A13SOBLDFVNX,B00001P4ZR,4.0,2014-01,0,0,,87,great but for the coiled wire and angled plug
A2CRUZQT2OUT0E,B00001P4ZR,5.0,2012-12,0,1,0.0,58,Great Sound...
A33O79GQ8QW4TU,B00001P4ZR,3.0,2006-12,1,2,0.5,155,Sounds good but it is made of cheap plastic that breaks often
A2AM9IPXQKNO8L,B00001P4ZR,4.0,2012-12,1,1,1.0,106,Look funny but work good
A1QTYO9O4HCF9E,B00001P4ZR,5.0,2013-11,0,0,,55,"Really freaking ugly, but they sound good and feel good."
ATW8R44NDYHSM,B00001P4ZR,3.0,2011-10,2,6,0.3333,102,These are adequate with faulty construction.
A1KN9R46A9T15V,B00001P4ZR,5.0,2013-03,2,2,1.0,64,Great Budget Headphones
A2Y10VCBFO7YKD,B00001P4ZR,5.0,2011-04,0,1,0.0,37,good headphones
A3PA7TV6E4NAE6,B00001P4ZR,3.0,2009-11,29,38,0.7632,1001,R-80 could be so much more with a little work
A2886U6R12OVNQ,B00001P4ZR,5.0,2013-10,0,0,,38,Really good cans.
A2PIXJPHL8RSRW,B00001P4ZR,3.0,2014-01,0,1,0.0,102,"Hey, it's $16"
A6U34RDGWDAP0,B00001P4ZR,5.0,2014-01,0,0,,74,Koss headphones
A341RBL4H3RJQG,B00001P4ZR,5.0,2013-12,0,0,,50,These are excellent headphones
A2OF7E89T1UYZT,B00001P4ZR,5.0,2012-09,0,0,,61,Metal detecting and gaming in peace
A1PB3G548WPFBV,B00001P4ZR,3.0,2012-10,0,0,,74,"Good, but there are much better headphones in this price range."
A3RTCA21S7BQ3P,B00001P4ZR,5.0,2014-03,0,0,,95,Super clear and good bass!
A3B20R4ZAH0Y2Y,B00001P4ZR,4.0,2007-06,2,4,0.5,35,"Bulky, solid, good value for the money"
A1LLTZ2I28D3MV,B00001P4ZR,3.0,2013-12,0,0,,45,Not Bad But Underwhelming
A239ON6G2S2E9E,B00001P4ZR,5.0,2013-08,1,1,1.0,206,"""Sensational Sound for the Money"""
A2I7KTCQGLOI50,B00001P4ZR,4.0,2012-11,0,2,0.0,20,Great Sound For the Price
AFQ0LL0Y20AH3,B00001P4ZR,5.0,2013-03,0,1,0.0,22,Sounds Great
A2MVO3996P4E4Y,B00001P4ZR,4.0,2014-03,0,0,,46,Good phones.
A3EUQ5G81AN9LN,B00001P4ZR,5.0,2012-09,0,1,0.0,48,sounds great
A3GG3EQD981OCI,B00001P4ZR,5.0,2013-12,0,0,,151,Best Metal Detecting Phones for the MONEY!  (.)
A26XK9WTQOWCV,B00001P4ZR,3.0,2013-06,0,0,,106,"Ok sound, poor fit on a smallish ladyhead"
A1X36T6G2PEYIT,B00001P4ZR,1.0,2013-08,2,4,0.5,209,Upon further review
A3VVOQ5K6C4Y7C,B00001P4ZR,3.0,2011-05,0,1,0.0,168,They Are Ok
A7GHK7TAXIH1W,B00001P4ZR,4.0,2013-01,1,1,1.0,145,Koss UR-20 headphones
A3R9KRIO25CKZV,B00001P4ZR,4.0,2003-12,77,91,0.8462,285,Great for Stereo TV/DVD watching
A3EQ61ES6HQ090,B00001P4ZR,4.0,2002-02,7,15,0.4667,82,Pretty decent
A3RU10O4KAN4MT,B00001P4ZR,5.0,2011-11,0,0,,44,Great Value
AFDKK3Y9D445,B00001P4ZR,5.0,2011-11,0,0,,58,EXCELLENT HEADPHONES R-10
AHK4UKGQZYB1H,B00001P4ZR,1.0,2014-05,0,1,0.0,32,Bad Quality
A2B9AYXPRI38IV,B00001P4ZR,5.0,2014-01,0,0,,120,Great value!
A40IV5Z4RILSC,B00001P4ZR,4.0,2012-12,0,0,,98,i didn't like the bass
A3GG7QSSI58HJV,B00001P4ZR,5.0,2013-01,2,3,0.6667,174,30 years old and still going strong!
A2C1XRZGFO8WK9,B00001P4ZR,4.0,2013-11,0,0,,98,Good for the price
A3IOXFF191DDTQ,B00001P4ZR,3.0,2013-08,0,0,,181,Solid performer with early durability problems
A3R7FGWO8PIMUD,B00001P4ZR,4.0,2009-04,1,3,0.3333,42,Ugly but good :)
A3V0NS2UB8H0BB,B00001P4ZR,2.0,2014-06,1,1,1.0,137,"OK full size headphones.  Cord is not detachable.  No 1/4"" adapter in package."
A1KJAFKBSRL2RF,B00001P4ZR,5.0,2013-01,0,1,0.0,32,Great Sound
A2J9469C2BM1P1,B00001P4ZR,2.0,2014-03,0,0,,30,Too big!
A1VHDGG2CXBQ6T,B00001P4ZR,4.0,2012-06,1,2,0.5,169,Good Quality Cans
A2WR5U7RS4IIBY,B00001P4ZR,3.0,2014-03,1,1,1.0,61,Ok
A1HACP80YXJRPP,B00001P4ZR,3.0,2011-04,2,5,0.4,44,Not a $50 pair for $20.
A1ISK0X92M83I8,B00001P4ZR,4.0,2013-09,0,0,,22,excellent value
A19B0UB53D820Y,B00001P4ZR,5.0,2013-01,0,0,,82,My dad LOVES them!
A2641PDNZ2GV33,B00001P4ZR,3.0,2011-08,1,2,0.5,59,I like it.
A1BT9SD02Q6DO7,B00001P4ZR,5.0,2012-12,4,5,0.8,132,My bass playing music freak husband loves them
A2CJ4DLE8TWAGL,B00001P4ZR,5.0,2013-12,0,0,,27,nice
A10UHQH1YL5Q6B,B00001P4ZR,5.0,2013-02,0,0,,104,great sound
AFY57BND7NSN2,B00001P4ZR,5.0,2014-05,0,0,,70,Big Ear Cups
A2Z7ZRN6NMASI0,B00001P4ZR,2.0,2010-01,3,5,0.6,100,Great Sound too bad they're defective.
AMZI3ABA7O19,B00001P4ZR,5.0,2014-05,0,0,,33,TV
AZDGMG2Y0FLB2,B00001P4ZR,5.0,2005-10,5,7,0.7143,221,"As sturdy as it looks, and with very good sound for the price"
A3BGPW4WNBZTWS,B00001P4ZR,4.0,2013-04,0,0,,37,Great price for a great headphone for use with a video camera
A1NN8I840LYGDO,B00001P4ZR,5.0,2011-03,0,0,,28,"Good for home, casual use"
AN562K00DPRW7,B00001P4ZR,5.0,2012-12,0,0,,86,Awesome for our 7 year old.
AODSDJXUR4CGZ,B00001P4ZR,5.0,2014-01,0,0,,20,good sound quality
A3SS6919NRQ2MF,B00001P4ZR,5.0,2007-11,1,2,0.5,59,Good Sound-Good Quality
A2S4UO73LBY2EZ,B00001P4ZR,4.0,2011-01,0,1,0.0,167,"For the price, I can't really complain..."
A394KTQFK85XPW,B00001P4ZR,5.0,2014-05,1,1,1.0,133,UNBELIEVABLE
A3MUO47CT6EQF8,B00001P4ZR,4.0,2012-09,0,1,0.0,361,"Heavy use for several years, and..."
A3RBVDH87QF1A,B00001P4ZR,5.0,2014-06,1,1,1.0,35,Outstanding headphones
A18L768JGNLTJC,B00001P4ZR,3.0,2004-11,3,5,0.6,29,Not very durable
A1OFIP9PEMFF4X,B00001P4ZR,5.0,2011-01,1,2,0.5,104,Huge but good!
A3322RJGG8TZHC,B00001P4ZR,5.0,2011-08,0,1,0.0,28,Best for what you can get with the Money
A4BG416YX5366,B00001P4ZR,5.0,2011-09,0,1,0.0,58,Great headphones
A1YIJSP53GAXGW,B00001P4ZR,5.0,2012-04,0,1,0.0,145,Koss R-10's rock!
A3QF8N5GBYCZUQ,B00001P4ZR,3.0,2010-07,3,4,0.75,215,Decent headphones.
A249W26VWPJ8DF,B00001P4ZR,5.0,2010-11,1,4,0.25,74,I Only Buy Koss
A35TD8QAUMV0DB,B00001P4ZR,5.0,2004-01,80,87,0.9195,226,Amazing!
A1LYFA5SR8916Y,B00001P4ZR,1.0,2013-07,2,4,0.5,20,They broke
A1YMK7AK1WQEOB,B00001P4ZR,4.0,2014-01,0,0,,134,"Incredibly comfortable, just a tad lacking on sound quality"
A21ZZUXAM2PUCA,B00001P4ZR,5.0,2012-12,1,1,1.0,129,Glad i bought these and not some super expensive pair.
A1U0RNXMUOP9XI,B00001P4ZR,3.0,2013-01,0,1,0.0,74,"Decent sound, not a good fit for my head"
A1ZTSV4IDULSP0,B00001P4ZR,5.0,2014-01,0,0,,98,Hedfone
A3MV97KOHNHCF0,B00001P4ZR,5.0,2011-05,1,2,0.5,26,Great for casual use
A1K3LZFVAZMPMN,B00001P4ZR,3.0,2005-08,3,4,0.75,55,Superb Bass Response
A3T9GMK9ZYEAJ4,B00001P4ZR,4.0,2006-07,5,7,0.7143,188,Pretty good for the price
A39EEI8WLCVVAJ,B00001P4ZR,5.0,2013-11,0,0,,23,a+ for the price
A183L9ZWVA5KLQ,B00001P4ZR,4.0,2014-02,0,0,,53,Good headphones for a good price
AI8IWYR71IOQS,B00001P505,4.0,2014-01,0,0,,29,Gift that works
A2HLMXUSTCSK8N,B00001P505,5.0,2010-05,0,0,,37,Comfortable and Sound Fine
A17CLCMTRBDKEZ,B00001P505,3.0,2003-05,4,5,0.8,103,"Sound is awesome, but fit is awkward"
A2VJTJTQPCS6GO,B00001P505,2.0,2002-09,4,6,0.6667,97,"Good idea, poor quality"
A39LPV21N28L0D,B00001P505,4.0,2013-08,1,1,1.0,361,"great sound, stays on, a little awkward to use"
A3H6HJSLFNLGMA,B00001P505,5.0,2012-08,0,0,,78,Fantastic sound and great quality
A15BN1AMRT8FP1,B00001P505,4.0,2005-08,2,2,1.0,67,good sound
A3M88BYKRP2ALY,B00001P505,5.0,2000-10,43,45,0.9556,87,Great headphones!
A3IMIUF9L0RK4E,B00001P505,5.0,2002-03,0,0,,58,"HUGE BOOM, LOW PRICE!"
A2I16SKF3RHED6,B00001P505,4.0,2014-03,0,0,,67,Great portable headset.
AOIBOJRBYYVGI,B00001P505,4.0,2013-05,0,0,,213,Quality Koss Sound!
A3AIM9XS17T39P,B00001P505,5.0,2013-10,0,0,,116,Perfect for running
AOCHZNFYJ4AWE,B00001P505,4.0,2010-01,1,1,1.0,190,Money well spent.
AMDZ6MZR6CRG9,B00001P505,4.0,2009-05,1,1,1.0,174,Good sound from budget phones.
AR52CXOX54AW6,B00001P505,5.0,2014-06,0,0,,127,Extremely happy.
A3F0FKIHTLD4BP,B00001P505,4.0,2013-10,2,2,1.0,200,SportaPro and KSC75
A21EXYTX5JWPAU,B00001P505,5.0,2013-06,5,5,1.0,420,The Sportapro has a dirty little secret.
A1UGRZN0EE60FN,B00001P505,4.0,2014-06,0,0,,44,Fills a niche okay
A2A817AADURYEF,B00001P505,4.0,2009-04,0,0,,47,Koss SportaPhone Earphones  A good buy!
A3RTMCOLN1MIJW,B00001P505,5.0,2012-05,1,1,1.0,91,Excellent headphones for the price
A2ED2S3APUJCWD,B00001P505,1.0,2011-02,4,6,0.6667,184,Terrible
A3LMH1951IZZNV,B00001P505,4.0,2011-11,1,1,1.0,145,Excellent sound
A2IV2LFAX3E6D9,B00001P505,5.0,2014-06,0,0,,69,Wow
A2BTUPD2PM2MRU,B00001P505,5.0,2008-11,0,0,,165,Greatest workout headphones I have bought
A2M8QP8TSNRK5P,B00001P505,3.0,2010-10,2,2,1.0,129,"stiff and ugly, but great sound"
A1HGK2XHW9J2PL,B00001P505,5.0,2013-08,0,0,,20,Best cheap headphones EVER.
A18VT083FG5FLJ,B00001P505,5.0,2006-12,1,1,1.0,62,Excellent Headphones
A1IE3DQMCUAKBT,B00001P505,4.0,2014-01,0,0,,113,Not quite a fit for me
A1VNJIS05GETA4,B00001P505,4.0,2008-07,0,0,,39,quality for the money
A185LIJJXANIWM,B00001P505,4.0,2012-05,1,1,1.0,116,"Sound good, but..."
A1PW7TQL858WPS,B00001P505,4.0,2004-04,8,9,0.8889,279,Good stuff
ALUYNO0PD2ARM,B00001P505,5.0,2014-01,0,0,,55,Can't beat the sound quality of these at this price point.
AV5OYCF0TNUZZ,B00001P505,4.0,2007-12,0,0,,56,"Not the most comfortable, but would buy again"
A9A0W7JKT1ORD,B00001P505,5.0,2009-10,0,0,,101,Best budget headphones I have ever heard!
A1HSAYB9K98OGX,B00001P505,4.0,2012-01,1,1,1.0,79,Big Head People Beware
A37NODCIL8PP75,B00001P505,5.0,2006-11,2,3,0.6667,52,"Beautiful sound, and quite affordable"
A3VIQIGCO4AHR6,B00001P505,4.0,2006-02,6,6,1.0,147,Awesome Sound & Pretty Good Fit
A1RH4OXWSKPQL6,B00001P505,5.0,2014-06,1,1,1.0,80,Great sound and great comfort
AVR7XAXTFT3K9,B00001P505,4.0,2013-12,0,0,,56,"Sound good, comfort eh"
APV4CA1BTAGQ3,B00001P505,5.0,2013-11,0,0,,68,don't let the price fool you - these sound great!
A2XVE0GEZ4G16A,B00001P505,5.0,2014-02,0,0,,36,"Great sound, great for working out."
A1JK8EE51BF3RE,B00001P505,4.0,2011-09,0,0,,41,"Inexpensive, not cheap"
A279M2SJNQDWM7,B00001P505,5.0,2013-06,0,0,,34,"ver, very good!!!!"
AYXJMJJJ8JMXH,B00001P505,5.0,2010-12,0,0,,159,"Sounds good, cheap, portable."
A24IS1LEMFQF8C,B00001P505,4.0,2013-03,0,0,,56,Headphones
A22V3DIEBWPRKW,B00001P505,5.0,2014-04,0,0,,46,Nice sound. Not for Top 40 mega bass of today
A3GIZQ450133SC,B00001P505,5.0,2011-11,4,4,1.0,204,How to wear them on the back of your head
A2Q6VIQLGXXLGD,B00001P505,5.0,2013-07,0,0,,180,Koss is a great company and these are very high value phones that sound great!
AC84VPM3281GV,B00001P505,5.0,2013-02,2,2,1.0,418,"Comparison between PortaPro, SportaPro and KSC75"
AY089FCEGRV2G,B00001P505,4.0,2009-03,0,0,,114,Excellent
A28EZVGVWMQ071,B00001P505,5.0,2011-12,1,1,1.0,108,The best over the ear sport phones
A3VPVJMLX1X3L7,B00001P505,5.0,2013-11,1,1,1.0,125,"Better than porta pros in build quality, about the same in audio quality."
A32LX4XJ2LU740,B00001P505,5.0,2014-01,1,1,1.0,126,"Sounds same as PortaPro, but less dorky looking"
ARTA78TP6H73D,B00001P505,5.0,2002-01,7,7,1.0,132,A Great Product for a Great Price
A1JRB7WNDFJSZP,B00001P505,5.0,2011-01,1,1,1.0,236,Originally disappointed by dual-cord design - but is not a problem.
A2L7WYA5OENV03,B00001P505,4.0,2000-07,63,68,0.9265,393,Good For The Price
AN2F0QIGX01QQ,B00001P505,5.0,2012-02,0,0,,28,Good Sport Headphones
A2SF8O50ZLJOC0,B00001P505,5.0,2013-09,0,0,,43,"Very light weight, but good sound, and don''t fall out of your ears when wearing!"
A1ZGQVTLT3PCE9,B00001P505,1.0,2008-08,3,4,0.75,34,Lasted a few months... AVOID this one
A30YRZHUDGLEK0,B00001P505,5.0,2008-05,0,0,,27,Koss SportaPro Stereo Headphones
A1K79LEZS4KGUM,B00001P505,5.0,2013-02,0,0,,36,best sound
ATACHC51UNRMG,B00001P505,4.0,2013-08,1,1,1.0,164,Good Sound!
A14LG64GIVZIGS,B00001P505,5.0,2010-07,0,0,,174,Great Value
A3EVJFU8OGK8IT,B00001P505,5.0,2008-03,0,0,,34,Best Value and Warranty
ATWVJUHW78DQL,B00001P505,4.0,2000-10,16,18,0.8889,218,Great Little Suckers!
A3OUYFXUOHDGH,B00001P505,5.0,2013-08,0,0,,47,Good Bass
A1MIXY59EXC90L,B00001P505,4.0,2003-01,5,6,0.8333,291,Probably the best in its price class
A1B30WMI3SO6CB,B00001P505,5.0,2007-10,0,0,,48,Amazing!
A3ADZPLY7C1TQV,B00001P505,5.0,2008-08,0,0,,278,Great Sound Great Price
A1590KJR2FEHI7,B00001P505,5.0,2005-12,3,3,1.0,76,Great Sound-- A little flimsy
AQO6JI57GOIG3,B00001P505,5.0,2012-04,0,0,,144,"Simply Awesome, have them for 12 years!!"
A2TUQMWV186OQ6,B00001P505,4.0,2006-02,0,0,,69,Headphones perform well
A3E5SOPIL985NQ,B00001P505,5.0,2006-03,4,4,1.0,14,headphones
A3U52V5ZAHZZKU,B00001P505,5.0,2008-02,1,1,1.0,56,Compact and powerful
A2H856C9T0XWL5,B00001P505,4.0,2002-09,13,13,1.0,225,"Good for the money, but get full-size for full sound"
A317L56T9Q55C2,B00001P505,5.0,2010-08,0,0,,130,The price for the sound is much to low!
AA91O96C1Z18W,B00001P584,3.0,2001-03,22,36,0.6111,254,a neceesity but with limitations
A1ES9YOD55CMER,B00001P584,4.0,2014-05,0,0,,71,Fun Optional Component
A9LLNBBOASWCS,B00001P584,4.0,2012-10,3,3,1.0,127,"Good unit, great price"
A2XOAT7IP6NYCN,B00001P584,4.0,2013-07,1,1,1.0,28,nice
A24MX6O7YJGFBO,B00001P584,5.0,2014-02,0,0,,270,A Great Addition to You Stereo System!! Makes it Sound a Whole Lot Better!!
A2IFT8RDBN3P35,B00001P584,5.0,2007-02,4,4,1.0,163,A Great Way to Expand Range
AYR1AP117UBVQ,B00001P584,1.0,2008-11,17,19,0.8947,651,Please Read This Review it Will Same you Time.
AVM0RJ1L4FBJW,B00001P584,4.0,2006-03,4,5,0.8,83,EQ 200
AXW14DXA684N4,B00001P584,1.0,2007-02,37,39,0.9487,607,JUNK
A1WR0KA61A2CTW,B00001P584,1.0,2013-03,1,1,1.0,97,"JUNK - Buy an ART 341 for less, much better!"
A1JDP8UAE7HVW7,B00001QEAE,5.0,2000-02,38,38,1.0,196,Sony MVC-FD88 Mavica Digital Camera
A1CWMO3LQQ7P0P,B00001QEAE,5.0,2006-07,0,0,,102,Bullet Proof Beast
A39VTD9COHHY34,B00001QEAE,5.0,2000-02,55,55,1.0,203,Nice Camera That is Packed with Features
A14Y070B40ZGMR,B00001QEAE,5.0,2000-04,9,9,1.0,72,The Best Digital Camera in the Universe!
A1ZR6RT42KHUIF,B00001QEAE,5.0,2000-04,36,36,1.0,157,Awesome
A2EVQ8S7FMLGL,B00001QEMF,5.0,2001-02,25,25,1.0,196,Great for Travelling
A2X2VP3OBZ6VFE,B00001QEMF,5.0,2002-11,13,13,1.0,99,I love my camera!
A2H1ZKAQN0B49Z,B00001QEMF,5.0,2013-07,0,0,,85,Absolutely love it.
A8OU2FHE8QWFS,B00001QEMF,5.0,2000-10,35,36,0.9722,216,"Oh, I wish I had waited one more year to buy a new SLR!"
A33UD2JQGUVLAO,B00001QEMF,5.0,2003-07,4,4,1.0,115,Great All Around SLR
A1CXVAOCM2IN5Q,B00001QEMF,3.0,2014-06,0,0,,61,"Nice camera, but expensive"
A1MJMYLRTZ76ZX,B00001QEMF,5.0,2001-12,14,15,0.9333,204,Great camera
A3Q1J68QY1MZQ9,B00001QEMF,5.0,2003-03,5,7,0.7143,99,Lightweight!
A234GO3KZYKKTE,B00001QEMF,5.0,2001-12,13,14,0.9286,187,"great camera, great value"
A1FR0HJ5QMXV8O,B00001QEMF,4.0,2013-05,0,0,,20,Black and White
A2E7E9EWADK4S6,B00001QEMF,5.0,2000-05,92,98,0.9388,320,I hate to admit how I use my Canon Rebel G (98 model) but...
A2TCCKKIPJCM0L,B00001QEMF,5.0,2014-07,0,0,,1,Five Stars
A1US87X5YUEQ7A,B00001QEMF,5.0,1999-12,86,92,0.9348,75,Easy To Use With Tons of Features
A2V0I904FH7ABY,B00001QEMF,5.0,2005-09,21,21,1.0,327,Excellent Camera: Easily beats a Digital camera for its price
ASZL6B12IBU69,B00001QHP5,2.0,2013-05,2,4,0.5,97,"It's here, what else can I do.  The camera was delivered in a Canon camera bag in a Quikrete (Professional Concrete Coatings box"
A1RPTVW5VEOSI,B00001QHP5,5.0,2000-05,47,47,1.0,227,A return to basics- with Nikon quality
A2LUW64R1VY53N,B00001QHP5,5.0,2009-12,11,12,0.9167,423,Great fully manual 35mm
A28B1DZ3CLMCYI,B00001QHP5,4.0,2012-11,7,7,1.0,926,Good but not great
A3ASKO4R2SZE3D,B00001QHP5,4.0,2012-11,4,5,0.8,348,This camera does the job
A1XLCQVGWBU6UX,B00001RMCY,5.0,2013-04,1,1,1.0,92,SanDisk Does It Again!
ABP3SLO2TYSD5,B00001RMCY,5.0,2012-12,0,0,,40,Compact Flash Memory Card
A1NVD0TKNS1GT5,B00001RMCY,5.0,2000-10,9,9,1.0,72,Memory Cards for All Uses
A22R9L5DAVYYWR,B00001RMCY,5.0,2005-05,1,1,1.0,212,Sandisks & keeping the data
A2J9NEE5C5D2AU,B00001RMCY,4.0,2000-06,0,0,,614,a good compromise between price and memory size
A2PUDX7VRQN5M5,B00001RMCY,5.0,2014-02,0,0,,30,Beware this is 32 MEGABYTES not gigabytes
A2G2QNKDL1Y6AC,B00001RMCY,5.0,2000-10,26,27,0.963,120,"Works, inexpensive, what else can you ask"
A6ZPLVAUQ6695,B00001RMCY,5.0,2000-06,33,36,0.9167,138,Super storage at the right price!
A2XCALYSPH9WUV,B00001RMCY,5.0,2001-08,1,1,1.0,70,Works with everything
A1GCKBZ5B7XHPC,B00001RMCY,5.0,2000-08,57,62,0.9194,132,**Go Crazy**
A1Z0NIO16UXTH,B00001RMCY,5.0,2013-11,0,0,,19,Obsolete No.
A1RFYCSNNOJ0VW,B00001RME8,4.0,2000-05,25,25,1.0,202,Excellent and cheap quality webcam
A3W371ZI5K5C8K,B00001RME8,5.0,2000-11,12,12,1.0,115,Good buy - for the money
A1ORUSHRRG0VWN,B00001RME8,4.0,2000-05,0,0,,97,An OK Webcam
A22K8OBJPM3FL5,B00001RME8,3.0,2000-04,2,2,1.0,45,Works Just Fine
A2SKR9O60ZE62D,B00001RME8,4.0,2000-09,1,1,1.0,27,"Great Camera, Easy Setup"
A2ZM9BGE3K3SY2,B00001U0AJ,4.0,2003-09,10,10,1.0,65,Decent
A3TNM3C9ENUCFW,B00001U0AJ,4.0,2002-06,3,3,1.0,52,Great Value
A3H3P7EN3GFW6W,B00001U0AJ,4.0,2002-01,0,0,,179,One detail
AE0O1VWSOQTD1,B00001U0AJ,1.0,2001-05,3,5,0.6,66,Forget this!
A3W2UTN0BC4ZKD,B00001U0AJ,3.0,2000-08,52,52,1.0,178,"easy to install, not a perfectly clear image though"
A3W46MLZN82PTZ,B00001U0AJ,2.0,2001-12,3,5,0.6,133,Picture sucks......severe quality drop from older model
AP6X4IJR5H92P,B00001U0AJ,4.0,2001-02,2,2,1.0,79,Decent for its price
A391RJ8646SYY1,B00001U0AJ,1.0,2005-05,2,4,0.5,20,Junk
A1MJ4WTOYW9WXZ,B00001W0D4,3.0,2011-03,0,0,,39,I love them! When they work...
A2R5QQBR79XURA,B00001W0D4,3.0,2008-01,2,2,1.0,78,"quite durable, decent sound"
A3GQKB1KF0CRPE,B00001W0D4,5.0,2005-09,7,7,1.0,120,The tops!!
A4G4AWDVJ8XCJ,B00001W0D4,5.0,2005-07,6,6,1.0,104,"Good Sound, Good durability"
AQ3IN3MRXQ5KH,B00001W0D4,4.0,2004-05,12,14,0.8571,203,Use the Sponge Thingys
A29P1GQGK08W6Z,B00001W0D4,5.0,2003-10,12,12,1.0,144,They really are the best
A27R1FLUS2KTIX,B00001W0D4,5.0,2005-09,3,3,1.0,55,Excellent choice in earbuds
A11D1KHM7DVOQK,B00001W0D4,4.0,2006-12,3,3,1.0,368,Good Earbuds for the Portables
A2GKXXW2731VKS,B00001W0D5,1.0,2010-07,1,2,0.5,36,Warning! These are NOT MDR-V900s
AHOJEEMOIKMCR,B00001W0D5,4.0,2005-09,9,10,0.9,142,"Good, but not great"
A23QTZE764PJNS,B00001W0D5,5.0,2011-03,1,1,1.0,240,Great Headphones For Any Type of Music
A3CGEKPKOO35B3,B00001W0D5,3.0,2010-07,1,3,0.3333,163,5 years after Purchase
A1AMOQQ6GCKDNQ,B00001W0D5,5.0,2005-02,6,6,1.0,113,Awesome Sound Reproduction
A3FKQQTSMHOCE0,B00001W0D5,4.0,2008-11,2,3,0.6667,62,Excellent headphones for ham radio
A1OO2SELSSU128,B00001W0DC,5.0,2011-06,0,0,,40,Fantastic!
A296QHS9BLVFLH,B00001W0DC,2.0,2007-12,4,7,0.5714,161,Listening to music through a blanket
A2RUJAHQLGIOGP,B00001W0DC,5.0,2006-08,1,2,0.5,24,Headphones
A11YC90BA0KJQ7,B00001W0DC,5.0,2013-10,1,1,1.0,99,These are about the best sound quality you can get for under $25.
AFERF0ZNBKAUS,B00001W0DC,4.0,2013-04,1,2,0.5,27,The best!
A3UCNSBH307OEV,B00001W0DC,5.0,2013-02,1,1,1.0,77,Have purchased 5 sets of these
A7HPQEWKPSFJ6,B00001W0DC,4.0,2012-02,1,1,1.0,210,I like 'em now
A3C65DHC8UBUNC,B00001W0DC,5.0,2013-02,1,1,1.0,62,I have stopped using my built in computer speakers
A1E8XGHM6Z4W93,B00001W0DC,5.0,2007-11,1,1,1.0,64,Great headphones for a reasonable price!
A3L6XHA5FVMN16,B00001W0DC,5.0,2009-05,0,0,,40,Head Phones.
A2BK7LBCEWRREY,B00001W0DC,4.0,2005-07,3,3,1.0,140,lasted for 2.5 years before giving up
A12ENBT314RFXR,B00001W0DC,5.0,2011-09,1,1,1.0,221,"For $20, you cannot beat these headphones."
A3GM3KMDA3MWIR,B00001W0DC,4.0,2013-08,0,0,,56,Great for the money
A35IK5PV6GLP31,B00001W0DC,4.0,2012-02,1,1,1.0,297,"Comfortable, durable, sound pretty good"
A20BB7TPL5F7G2,B00001W0DC,1.0,2011-01,2,2,1.0,126,Really awful sound
A3JUJRN2J800KC,B00001W0DD,5.0,2003-04,11,11,1.0,29,You won't be disappointed
A1VDK3E3HBWUCF,B00001W0DD,4.0,2014-04,0,0,,61,"Great headphones, long cable and includes adapter"
A165EVALNKOZB9,B00001W0DD,4.0,2013-09,0,0,,101,Worth the price; they're decent.
ADTOR4IQAYC2G,B00001W0DD,5.0,2006-12,5,6,0.8333,81,FIRST RATE HEADPHONES!
AHRXG1I39B1FR,B00001W0DD,5.0,2011-10,1,1,1.0,21,Crystal clear sound with deep bass
A1H4P50KI3ZR78,B00001W0DD,3.0,2006-02,4,4,1.0,23,Good value but fit tight
A1HCVRIFI6V6T7,B00001W0DD,4.0,2009-12,0,0,,192,Great middle price-range headphones
A1C4J9CUHT3UXE,B00001W0DD,2.0,2005-05,4,6,0.6667,128,CPC: Cheap plastic crap
A15PWO8ELUJPH3,B00001W0DD,5.0,2005-04,0,0,,46,great deal - great sounds
A16X61RLY1YJL7,B00001W0DD,5.0,2004-04,0,0,,209,Sony MDR-V300 Headphones - Another outstanding Sony product!
A3KZEGBTPH6MMF,B00001W0DD,5.0,2014-02,0,0,,127,"Still the best-- the new, replacement model doesn't compare!"
A24N1BAS3CU27H,B00001W0DD,4.0,2007-10,1,1,1.0,128,"Not perfect, but very good!!"
A1WVMDRJU19AFD,B00001W0DD,3.0,2000-05,56,59,0.9492,159,meant for house- not meant for pocket- good for music.
A240E6DLMP5KEK,B00001W0DD,5.0,2010-04,1,1,1.0,18,Exceelent Sound and Comfort
A2RWHTNM5P3I8Y,B00001W0DD,4.0,2009-02,1,1,1.0,121,"Great for TV Watching, Poor for Music"
AN30G4IKL1BMZ,B00001W0DD,5.0,2001-06,2,2,1.0,94,"Great sound quality, highly recommended"
AI0XJPAL2UJM6,B00001W0DD,4.0,2009-06,0,0,,57,Durable Quality Headphones
A1LEREL38EC0AI,B00001W0DD,2.0,2005-03,2,4,0.5,146,Totally Disappointed
A3T767O02CHFN1,B00001W0DG,3.0,2003-01,11,14,0.7857,149,Too quiet for their intended use
A2U3OEIK1CUPIK,B00001W0DG,4.0,2011-04,0,0,,22,Nice and 1/2 the price of other places!
A5104FF4P1R9A,B00001W0DG,4.0,2009-09,2,2,1.0,37,Sweet!
A18759AMQBHXCW,B00001W0DG,3.0,2010-03,1,1,1.0,268,"A bit uncomfortable, but OK sound quality, loud"
AVE2J7PNE0L9C,B00001W0DG,4.0,2010-01,1,1,1.0,189,Not the same as MDR 7506/V6 but my brother loves them.
A2R4W72HCKFQHZ,B00001W0DG,3.0,2013-02,0,0,,43,Average Headphones
A1YY7XFFU5IGE8,B00001W0DG,5.0,2011-05,1,1,1.0,78,Great quality headphones --
AT7MEX6AWQF8P,B00001W0DG,5.0,2011-09,1,1,1.0,20,You will be very pleased
A3MN5FMEN5Y4R9,B00001W0DG,2.0,2003-03,66,75,0.88,426,Muddled high-end for this price!? NO WAY!
A1DVKQE6BFL98Q,B00001W0DH,5.0,2011-09,0,0,,43,Stood the test of time!
A12AYONFLIYMSZ,B00001W0DH,5.0,2006-01,1,1,1.0,62,Quality All Around
A37T4NN3DV3U75,B00001W0DH,5.0,2009-01,0,1,0.0,55,Sound Waves
A3T767O02CHFN1,B00001W0DH,5.0,2003-01,4,4,1.0,338,"great for DJs, for whom they are intended."
A1RYOQDUVY5B0,B00001W0DH,5.0,2012-10,0,0,,88,They never fail me
A1CBVD5P2MTW3S,B00001W0DH,4.0,2012-12,0,0,,151,Great headphones for home or professional use
AMSOH6T6E3FSJ,B00001W0DH,5.0,2011-07,0,0,,219,Better than most $300+ Headsets
A3SCTA36FA7E88,B00001W0DH,5.0,2009-11,1,1,1.0,99,the industry standard as far as i'm concerned
AEFMWTH14ZFWT,B00001W0DH,5.0,2009-06,0,0,,36,5 years later...
A134XZNXCGU7JD,B00001W0DH,5.0,2009-05,1,1,1.0,54,top notch product
A3AX4XM1LHS0GU,B00001W0DH,4.0,2005-12,2,2,1.0,147,best headphones i've ever owned...
A32UKJ89I78SH5,B00001W0DH,4.0,2009-07,1,1,1.0,0,"DJ Club Classics, but the things can fall apart!"
A23QTZE764PJNS,B00001W0DH,5.0,2008-11,1,1,1.0,147,Not Only For DJ's and Even For Classical
A1V7XAW40AHFQF,B00001W0DH,2.0,2008-07,0,1,0.0,101,"excellent quality, but big, heavy and too hot"
A3N0P5AAMP6XD2,B00001W0DH,4.0,2012-05,1,1,1.0,251,Good but costly
A3H1NI0FSDFMWX,B00001W0DH,3.0,2004-12,2,2,1.0,239,Great on sound... but not great on the ears
A3MHMWIQ2GRHC3,B00001W0DH,5.0,2008-07,1,1,1.0,100,Sony Headphones Review
A13EQE9EY2ET93,B00001W0DH,5.0,2013-05,2,3,0.6667,82,Best heaphones I've ever owned and probably best ever made for price I paid
A1AMOQQ6GCKDNQ,B00001W0DH,5.0,2002-01,1,1,1.0,69,Can't be beat!!!
A1WJBY269CG7AC,B00001W0DH,5.0,2009-12,0,0,,38,Great Headphones!
A17MH3UHMGOOC5,B00001W0DH,4.0,2008-01,0,1,0.0,98,Great sound but uncomfortable to wear over long periods
A21FX4X350687H,B00001W0DH,5.0,2013-06,0,0,,85,"Unfortunately discontinued, but very awesome."
A3LWII71ZQZQ5G,B00001W0DH,5.0,2006-12,2,2,1.0,198,"The perfect headphones for DJ's, anybody"
A1XUQIA7Q0BGJ1,B00001W0DH,5.0,2010-12,0,0,,260,Best bass hound headphones I've heard
A2E7X11Z8FU5IG,B00001W0DH,5.0,2012-11,0,0,,45,Best Headphones out there!
A2EJZ5ZIGVNYSE,B00001W0DH,1.0,2010-01,3,6,0.5,28,Plastic swivel joints break!!!
A2B1OJ22IYM3NR,B00001W0DH,3.0,2004-03,2,3,0.6667,77,"Sounds good, but may not be what you want"
A34DXV6MS7G9CL,B00001W0DH,5.0,2009-09,1,1,1.0,87,Worth it even if they only last 2 years.
A4SD1MX7QMD8,B00001W0DH,2.0,2005-12,2,3,0.6667,211,If you are a DJ you might like these.
A3UQR3IEAL6G6A,B00001W0DH,5.0,2011-01,0,0,,20,Sony MDR-V700 Review
AYMJ0CNEMPG48,B00001W0DH,5.0,2008-10,1,2,0.5,114,A Very Satisfied Customer
A2EGVV7O4CEOIT,B00001W0DH,5.0,2013-09,0,0,,39,"Seven years old, I wouldn't sell mine for $120.00"
A1IJ9KI79QIGCU,B00001W0DH,5.0,2014-05,0,0,,34,My faves..
A2X9H68QLS42Q7,B00001W0DH,5.0,2014-03,0,0,,20,Fabulous value
A2BK7LBCEWRREY,B00001W0DH,5.0,2007-05,0,0,,160,Great for the light user.
ATQ97ZM79XJ3J,B00001W0DH,5.0,2011-10,0,0,,114,Sony MDR-V700DJ DJ-Style Monitor Series Headphones
A2OH37ZS0I1RSK,B00001W0DH,5.0,2006-11,1,1,1.0,81,Comfortable and Sound Great!
A112SYEKX4ZTUI,B00001W0DH,5.0,2008-06,1,1,1.0,242,The best I've heard!
A2Y6MZHG0MPCTN,B00001W0DH,4.0,2007-02,2,2,1.0,218,My first pair lasted me 5 years..
A2H629SI5VJGRM,B00001W0DH,5.0,2011-01,0,0,,66,Nice Headphones!
A2TQ16HTB6F0JU,B00001W0DH,5.0,2007-04,0,1,0.0,82,Sony MDR V700DJ Headphones
A3QCXIDIO5DF00,B00001W0DH,5.0,2012-11,0,0,,25,expensive...but great
A19GDOQK033YCM,B00001W0DH,2.0,2006-04,2,2,1.0,153,Very poor construction
A1L34X2F3YTD7E,B00001W0DH,5.0,2005-04,14,18,0.7778,338,For DJ's Only...
AHY2KG32696ES,B00001W0DH,5.0,2004-05,94,105,0.8952,353,"Great at first, but falls apart; then glued back on and going strong after 12 years of use!"
A3L3EEJYMUPM02,B00001W0DH,3.0,2010-09,0,0,,77,Cheap Closed Headphones
A2IKX7H2PLHULP,B00001W0DH,5.0,2006-10,2,2,1.0,231,Still going strong after SIX YEARS
A2GKTKX1U5HW5J,B00001W0DH,4.0,2012-01,0,0,,245,Good audio quality but annoying hinge noise
A211A51H4XNPUF,B00001W0DH,4.0,2012-07,0,2,0.0,39,Another Sony hall of famer gone....
A119IU67AHNE2W,B00001W0DH,4.0,2004-11,5,5,1.0,456,First-rate sound! Hard not to love'em.. even when they crack
ABQEDHBG91BBR,B00001W0DH,5.0,2007-07,8,10,0.8,430,People will whine about anything...
AOA9M17LG2JQE,B00001W0DH,2.0,2003-07,13,16,0.8125,138,Buy the HD 280 Senns Instead!
A3E6ZJMPO9SQWO,B00001W0DH,3.0,2011-07,0,0,,199,"Good headphones, uncomfortable wearing for extended periods"
A1E4FASFO78Z77,B00001W0DH,5.0,2011-12,1,1,1.0,155,These things ROOOOOOOOCK!
A61R1DEE1MO2Q,B00001W0DH,5.0,2013-02,1,1,1.0,100,best headphones ever
AH91ZJ8W8NCLR,B00001W0DH,5.0,2007-04,1,2,0.5,135,"Love the frequency response range 5-30,000 Hz"
A3VYTHBU44KOWE,B00001W0DI,3.0,2012-12,0,0,,281,No the Sony MDR-V600 does not compare to the Sony MDR7506 model
A1CM4HI4S5P0WO,B00001W0DI,5.0,2011-10,0,0,,95,I Used To Have These Along Time Ago
A3PH8X6N66K228,B00001W0DI,5.0,2005-10,8,9,0.8889,145,I love these things.
A7Q5OECQBQA6F,B00001W0DI,5.0,2008-12,2,2,1.0,144,Amazing
A3HOD6ZNT3Y475,B00001W0DI,5.0,2007-09,1,1,1.0,35,great product!
A3T767O02CHFN1,B00001W0DI,4.0,2003-01,2,2,1.0,131,Excellent blend of quality and price
A3HKEH7RU4OS0,B00001W0DI,5.0,2011-07,0,0,,219,"Not perfect, but damn near it."
A17YNSMOWM7U3I,B00001W0DI,4.0,2004-02,5,6,0.8333,148,Incredible Sound
A75XLNYQN0QRW,B00001W0DI,5.0,2007-07,2,2,1.0,96,MDRV600 Monitors
A3SOURAY5OD6Z5,B00001W0DI,1.0,2004-03,29,38,0.7632,201,Get the Sony MDR-V6 headphones if you want accurate sounds
A2DAX9YH4EVXB0,B00001W0DI,5.0,2013-01,1,1,1.0,274,13 years of great quality sound from this headphone
A1V8ZZOQ50N74V,B00001W0DI,5.0,2007-05,3,3,1.0,14,comfortable and great sound
A3F5B6FVK7KOJ7,B00001W0DI,5.0,2013-09,1,1,1.0,103,Black Dandruff
A2MTU2IXXZ35ZF,B00001W0DI,3.0,2005-05,249,273,0.9121,275,Sony MDR-V600 does not equal MDR-V6
A314ZLRAHHWEPZ,B00001W0DI,2.0,2009-08,2,3,0.6667,93,Poor quality
A3JTMBFD3MOZFQ,B00001W0DI,5.0,2011-11,0,0,,139,My second pair
A3IPDGNMA9GXJ6,B00001W0DI,3.0,2009-10,5,6,0.8333,167,"Good comfort, sound -- falls apart later"
A30WDIW9B3XQY1,B00001W0DI,5.0,2011-10,0,1,0.0,36,Very nice
A3775OP5VTX5ON,B00001W0DI,5.0,2011-10,1,1,1.0,103,Impressive for amplifier on guitar
A1QWYAWB1DRSQF,B00001W0DI,5.0,2009-05,4,4,1.0,243,Solid value in headphones
AQSNJ8HQ3WHMS,B00001W0DI,5.0,2003-11,117,122,0.959,135,Comfortable for hours
A2QAOP52OEB5EV,B00001W0DI,2.0,2010-04,1,5,0.2,207,Sony Sucks
A1HH11STE53V5,B00001W0DI,5.0,2006-08,9,10,0.9,121,Great balance of features
AS0NBFJ2W5NSW,B00001W0DI,5.0,2013-04,0,0,,215,Superb Audio Quality
A1KD8NJPZ01R37,B00001W0DI,4.0,2002-01,5,6,0.8333,54,"great for the airplane, but a little tinny sounding"
AT2BYFEVLVITT,B00001W0DI,5.0,2000-05,11,12,0.9167,77,Great for just about everything
A1FNBZLJI88MQJ,B00001W0DI,5.0,2012-12,0,0,,312,Excellent $70 headphones!
A7Y6AVS576M03,B00001W0DI,5.0,2002-06,5,6,0.8333,79,Exceptional Headphones
A2ZJPDH0YP90SD,B00001W0DI,5.0,2007-08,11,12,0.9167,136,Holosync user
A1QE936PWGY7BE,B00001W0DI,4.0,2009-07,1,1,1.0,42,Yummy Cans
A1B6O7SAIYG2N0,B00001W0DI,5.0,2013-08,0,0,,64,Crisp clear sound and comfortable
A19TH613LUQJ4X,B00001W0DI,5.0,2006-09,2,3,0.6667,43,"Comfortable, excellent sound quality, long-lasting"
A1X8WKS6S294JE,B00001W0DI,5.0,2012-12,0,0,,73,I use these things for Holosync meditation CDs and they work wonders!
A1MJ35T7A49TCC,B00001W0DI,5.0,2012-11,0,0,,186,Great Head Phone bar none
AVE2J7PNE0L9C,B00001W0DI,3.0,2005-06,0,1,0.0,347,Decent sound but the new cord is too thin.
A1BMA0RHTVO7X5,B00001W0DI,4.0,2011-02,1,1,1.0,55,Had to return these
A3M1BNMWE8A633,B00001W0DI,4.0,2002-09,3,9,0.3333,403,"Great headphones, but not the most accurate or well built."
A1CXY93H6HE4EH,B00001W0DI,5.0,2009-12,1,1,1.0,58,Nice! But LOUD!
A3KRRB6SG6P63T,B00001W0DI,5.0,2011-06,0,0,,216,Great headphones for the avg or maybe above avg listener
A1WKVJZ5V4L08N,B00001W0DI,5.0,2003-03,273,294,0.9286,234,Directly comparable to Sony 7506
AMHE73T0KPO2H,B00001W0DI,4.0,2008-04,5,6,0.8333,147,Best headhones I've ever had 5 stars(not4)
A1KDUQ2HU0WD68,B00001W0DI,5.0,2009-09,1,1,1.0,102,Great headphones that last for years!
A14VXKTBKGZ9SD,B00001W0DI,5.0,2005-02,4,4,1.0,215,Worth every penny!
A1E6U796EWSWXL,B00001W0DI,5.0,2014-01,0,1,0.0,22,Sony headphones are still very good.
AT6EUQERXGR8Z,B00001W0DI,5.0,2011-08,0,1,0.0,123,The MDR-V6 vs MDR-V600 debate confuses me
ALBRW4Q4GOTJ2,B00001W0DI,3.0,2007-02,4,7,0.5714,374,Great Entry Level Fir the Money / But
A1TG615MWIBJT2,B00001W0DI,5.0,2005-05,5,6,0.8333,54,Best I've ever had
A1644SQ9ZZX25B,B00001W0DI,4.0,2013-11,0,0,,88,Good but will die on you unexpectedly.
A369AXZV1Q2LDC,B00001W0DI,1.0,2008-10,2,4,0.5,71,plug went bad
A3KDRLIBWILPMJ,B00001W0DI,5.0,2009-02,6,6,1.0,182,Buy Them
A1PMOO5BRBUCJP,B00001W0DI,1.0,2014-01,1,4,0.25,42,Don't buy!!!
A2K51F7XMZ3YY3,B00001W0DI,5.0,2007-03,4,4,1.0,140,Well worth the price
AQGDI4H921BOU,B00001W0DI,4.0,2012-05,0,0,,137,Built to last
ADMWYMH11LD27,B00001W0DI,5.0,2005-03,5,5,1.0,183,A review from a non-audiophile...
A1L4X5WXISICFR,B00001W0DI,3.0,2005-12,23,29,0.7931,200,WHOA! Definitely NOT close to the MDR-7506 or MDR-V6!!
A1DUC23R0YP9F7,B00001W0DI,4.0,2007-09,3,3,1.0,42,DON'T TOSS YOUR OLD ONES
A6FIAB28IS79,B00001W0DI,5.0,2004-05,18,20,0.9,251,Useful Reference Work
A35PIJ9XIK1QDG,B00001W0DI,5.0,2007-05,2,2,1.0,91,This is great for it's price
A2MTXUIGK2736T,B00001W0DI,5.0,2013-04,0,0,,25,Amazing
A1CIFFHXSYF5KT,B00001W0DI,5.0,2005-04,4,5,0.8,123,Sturdy Headphone with Great Sound
A2RYWJMMS08S29,B00001W0DI,5.0,2010-10,0,0,,63,Awesome headphones
A16F3IAR2659FN,B00001W0DI,5.0,2009-06,4,4,1.0,181,"Excellent, durable headphones"
A2ECC8ZVI96BNV,B00001W0DI,5.0,2008-02,2,3,0.6667,52,Best headphones I ever owned
A1TYWW54WOSKCF,B00001W0DI,5.0,2008-09,1,1,1.0,179,Great enhanced listening
A33SG2UA24DJ9P,B00001W0DI,2.0,2006-06,8,10,0.8,192,"Boomy and comfortable to wear, but detail is quite subpar"
A3T9GMK9ZYEAJ4,B00001W0DI,4.0,2008-01,1,1,1.0,182,Very nice quality headphones
A3G5OZD8J9L7NW,B00001W0DI,5.0,2006-03,2,6,0.3333,250,Not really private listening.
A3KJ12S3O5ESRW,B00001W0DI,5.0,2012-12,0,0,,57,Sony MDR-V600
A1CLS326NEN86Y,B00001W0DI,5.0,2004-09,19,19,1.0,130,The Best
AR6VJYNAOOY0X,B00001W0EQ,3.0,2014-07,0,0,,25,OK for the price and I like the design and fit so I keep buying them
A3RP68J125MBQW,B00001W0EQ,5.0,2013-03,0,0,,75,I used one of these for years and am so happy to get another one
A2RKKWRIGGMOWU,B00001W0EQ,3.0,2014-03,0,0,,27,"Good replacement, not much else."
A30EV1UN18OKR6,B00001W0EQ,4.0,2011-08,0,1,0.0,46,Plantronics Headset Review
A3OJGB9EJQSXXF,B00001W0EQ,3.0,2008-05,0,0,,44,Broke before 6 months
AERMWZDGNY8KC,B00001W0EQ,4.0,2007-11,5,6,0.8333,86,"Good quality, reliable headset with easy mute switch"
A3TTASCT75RNSF,B00001W0EQ,4.0,2011-01,0,0,,101,"Great, when it works"
A12UB0W1MAK18U,B00001W0EQ,1.0,2012-03,0,0,,125,Buyers Beware - It's 3.5 mm Jack (not 2.5 mm)
A2RZGU7NDOEN8S,B00001W0EQ,4.0,2006-12,1,1,1.0,156,Great.....if it holds up
AOUZ3K5E68IRZ,B00001W0EQ,5.0,2002-06,2,2,1.0,77,"Great Headset, Great Price"
A2NCSPA53VB4OK,B00001W0EQ,4.0,2007-05,1,1,1.0,54,"Best sound quality, mediocre quality control"
A2SJVK0G3KLIB1,B00001W0EQ,5.0,2014-04,0,0,,139,Quite good for such a reasonable price
A201DLHZ2NJ3CD,B00001W0EQ,4.0,2007-10,0,0,,20,cordless phone headset
A2N09FAU09DKYD,B00001W0EQ,3.0,2012-01,2,2,1.0,37,Will NOT work with iPhone 4
A2NB8QWHLQ60UU,B00001W0EQ,4.0,2013-06,0,0,,88,Nice headset.
A33JJRB8ZAU2LF,B00001W0EQ,5.0,2014-03,0,0,,72,Best Deal
A3J4B4J72FTKC8,B00001W0EQ,5.0,2014-06,0,0,,66,Great for phone workers
A280Z5W5NYT9B9,B00001W0EQ,4.0,2008-08,0,0,,56,works real well
A3OCVR5HUT1QAO,B00001W0EQ,2.0,2013-06,0,0,,58,Questionable Quality
A3HSPIBCQA2ASN,B00001W0EQ,5.0,2010-09,0,0,,222,Look Ma! No Hands!
A22870XFVVBHIJ,B00001W0EQ,5.0,2012-01,0,0,,53,My Favorite Headset
A2OTFNASZFDVFT,B00001W0EQ,5.0,2005-02,7,7,1.0,58,Excellent for home/office use
A21EHWHI9XQY10,B00001W0EQ,5.0,2014-01,0,0,,50,"Nice to talk ""hands free"" on the phone"
A1XJCT8CHG2G2J,B00001W0EQ,4.0,2009-05,1,1,1.0,121,Cell phone headset does the job
A3FUXDNOST7H2Q,B00001W0EQ,1.0,2012-04,0,0,,54,OK...but go with cheaper for same quality...
A3IBOQ8R44YG9L,B00001W0EQ,5.0,2000-04,33,37,0.8919,83,This is it.
A2BEI9QC4XQFYD,B00001W0EQ,5.0,2009-11,0,0,,37,Works well
A30ISDN6ZV58L4,B00001W0EQ,2.0,2012-06,1,1,1.0,37,Comfortable and clear but easily broken
A3AFPQWM1RGSDE,B00001W0EQ,5.0,2005-07,1,1,1.0,105,This is what I was looking for!
A2DCBGK8J5E6PC,B00001W0EQ,4.0,2014-03,0,0,,21,It works
A1TOB2PO3B0MLC,B00001W0EQ,5.0,2013-12,0,0,,65,Excellent!
A3I996CW1YFR3D,B00001W0EQ,5.0,2013-04,0,0,,69,makes my life so much more enjoyable when I went to hands free
A1THF19PO0LXRD,B00001W0EQ,5.0,2001-01,3,6,0.5,100,Excellent Product
A6IT5UZHEBA02,B00001W0EQ,5.0,2012-12,1,1,1.0,69,The only headset I use
A30NZYWSJ5WT7I,B00001W0EQ,5.0,2002-10,3,3,1.0,76,Works great for me
A69YFKRRIOG19,B00001W0EQ,5.0,2009-02,0,0,,110,Great headset; use for work from home.
A1AU09HM08FADZ,B00001W0EQ,1.0,2014-03,0,0,,40,Didnt work.
A301ZMQ2FPX1AG,B00001W0EQ,5.0,2013-12,0,0,,76,Great wired headset
A2I4J1INDYAIZL,B00001W0EQ,3.0,2014-02,0,0,,32,works well but the connector eventually wears out
AYEDD0H73HY09,B00001W0EQ,4.0,2007-07,5,5,1.0,119,Good for the money
A3AUWB5YGG0W20,B00001W0EQ,5.0,2007-07,4,4,1.0,110,Very good headset!
A1365J9VYWUHXB,B00001W0EQ,4.0,2010-05,1,1,1.0,51,Nice monural single ear headset for cell phone
ASHQ1JCA241D6,B00001W0EQ,4.0,2005-03,7,7,1.0,42,Very happy with this headset
A2W3CVBKM239H5,B00001W0EQ,5.0,2010-03,0,0,,120,Great headset!
A1F8F5LZ9GCHSB,B00001W0EQ,5.0,2013-01,1,1,1.0,109,Plantronics Quality and Comfort
A39RHVY97AQINP,B00001W0EQ,5.0,2009-10,0,0,,38,Comfortable and clear
A2ND1OJCS96L69,B00001W0EQ,5.0,2012-10,1,2,0.5,20,Perfect for home office
A2ZTI6CV56ESV3,B00001W0EQ,4.0,2008-07,0,0,,36,Good headset
A1X9MCVB19GEPM,B00001W0EQ,4.0,2011-02,1,1,1.0,158,Great for Suitable Cordless Phones
A3AZUX1EW379D0,B00001W0EQ,3.0,2012-03,0,0,,88,Expected more for the price
A1HOV5ICDDKI03,B00001W0EQ,5.0,2007-03,5,5,1.0,51,Great Product!
A2N1DWN3DCXNAI,B00001W0EQ,1.0,2013-03,0,0,,68,Poor quality - stops working
A1FWP4ZSTC8W5O,B00001W0EQ,5.0,2014-03,0,0,,24,This Headset Exceeds my Expectations
A3H6NNGCINPLEC,B00001W0EQ,4.0,2006-03,1,1,1.0,17,"Durability, but Low sound quality"
A3SFYMAGMJYXHC,B00001W0EQ,4.0,2008-06,0,0,,31,Does what it should
AI615OWXFM0H,B00001W0EQ,3.0,2011-07,0,1,0.0,221,Plantronics Mobile Convertible Headset M 175C
A29LNXUJP5ANAL,B00001W0EQ,5.0,2004-01,7,8,0.875,157,Excellent headset
A1OPKNO7IXWV27,B00001W0EQ,4.0,2010-03,1,1,1.0,183,Headset for multiple uses
A1T8QZFPHG0S0W,B00001W0EQ,5.0,2013-12,0,0,,20,Good reliable sound accessory.
A2K64Z8VT8T43Z,B00001W0EQ,1.0,2014-04,0,0,,109,Don't bother
A4AM8XJSK710E,B00001W0EQ,2.0,2009-12,3,3,1.0,49,Get an M214C instead if you want to wear it over the head...better and half the price
A16RZ80WPLJVC5,B00001W0EQ,5.0,2007-09,2,2,1.0,30,good headset
A1BHU6FHSC0BJF,B00001W0EQ,2.0,2012-04,1,1,1.0,91,"static, poor sound quality"
A23RCAS3DH5555,B00001W0EQ,5.0,2008-07,0,0,,61,Excellent Headset.....Excellent Price
A25ZRQBJFOIQNA,B00001W0EQ,2.0,2014-05,0,0,,721,"Not The Worst Headset I've Ever Owned, But The Worst Plantronics Product I've Ever Owned!"
A2FS1U06RM7LCG,B00001W0EQ,4.0,2013-06,0,0,,62,Repacement Headset
A27YPCR3ZXWVFE,B00001W0EQ,5.0,2010-01,1,1,1.0,32,Headset for those who want options or variety
AFA29LL0COYO6,B00001W0EQ,5.0,2013-09,0,0,,82,"Great headphones, very satisfied."
A15ZWZKUIPUUVH,B00001W0EQ,5.0,2014-06,0,0,,27,One of the few headsets that work with my cordless phone
A2GLM2NA1SLN43,B00001W0EQ,4.0,2005-12,3,3,1.0,45,Perfectly good headset
A1SJN10JTU3BON,B00001W0H1,4.0,2011-11,0,0,,49,"What can you say, Floppy in this day and age, labels suck."
A239ON6G2S2E9E,B00001W0H1,5.0,2013-07,0,0,,94,"""A Vanishing Breed"""
A1LTG32UR3XK3P,B00001W0H1,4.0,2011-12,0,0,,25,Good price
A32M7HKY7SQ602,B00001W0H1,4.0,2011-09,0,0,,80,Investment-grade floppies
AC3R6XWQYOYFM,B00001W0H1,5.0,2012-02,0,0,,30,Good product.
A3S3XESYDHV39U,B00001WRSJ,5.0,2014-07,0,0,,61,I shouldn't have bought other more expensive headphones...
A304TZYJIWBA0C,B00001WRSJ,5.0,2012-10,2,2,1.0,270,Quality!!!
A2TUXUOKJHAYCI,B00001WRSJ,5.0,2013-05,0,0,,100,Great!
A3MDLLMB405XS3,B00001WRSJ,5.0,2011-11,1,1,1.0,182,It picks up things i've never heard before!! Not perfect but awesome
A3PBQYLXZ77BGK,B00001WRSJ,2.0,2013-04,1,4,0.25,90,Poorly designed ear pads
A3BC51PZJ8L67R,B00001WRSJ,3.0,2005-10,10,25,0.4,77,"Disappointingly flat, sterile, lifeless :("
AVUE941QR0MI2,B00001WRSJ,5.0,2013-11,2,2,1.0,115,Best headphones I have ever owned (at this price range)
A38IFPLTEGTWM6,B00001WRSJ,5.0,2012-12,0,0,,92,love them
ACNAJKU6NPDW,B00001WRSJ,3.0,2014-06,2,3,0.6667,129,Mid-range lacking; not comfortable for long time wearing.
A3F3XQGPOVXJET,B00001WRSJ,5.0,2010-10,1,2,0.5,209,Former Koss-Lover
AJ8FMV8SGKUIJ,B00001WRSJ,5.0,2013-05,1,1,1.0,155,Amazing sound quality
A3O4CQSM06AP8Q,B00001WRSJ,5.0,2014-02,1,1,1.0,94,"The sound is great, and others can't hear anything"
A2K3VNO28J98KR,B00001WRSJ,5.0,2010-02,0,0,,279,"Better than a textbook, for sure!"
A1AGGVT4VE56D,B00001WRSJ,5.0,2011-08,0,0,,307,These phones are AWESOME
A45OOPYV3TJSY,B00001WRSJ,5.0,2012-12,0,0,,37,it's easy to organize headset.
A1VXQW4UQTLDQM,B00001WRSJ,5.0,2010-11,0,0,,152,"Outstanding, very high quality sound"
AHH79S8XM1OW6,B00001WRSJ,2.0,2013-09,0,2,0.0,25,line cord too weak
A3RGHO0Q938FRS,B00001WRSJ,5.0,2008-08,1,1,1.0,117,Nice headphones
A37IXQTOMZDPNA,B00001WRSJ,5.0,2014-02,1,1,1.0,27,Best. Headphones. Ever.
A9BVHFGX28SNZ,B00001WRSJ,5.0,2008-02,1,1,1.0,164,One of the best things I have.
A2F0Z8Y0QN29UF,B00001WRSJ,2.0,2013-01,2,5,0.4,142,Static problems at plug
A362UVNTN7KI68,B00001WRSJ,4.0,2014-04,5,5,1.0,519,New 2014 version v. Old 1980s version
A23P9INV8GRN48,B00001WRSJ,5.0,2006-10,8,8,1.0,283,Well worth the price
ASLITWH5GJ1T5,B00001WRSJ,5.0,2012-12,0,0,,33,great
A9DC2VSSE1HT0,B00001WRSJ,5.0,2010-03,0,0,,39,rayray
AZ0SIZRQWN7RC,B00001WRSJ,5.0,2005-03,16,17,0.9412,218,A classic that's easy to find
A2XBKTBMLQRQAM,B00001WRSJ,2.0,2009-05,4,19,0.2105,457,"Bulky, uncomfortable, and very bright"
A1423HNZ15ZCQZ,B00001WRSJ,5.0,2014-07,0,0,,303,"These are great headphones, and in general great electronic equipment"
A1HW4M029I31C8,B00001WRSJ,5.0,2006-08,14,14,1.0,237,Still the best buy. Worth ten stars.
AV4RSVB9BP8PS,B00001WRSJ,5.0,2012-12,0,0,,20,sound quality
ALLFPK4VJC48D,B00001WRSJ,4.0,2013-04,0,0,,57,Nice headphones
A3I8KWK1VNN92T,B00001WRSJ,5.0,2013-03,0,0,,79,GREAT SOUND FOR THE BUCK!!!
A1LEMDY6BDO34U,B00001WRSJ,5.0,2009-12,0,0,,91,Excellent!
AFM65NU0UXIGP,B00001WRSJ,5.0,2013-04,0,0,,20,"Stellar, especially at the price"
A1DL9IH75MWT8R,B00001WRSJ,1.0,2010-09,15,51,0.2941,91,"Great product, to many knockoff's"
A12D2E7JYO5IPG,B00001WRSJ,5.0,2012-11,0,0,,303,"not so bad, just the best i ever had"
A13F9YN2DTH4D4,B00001WRSJ,5.0,2009-03,1,1,1.0,53,Crisp and honest.
ADXSJ9MBHM236,B00001WRSJ,5.0,2007-01,9,10,0.9,561,"very good sound and noise blocking, not the best for eyeglasses"
A1KYUOPBGQCLUF,B00001WRSJ,5.0,2011-01,2,2,1.0,27,Nice cans...
A3NTH97MXHCPA9,B00001WRSJ,3.0,2014-03,0,3,0.0,112,highly overrated
A1AHII2R0R6FAE,B00001WRSJ,5.0,2014-06,1,1,1.0,100,I have owned one or more pairs of these since the late 1980s
A4GI4654JA8NK,B00001WRSJ,5.0,2009-07,4,4,1.0,148,Easiest 5 star review I have given
A4XD7L6C76HQM,B00001WRSJ,5.0,2013-01,0,0,,48,Good for money
A1UF3N52K5CWC2,B00001WRSJ,5.0,2013-03,0,0,,209,My Own Little World of Sound
A3JEGRJ8KPXCHC,B00001WRSJ,5.0,2013-01,0,0,,19,LIKE NO OTHER FOR THE PRICE
A33BIGD5TBUL2I,B00001WRSJ,5.0,2013-03,0,0,,35,Nice comfortable
A3KJQ5BA7AVOCN,B00001WRSJ,5.0,2013-04,1,1,1.0,288,These are the headphones that you need
AQCC8OF22KZXE,B00001WRSJ,5.0,2013-03,0,1,0.0,23,Great Sound.
APODYH18FHXC6,B00001WRSJ,5.0,2013-08,1,1,1.0,51,Amazing
A99D8N0YVVDOC,B00001WRSJ,5.0,2013-03,0,0,,34,Great Headphones
AL1PNYDIILV4D,B00001WRSJ,5.0,2012-05,0,0,,25,Superb Sound
A2YBKKLYAMSJMU,B00001WRSJ,5.0,2014-02,1,1,1.0,127,#1 In My Book!
A4GGT6O0GQNV2,B00001WRSJ,5.0,2014-02,1,1,1.0,94,"They Certainly Pass the ""I never heard that before"" Test!"
A2NV4YCNVT7W98,B00001WRSJ,5.0,2011-07,0,0,,78,Seems good on every aspect
A1LHMSY3Q46PJS,B00001WRSJ,5.0,2012-06,0,0,,358,Finally a headset that produces clear balanced sound well under $100.00
AFZGETEF0V6ZO,B00001WRSJ,5.0,2009-11,3,3,1.0,80,V6 vs the Porfessional 7506
A2ZWT8VQXLOFLL,B00001WRSJ,4.0,2012-10,0,0,,190,"Fantastic sound, these are the industry standard for a reason."
A36MHSUQIH1XJE,B00001WRSJ,5.0,2011-10,0,0,,345,Hear things you've never heard before
A3DIEJHDPL4PUC,B00001WRSJ,5.0,2013-05,3,3,1.0,374,VERY good headphones. Great value for studios.
A3N0SXVR07R57K,B00001WRSJ,4.0,2012-12,5,5,1.0,219,Not a knock-off
A2O9JVPA8VZFXE,B00001WRSJ,5.0,2013-01,0,0,,390,Most comfortable headphones I have ever put on.
ALHTPU8UYAFLX,B00001WRSJ,5.0,2012-11,1,1,1.0,114,SOLID
A1NAP0D9XV7KA5,B00001WRSJ,5.0,2013-01,0,0,,42,awesome
A34C8TEM5H2JG9,B00001WRSJ,5.0,2008-02,1,1,1.0,77,Five Star Headphones
ACBNNQP87PKEY,B00001WRSJ,5.0,2007-01,2,3,0.6667,36,Best Headphones I've ever owned
A3IDY8FCU6GYEW,B00001WRSJ,5.0,2014-06,3,3,1.0,280,Best bang for my buck
ANZHPMJLXBU9T,B00001WRSJ,5.0,2014-05,0,0,,36,nothing but the music
A3SUZA0C8QV8AW,B00001WRSJ,5.0,2011-07,0,0,,169,Probably one of the best purchases I've ever made
A1RH3DQBG3GQW1,B00001WRSJ,4.0,2012-12,0,0,,72,I would recommend these headphones..
A1U8KP7V6DFXN8,B00001WRSJ,5.0,2013-02,1,1,1.0,50,I have trouble buying anything else.
A2WTZZ1O3XXY5,B00001WRSJ,5.0,2012-12,0,0,,85,Good choice.
A3E5KFCYN26O2B,B00001WRSJ,5.0,2005-08,3,4,0.75,40,Excellent.
A1SELTWFSOHSJV,B00001WRSJ,5.0,2013-01,0,0,,25,terrific value
A24F1UX8ZT5IXY,B00001WRSJ,3.0,2008-12,3,5,0.6,161,Major issues with the cord.
A3S0HHSFCDJE1P,B00001WRSJ,5.0,2013-11,2,2,1.0,58,Definitely get what you pay for... And then some!
AOO41PZSDC7J1,B00001WRSJ,5.0,2013-03,0,0,,33,Sound quality is great!
A5MTZTDSIBX09,B00001WRSJ,5.0,2014-02,1,1,1.0,51,Best Overall Studio Headphone Value
AOKS36MOH1LDK,B00001WRSJ,5.0,2012-06,1,2,0.5,139,"Great Great Headphone for Home/Studio use, Not for commuting"
A57TH5BVZMB2L,B00001WRSJ,4.0,2013-11,1,1,1.0,53,Happy with mine
A18EA7MNLXP9H5,B00001WRSJ,5.0,2012-12,0,0,,140,They sound great and produce accurate sounds
A3E4N4UWZN8KK6,B00001WRSJ,4.0,2011-10,0,0,,191,THEY ARE A GOOD HEADPHONE
A1P7BH2FLQ4O8R,B00001WRSJ,5.0,2012-02,1,1,1.0,99,"Rich, warm, full headphones"
A3JQQ2TWTKFVNH,B00001WRSJ,5.0,2012-11,2,2,1.0,98,Simply Amazing!
AUNJAQP3VECI5,B00001WRSJ,4.0,2013-06,1,1,1.0,585,Some really nice headphones for a reasonable price.
A1U5IJHJK84S54,B00001WRSJ,5.0,2014-02,1,1,1.0,153,The Professional Choice
A2ZAJGOIF88NLJ,B00001WRSJ,4.0,2007-08,3,3,1.0,118,"Great Sound, Comfortable, but Beware Eyeglasses Wearers!"
AS4V31G3T0L3Z,B00001WRSJ,5.0,2013-07,1,1,1.0,110,"Great quality sound, good fit"
A3UA8KRGIV9IXT,B00001WRSJ,5.0,2013-09,1,1,1.0,103,Great sound!  Pretty good comfort.
A1IF0EV2GXK873,B00001WRSJ,5.0,2014-06,1,1,1.0,44,Studio Quality
A1FP5PIA2TSJQE,B00001WRSJ,5.0,2007-10,1,1,1.0,202,Awesome! The Best Closed Headphone Value.
A3237FOR4LVBZO,B00001WRSJ,5.0,2011-11,1,1,1.0,219,A Classic
A10YZUINKZHDJW,B00001WRSJ,5.0,2009-11,0,0,,127,Wonderful!
A33XZNU0PFPX3Y,B00001WRSJ,5.0,2008-12,0,1,0.0,16,GREAT headphones
A2PS6H6NHW0ZVK,B00001WRSJ,5.0,2012-06,1,1,1.0,219,Excellent 'phones
A3STK5WDK5UB58,B00001WRSJ,4.0,2014-01,1,1,1.0,115,Really nice sound
A24XQKM79FYFV0,B00001WRSJ,3.0,2013-06,0,0,,78,Nice Headphones but Lacking in Deep Bass
A1HH11STE53V5,B00001WRSJ,3.0,2006-08,14,30,0.4667,188,Disappointed...
A1VEOIQ85IRL66,B00001WRSJ,5.0,2010-08,1,1,1.0,38,best headphones ever
A5T08I564I0D5,B00001WRSJ,5.0,2009-09,4,4,1.0,504,Quite Simply the Best Headphones for the Price
A2VTHY6NTE15G3,B00001WRSJ,5.0,2010-12,2,2,1.0,175,"Amazing, By far the Best Headphones I've ever used"
A3H09VQI43K2PJ,B00001WRSJ,5.0,2010-02,0,0,,13,Tuned to Perfection
A7OAAZPLNSMXJ,B00001WRSJ,5.0,2014-04,1,1,1.0,40,Sony V6
A1KT8QQ74E3SVQ,B00001WRSJ,5.0,2009-08,2,2,1.0,128,These beat the Bose around-ear headphones by FAR!!!
A2OOVMY4NX4CIP,B00001WRSJ,4.0,2013-12,1,1,1.0,49,Good Neutral Sound; fits bigger head
AO074X4WTO84B,B00001WRSJ,4.0,2012-12,1,1,1.0,303,"They're good, not spectacular"
AC1O96M7OXGTT,B00001WRSJ,4.0,2013-01,0,2,0.0,110,"Very good headphones, but not perfect"
A2LFDHTL18INZQ,B00001WRSJ,1.0,2013-04,1,5,0.2,78,Now it's got a buzz in one ear!!!
A20J3G8AWR8F28,B00001WRSJ,5.0,2013-01,0,0,,20,best in the price range
A1F5865RG4YKHV,B00001WRSJ,5.0,2014-03,1,1,1.0,42,great head phones
A37U6OGB6BRJPQ,B00001WRSJ,5.0,2008-05,1,1,1.0,65,Can't go wrong with these headphones
A1R60PGGS6TEQC,B00001WRSJ,5.0,2012-08,2,2,1.0,108,Replaces my classic Sony MDR-CD6
A3JH39FG7PPGAD,B00001WRSJ,5.0,2012-10,3,4,0.75,138,"Sound, price, comfort. A+++"
A1B4MIXYVIKMU2,B00001WRSJ,5.0,2007-10,1,1,1.0,197,One word... Superb!
A1Q6GJE1V2FZ02,B00001WRSJ,5.0,2012-11,0,0,,112,Head this headphone was a classic !!
A2LAY11C7LCM2W,B00001WRSJ,4.0,2006-11,139,143,0.972,519,Great headphones
A2BMZRO0H7TFCS,B00001WRSJ,3.0,2010-01,11,13,0.8462,431,"Harsh For My Ears, Maybe Not For Others"
A1PB739AHGIX1N,B00001WRSJ,3.0,2013-02,0,0,,34,hard to wear
A2YIHGB6WSRI85,B00001WRSJ,5.0,2011-10,1,1,1.0,87,Excellent headphones with real studio headphone sound
A193QPX2Z8K4HR,B00001WRSJ,3.0,2011-04,1,3,0.3333,535,Avid Listener= Journeyman Audiophile
A3SJ70S9RAGUIA,B00001WRSJ,5.0,2009-12,0,0,,90,Well worth the money
A3EOT20YH2QDX4,B00001WRSJ,5.0,2012-12,2,2,1.0,120,good value used for ipod
AKH6N84CBOBJ6,B00001WRSJ,3.0,2009-09,15,19,0.7895,147,Not for enjoyment listening
A1OJ07VIDHI8BL,B00001WRSJ,5.0,2013-02,1,1,1.0,87,"The best value in flat, natural sounding cans"
AR4KYWHKCDTUG,B00001WRSJ,5.0,2009-12,1,1,1.0,107,Great Cans!
AILIBVWMDLSR3,B00001WRSJ,5.0,2008-09,1,1,1.0,47,mdr-v6 are the last headphones you'll ever need
A4JF3BCJO0VGI,B00001WRSJ,5.0,2012-04,0,0,,226,Exceeds Expectations
A1WVSXVCCRRHZN,B00001WRSJ,4.0,2013-06,1,3,0.3333,236,Lets talk headphones you decide after reading!
AWZ47W0194UVT,B00001WRSJ,5.0,2013-09,1,1,1.0,23,"simple, nice and it just works"
A3N44QVNT0YP1L,B00001WRSJ,5.0,2013-02,0,0,,96,Amazing headphones
A272Y6VXIMOKSF,B00001WRSJ,4.0,2013-05,0,0,,163,Excellent sound but so-so construction
A2EZTM9WY5B5IL,B00001WRSJ,4.0,2008-06,4,4,1.0,36,Very nice
A9KOC3PXLXYSB,B00001WRSJ,5.0,2012-05,0,0,,304,Allows me to enjoy music again
A2L9EICT9AZ9AN,B00001WRSJ,4.0,2013-08,3,3,1.0,382,Great headphones
A1UJB03PXSGQON,B00001WRSJ,5.0,2007-03,6,6,1.0,174,My standard
A1KDLNTVTMT0RA,B00001WRSJ,5.0,2012-12,0,6,0.0,29,Sounds great
AUIZCHYZLLQCX,B00001WRSJ,5.0,2014-04,1,1,1.0,126,"Wow, Just Wow - Better than Headphones at Almost Twice the Price"
AV8XORAUWHHZJ,B00001WRSJ,5.0,2007-05,0,0,,61,These Sony MDR-V6 are Awesome
A3EZY90TIZ2MMA,B00001WRSJ,5.0,2011-09,1,3,0.3333,178,One of the best things I've ever own
A2FVNLWPFKGIEK,B00001WRSJ,5.0,2013-01,0,0,,116,Awesome!
A2ME1L7ZCJFQOH,B00001WRSJ,5.0,2009-03,1,1,1.0,73,Most likely the best headphones at its price and more
AOQ1XQTHD9ZNR,B00001WRSJ,5.0,2013-05,0,0,,112,Great Headphones!
A35IODHDPM2SLS,B00001WRSJ,5.0,2012-12,0,0,,25,High quality
A2O254M30LOZCV,B00001WRSJ,5.0,2013-12,1,1,1.0,43,Great headphoe
A31FYGE53VGBH7,B00001WRSJ,5.0,2012-02,0,0,,35,"Excellent, I recommend it."
A1AN7HLQB27TWK,B00001WRSJ,5.0,2013-12,1,1,1.0,97,Comfortable and clear.
A1HTJX4WSGZI2I,B00001WRSJ,4.0,2013-10,2,2,1.0,133,"Quite good sound, but not as comfortable as I would like."
AI0V99FGBKWLB,B00001WRSJ,4.0,2012-12,0,0,,53,Perfect budget headphones
A2ZU4ZTPJ8PURX,B00001WRSJ,5.0,2012-09,0,0,,61,sony mdr-v6
A2EARYEYVMMNZZ,B00001WRSJ,5.0,2013-05,0,1,0.0,85,best sound by far
A28V3C26BYK04D,B00001WRSJ,5.0,2012-12,0,0,,116,The best headphones I've ever owned or heard!
A1BRX51FAKAAVH,B00001WRSJ,5.0,2007-12,3,3,1.0,119,Better choice for iPods than Sennheiser HD280
A19QYI46CNL5JL,B00001WRSJ,5.0,2011-09,1,1,1.0,135,Wonderful Headphones
A1U99PCPE9US61,B00001WRSJ,2.0,2013-05,1,14,0.0714,125,Don't believe the hype
A13ZFIPTZ0IVGF,B00001WRSJ,4.0,2013-01,0,0,,70,Good sound quality
A36LDA9339NE8Q,B00001WRSJ,5.0,2011-11,1,2,0.5,130,Still fantastic after all these years...and great for iPods!
ACHQT7HI9PFPG,B00001WRSJ,5.0,2014-04,1,2,0.5,75,Phenomenal Sound
A21OEH01WLWRF2,B00001WRSJ,5.0,2011-12,2,2,1.0,234,"Amazing Value, Excellent sound, a Classic."
A3OSUAAXSUNPLM,B00001WRSJ,5.0,2012-06,1,1,1.0,160,Excellent Headphones - Enjoying since 2000
AN7AELA3YHNZK,B00001WRSJ,5.0,2014-03,1,1,1.0,43,Great Value for the Money
AV7371VDFACZO,B00001WRSJ,4.0,2007-12,6,7,0.8571,228,Quality headphones.
A2TA5TMGUTPVQ2,B00001WRSJ,5.0,2014-05,1,2,0.5,101,SAME AS MDR 7506
A3L20U76EG3KP4,B00001WRSJ,5.0,2012-12,2,2,1.0,174,"make your ears happy, happy,happy!"
A38L5I9MY8A959,B00001WRSJ,5.0,2011-08,1,1,1.0,20,Very good sound quality and reasonably priced.
A3HE9I4GQ4OXYE,B00001WRSJ,5.0,2008-05,1,1,1.0,258,Phenomenal!
A38RLBIN8LASPE,B00001WRSJ,5.0,2009-03,2,2,1.0,260,Twins !
A10CT6NX3DLQ8B,B00001WRSJ,5.0,2013-06,0,0,,55,Good for the price
A2FYZRR780Y3PN,B00001WRSJ,5.0,2013-01,0,0,,31,Nice cans.
AS9WUVBL06T87,B00001WRSJ,5.0,2006-07,4,4,1.0,120,Best headphones I've ever heard
A33J5VPBSW64XC,B00001WRSJ,5.0,2007-05,0,0,,110,awesome headphones for the price
A3UW9V8KONIRBE,B00001WRSJ,5.0,2012-06,1,1,1.0,114,Very nice!
A2A1RBR2MG7LHY,B00001WRSJ,5.0,2011-10,1,1,1.0,43,You won't find a better headphone at this price point
A1C4J9CUHT3UXE,B00001WRSJ,5.0,2005-07,19,20,0.95,116,Best sound I've ever heard
AT3JKJUMYKAK,B00001WRSJ,5.0,2010-12,2,2,1.0,134,"I thought I wanted Beats by Dre, then I got these."
A3UP97IQAI6LJH,B00001WRSJ,5.0,2009-08,0,0,,84,Best headphones for the price
AJE5S2MH4SERA,B00001WRSJ,3.0,2008-01,6,8,0.75,57,"Great sound, ok comfort"
A2K33VWYQC9C2W,B00001WRSJ,5.0,2012-10,0,0,,330,Wow - real monitors
A298GL2D0BHGKZ,B00001WRSJ,5.0,2014-06,1,1,1.0,141,I've Had These Since 2009. Still Going. Specs Below.
A2SVXQ66G7BWBR,B00001WRSJ,4.0,2010-08,0,0,,71,Great Headphones. Fit is a little big.
A3Q7LVUP45XLUZ,B00001WRSJ,3.0,2013-08,0,0,,52,Not as comfortable as as the headphones that Sony formerly made
A35OGQY4CFTKVK,B00001WRSJ,4.0,2012-07,0,6,0.0,86,SONY V6 EARPHONES
A395TYPUVG7KNR,B00001WRSJ,5.0,2014-03,1,1,1.0,50,Just right for 35+ years!
A2U1CMEGA3950K,B00001WRSJ,5.0,2007-09,1,1,1.0,86,Awesome sound reproduction.
A3UNREJGCZMRUY,B00001WRSJ,5.0,2012-10,2,2,1.0,276,10 Years Use and they're still the ones I Prefer
A1FDYXJ28RDHIS,B00001WRSJ,5.0,2011-12,1,1,1.0,47,Fantastic sound
A3PM5DJGZ17I40,B00001WRSJ,5.0,2013-01,1,1,1.0,193,best headphones I've personally ever used
A3VXOYZYIFKIF2,B00001WRSJ,5.0,2012-10,0,0,,23,EXCELLENT!!!!!
A99K7S15XOQ45,B00001WRSJ,4.0,2013-06,0,0,,126,Very comfortable headphones
A2WBQ3AMBGQMAO,B00001WRSJ,5.0,2013-10,1,1,1.0,37,"Excellent. For the price, these can't be beat."
A3S3P2TWEVS69L,B00001WRSJ,5.0,2014-02,1,1,1.0,59,Best headphones I've ever owned
A2CUBYMC4PVHY8,B00001WRSJ,5.0,2012-05,0,0,,87,oh wow...
A3QNHDUBMA6WQM,B00001WRSJ,5.0,2014-03,2,2,1.0,306,So good that they brought back the Sony MDR V6 headphones after discontinuing  them.
A3DF1AEPLTX0CA,B00001WRSJ,5.0,2013-02,0,1,0.0,21,Sony MDr-V6 Headphones are excellent
A1K7TS096NFI,B00001WRSJ,5.0,2013-08,1,1,1.0,37,These are real headphones!
A3BLG23IUDWFOF,B00001WRSJ,5.0,2014-03,1,1,1.0,21,Excellent Headphones
A3BCTEEX0YKXEA,B00001WRSJ,5.0,2011-09,0,0,,73,Was gunna be 4 star... but then I couldn't find anything wrong with them.
A3BJTAZ6UPDYCW,B00001WRSJ,5.0,2014-06,4,4,1.0,149,Simply the Best
A34S0X8F7V9UBK,B00001WRSJ,5.0,2012-05,0,0,,28,Very Comfortable
AB5JSX3CBBAIB,B00001WRSJ,5.0,2012-10,1,1,1.0,107,Awesome Headphones
A3NE9ABP7PAYK3,B00001WRSJ,5.0,2014-03,1,1,1.0,57,Fantastic
AVE2J7PNE0L9C,B00001WRSJ,5.0,2004-09,0,0,,286,The MDR V6s are Sony's masterpiece and an industry standard.
A3REYP3W0BLUNA,B00001WRSJ,5.0,2014-06,1,1,1.0,109,One of the best
A759KSTT9A8X8,B00001WRSJ,5.0,2013-07,1,1,1.0,26,"Super clear sound, very comfortable"
AGXMLPCYBOL55,B00001WRSJ,5.0,2012-03,0,0,,177,A great value that can't be beat
A2PAD826IH1HFE,B00001WRSJ,5.0,2007-05,8,8,1.0,215,I've Had My Sony MDR-V6s Fifteen Years and They're Still Wonderful
A3LHM5YKF4YCMN,B00001WRSJ,5.0,2013-08,1,1,1.0,38,"Excellent Quality Sound, Can't Hear Outside Sounds"
A3NPVOHK3AMSDK,B00001WRSJ,5.0,2013-07,1,1,1.0,183,Get them while you can-They Sound Professional
AIQZK8PU1F5RA,B00001WRSJ,5.0,2013-04,0,0,,42,Great
A1BPJ55PLYUA77,B00001WRSJ,4.0,2013-02,1,1,1.0,60,Far better than most 300 dollar headphones.
AURHQ3OVNNSLK,B00001WRSJ,5.0,2013-03,0,1,0.0,31,"Top quality, delivered on time"
A2IA5Q0TDWE81X,B00001WRSJ,4.0,2004-01,40,43,0.9302,361,Unbeatable value
A34LQ791ACZ0JC,B00001WRSJ,5.0,2009-11,0,0,,208,Great Headphones
A2BWTWFVI6D9SD,B00001WRSJ,5.0,2010-01,2,2,1.0,245,"Sets the bar for great quality, affordable, circumaural headphones."
A2EWTVSGOPKWIT,B00001WRSJ,5.0,2014-07,0,0,,29,"good sound, reasonable price"
A10AV4PT812CO6,B00001WRSJ,5.0,2013-10,1,2,0.5,29,"Good sound, great build quality!"
A1VK3B8TFUUHM3,B00001WRSJ,5.0,2012-10,4,4,1.0,494,Wonderful Headphones
A25UZ1X4MF9C8L,B00001WRSJ,5.0,2009-10,3,3,1.0,65,Best Buy!!!!
A3CRB5KQ3SPFYF,B00001WRSJ,2.0,2014-07,0,0,,319,"Great sound, not comfortable for me."
A16BIH1Z3L050B,B00001WRSJ,5.0,2014-04,1,1,1.0,93,Still going strong after sooooo many years
A8MQW5B5QB3H1,B00001WRSJ,5.0,2009-05,4,4,1.0,224,Very comfortable on head - not too tight at all
AQAM9QBPTG66U,B00001WRSJ,4.0,2013-08,1,2,0.5,66,High-Priced Headphones!
A3PGE0N774CEXW,B00001WRSJ,2.0,2013-06,1,2,0.5,271,"Good sound, but not comfortable for long periods. UPDATED 7/2013"
A317RWPY08I5QX,B00001WRSJ,5.0,2013-11,1,1,1.0,63,Great headphones. Sony is a trusted brand.
A3QRL4VEQLL2OP,B00001WRSJ,5.0,2012-12,1,1,1.0,153,great headphone
A3B9FWS53WZIT,B00001WRSJ,5.0,2009-10,2,2,1.0,60,Great headphones!
A1M6Z0NSZJB8AM,B00001WRSJ,5.0,2008-08,1,1,1.0,63,Outstanding Headphone
A53OG3Q99WAVL,B00001WRSJ,4.0,2008-11,0,0,,60,Very Decent Headphones
A1NL56D0Y0TORY,B00001WRSJ,3.0,2014-03,0,1,0.0,284,"Sony MDR-V6 -- Good, but not as good as the 7506"
A7Y2RAZZRFVI3,B00001WRSJ,5.0,2010-02,0,0,,59,Great Headphones
A1OZAYRJQAERTK,B00001WRSJ,5.0,2014-06,1,1,1.0,214,Outstanding
A1NHV6PPZY45FD,B00001WRSJ,5.0,2008-08,3,3,1.0,275,Well worth the $
A148IYQMD3J6YD,B00001WRSJ,5.0,2014-02,1,1,1.0,198,Best closed Headphones at ANY Price for decades.
AZTZ61W23JET0,B00001WRSJ,5.0,2008-12,3,3,1.0,66,satisfied with sound and comfort!
A15AWJSRSMYJ60,B00001WRSJ,4.0,2011-05,1,2,0.5,42,Good overall but not for heavy bass likers
A3T3LXK2F3XTEK,B00001WRSJ,5.0,2013-07,1,1,1.0,24,Wanted these for a long time.
A3OKIB6PSM1MWI,B00001WRSJ,5.0,2013-06,0,0,,89,Excellent at drowning out background noise for less than $100
AWDYLVB91K23B,B00001WRSJ,5.0,2008-01,1,1,1.0,146,Not a penny wasted.
A76H3TUHMOA8K,B00001WRSJ,5.0,2012-06,2,2,1.0,395,Best For It's Price Bar None
AZDFE5RF3TZLT,B00001WRSJ,3.0,2014-02,0,1,0.0,42,Great sound/crappy earpads
A2FXX9VTD10J6C,B00001WRSJ,4.0,2011-08,0,0,,385,It's about perfect :)
A2PYISW9CMNCJB,B00001WRSJ,5.0,2008-07,0,0,,44,Great for the price
AMGUWDM3XPEEB,B00001WRSJ,5.0,2012-12,2,2,1.0,214,Worth the Money Over a Cheaper Set
A399F6C7WP0NPG,B00001WRSJ,5.0,2013-01,0,0,,29,Great
A3L0JLM9CB0IW0,B00001WRSJ,5.0,2014-01,2,2,1.0,133,Look No Further!
A32JZ9XNHMNWOO,B00001WRSJ,5.0,2009-11,0,1,0.0,244,Ive had these since the best price was around $100...
A3DPT4CDBMX0N7,B00001WRSJ,5.0,2013-05,0,0,,23,Excellent sound
A3W1EDL3E964B0,B00001WRSJ,5.0,2013-01,0,1,0.0,73,Don't Think Buy.
A1C60KQ8VJZBS5,B00001WRSJ,5.0,2013-06,0,0,,611,"My favorite headphones, after a few small modifications"
A254AGEWJ5VRFI,B00001WRSJ,5.0,2013-04,0,0,,51,Love them much
A1XXHS9V80S9VG,B00001WRSJ,1.0,2013-11,1,16,0.0625,21,Save your money
APH8C0RM4GMQB,B00001WRSJ,5.0,2013-07,1,1,1.0,81,5Hz-30kHz - Find that today
A1XEBSAXW4GRWZ,B00001WRSJ,4.0,2011-12,0,0,,182,Sound is so Crisp and detailed
A2XI34EU8N0J4X,B00001WRSJ,5.0,2014-03,1,1,1.0,88,Fantastic set of headphones
AMFBRE9UYUCEU,B00001WRSJ,5.0,2007-07,0,0,,60,AMAZING HEADPHONES
A3BMZALEIUMFBE,B00001WRSJ,4.0,2012-02,0,1,0.0,74,NOT the end of your journey
A1YGOQLHZUGTW8,B00001WRSJ,5.0,2011-08,0,0,,25,Amazing...
A2WYP6MZRK4G4A,B00001WRSJ,5.0,2007-02,6,6,1.0,181,Best headphones....period!
A2RQVIY25W6ZD4,B00001WRSJ,3.0,2013-03,1,2,0.5,149,Great headphones
A2A9ZF3KYXL5D0,B00001WRSJ,5.0,2012-12,2,2,1.0,249,Best Headphones I've Used
AUEBGCH3FFPTQ,B00001WRSJ,5.0,2006-12,3,4,0.75,44,Excellent!!
ADSO1F9K7ZD1F,B00001WRSJ,5.0,2013-02,2,2,1.0,262,"These are not the MDR-V600's, and that's a good thing."
A237680FOULTZ8,B00001WRSJ,5.0,2012-11,2,2,1.0,317,"Good for listening, amazing for tracking"
A5TNBW52T92QJ,B00001WRSJ,5.0,2006-11,5,6,0.8333,39,Great headphones
AQLMVE6SH4A07,B00001WRSJ,4.0,2009-04,0,0,,147,"great sound, funky mechanics"
A35O0043BLN6FS,B00001WRSJ,5.0,2011-04,0,0,,43,Great headphones
A1GQK49Z3G4J8G,B00001WRSJ,5.0,2012-12,0,0,,47,Great Sound
A3PCIFT337Q4N3,B00001WRSJ,5.0,2013-04,0,0,,71,Best headphones for the price.
A3K4PHZJMMCZ8K,B00001WRSJ,3.0,2012-12,0,0,,57,Descent sound for the price
A2GRLLJC2JK9FN,B00001WRSJ,5.0,2007-06,1,1,1.0,64,Best gift I gave to hubby!
A1ZM846Y7AUYD,B00001WRSJ,5.0,2007-10,10,10,1.0,472,Get 'Em While You Can!
A2SKDOP44GNUTP,B00001WRSJ,5.0,2013-03,0,0,,32,These work great
A1O6GTTLXORHZV,B00001WRSJ,5.0,2014-06,3,3,1.0,70,best headphones ever
A17KYU38U9WRVW,B00001WRSJ,4.0,2008-01,2,2,1.0,243,excellent product; but poor quality mp3s will sound worse
A29GQ42XFJQDI8,B00001WRSJ,4.0,2014-04,0,1,0.0,53,Great headphones
A3LAPQWMLWTYRK,B00001WRSJ,4.0,2007-05,0,0,,137,good headphones
A1V3R7M9T7QNZ6,B00001WRSJ,4.0,2009-09,2,2,1.0,65,Nice Headsetf or the price.
A2BK7LBCEWRREY,B00001WRSJ,5.0,2008-03,1,1,1.0,232,"Excellent sound & build, but not the best for mp3 players."
A1DBDCQASEIMDW,B00001WRSJ,5.0,2011-10,0,1,0.0,391,Surprising.!
A3LORKXNGG3PX3,B00001WRSJ,5.0,2007-09,0,0,,29,Best headphones i ever bought!
A13L45CSY7TEQZ,B00001WRSJ,4.0,2014-07,0,0,,27,Not for bass lovers.
A1QF996642YT9L,B00001WRSJ,3.0,2014-07,0,0,,105,sorry to say I'm returning them
A3MV6ZFPS15FIN,B00001WRSJ,5.0,2013-07,1,1,1.0,36,"Just to confirm what others say, this headphones are great."
A697GVG73H314,B00001WRSJ,5.0,2007-12,1,1,1.0,162,Love These!
A3VJAU9FIDMB8N,B00001WRSJ,4.0,2011-04,1,1,1.0,707,Excellent Headphones For $70!!!
A3GIM3IW8FVBBK,B00001WRSJ,5.0,2011-08,0,0,,35,Headphones
A26IJ5PCZRI3V3,B00001WRSJ,5.0,2013-05,1,1,1.0,36,Go God Go
A17Z9D1UHLZDXR,B00001WRSJ,5.0,2013-02,0,0,,43,can't go wrong
A29ELZ0R2VXILG,B00001WRSJ,5.0,2010-04,0,1,0.0,183,only one serious problem
A2IIAQ7VVAHXTD,B00001WRSJ,5.0,2012-12,0,0,,70,"Forget the Dre Beats, get these"
A7WM1RJQQ68AR,B00001WRSJ,4.0,2011-11,0,0,,162,"Very, very hard to beat for the money."
AXZQYHT23SFAJ,B00001WRSJ,5.0,2006-11,4,4,1.0,246,Great headphones for the money
A36WC1DIS1PVS2,B00001WRSJ,5.0,2011-08,1,1,1.0,39,Great headphones
ASOG5QER5G0CE,B00001WRSJ,5.0,2013-03,1,1,1.0,221,Perfect Transducer?
AYBP700B8IW2B,B00001WRSJ,5.0,2013-02,0,1,0.0,22,Excellent
A1SV0FYYADJLPG,B00001WRSJ,5.0,2012-06,3,3,1.0,303,Amazing headphones
A2Y8WX30L9NFD4,B00001WRSJ,5.0,2013-02,0,0,,26,They are great!
A1L87D9KX3MT41,B00001WRSJ,5.0,2014-05,0,1,0.0,89,Best monitor headphones under $100.00 USD. This is my second pair. The first was purchased in 1992.
A1YRUUY14KW853,B00001WRSJ,5.0,2010-07,1,1,1.0,141,Tunes to the Bones !!!
A3K4IFDEHTYRSU,B00001WRSJ,5.0,2010-05,1,1,1.0,75,The other reviews were correct.
A2LSK5XN4A3PN7,B00001WRSJ,5.0,2013-12,1,1,1.0,77,"Great for Rock and current pop, less so for classical"
A1WPFIZ8P3O86V,B00001WRSJ,5.0,2013-05,4,4,1.0,1068,Superb Headphones and Excellent Value (with comparison to Sony MDR-7506)
AXTD5V28KMNTX,B00001WRSJ,5.0,2013-05,0,0,,29,Fantastic headphones
AP3N6KOLIFYVY,B00001WRSJ,5.0,2010-10,0,0,,123,Excellent headphones
A3U0DX8MFOB1XX,B00001WRSJ,5.0,2011-12,0,0,,153,Excellent
A3M5YEJO6EZOML,B00001WRSJ,5.0,2011-09,0,0,,121,Owner for 1 day
A36X4SWF1TX93Q,B00001WRSJ,5.0,2012-08,1,2,0.5,44,Worth every note
A2NJEDYEYUGFM8,B00001WRSJ,2.0,2013-11,0,2,0.0,108,Very thin wire easily breaks.
A1QOCN3CJRVIGG,B00001WRSJ,5.0,2011-08,0,1,0.0,109,"Incredible Sound, I purchased mine in 1990"
A1K1AAZSD9KWX,B00001WRSJ,5.0,2012-10,2,2,1.0,90,Best over the ear headphone under $100
A2QL8RR6HVSXR9,B00001WRSJ,5.0,2013-02,0,0,,63,Love them
A1TOXCG4QWQLHA,B00001WRSJ,5.0,2011-12,1,1,1.0,65,Godly Sound - This is what you need for a quality listening experience.
A12RHQPWEZWAAH,B00001WRSJ,5.0,2012-09,0,0,,59,You wont be let down!
AXR9PC2II8UCB,B00001WRSJ,5.0,2012-09,0,0,,302,3rd pair in 15 years! Quality for sure!
A2L7WYA5OENV03,B00001WRSJ,4.0,2011-09,4,6,0.6667,207,Not identical to the 7506.
A1XESQ7C7NNZX4,B00001WRSJ,5.0,2011-12,0,0,,147,Great inexpensive headphones
ADP6XSD5E4R4G,B00001WRSJ,4.0,2012-12,0,0,,52,Nice sound and fit
AZ7EFFHA5K82P,B00001WRSJ,3.0,2012-12,0,1,0.0,35,Not that great!
A1U4GOVZWL8ZTL,B00001WRSJ,4.0,2012-08,1,1,1.0,326,Sony MDR-V6 Monitor Series Headphones
A19XKJA47R6AJ9,B00001WRSJ,5.0,2013-02,0,0,,140,22 years and still going strong
A3TUQQWT7KRSEK,B00001WRSJ,5.0,2013-04,1,1,1.0,346,Precise and Delicate Clarity
A3NN1FTQVVXLP7,B00001WRSJ,5.0,2013-07,1,1,1.0,69,Great sound reproduction
A34IJACMU8C3IM,B00001WRSJ,5.0,2008-12,3,4,0.75,171,Still The Industry Standard After 20 Years
A1SWUTIQ0QGM38,B00001WRSJ,5.0,2013-07,2,2,1.0,58,sweet headphones
A1FF8RVKS9Y843,B00001WRSJ,3.0,2013-11,1,3,0.3333,21,Too accurate not enough bass
A1F087XDF48WQT,B00001WRSJ,5.0,2011-08,1,1,1.0,34,best headphones for the price.
A2MCRCK1V61FWQ,B00001WRSJ,5.0,2014-01,1,1,1.0,42,Sony MDR-V6 Headset
A18H3X0XGMD1K0,B00001WRSJ,5.0,2013-08,3,3,1.0,358,Incredable value
A10R0C79S921EP,B00001WRSJ,5.0,2013-03,0,0,,37,Great Headphone
A21CJLXIU27CBK,B00001WRSJ,5.0,2012-10,1,1,1.0,92,Great Headphones
A2TIA4WQ8RRHJO,B00001WRSJ,5.0,2007-02,3,4,0.75,122,Excites my ears
A10X3LYWCWIDAH,B00001WRSJ,5.0,2014-01,1,1,1.0,220,More than meets my expectations!
A3TD47N9K6V0FU,B00001WRSJ,5.0,2014-07,0,0,,138,Still going strong after two years.
A3HHR7GMW69TFX,B00001WRSJ,5.0,2013-06,2,2,1.0,275,The best headphones
AXNVP9GQR85I1,B00001WRSJ,5.0,2012-09,0,0,,28,Excellent headphones
A1CWZPZKD7874S,B00001WRSJ,5.0,2012-12,1,1,1.0,20,Excellent Headset
A3L9C2RTSH3XZB,B00001WRSJ,5.0,2011-10,0,0,,98,Great
A3ARPUKCI6R91Y,B00001WRSJ,5.0,2012-11,6,6,1.0,150,full range and uncolored
ALJMX3QEODS88,B00001WRSJ,5.0,2012-04,0,0,,28,Sony  MDR V6
A2ZLWZUP0D44SS,B00001WRSJ,3.0,2012-10,0,0,,382,Pretty Good
ALIN01RFOIX3G,B00001WRSJ,4.0,2013-08,1,1,1.0,22,Great sound
A18APJULAWONNE,B00001WRSJ,5.0,2007-02,0,1,0.0,57,one of the best earphones i have ever owned
APRJ0OM54GBPE,B00001WRSJ,5.0,2012-09,0,0,,31,Awesome!
AAN6SCMSOCVM1,B00001WRSJ,5.0,2013-12,1,1,1.0,164,"From home to million dollar studio, you can't go wrong with these! Crisp and clear!"
A3LBTC13EYE4MS,B00001WRSJ,5.0,2014-07,1,1,1.0,114,Built to last. Great sound.
A1YF63MMH5AZJC,B00001WRSJ,5.0,2010-12,3,3,1.0,153,These are nice
AD73VMNYB8XVX,B00001WRSJ,5.0,2009-01,4,4,1.0,487,Could not ask for more
A7X0X400YR4W2,B00001WRSJ,5.0,2013-04,0,0,,27,Great for rock
A34J2IUA5DJLYU,B00001WRSJ,5.0,2012-05,1,1,1.0,190,"I didn't love them at first, then I tried to replace them."
A2DKVFYCQAICA0,B00001WRSJ,4.0,2012-12,1,1,1.0,56,Sound good but uncomfortable for ears
A1NG78LRAUOUWL,B00001WRSJ,4.0,2012-09,0,0,,76,Sony delivers at a great price
A1991DX3FIMS3P,B00001WRSJ,4.0,2013-01,0,0,,59,Same Sony Quality
A17C1GS384ORCX,B00001WRSJ,5.0,2012-12,2,2,1.0,296,Great for gaming
A3QVRCSJ9TXYM7,B00001WRSJ,5.0,2013-12,1,1,1.0,64,Best sound for the money.
A3HAPTHHU5B1MT,B00001WRSJ,5.0,2013-07,2,2,1.0,89,Still haven't heard better
A3DVM2YS59Z3ZF,B00001WRSJ,4.0,2014-05,1,1,1.0,362,Very good sounding headphone!
A1WLAHPHD07E1N,B00001WRSJ,5.0,2013-03,0,0,,194,Awesome Baby!
A10BZC79VVV21R,B00001WRSJ,3.0,2013-07,0,0,,34,They are OK but don't last long.
A3OM2N48I8ZN9D,B00001WRSJ,5.0,2013-02,0,0,,99,Best Headphones for the Money
A3G0YKIR4F1SCY,B00001WRSJ,4.0,2013-01,0,0,,51,Amazing lows
A3SPRSLV03DT6Y,B00001WRSJ,5.0,2014-01,1,1,1.0,126,Best Choice !
A2SU3IL3MIBXZP,B00001WRSJ,5.0,2013-01,0,0,,61,Great Headphones!
AHV9Z1EDYO5WK,B00001WRSJ,5.0,2012-06,0,0,,60,Yep...these are magic!
A1OKH9AX5EZ7GI,B00001WRSJ,5.0,2013-03,0,0,,23,This was what I expected
A2YG0C7JIOSZZ2,B00001WRSJ,3.0,2006-04,10,20,0.5,130,Where is the Bass?
A26W0ZWPNVKDPY,B00001WRSJ,5.0,2013-07,1,1,1.0,238,Best in class!  Another great Sony product
A1ESWWU4DNXRJV,B00001WRSJ,5.0,2014-03,1,1,1.0,65,Sony MDRV6 Monitor Series Headphones
AEGYIU4XJTYFN,B00001WRSJ,4.0,2008-05,12,12,1.0,368,Toss your subwoofer if you don't mind small voices in your head.
A2M02TL1Q0DP5N,B00001WRSJ,3.0,2013-06,2,3,0.6667,35,Breaks easy
A1JD6COKA3KCEG,B00001WRSJ,5.0,2013-04,1,1,1.0,492,"Super flat, pure sound phones"
A2XFVS9GBQW2U1,B00001WRSJ,5.0,2009-03,1,1,1.0,209,"My life is now complete (sonically, anyway)"
A2V84I2M1DT1TZ,B00001WRSJ,5.0,2014-01,1,1,1.0,32,Great sound
A2MTB7FSEW2KG9,B00001WRSJ,4.0,2013-03,0,1,0.0,291,Good value for price
A79ZK3ZJ82G7Z,B00001WRSJ,5.0,2012-11,0,0,,84,Can't go wrong.
A1DV1Z52G42EX2,B00001WRSJ,5.0,2013-01,0,0,,206,Simply Incredible
A2VHZWRA699KYR,B00001WRSJ,5.0,2013-12,2,4,0.5,522,"Fantastic sound, relatively well made"
A1F9Z42CFF9IAY,B00001WRSJ,2.0,2009-07,7,14,0.5,261,Faulty ear pads make these annoying
A3IY2QJN869W05,B00001WRSJ,4.0,2013-09,1,1,1.0,92,Nice & comfy but lacking bass
A1PIWW0T6LW91O,B00001WRSJ,5.0,2011-12,0,0,,133,Best Headphones Yet
AS6534SXKS1KZ,B00001WRSJ,5.0,2007-02,2,3,0.6667,76,Great phones for the price!
A9K181D47VK5H,B00001WRSJ,5.0,2012-12,1,1,1.0,158,Love them
A3TL4RJQKBB8VK,B00001WRSJ,5.0,2013-07,1,1,1.0,229,The only headphones that you will ever need
A32AFX2PUJ82HG,B00001WRSJ,4.0,2012-12,0,0,,35,Great for the price
A3LGGQRAIDW3Z2,B00001WRSJ,5.0,2010-06,3,3,1.0,392,Two decades of professional use
A1LPLXAQRZE8TF,B00001WRSJ,5.0,2013-04,1,1,1.0,124,The best headphones ever!!!!
A149OQRFVTWJA8,B00001WRSJ,4.0,2012-12,0,0,,131,Great headphones. ($74.16)
A25PM9JGHPU8EI,B00001WRSJ,5.0,2005-01,11,12,0.9167,144,The greatest headphones ever made
A3LLE02CO1W5T1,B00001WRSJ,5.0,2013-06,0,0,,149,Sony MDR-V6 Studio Monitor Headphones
A2DT7XKLELB1MX,B00001WRSJ,5.0,2014-06,0,0,,40,Great quality and value
A2VIZTW4DMVVWK,B00001WRSJ,5.0,2011-03,2,2,1.0,535,"The best of the best, old school"
A3BVSAZREDP9RH,B00001WRSJ,5.0,2009-02,4,4,1.0,416,Fantastic-exactly what I was hoping they would be
AQT6XL9FRECC7,B00001WRSJ,5.0,2013-04,0,0,,27,Super high quality sound
A3OU6E9SSMVU9D,B00001WRSJ,5.0,2012-06,1,1,1.0,179,Love them!
A3P0YHGVNXUNL4,B00001WRSJ,5.0,2013-07,1,1,1.0,63,great headphone
A18X6ZT4AEYVKB,B00001WRSJ,2.0,2012-07,1,10,0.1,85,crackle in bass
AH91ZJ8W8NCLR,B00001WRSJ,5.0,2007-04,0,0,,110,Sony MDR-V6 vs. Sony MDR-V700DJ
A3TIWKL1FZANAX,B00001WRSJ,5.0,2013-08,1,1,1.0,102,I've had these for 3 years. STILL STRONG!
A3E23UCQ27R3SU,B00001WRSJ,5.0,2010-05,1,1,1.0,188,MDR-V6: It doesn't get better than this
A4SSILU7KZ1XK,B00001WRSJ,4.0,2013-02,0,0,,125,"Nothing Special, But Good Headphones"
AGXY576DF2CJ2,B00001WRSJ,5.0,2013-07,1,1,1.0,86,Great headset
A9P7T0ZHR3FCH,B00001WRSJ,5.0,2006-12,1,2,0.5,51,Best Headphones.
A1JZJLZD7GNWD7,B00001WRSJ,5.0,2014-06,0,0,,75,Still the Best Headphone After Ten Years!
A1EX7MNFZYL58,B00001WRSJ,5.0,2014-01,1,1,1.0,47,excellent
A7EC1AKLPAEY,B00001WRSJ,1.0,2013-12,2,8,0.25,70,"Junk, Don't waste your time"
A2WE8VVT8JZOCI,B00001WRSJ,4.0,2012-08,0,0,,172,Good for the price
A1AC0ZLC6SVXSD,B00001X5AL,3.0,2000-03,165,167,0.988,117,Beware of the extra expenses!
A22QLK442U2GP0,B00001X5AL,5.0,1999-12,126,127,0.9921,78,Good entry level camera
A2MPQHYMT258ZV,B00001X5AL,4.0,2009-04,1,1,1.0,140,A decade later...
A1M9126YPQPS3L,B00001X5AL,2.0,2002-01,2,2,1.0,117,Battery Life Makes It Nearly Unusable...
A1DRM3JV6T5O6P,B00001X5AL,2.0,2000-02,39,41,0.9512,98,I must have got a faulty camera...
A1BD4T41QJZBHB,B00001YVG4,5.0,2009-09,2,2,1.0,78,Still Humming After All These Years
A7Y6AVS576M03,B00001YVG4,5.0,2001-04,9,10,0.9,94,Precisely Perfect Picture Fidelity
A20JYIHL1W1U54,B00001YVG4,5.0,2001-03,14,14,1.0,55,Pinpoint Precision Sharpness
A1DYHNSD4T1LEH,B00001YVG4,4.0,2000-02,9,9,1.0,102,Great small set
A231WM2Z2JL0U3,B00001YVG4,5.0,2001-04,5,5,1.0,66,"Old model was good, new model is great."
A2Z7MIEHHW9AIT,B00001ZT4H,2.0,2007-11,5,5,1.0,38,Cheaply made.
A2V69WVX5K1CHO,B00001ZT4H,5.0,2007-10,3,3,1.0,52,Watch out mp3s....
A1CGJPFN8KPTDH,B00001ZT4H,5.0,2006-11,15,15,1.0,36,A needed item
A220059NEEBEX7,B00001ZT4H,5.0,2005-12,26,26,1.0,48,"For the price, excellent...very good sound"
A1GYAEE9ISZKUA,B00001ZT4H,5.0,2006-12,7,7,1.0,57,Good quality new-days safe player for old tapes.
A14JTZ14GIYM3E,B00001ZT4H,5.0,2008-01,2,2,1.0,109,Simple
A2MHHD7Q2ZCZLQ,B00001ZT4H,5.0,2011-10,0,0,,20,recorder
A16WND1BVJCQJV,B00001ZT4H,3.0,2009-05,9,10,0.9,333,Best thing since Sony CFS-W455
A2R6RA8FRBS608,B00001ZT4H,4.0,2008-04,16,16,1.0,538,very good--but don't expect perfection...
A1AGU2XO1LL0BI,B00001ZT4H,5.0,2008-05,1,1,1.0,37,Exactly right for the price
A1LVDHMAHS387Q,B00001ZT4H,5.0,2007-01,0,0,,104,"Simple, inexpensive but good quality"
A3NESHNWS733JS,B00001ZT4H,5.0,2008-07,0,0,,28,Basic recorder/player that works
ACH055GTTIGC9,B00001ZT4H,4.0,2008-03,4,5,0.8,65,...does the job..mainly for voice.
A20G957N2TEVQX,B00001ZT4H,5.0,2003-07,219,220,0.9955,113,A Solid Machine
A4J496S0ASF2I,B00001ZT4H,4.0,2007-10,0,0,,27,for the price
A1XJOSJN6FHFO0,B00001ZT4H,5.0,2010-06,2,2,1.0,218,Works Great
AJ4YYD8VTYQ5R,B00001ZT4H,5.0,2012-12,0,0,,45,Great Product
ABP3SLO2TYSD5,B00001ZWRV,5.0,2012-12,0,0,,29,Memory Stick.
AQDNQLKMG7HBX,B00001ZWRV,5.0,2013-08,0,0,,33,returned
A204ETWOV23HO4,B00001ZWRV,4.0,2000-11,16,16,1.0,135,"Better than 4 MB, but don't trust a vacation to this one"
A1IAFOBW8ZR469,B00001ZWRV,1.0,2012-07,0,0,,29,wrong item
A11D1KHM7DVOQK,B00001ZWRV,3.0,2004-12,0,0,,153,Very weak capacity for full screen
A23ZO1BVFFLGHO,B00001ZWRV,5.0,2001-12,1,1,1.0,187,"Peeved at first, but delighted with consistent performance"
A77JQQU1TKPR3,B00001ZWTY,4.0,2011-08,0,1,0.0,66,decent entry level turntable
A3IYGLSQ6N2G3G,B00001ZWTY,5.0,2011-05,2,2,1.0,100,Great Bang for the Buck!
A3P6OWYSHBXE5T,B00001ZWTY,4.0,2011-01,2,2,1.0,83,Listen to the SONY turntable
A3SS6919NRQ2MF,B00001ZWTY,4.0,2005-04,24,27,0.8889,180,Good Manual Turntable
A8Z12UC2IMSTR,B00001ZWTY,4.0,2004-04,156,163,0.9571,733,Sony PS-LX350H - VG Consumer Turntable
A1U57C8E45X01Z,B00001ZWXA,1.0,2012-02,5,5,1.0,62,Junk cheap and 'dollar store value'  be warned/don't bother
ATSVUBE2115N1,B00001ZWXA,5.0,2013-05,0,0,,35,works great
A747BB4QM2SWW,B00001ZWXA,5.0,2013-08,0,0,,27,as expected
AXABTEYS7A4A8,B00001ZWXA,5.0,2008-03,0,0,,16,Its A Cable and It Works
A1SIX968W2WNZM,B00001ZWXA,5.0,2004-02,13,13,1.0,105,It's AMAZING....
A2A973NYYQYPQS,B00001ZWXA,5.0,2013-03,0,0,,40,Works great
A3JSBSXZRB2BBJ,B00001ZWXA,5.0,2013-06,0,0,,44,Good quality
A3UFIFPNO0TR0Q,B00001ZWXA,5.0,2012-04,0,0,,38,As advertised
A10K41QA6YVOXR,B00001ZWXA,1.0,2012-06,1,1,1.0,110,not impressed
A3A5JAWFOSZ5Y5,B00001ZWXA,4.0,2014-03,0,1,0.0,77,EXACTLY WHAT I NEEDED
A2E30AV53XVK1D,B00001ZWXA,1.0,2009-02,30,38,0.7895,51,This will not work if you need USB 2.0
A1FAOBCBBLQLHE,B00001ZWXA,4.0,2013-12,1,1,1.0,35,Good quality
A14JBDSWKPKTZA,B00001ZWXA,5.0,2008-05,0,0,,97,It's a Winner
A1GFES7JBA2TNR,B00001ZWXA,4.0,2013-06,0,0,,82,Convenient Accessory
A14BXZ2BXGLTXN,B00001ZWXA,5.0,2014-02,0,0,,27,Very useful tool.
A21GJHZCME5BS,B00001ZWXA,5.0,2009-10,4,4,1.0,60,Great deal AND guaranteed at 2.0 by Belkin
A1RMI9FN0HUR60,B00001ZWXA,4.0,2013-02,0,0,,67,Good quality cable
A3KA0Z3X5RB1YK,B00001ZWXA,5.0,2004-11,4,4,1.0,36,A major bargain!
A3EQQHWJ1EEYEU,B00001ZWXA,5.0,2011-09,0,0,,64,Great price on USB extension cables
A1WFTIOEH30UJY,B00001ZWXA,5.0,2014-04,0,0,,54,It certainly does work!
A93EEI4KTK5ZG,B00001ZWXA,5.0,2013-02,0,0,,34,Perfect!
A1N2YDAHTH2U5R,B00001ZWXA,5.0,2013-04,0,0,,20,Belkin USB Extension Cable (10-Feet)
A1OU7JI6NKAYOF,B00001ZWXA,5.0,2008-04,0,0,,48,Great value
A1NVD0TKNS1GT5,B00001ZWXA,5.0,2000-10,10,13,0.7692,35,Does just what it's supposed do
AG4V480QF85GJ,B00001ZWXA,5.0,2012-11,0,0,,20,No problem
A3KZTJ41GBCDDA,B00001ZWXA,5.0,2013-02,0,0,,82,10 foot length seem too long? Maybe not.
AFVCZOXM4JV5W,B00001ZWXA,5.0,2012-08,0,0,,29,USB Extension Cord
A129AN1EZZVG61,B00001ZWXA,1.0,2012-03,2,2,1.0,22,USB Cable was dead on arrival.
A1CSFRO37ZRVTW,B00001ZWXA,1.0,2009-04,6,7,0.8571,68,Flip Video Ultra Series Camcorder wouldn't connect...
A2CCHCGJY0IR9F,B00001ZWXA,5.0,2010-01,2,2,1.0,151,Just Perfect
A1LXFDHH2V42BC,B00001ZWXA,3.0,2013-01,0,0,,33,Good cable
AA66O1V57XZX7,B00001ZWXA,5.0,2013-02,0,0,,27,Bought multiple.
A1HS11O0GNTDEW,B00001ZWXA,5.0,2011-04,0,0,,31,work great
A15SF8FPL1RF63,B00001ZWXA,5.0,2014-02,0,0,,33,Great cables
A2QGPKUCZ60X24,B00001ZWXA,3.0,2009-04,0,0,,30,USB cables
A52CNGFJTZZM4,B00001ZWXA,4.0,2014-02,0,0,,65,Useful for non-powered peripherals
AG121PE84AFEY,B00001ZWXA,5.0,2011-11,0,0,,22,exactly what i needed
A10MB3X3QKRDI0,B00001ZWXA,5.0,2014-02,0,0,,24,Awesome did great job
A2TOLOXNDL6SKR,B00001ZWXA,5.0,2013-02,0,0,,21,usb extension cable
A2VF6TEWSJZ1WG,B00001ZWXA,5.0,2014-03,0,0,,24,Belkin USB Extension Cable (10-Feet)
A2QI2JHSIQ3SN3,B00001ZWXA,5.0,2012-12,0,0,,32,perfect..
A24ZVABN47L98A,B00001ZWXA,4.0,2011-11,0,0,,195,An honest USB Extension cord that is not way over priced
A1REOLG5QU1EFV,B00001ZWXA,1.0,2007-10,2,32,0.0625,39,never recieved it
A32MZZ6LEZCGRL,B00001ZWXA,5.0,2014-03,0,0,,90,Belkin USB Extension Cable (10-Feet) Review
A3SHDDL7T2HDC9,B00001ZWXA,5.0,2014-07,0,0,,7,Five Stars
A2UCOSEHTW6I0H,B00001ZWXA,5.0,2005-03,38,39,0.9744,190,Amazon and Belkin team up for another great deal
A220WCFHHMV2X4,B00001ZWXA,5.0,2012-06,0,0,,26,works just great
A2OR94VN7XQCUO,B00001ZWXA,3.0,2011-11,0,0,,84,cheap enough not to worry about
AFQSKOVBYW62L,B00001ZWXA,5.0,2013-08,0,0,,21,does the job
A17YPTSJ9UFDJ5,B00001ZWXA,5.0,2012-04,0,0,,47,Solved my problems with iPhone's standard charger!
A2Z9H86XRXBVEI,B00001ZWXA,5.0,2004-09,17,17,1.0,112,"Great, quality cable"
A3PKHLXWYK19HD,B00001ZWXA,5.0,2012-01,0,1,0.0,71,Well built and works well.
AGS5OEWHBHLJI,B00001ZWXA,5.0,2008-11,0,0,,30,Works properly
A2T82KTPTGW2RE,B00001ZWXA,4.0,2013-04,0,0,,25,A really handy item for a techie...
AO49H7W3JR6RL,B00001ZWXA,4.0,2014-07,0,0,,4,Okay good
A22P177ZFTOVMC,B00001ZWXA,5.0,2012-05,0,0,,26,Works As It Should
A23Y94TEJPW8YP,B00001ZWXA,5.0,2014-04,0,0,,21,Does what it says
AZX2RDN9YXZAE,B00001ZWXA,4.0,2013-03,0,0,,22,Good Cable
AB3FHZTL3VGFU,B00001ZWXA,1.0,2012-01,8,8,1.0,23,NOT USB 2
A3UQ66AYXFZ1SX,B00001ZWXA,5.0,2013-01,0,0,,32,Works perfectly!
A3FYSRXY46VSF1,B00001ZWXA,5.0,2007-11,1,2,0.5,15,GREAT Item.
A1A3XV6SL603AD,B00001ZWXA,5.0,2013-09,0,0,,47,Excellent Cable for the cost
A1169WM71ZTLXR,B00001ZWXA,5.0,2013-07,0,0,,38,Does what it was intended to
A2F0XN0L5K7N0T,B00001ZWXA,4.0,2014-07,0,0,,2,cable
A2XJ3J0UDEANER,B00001ZWXA,5.0,2014-06,0,0,,27,No issues.... works as expected
A506HOOCVL8GW,B00001ZWXA,5.0,2013-07,0,0,,31,How do you rate a cable?  It works.
A1SBTS8FHR10EZ,B00001ZWXA,4.0,2006-11,11,11,1.0,75,High quality cable but not USB 2.0
AKVYS10ZVTW9H,B00001ZWXA,4.0,2013-08,0,0,,23,Its a cable
A3GQY0TFRG0MPZ,B00001ZWXA,5.0,2013-02,0,0,,74,Works perfectly!
A1980UDWGL6J3N,B00001ZWXA,5.0,2013-01,0,0,,22,good cable
A3CJC7K4QZBYW5,B00001ZWXA,5.0,2013-02,0,0,,47,Belkin USB Extension Cable (10-Feet)
A1CAGTNRSFHJNJ,B00001ZWXA,5.0,2007-11,2,2,1.0,21,Does the job
A14Q1WGNF9DM3A,B00001ZWXA,5.0,2013-03,0,0,,61,Works how it should
ADAAXJNRTTX0D,B00001ZWXA,5.0,2001-11,57,61,0.9344,54,Just As Promised
A388UKVL7CLB2K,B00001ZWXA,3.0,2014-01,0,0,,51,DID NOT LAST LONG
A3DZIDWH11X2BF,B00001ZWXA,5.0,2007-05,0,0,,26,10 ft USB extension
A3VCOKMQOCUNGX,B00001ZWXA,5.0,2009-02,0,0,,30,Good quality cable
A36I8TB372U04R,B00001ZWXA,2.0,2012-07,0,0,,38,Not really sure about these cables.
AIKMJBX0P9Z9D,B00001ZWXA,5.0,2009-03,0,0,,14,Works like a charm
ASSOOHA7T12OA,B00001ZWXA,5.0,2010-04,1,1,1.0,86,Works exactly as it should
A2NAD5DJUIU877,B00001ZWXA,1.0,2002-02,8,47,0.1702,59,Be careful about what you need this for!
A54SG05AV6S4H,B00001ZWXA,5.0,2011-11,0,0,,40,Work 100% as described !
A145GBOUVLGECJ,B00001ZWXA,5.0,2013-07,0,0,,23,cable
A1FFGVSTLEIXVR,B00001ZWXA,3.0,2012-11,1,1,1.0,88,USB 1.1 speeds ONLY
A1URXSRV6WDHVY,B00001ZWXA,5.0,2009-06,0,0,,123,Excellent cable for very little money!
A2ZD33OULX0OG,B00001ZWXA,5.0,2014-04,0,0,,31,No problems.
A2KWQ3YQ5C3SPD,B00001ZWXA,5.0,2010-01,1,1,1.0,99,Belkin does not disappoint
A3G8DSANVTLXW9,B00001ZWXA,5.0,2010-03,1,1,1.0,23,Works As Expected
A1FW6JOS06AD1X,B00001ZWXA,5.0,2014-07,0,0,,11,I am very satisfied.
A2XF8X3W4OXI06,B00001ZWXA,3.0,2011-01,7,7,1.0,65,Beware that it's USB 1.1
A3H2OM4DBR3P3T,B00001ZWXA,5.0,2012-01,0,0,,36,Hey you! Read this!
A15P0849E4NHIG,B00001ZWXA,1.0,2012-03,2,2,1.0,105,"MarginMart, Inc. is selling fake cables"
A2HI35H2BOCV9R,B00001ZWXA,1.0,2012-01,12,13,0.9231,70,NOT  BELKIN !!
A36ETJ4I1FEG6J,B00001ZWXA,5.0,2009-09,0,0,,26,"Works fine, looks old (strange grey color)"
AM6ZNP09P201W,B00001ZWXA,2.0,2013-03,1,1,1.0,128,Slows down charging
A32RDPAKVCVXTA,B00001ZWXA,5.0,2013-12,0,0,,24,Belkin USB extension cable
AV5UHOOAXF5FN,B00001ZWXA,4.0,2009-10,1,1,1.0,391,"Works, but beware"
A1B8EJQU73YGL9,B00001ZWXA,1.0,2012-04,2,2,1.0,140,"This is a USB 1.1 cable, NOT USB 2.0"
A1VICFJYF0NK83,B00001ZWXA,5.0,2012-12,0,0,,21,Wonderful
A30HY6CENWVVTA,B00001ZWXA,5.0,2013-12,0,0,,26,well made
A1JY2V24BF8HED,B00001ZWXA,5.0,2013-11,0,0,,32,Quality Cable
AHFEONGV7UFPX,B00001ZWXA,5.0,2008-08,0,0,,18,Belkin has always been reliable for me
A1Z6X34Q50T7BU,B00001ZWXA,4.0,2013-05,0,0,,39,Needed it to extend cord for  camera on computer
A2UBM2Y060XR7R,B00001ZWXA,5.0,2008-02,0,0,,65,Great USB Extension Cable
A27VKG07JIMZVT,B00001ZWXA,3.0,2013-10,0,0,,41,Worked for a while
A2OFPV99TN5FA9,B00001ZWXA,5.0,2011-12,0,0,,35,It's a cable
A3SXRG9TFJ41ZF,B00001ZWXA,5.0,2008-04,0,0,,15,Works as needed
A19HUD2T33F945,B00001ZWXA,1.0,2012-03,2,2,1.0,55,It doesn't work
A52EFRFBDWU1F,B00001ZWXA,4.0,2013-08,0,0,,47,Long a waited
A39WALMR3G46FU,B00001ZWXA,5.0,2012-12,0,0,,24,price of this extension is low.
A39HB69V29EDTX,B00001ZWXA,5.0,2013-01,0,0,,128,Extends your USB needs
A3T5H53KJY7ZG,B00001ZWXA,5.0,2013-06,0,0,,28,cable
A3BS6QRUYSUYGI,B00001ZWXA,5.0,2013-08,0,0,,43,Great cable for the price...
A1KZMSXC9JOI7Q,B00001ZWXA,1.0,2010-05,10,13,0.7692,44,"More fool me, I guess."
AQOQUWM58SGFR,B00001ZWXA,5.0,2011-04,0,0,,30,Nice. works great
APVCKYQTCK78F,B00001ZWXA,5.0,2013-12,0,0,,25,No issues.
A1D82T9H3X8AB4,B00001ZWXA,2.0,2011-11,1,1,1.0,48,Not USB 2.0!
A2UCGQ82BQW5B8,B00001ZWXA,5.0,2011-11,0,0,,52,Works great/What a bargin
A2GZKGGQ6U0YL0,B00001ZWXA,5.0,2014-02,0,0,,30,Perfect for remote printers
A3P2N9P842C3UB,B00001ZWXA,4.0,2014-05,0,0,,26,"Good cable, good price."
AUXGETYE86593,B00001ZWXA,5.0,2008-08,0,0,,19,Works like it should
A2VU7N0CHQ6YFJ,B00001ZWXA,5.0,2013-03,0,0,,43,Does what it is meant to
ATKFSP54JDDEO,B00001ZWXA,5.0,2011-07,0,0,,29,What can I say - Great products.
A3UYRYH15P17R1,B00001ZWXA,4.0,2010-04,1,1,1.0,31,Very Handy Product
A1P9N5P77WPZPL,B00001ZWXA,5.0,2012-02,1,1,1.0,21,Belkin USB Cables
A27NNZQQWWXW4P,B00001ZWXA,4.0,2013-01,0,0,,23,great price and works very well
A2WLNSZ9U0T1S3,B00001ZWXA,5.0,2008-03,0,1,0.0,21,Excellent
A1HK6XKQEQDKXK,B00001ZWXA,5.0,2011-10,0,0,,29,Look no More!
A1L5YXWSMMIV54,B00001ZWXA,5.0,2012-12,0,0,,28,great item
A28ESPSP0O6LUM,B00001ZWXA,5.0,2014-01,0,0,,22,great design
A215SE0FJ3R2GI,B00001ZWXA,5.0,2008-01,0,0,,105,"Excellent Cable, does what you need it to"
A2T3S3VTW65VO5,B00001ZWXA,5.0,2011-05,0,0,,61,Works just like it should
A243HY69GIAHFI,B00001ZWXA,5.0,2001-09,80,88,0.9091,169,Get the clutter off your desk
A1XHKQ5R31843B,B00001ZWXA,5.0,2013-01,0,0,,25,Good product
A3AXR6XRTDTD3C,B00001ZWXA,5.0,2012-12,0,0,,26,Just what I needed
A2P3V1BG6FMUS5,B00001ZWXA,5.0,2012-01,0,0,,54,Another good belkin product
A1B1W7XEX2DRD5,B0000206CT,5.0,2000-10,63,64,0.9844,184,A Pro Camcorder in Consumer Clothing
A1AOK8IY4F9OKZ,B0000206CT,4.0,2001-05,33,36,0.9167,160,Only for Pro-Consumers
A2KE3HCVYS1GH1,B0000206CT,5.0,2002-01,6,6,1.0,242,Great - without a single doubt
ARXU3FESTWMJJ,B0000206CT,5.0,2000-09,44,44,1.0,340,You can't go wrong with this one!
A2YG0C7JIOSZZ2,B0000206CT,5.0,2001-09,1,1,1.0,113,A great camcorder
A23ZO1BVFFLGHO,B0000206CT,5.0,2000-06,56,64,0.875,234,One of the Best Product Design - ever
AWBUA3QUM6DRY,B000021YU8,4.0,2007-08,0,0,,184,"Very Good Within Its' Limitations, could use more manual controls, but Spot Meter helps!"
A1V4VVBQBFXRHC,B000021YU8,5.0,2001-02,9,9,1.0,174,Top Quality for the price
AAFI4N3QKPBOD,B000021YU8,5.0,2004-12,1,1,1.0,188,"Impressive, but not perfect"
AKT8TGIT6VVZ5,B000021YU8,5.0,2001-02,30,30,1.0,172,Excellent fixed focal length point and shoot camera
A1MJMYLRTZ76ZX,B000021YU8,5.0,2001-03,17,17,1.0,376,Some special features
AS8C336DDLSO4,B000021YU8,4.0,2009-05,1,1,1.0,284,"Noisy little sucker, but a classic nonetheless"
A3PGVJF37JSHFO,B000021YU8,4.0,2000-08,4,4,1.0,114,Good value...
A3UBYYUZQHN7RR,B000021YU8,5.0,2001-11,9,9,1.0,103,GREAT little camera!
A2Y06YSBK1YYWT,B000021YU8,5.0,1999-11,419,429,0.9767,180,Clear pictures
A2JFOHC9W629IE,B000021YU8,5.0,2003-10,23,24,0.9583,490,Almost the perfect point and shoot
APFBMDI5TJ8MQ,B000021YU8,5.0,2002-05,6,6,1.0,139,great little camera
A3RK99YGKXWTDT,B000021YUL,5.0,2002-06,0,0,,289,The D-450 - Probably The Best In It's Class!
A1OH6EB0V4L138,B000021YUL,5.0,1999-11,26,26,1.0,155,Excellent camera for the money.
A2XCE6WWTX57R4,B000021YUL,5.0,1999-12,82,83,0.988,279,Good Decision -- Finally
AMBP7V5ME7K13,B000021YUL,5.0,2000-02,60,60,1.0,359,Using for a month and LOVE IT!
A1WVMDRJU19AFD,B000021YUL,4.0,1999-12,69,73,0.9452,182,Feels like a 35mm zoom n a good way
A2EVQ8S7FMLGL,B000021YUO,3.0,2008-06,2,3,0.6667,178,Dated but good
ADTODK0KIOYLP,B000021YUO,5.0,2001-02,27,28,0.9643,171,Easy to Love!
A15225S9RRISLK,B000021YUO,4.0,2000-08,135,140,0.9643,173,Not for Snobs
A2Q89DEW2Y91A7,B000021YUO,5.0,2000-09,208,209,0.9952,347,Excellent camera
A305KK5LXBJOK3,B000021YUO,5.0,2003-10,0,0,,96,perfect point and click camera
A1BAT4NZAP6B07,B000021YUO,5.0,2001-05,20,21,0.9524,207,What a wonderful little camera
A2TAAKL8DQDMSA,B000021YUO,5.0,2000-12,17,18,0.9444,153,very impressive ..
A1MJMYLRTZ76ZX,B000021YUO,5.0,2001-03,5,10,0.5,180,A few comments
AT4UTUQP51RZG,B000021YUO,5.0,2001-12,6,6,1.0,29,Great value
A231WM2Z2JL0U3,B000021YUO,5.0,2001-03,6,10,0.6,68,Full Function APS in Nice Package.
A1CNN84Q3V84AC,B000021YUO,5.0,2003-01,6,6,1.0,68,"Terrific pictures, very sharp and colorful."
A2BB4DGBRVGKWW,B0000222MY,2.0,2014-06,0,0,,131,Don't bother hunting this down
A9BVHFGX28SNZ,B0000222MY,4.0,2003-09,12,13,0.9231,239,Nice radio
A3FJXFLTQZU978,B0000222MY,4.0,2007-01,6,6,1.0,160,Tiny but powerful
AEELSV9OP31KG,B0000222MY,4.0,2012-03,0,0,,64,Good radio
A3C4JNSTXZEMTL,B0000222MY,4.0,2002-08,17,19,0.8947,119,Nice improvement over the DT 200V
A2BLITJITO97N5,B0000222MY,4.0,2004-04,33,36,0.9167,329,Pros and cons
A1EGD8EGNINP52,B0000222MY,5.0,2004-11,7,8,0.875,48,Works very well. Clumsy user interface
A1NZLRAZJGD99W,B0000222MY,3.0,2006-01,6,7,0.8571,184,Good Radio
A1QKBG5JZ0CDPG,B0000222MY,5.0,2007-03,5,5,1.0,153,Will this thing ever die?
A1NEHV50RHWYE7,B0000222MY,4.0,2002-01,4,5,0.8,101,Small enough and good enough to have with you always
A1SCWY8O0IL2HU,B0000222MY,3.0,2000-01,101,105,0.9619,112,Smaller than DT200V but less performance
ALMIFFHNE45JX,B0000222MY,2.0,2007-07,3,3,1.0,271,Why no direct push button tuning capability
A1QKJJM2T4E21H,B0000222MY,5.0,2005-03,5,10,0.5,66,Great radio
A1FFKKJYBNSAYM,B0000225BA,5.0,2007-01,9,10,0.9,136,This reel is built like a tank!
A11IR07H8SYDD0,B0000225BA,5.0,2009-03,3,4,0.75,139,You get what you pay for
A23ONMGKEWDG4M,B0000225BA,5.0,2009-09,6,7,0.8571,239,You Get What you Pay For
AYM76JWI220Z4,B0000225BA,5.0,2008-12,7,7,1.0,482,Supurb cord reel
A16Z9C8ESLGOPL,B0000225BA,5.0,2012-05,0,1,0.0,52,Money well spent
A1EFAJ4Q7XFJWD,B0000225BD,5.0,2013-12,0,0,,22,Highly recommend for garage.
A1GGWEX2RW0IRW,B0000225BD,4.0,2013-03,0,0,,60,Great for the Garage
A12AT4IWHODYRP,B0000225BD,4.0,2006-10,5,7,0.7143,115,Uses the correct wire gauge
A24VMHXIDF3ZTC,B0000225BD,2.0,2014-05,0,0,,155,Worked great for 6 months
A2MD10BMUUTCV2,B0000225BD,5.0,2011-11,3,3,1.0,39,"Solid Construction, Smooth Operation, Easy Mounting"
AE7SDXRY05RW5,B0000225BD,4.0,2013-06,0,0,,74,Can find it cheaper
A1PSBR1T610QYI,B0000225BD,5.0,2004-01,7,7,1.0,35,this thing is great!
APQQK1V695AUE,B0000226IH,5.0,2008-03,16,16,1.0,1055,Sangean DT-110: One fine pocket radio
AW0SOAPEY2I7,B0000226IH,3.0,2010-03,3,4,0.75,155,"Eh, OK"
ABDZCVPQVRPX5,B0000226IH,5.0,2008-07,3,3,1.0,371,Great Radio
A10AW7H143CP9M,B0000226IH,5.0,2004-03,4,4,1.0,25,Works perfectly...
AJYDC7UP4K4KE,B0000226IH,4.0,2001-12,14,16,0.875,179,:: Sensitive tuner and high quality sound  ::
A32BART9O61O3E,B0000226IH,5.0,2011-06,1,1,1.0,39,Cute little Radio.
A3IF2RRR8R84BV,B0000226IH,5.0,2011-04,1,1,1.0,194,Outstanding!
A3SHAOQ7FI3JLN,B0000226IH,5.0,2002-02,57,63,0.9048,533,I LOVE this Radio !!!  -- but...
AIVLKALMERRFT,B0000226IH,1.0,2002-12,25,32,0.7812,49,Disappointed
AGG9653C0BX5Y,B0000226IH,3.0,2012-07,1,1,1.0,286,Good radio with clunky favorites operation
A145LBW8ZHF0TW,B0000226IH,4.0,2008-12,3,3,1.0,122,Digital AM/FM Tuner with Mono/Stereo Switch
A3TMH3ESKQN3L4,B0000226IH,5.0,2014-05,0,0,,227,LOVED THIS RADIO.
APOFQFXC8K645,B0000226L0,5.0,2013-03,0,0,,63,Sangean ATS-404
AGMVC6FTM7UPR,B0000226L0,1.0,2000-01,14,18,0.7778,102,A big disappointment
A2HPJKM7L4EOQB,B0000226L0,3.0,2010-06,2,2,1.0,33,a basic radio
A1602WP8OHESZD,B0000226L0,5.0,2000-01,9,13,0.6923,107,Outstanding Fm Reception
A3PAIUYIUNSP57,B0000226L0,3.0,2008-04,3,3,1.0,52,Nice little radio
A3RIRRJ44LGVDA,B0000226L0,5.0,2003-01,13,13,1.0,231,Great radio for the money!
A1KY5G5FP31F2F,B0000226L0,4.0,2008-09,4,4,1.0,495,"I like it, but..."
AJJV9Z17KV6GR,B0000226L0,3.0,2003-11,8,8,1.0,165,Good for the casual listener - better radios out there for the $$
A32QOZWIKQDNZX,B0000226QJ,5.0,2008-03,1,1,1.0,64,Very good radio!
A2YBYKUXJM5LW4,B0000226QJ,5.0,2007-04,0,0,,36,Great little radio
A29G75YOG3SOW2,B0000226QJ,5.0,2001-03,78,79,0.9873,317,Small Wonder
AFUXQ0EI1UC22,B0000226QJ,5.0,2004-04,13,13,1.0,251,So very close to perfect...
A3CMO216CWOF5N,B0000226QJ,4.0,2006-03,8,8,1.0,113,Great Pocket Sw Radio from Sangean
A1554THSW3S7WZ,B0000226QJ,5.0,2005-05,5,5,1.0,187,My favorite radio
A1C4YDZGWGH9FX,B0000226QJ,5.0,2002-01,33,34,0.9706,240,Sangean WOW what a radio!!
A2QKEU7GJSD6FN,B0000226QJ,4.0,2009-07,1,1,1.0,281,Another quality Sangean
A2WVD0V1MKJ638,B0000226QJ,4.0,2003-01,34,36,0.9444,397,First Impressions From An Intense Engineer
A301OOJQXCXXO5,B0000226QJ,1.0,2005-11,3,4,0.75,53,"Wasn't What I Expected,"
ACSNZDXNUXSDB,B0000226QJ,4.0,2009-06,0,1,0.0,221,High Quality Compact Shortwave Radio
AJJV9Z17KV6GR,B0000226QJ,5.0,2003-10,14,14,1.0,169,Little Powerhouse !!
A1VY688L9N9QXD,B0000228GF,1.0,2014-06,0,0,,58,Not sure about the positive reviews
A2FF7EUEB7NB74,B0000228GF,4.0,2012-12,1,1,1.0,31,Handy Dandy !
A23EMFB4JBX0P9,B0000228GF,4.0,2001-09,73,75,0.9733,250,Best Buy
A2R2ZMVX4ENQTU,B0000228GF,5.0,2005-07,2,3,0.6667,40,"Great little radio, great price"
A2T70SN2VZHOR4,B0000228GF,4.0,2005-02,3,3,1.0,124,One of the best of its class
A32SVEX626XG20,B0000228GF,5.0,2004-01,6,6,1.0,94,High Quality Short Wave at an affordable price
A3LV8JJF1KK7O8,B0000228GF,3.0,2002-12,9,12,0.75,81,a bit of a disapointment
A9E7XZEMW0K9V,B0000228GF,3.0,2011-02,5,5,1.0,309,Basic radio
A2SEHOBX4M0OZ0,B0000228GF,4.0,2002-02,6,7,0.8571,36,Good little radio
AV8NTE7E9QGJX,B0000228GF,4.0,2001-09,8,8,1.0,93,Good For Size And Price
A3IBHBAQY6K9OA,B0000228GF,5.0,2014-06,0,0,,60,Price and quaiity  too good to pass up.
AAC2WU7ESKOC2,B0000228GF,4.0,2013-11,1,1,1.0,38,Great Radio -- Missing Some SW Bands
A2FD03H5CQG76E,B0000228GF,3.0,2000-05,96,98,0.9796,149,Good second/portable/emergency radio
A3CMO216CWOF5N,B0000228GF,4.0,2006-03,5,5,1.0,188,"Fun Radio for ""tuning around"" on Shortwave"
A1K69BBLY0NVOW,B0000228GF,5.0,2006-11,2,3,0.6667,123,Makes a good present....
A11L90R7RWJA8H,B0000228GF,2.0,2012-01,5,6,0.8333,621,Shortwave functionality is nearly worthless
AJ86CFI74O5JI,B0000228GF,5.0,2009-12,1,1,1.0,86,grait radio!
AQRN2I355LZ3F,B0000228GF,2.0,2009-11,2,2,1.0,139,electronics OK but mechanical tuning and volume poorly made
A2BCDZO1XQLDH,B0000228GF,5.0,2004-09,9,10,0.9,130,Tough reception area...
A382YHBEX6MPS9,B0000228GF,3.0,2003-09,3,7,0.4286,38,Nice Radio
A2MG95DI29NJTJ,B0000228GF,3.0,2006-07,10,10,1.0,77,"It *does* have AM Band (a response to ""false info"")"
A2DZZZ8D81Q8X,B0000228GF,5.0,2010-08,1,1,1.0,131,Excellant value in tiny package!
A17P5N52BH91E1,B0000228GF,5.0,2013-06,1,1,1.0,25,radio
A1DQEJN9C8AM5K,B0000228GF,3.0,2014-05,0,0,,26,Problems
A3CG6YLYZJXQG4,B0000228GF,4.0,2005-12,3,4,0.75,110,Surprising
A2NFWBJGGT9BM5,B0000228GF,3.0,2009-02,1,4,0.25,60,vicki
AJJV9Z17KV6GR,B0000228GF,3.0,2003-11,4,6,0.6667,119,Good radio for beginners /nice price
A3RUY1Y0ZPNUJ4,B0000228GF,4.0,2008-05,1,2,0.5,14,Nice little radio!
A32QOZWIKQDNZX,B0000228GG,5.0,2008-07,1,1,1.0,138,My best radio ever!
APQQK1V695AUE,B0000228GG,5.0,2008-12,8,8,1.0,701,Fabulous Sangean ATS-909 portable lw/mw (am) /sw radio
AZTAC5WZ4QDRN,B0000228GG,3.0,2004-12,31,34,0.9118,92,"Good Radio, but there's better for less..."
A30UM9C69L5W5G,B0000228GG,2.0,2007-12,7,7,1.0,187,"A Fine Performer, But Sadly, Didn't Hold Up Very Well"
ACC1SLND21RI6,B0000228GG,5.0,2011-05,0,0,,632,Is the Sangean ATS-909W the same as the Sangean ATS-909X?
A9E7XZEMW0K9V,B0000228GG,3.0,2001-06,60,63,0.9524,79,Adequate but not exceptional
A2FD03H5CQG76E,B0000228GG,4.0,2000-05,70,72,0.9722,151,Probably the best under $300 radio you'll find.
AW68KVDV7BBRS,B0000228GG,5.0,2011-02,0,0,,146,best portable radio under $300
A2MOJANFPX353G,B0000228GG,5.0,2006-03,9,10,0.9,148,20+ Years of SWL. This is the best radio I've owned.
A11ED8O95W2103,B0000228GG,3.0,2006-03,6,9,0.6667,458,My EBAY and talk radio buddy!
A1GWQIOSUI37T4,B0000228GG,3.0,2000-03,146,160,0.9125,194,Poor SW sensitivity with supplied whip antenna.
A2FKY5R4NSHJ93,B0000228GG,4.0,2007-01,5,7,0.7143,498,A Shortwave Newbie Review
AQQVPOL6VPVVN,B0000228GG,5.0,2011-02,1,1,1.0,23,Radio
A1I3AJXVJ8PDS4,B0000228GG,5.0,2003-07,35,35,1.0,393,Very Nice Multi-Purpose Radio
A2ZAIKFQ0LQ0WV,B0000228GG,2.0,2007-08,11,15,0.7333,449,Weak Reception and Poor Sound
ACSNZDXNUXSDB,B0000228GG,5.0,2008-01,12,13,0.9231,1031,My Favorite Radio
AJJV9Z17KV6GR,B0000228GG,5.0,2003-10,32,33,0.9697,205,"Good quality , lots of functionality , great sound"
A3QZ6BFXJK88RK,B000023VUE,5.0,2005-10,2,2,1.0,39,"Great box, great price"
A3U5VP06Q1W4DB,B000023VUE,5.0,2009-11,1,1,1.0,58,Does exactly what it is supposed to.
AZD7C4ZW00YKH,B000023VUE,5.0,2011-02,0,0,,29,Handy Ethernet Switch
A3DQWFWINN3V5A,B000023VUE,5.0,2005-08,12,12,1.0,217,Excellent 5-Port 10/100 Switch
AN81JUYW2SL24,B000023VUE,5.0,2007-10,1,1,1.0,19,Works great
A1V3TRGWOMA8LC,B000023VUE,5.0,2008-02,1,1,1.0,26,It works!
AXGSXTSBRGDMZ,B000023VUE,5.0,2007-08,1,1,1.0,74,Excellent Low Priced Switch for Home and Office
A2K3XAK8BP8LA,B000023VUE,5.0,2001-05,4,5,0.8,70,Good companion with D-Link Router DI-704
ATW2I5S6S2PFA,B000023VUL,5.0,2000-12,50,53,0.9434,172,"Easy to Install, Great Small Size, Great Price, Works Great"
A2MAXHANV8EETT,B000023VUL,5.0,2001-02,14,14,1.0,130,Easy to Install
A2PYS280Q1UH7V,B000023VUL,5.0,2001-06,28,28,1.0,158,Inexpenisive and easy to install powered 4 port USB hub
A7IKOAH6M8WAC,B000023VUL,5.0,2003-03,2,3,0.6667,36,Works great!
A1ORUSHRRG0VWN,B000023VUL,5.0,2000-10,4,4,1.0,100,An awesome product
A91K91GJRE6OU,B000023VUL,2.0,2001-05,3,4,0.75,80,Cheap hub - Cheap Results
A2PK64OVZA1U8Z,B000023VUL,1.0,2002-02,2,2,1.0,62,Cheap piece of junk
ATELSGYOHCL3E,B000023VUL,5.0,2000-10,4,4,1.0,49,"Plug it in, and it's a GO!"
ALVJCD5NY28G4,B000023VUL,4.0,2000-11,5,5,1.0,37,Easy to use and works great!
A3UWDEBSKQFM7V,B000023VUL,5.0,2001-10,1,2,0.5,74,Works Just as Advertised
A1AQ8LQW5QQSTD,B000023VUL,5.0,2001-08,26,26,1.0,62,Fast &amp; Easy
A2UE2PMAZZL34K,B000023VUL,5.0,2001-02,5,5,1.0,120,Great value for a USB hub
A10C84Y38RT22P,B000023VUL,5.0,2002-02,0,0,,49,Quick and painless.
A231WM2Z2JL0U3,B000023VUL,5.0,2000-10,23,23,1.0,86,Simplicity
A3LGT6UZL99IW1,B000023VUL,5.0,2002-03,7,7,1.0,78,Trouble free and brainless to use
A2JCLEDQTNXMPT,B000023VUL,5.0,2000-09,1,2,0.5,50,works great
A6FIAB28IS79,B000023VUL,2.0,2002-01,3,3,1.0,191,Bummer.
AJV2QY96IVPVM,B000023VUL,5.0,2001-02,1,1,1.0,64,Fantastic!  Powerful Little Hub!  Recommend!
AZSH7IFNZR62F,B000023VW2,4.0,2013-05,2,2,1.0,55,improves sw reception
A1P3LH0J7QS8DO,B000023VW2,4.0,2011-12,1,1,1.0,41,feels flimsy but works really well.
AOI57C0MJUT6J,B000023VW2,2.0,2013-04,0,3,0.0,30,Too expensive S&H
A11KZ906QD08C5,B000023VW2,4.0,2006-08,20,21,0.9524,49,Worth the money!
A2QDZ4P82VRC00,B000023VW2,1.0,2013-09,0,2,0.0,35,worthless
A24820RRYFYLCO,B000023VW2,5.0,2013-04,0,0,,35,Does a very good job.
A3I8OURC83NM6V,B000023VW2,5.0,2009-01,12,13,0.9231,65,Way cool
A21VUD32OENHJE,B000023VW2,5.0,2012-12,0,1,0.0,66,"Compact, very useful"
A1A23QM5WA9F0H,B000023VW2,5.0,2013-08,0,0,,91,Great Little Antenna!
A33PWO1CNL1KAP,B000023VW2,5.0,2013-05,0,3,0.0,43,Sangean ANT-60 Short Wave Antenna
A26X7W5UM5QFT4,B000023VW2,4.0,2011-12,3,4,0.75,302,But if purchased WITH Sony ICF-SW7600GR AM/FM Shortwave Receiver - it's 1-Star
A3SO2AGQXXL8LC,B000023VW2,5.0,2011-01,4,5,0.8,21,sangean ANT-60 shortwave antenna
ABQ255D6JXBNV,B000023VW2,5.0,2013-09,0,0,,29,Great antenna
A1XEL9W3JBAT4P,B000023VW2,5.0,2012-09,5,6,0.8333,56,Serves it's purpose
A3BSE70YMG6FM0,B000023VW2,5.0,2013-12,0,0,,33,Very handy antenna.
A2U3HFFK3XQZOG,B000023VW2,4.0,2010-12,5,6,0.8333,48,Increased reception.
AW68KVDV7BBRS,B000023VW2,5.0,2012-05,6,8,0.75,105,This is supposed to be in the ATS-909X box!!! Not sold seperately
AAVSIY28BPKGV,B000023VW2,3.0,2011-08,4,5,0.8,33,it works
A1D9U33OHQTO18,B000023VW2,5.0,2012-08,1,2,0.5,40,"Gregg L. Friedman MD, Psychiatrist, Hallandale Beach, FL"
A1UJJMFTG7WCX7,B000023VW2,5.0,2014-04,0,0,,20,great
A38R4BGASLLTE1,B000023VW2,4.0,2013-11,0,0,,76,3x as many stations outdoors!
A3IJMGVOWPBCPJ,B000023VW2,3.0,2001-07,77,87,0.8851,105,Good little performer
A3FGOOWBV8SUCA,B000023VW2,5.0,2013-06,0,0,,23,SANGEAN ANT-60 Short Wave Antenna
A31BD4RXCON7QO,B000023VW2,4.0,2011-04,4,5,0.8,124,Good for what it is
A1LC6X68UIRTSN,B000023VW2,2.0,2011-09,5,6,0.8333,95,I Expected More...
A370ZOS3HOG1JH,B000023VW2,4.0,2008-05,22,23,0.9565,285,"A very useful, simple accessory"
A3SL7UWG7Z4H4T,B000023VW2,4.0,2013-11,0,0,,56,Simple But It Works
A1OXZ8PYU1A2J0,B000023VW2,5.0,2013-06,1,1,1.0,93,Nice indoor antenna
AC5OU76YOTP4F,B000023VW2,2.0,2012-12,0,2,0.0,53,Short Wave
A18VHVC7JXA7H7,B000023VW2,5.0,2014-01,0,0,,32,Good antenna
ACMRDAKUXXN5D,B000023VW2,5.0,2014-04,0,0,,58,Good
A2MFRJZCVA0QWY,B000023VW2,5.0,2014-02,0,0,,22,It woks
A1QCZTQ1QBG892,B000023VW2,5.0,2010-10,5,6,0.8333,27,Very nice and convenient for a portable antena
A57QS8CXFWMV5,B000023VW2,5.0,2008-04,14,15,0.9333,27,Extend the Range of Your Shortwave
A3F29V1XQ72M3M,B000023VW2,5.0,2014-05,0,0,,66,Not bad for an external antenna
A3SY619VFSOOZY,B000023VW2,3.0,2013-06,1,1,1.0,86,Sangean ANT-60 vs Tecsun PL-398BT Whip Antenna
A1P6EK8AZ4MHTA,B000023VW2,5.0,2011-12,1,3,0.3333,32,Convenient travel antenna
A1KSTH3S1COKUU,B000026D8E,4.0,2009-04,0,0,,39,Very good product
ACKFOZS2ASBAT,B000026D8E,5.0,2009-01,0,1,0.0,34,Seagate Drive
A1BVQGCOMB4H3W,B000026D8E,5.0,2009-04,2,3,0.6667,186,Smooth Barracuda!
A1RRO3BUQIZ8QF,B000026D8E,5.0,2009-02,0,1,0.0,135,I love this drive!!
AKM19L55URK6R,B000026D8E,1.0,2010-03,0,0,,53,Died after 5 months
A2V4T35IYF9G0V,B000026D8E,1.0,2009-01,23,23,1.0,522,My last 750G Seagate lasted 0.9 years. This 1T Seagate lasted 3 weeks.
ABOBJFJKCAKYH,B000026D8E,1.0,2009-08,2,3,0.6667,90,firmware issues
A1AWPV3PS9IH3U,B000026D8E,5.0,2009-05,1,1,1.0,34,It just works
A2SRMKY38HBNS6,B000026D8E,4.0,2008-12,0,1,0.0,39,Easy upgrade
A3EAA602DJCZQ4,B000026D8E,4.0,2009-04,1,1,1.0,100,1 tb drive that worked
A3OXHLG6DIBRW8,B000026D8E,2.0,2009-02,0,0,,84,Would Have Picked A Different Drive
A2ZQ8RJULU5ON3,B000026D8E,1.0,2008-11,2,4,0.5,44,Bad Product
A329B6BKTHQ41A,B000026D8E,5.0,2009-04,3,4,0.75,75,Packaged very securely
ATXZN4ZBT7VT,B000026D8E,5.0,2009-01,0,1,0.0,47,no problems
A3BAEV1COL0XKT,B000026D8E,4.0,2009-06,0,0,,77,The ones that work are great.
A2AF0NOCM71J0B,B000026D8E,5.0,2009-02,5,6,0.8333,138,"High Performance, Solid Reliability"
A1VIG5MS365HSE,B000026D8E,1.0,2010-01,2,2,1.0,182,"horrible, avoid at all costs"
A22CGPNH63WDJZ,B000026D8E,1.0,2010-06,0,0,,238,Ticking timebomb
ARI60NK07Q9D,B000026D8E,1.0,2009-05,0,1,0.0,51,Stay Away!!!
A3GNN31HJ11PPA,B000026D8E,5.0,2009-03,1,2,0.5,124,Great price-performance drive
A32B832WK76HYN,B000026D8E,2.0,2010-04,0,0,,108,Works fine...until it breaks.
A3D0WID5KX7YQ0,B000026D8E,5.0,2014-02,0,0,,37,Reliable
AXPQHTRIH7TPK,B000026D8E,1.0,2009-01,3,3,1.0,70,This Product is a Disaster!
AW2YZ8GHU8GIV,B000026D8E,5.0,2011-06,0,0,,45,Great Drive
A1YLBWLRPCN0A8,B000026D8E,1.0,2010-02,0,2,0.0,111,CUIDADO...
A3HLIVR8UY72P6,B000026D8E,5.0,2008-11,2,5,0.4,25,Huge hard disk
AXI2RYB20ZZM4,B000026D8E,5.0,2009-02,0,1,0.0,85,Works Great
A1028XZRNI0NRP,B000026D8E,3.0,2008-12,0,2,0.0,64,sata drive - oem
AYEVRJCDITQ8T,B000026D8E,3.0,2008-12,0,6,0.0,69,Decent Harddrive
A2LVSXBNK9VN3R,B000026D8E,5.0,2012-12,0,0,,22,Storage Drive a must!
A3VAJFVJMB8RI4,B000026D8E,1.0,2014-02,0,0,,34,Seagate junk
A25MMGY5LQ9R8J,B000026D8E,5.0,2009-03,0,0,,47,quiet as a church mouse / jumper 3.0 vs 1.5
A250AXLRBVYKB4,B000026D8E,1.0,2009-08,6,7,0.8571,280,3 Dead drives in less than 12 months!
A3KJME3TOKVZ4J,B000026D8E,1.0,2009-01,2,3,0.6667,81,It's dead!!
A12VYWCG0OBMM9,B000026D8E,1.0,2009-06,0,0,,36,3 Failures in 4 Months
A4Y8MPXJ35Y7R,B000026D8E,1.0,2011-05,0,0,,258,Mine Also Failed...
A3E4QDD0JTGT2T,B000026D8E,1.0,2009-01,5,5,1.0,73,Lasted about six months before bricking
A2HS0J5LRYD1WF,B000026D8E,1.0,2008-12,1,1,1.0,87,Steer away from these Seagate 7200.11 series
AB76THS0IXKAQ,B000026D8E,1.0,2010-12,0,0,,97,Failed in less than a week
A1XNP1G5HWNGB7,B000026D8E,5.0,2009-07,0,3,0.0,43,Great Disk - Great Price - Love-it!
A1SMPBX582OIDY,B000026D8E,5.0,2009-04,2,4,0.5,34,dependable Seagate hard drive
A2ABALJP4ZTH4P,B000026D8E,5.0,2009-04,0,1,0.0,122,Good Drive
A2EF8N7ZE7ONWX,B000026D8E,4.0,2009-01,36,39,0.9231,312,A good 1TB drive choice
A2RWBBQ4TLBQTY,B000026D8E,1.0,2010-03,0,0,,65,DO NOT GET THIS HARD DRIVE!!!
AE88D7OM7YU99,B000026D8E,1.0,2009-12,0,2,0.0,85,These hard drives are absolute garbage.
A2WHVT3GA5J71X,B000026D8E,5.0,2008-05,3,6,0.5,16,Excellent HD!!
AGC8S0U7W23FQ,B000026D8E,5.0,2009-12,0,0,,121,Seagate ST31000333AS
A2YAVWHYO1PZMK,B000026D8E,1.0,2011-11,0,0,,51,On my 3rd one
A3OMJNYBG168ZU,B000026D8E,1.0,2011-10,0,0,,72,Danger--stay away!
A2VG364UUGYFHI,B000026D8E,1.0,2009-03,7,7,1.0,472,-5 stars
A1ZR6RT42KHUIF,B000026D8E,1.0,2009-01,10,12,0.8333,53,Serious firmware bug
A38FSZIH7JWJU5,B000026D8E,5.0,2009-07,0,0,,72,"Good speed, reliable"
A2LCO1J0MNWB43,B000026D8E,1.0,2010-08,0,0,,78,Junk
A1K5HZNTA6MMAK,B000026D8E,5.0,2013-12,0,0,,23,Great drive
A13BRR77UOED7D,B000026D8E,5.0,2009-05,1,3,0.3333,40,SeaGate 1 TB Hard drive
A105R38CAPDBGU,B000028F42,1.0,2009-03,0,0,,77,Not a fan.
A3PUCC1JC9NZTF,B000028F42,5.0,2001-08,60,67,0.8955,66,Reliable and very convenient
AROTQNRZ51CUU,B000028F42,2.0,2005-06,4,4,1.0,68,Fuse did not work - unit blew up!
A283A424XAZCGX,B000028F42,4.0,2007-06,3,3,1.0,61,Only draw back
ANYNGATL97915,B000028F42,5.0,2010-11,0,0,,44,Complete Set
AMEGPD597TRUN,B000028F42,5.0,2007-03,2,3,0.6667,18,A must for travellers
A309WRQUO9GY7T,B000028F42,4.0,2007-01,23,23,1.0,149,"Big and heavy, but they work well..."
A2F1P10GGZ7K2T,B000028F42,4.0,2005-10,1,1,1.0,56,it works and the price is right
A10U7PLPODFA0M,B000028F42,4.0,2008-02,1,1,1.0,41,Not bad...
AKKSHEGRQVQRK,B000028F42,5.0,2007-04,8,8,1.0,57,"Very Nice Travel Package, works well"
A2YKIR73T6AE2O,B000028F42,3.0,2006-06,6,7,0.8571,45,Worked well until it smoked
AO8F2P769YIA9,B000028F42,2.0,2007-11,3,3,1.0,117,"Low quality, but it did work for the whole trip."
A238WA18BQAU8A,B000028F42,1.0,2008-09,3,3,1.0,200,"Very unreliable product, save your money and buy something else"
A18BX7HMYDZ7IP,B000028F42,1.0,2007-08,8,9,0.8889,127,Voltage Converter
A1CYTBE7LLUQ8F,B000028F42,5.0,2006-11,11,11,1.0,132,5 years continuous use and still works great
AOEAD7DPLZE53,B000028F42,2.0,2008-03,102,106,0.9623,355,"Learn the truth about ""Dual Wattage"" converter and don't get burned"
A3JGFQZR5BJFF8,B000028F42,5.0,2006-02,5,7,0.7143,179,Has worked perfectly so far on two European trips
A231WM2Z2JL0U3,B000028F42,5.0,2000-11,129,137,0.9416,41,Excellent.
A16WC792GYEGGD,B000028F42,3.0,2006-05,6,7,0.8571,62,Not Sure If This Works
A1415PRQTR4HMY,B000028F42,4.0,2008-07,1,1,1.0,42,Works In UK
A21T321YCLK17C,B000028F42,1.0,2006-06,8,8,1.0,42,DOA
A3QM50LF2CHU6,B000028F42,5.0,2014-03,0,0,,58,great one
A2N44JXLCGCKVR,B00002EQCS,5.0,2013-12,0,0,,20,NETGEAR ProSAFE 8-Port Fast Ethernet Desktop Switch (FS108)
A2IAOKN86UONF9,B00002EQCS,5.0,2013-04,1,1,1.0,49,Since 1998
ADNDDTNOTZFXP,B00002EQCS,5.0,2013-10,0,0,,23,Excellent for classroom use
A1BJ26WC90V5KV,B00002EQCS,1.0,2013-10,0,4,0.0,39,Waste of money
A11T76EZ8AG96E,B00002EQCS,4.0,2005-08,2,2,1.0,43,reliable switch at a good price
A2MPVQT5N0NB20,B00002EQCS,5.0,2013-03,1,1,1.0,25,Good Product
A3TEP6U427LK9Z,B00002EQCS,5.0,2014-03,0,0,,23,LAN Parties all the way
A1DPYRDSP17UT0,B00002EQCS,3.0,2012-11,0,1,0.0,20,It's fine for old technology
A3RZX5KZX4HYG6,B00002EQCS,2.0,2012-06,0,1,0.0,190,"Poor documentation, questionable quality / support"
A2J13N66WSPPPF,B00002EQCS,5.0,2014-07,0,0,,77,"Simple, rugged and reliable switch"
ADMG20HK1BEO7,B00002EQCS,2.0,2013-05,0,0,,85,Never got it to work
AM7VNKKUJK97J,B00002EQCS,5.0,2008-12,1,1,1.0,99,Excellent for home networking
APVAEF5ZIRL6D,B00002EQCS,5.0,2009-09,1,1,1.0,52,Excellent Quality Switch
A32PY9MW5928O5,B00002EQCS,4.0,2013-09,0,1,0.0,30,Broke after 10 years
A149RNR5RH19YY,B00002EQCS,4.0,2004-07,4,6,0.6667,71,"it's good, but pls get 2A power supply instead"
A16OL6XJCMNFQ2,B00002EQCS,5.0,2000-12,8,9,0.8889,132,Netgear's FS-108: a 1st class switch at a fantastic value
A2AVX8HN2XX0WQ,B00002EQCS,5.0,2014-06,0,0,,7,Five Stars
A27A10YC94A9G2,B00002EQCS,5.0,2014-02,0,0,,59,Easy - No Set Up Needed
A2KHV9BF02Y4LH,B00002EQCS,5.0,2013-02,1,1,1.0,27,Desktop Switch
A31QWIVYZ7XU53,B00002EQCS,1.0,2005-09,1,4,0.25,78,Power Problems
AOA7NY2649Z9I,B00002EQCS,5.0,2014-06,0,0,,73,Good product
A29CIMCVNUZQ8B,B00002EQCS,5.0,2013-01,1,1,1.0,31,Works as advertised
A3LFBEOD5RIGMK,B00002EQCS,5.0,2014-04,0,0,,27,Simple switch
A1ZWKX2XRUHGYO,B00002EQCS,2.0,2013-02,0,0,,36,Would not buy again
A1PWB41M2CYPTG,B00002EQCS,5.0,2013-12,0,0,,21,Works great.
A1A22RM1NZTVQV,B00002EQCS,5.0,2010-12,1,1,1.0,40,Great little switch
A1TDR7Y90SVCHL,B00002EQCS,5.0,2002-05,3,3,1.0,27,Great and solid performance
A1GF4BH6WPBZ4Y,B00002EQCS,2.0,2009-09,7,7,1.0,114,"Promising, but unreliable"
A2RPRWKVCY13FI,B00002EQCS,5.0,2012-12,1,1,1.0,37,Solid Unit - Great Warranty
A31N0XY2UTB25C,B00002EQCS,5.0,2009-10,1,1,1.0,61,Nice unmanaged switch with a METAL case
A8VNRW9OJGDV0,B00002EQCS,5.0,2014-02,0,0,,23,Works very well
A2SVJ8MKR2VB0T,B00002EQCS,5.0,2014-03,0,0,,21,the switch in time does fine
AZ9QAIBGTLTLB,B00002EQCS,5.0,2014-01,0,0,,21,fit the bill and is high quality
A202Y9F2VN8KY2,B00002EQCW,4.0,2014-05,1,1,1.0,55,Super easy to use and well built
A1LZUJF8AQ796R,B00002EQCW,5.0,2014-04,0,0,,20,Great Product
A17VA7VAEI0PQK,B00002EQCW,5.0,2013-05,0,0,,20,Reliable and great price
A1435OKJPDTTGP,B00002EQCW,5.0,2011-03,1,1,1.0,46,Gold Standard for Switches
A1EB93IMG9QWBB,B00002EQCW,5.0,2011-08,3,3,1.0,88,"Simple, yet perfect"
A1N4UL33MD8BOY,B00002EQCW,3.0,2011-04,0,2,0.0,83,Read the fine print (maybe not so fine)
A3VFSX2M29WGA0,B00002EQCW,5.0,2010-02,1,1,1.0,62,Netgear FS105NA
A23MY68C1MAZVN,B00002EQCW,5.0,2013-12,0,0,,24,Great!
A1SNYIW6EDDE4R,B00002EQCW,5.0,2011-07,0,0,,67,Worked Great For Home Theater
A3VHEYLZ0R7LCU,B00002EQCW,5.0,2008-11,0,0,,26,Great product
A1KUEYKLNP6CIW,B00002EQCW,5.0,2011-02,1,1,1.0,267,EXACTLY what was needed.
A29XOCWBBZCUI0,B00002EQCW,5.0,2009-06,17,17,1.0,188,Simple and Reliable
A1BMQC79FGKV00,B00002EQCW,5.0,2013-02,2,2,1.0,19,Works
A3766V4YCREN0D,B00002EQCW,5.0,2014-06,0,0,,37,great product
A3HYTLSRSV68HF,B00002EQCW,5.0,2012-12,0,0,,31,Easy setup and works like a charm
A1F4P9AXMQ4XZU,B00002EQCW,4.0,2014-06,0,0,,23,It does what it's supposed to do.
A1MEY9ETHMVX4Q,B00002EQCW,5.0,2011-10,2,2,1.0,78,Perfect for Home Network
A2XW6VPIR979KN,B00002EQCW,5.0,2014-06,0,0,,29,Netgear
A3KHL3O4K6WMXN,B00002EQCW,5.0,2014-06,0,0,,37,Yeah - that's what I'm talking about!
A24B12OG6NW0WH,B00002EQCW,5.0,2013-11,0,0,,23,Perfect
A1W476YCP7DZ2S,B00002EQCW,5.0,2014-01,0,0,,35,Good looking five port switch
A3L5VIXGTCW2X9,B00002EQCW,5.0,2013-02,0,0,,44,"Reasonably Priced, EASY to Hook Up"
A2YFWEBG4CGKP0,B00002EQCW,4.0,2013-10,0,0,,26,Helps speed
A3K7PWRX8GXJZP,B00002EQCW,5.0,2013-04,0,0,,83,Great Internet Switch
A2X117IF5LX1B5,B00002EQCW,5.0,2013-11,0,0,,33,serves a printer and PC well
A1720HQJ5FZ87L,B00002EQCW,5.0,2011-05,3,3,1.0,48,NetGear 5 port switch
AMHDZ16XSYASU,B00002EQCW,5.0,2013-10,0,0,,29,Great
A28ORIA0YWRKEK,B00002EQCW,5.0,2013-02,0,0,,36,This little net gear switch works great
A2CNZUBFWM361Q,B00002EQCW,5.0,2011-05,1,1,1.0,52,Ethernet  port sharing on Router
AEGLY4IPD9UWP,B00002EQCW,5.0,2010-11,0,0,,77,"First time using a netgear, I love it!!"
A2P7N9VW82JOKE,B00002EQCW,5.0,2011-02,0,0,,69,Works like it should.
A2HZLT6N4OLB4J,B00002EQCW,5.0,2014-06,0,0,,42,Great Switch
A10UQI8QS0Z2N3,B00002EQCW,5.0,2013-04,0,0,,28,Does the job. Excellently.
A25UHHZKAFJ563,B00002EQCW,5.0,2013-06,0,0,,20,good value
A3J2YU2D9BH2J7,B00002EQCW,5.0,2013-11,0,0,,135,Excellent way to get extra router ports!
A3GGZJZZFQ7S5D,B00002EQCW,5.0,2013-03,1,1,1.0,125,Works Great!
A3QJVGI8XV8UVV,B00002EQCW,5.0,2014-07,0,0,,3,Simple and effective.
A1HTXF6132KVZY,B00002EQCW,5.0,2013-01,0,0,,71,Needed expansion
A1NS37O7XRA5KG,B00002EQCW,4.0,2012-04,0,0,,125,Sturdy switch
AOJBKPV6ELTE9,B00002EQCW,5.0,2013-03,0,0,,41,"Small, sturdy, effective"
AOYZWX4I1LA44,B00002EQCW,5.0,2014-05,0,0,,59,Performs Flawlessly
AK66HX2T0YN6,B00002EQCW,5.0,2010-11,0,0,,27,Worked right out of the box!
A3I5S0G8FMWV03,B00002EQCW,5.0,2013-05,0,0,,33,Netgear knockout.
A2CRIC1BKMLACP,B00002EQCW,5.0,2013-11,0,0,,72,Quality switch.
A3JI2LW8IB9YOV,B00002EQCW,5.0,2013-09,0,0,,45,Great for the price
A1FV6SJ6Z27O1E,B00002EQCW,4.0,2013-09,0,0,,161,Nice Little 5 Port Ethernet Switch
AAAI5A49L3MKG,B00002EQCW,5.0,2011-12,4,5,0.8,75,"Easy to set up, great price"
A3EML7WV7A5QZW,B00002EQCW,5.0,2013-12,0,0,,46,Works as expected
A2AAB4Y69I91Y0,B00002EQCW,3.0,2013-01,0,1,0.0,20,Works great
A1BAOU9WXR429D,B00002EQCW,5.0,2014-07,0,0,,96,Great to split internet connection into two seperate devices
AQCZRP5A2QHBR,B00002EQCW,5.0,2014-03,0,0,,20,Great small switch
A280Z5W5NYT9B9,B00002EQCW,5.0,2009-10,0,0,,63,Solid product
A4IL0CLL27Q33,B00002EQCW,4.0,2013-08,0,0,,20,"Reasonably priced, solidly made switch"
AB2PV7PVCSMT2,B00002EQCW,5.0,2013-06,0,0,,29,Plug and Play
A2MYK96VGMBV0S,B00002EQCW,4.0,2010-10,0,0,,93,Netgear Switch Port
A2IP0Z4VPCAXZ1,B00002EQCW,5.0,2009-01,1,1,1.0,37,Great bang for the buck
AAYB56GHHGB6R,B00002EQCW,5.0,2013-04,0,0,,73,2nd one I've purchase - works great plug & Play
AQ28L0J970DVW,B00002EQCW,5.0,2013-03,1,1,1.0,25,Great Product. Have many of Netgear's switches. All working well for a long time
A29EGA8RIDPUJ1,B00002EQCW,4.0,2007-03,3,3,1.0,269,Definitely improves performance for a small LAN
A1ULAF163Z7PM7,B00002EQCW,5.0,2013-04,1,1,1.0,92,"Simple, robust, no problems"
A3MIIKWIS9MBET,B00002EQCW,4.0,2012-10,0,0,,64,Simple and straight forward
AAR7CEPXYJA0T,B00002EQCW,2.0,2010-06,2,5,0.4,169,LED lights and Ethernet ports on same side causing problems
A3UMZ8DDGIC0DO,B00002EQCW,5.0,2014-04,0,0,,32,Does what it is supposed to
AARTRGFVZ9LXG,B00002EQCW,4.0,2011-09,0,0,,45,Solid Product
A3UWM2JGOASDI4,B00002EQCW,5.0,2011-03,1,1,1.0,86,Small Switch Big Performance
A100WO06OQR8BQ,B00002EQCW,5.0,2011-01,1,1,1.0,104,Excellent Switch
A387QAUJHI23S8,B00002EQCW,3.0,2013-08,0,0,,27,switch
A3NGOG8Z78AZSD,B00002EQCW,5.0,2011-01,1,1,1.0,267,"Super solid switch at a low cost -- 10/100, not gigabit ethernet"
ABUHPSLHCHE8,B00002EQCW,5.0,2013-08,0,0,,29,Works great
AA6956HVSVG1T,B00002EQCW,5.0,2010-01,0,1,0.0,62,"Highly reliable, cheap and great quality"
A38CQJJOWSL8A7,B00002EQCW,5.0,2010-11,0,0,,30,Simple ethernet port expansion
A3GHITPT5SRXBH,B00002EQCW,5.0,2013-06,0,0,,30,nice switch
AY5VJCY3K4DD8,B00002EQCW,4.0,2010-12,0,0,,132,Solid Switch
A2859C020TGTJV,B00002EQCW,5.0,2012-05,0,0,,24,Good stuff
A2HPFRNPZZ405N,B00002EQCW,5.0,2010-04,0,0,,37,Good solid low cost switch
A1BBAECLOD0XFN,B00002EQCW,5.0,2010-02,0,0,,116,"Status lights on each jack, reliable"
A1R19YYR5OR26T,B00002EQCW,5.0,2013-05,0,0,,90,Love the feel
A2XXO4NDGULP0M,B00002EQCW,1.0,2012-09,4,4,1.0,396,TWO of these died on me!
A1WWZXNOXBCIMN,B00002EQCW,5.0,2013-03,0,0,,50,Another quality product from Netgear.
A3M42KV16HOLX3,B00002EQCW,5.0,2013-03,0,0,,22,Router switch
AZGNX5BBS3UMW,B00002EQCW,5.0,2013-04,0,0,,24,Netgear FS105 Prosafe Desktop Switch
ARX6W8UN2PYJ1,B00002EQCW,5.0,2014-02,1,1,1.0,33,"Great product, great price"
A3U9ECP0UKZYO0,B00002EQCW,4.0,2013-08,0,0,,120,Tough Job Well Done
A39F5L16R1ATFS,B00002EQCW,5.0,2013-04,0,0,,63,Great product!
A1HBLNE8QYSG3Z,B00002EQCW,5.0,2007-11,3,3,1.0,108,great home network extender
A1TDHAKEDTJL2J,B00002EQCW,4.0,2010-08,0,0,,58,Good to Have Around
A27C68294LPSDE,B00002EQCW,5.0,2012-09,0,0,,60,"Great switch, great price"
A3W2UTN0BC4ZKD,B00002EQCW,4.0,2000-07,58,63,0.9206,207,"Fast router, flexible, design is a bit uncomfortable for me."
A39CUQBMV62S5O,B00002EQCW,5.0,2009-11,0,0,,31,Great switch
A3SDQ1BJ9RTQ2B,B00002EQCW,5.0,2013-04,0,0,,25,Five port switch
A2MOD50IHEDH3G,B00002EQCW,5.0,2012-05,1,1,1.0,143,Incredible Value!
A26SDXLH2076YY,B00002EQCW,3.0,2010-04,0,1,0.0,22,Works Great!
A1EKSHKY9G1K18,B00002EQCW,5.0,2011-05,3,3,1.0,296,Exactly what I needed for home theater connection
A1X9YWCDW70VCP,B00002EQCW,4.0,2013-10,1,1,1.0,49,Netgear ProSAFE 5-port switch
A3HE9I4GQ4OXYE,B00002EQCW,4.0,2003-01,4,4,1.0,200,I wish the ports were on the back
A34G4GSIYY4JJ3,B00002EQCW,5.0,2013-01,0,0,,103,A tried at true solution...
A3NWP4CG5S2PDE,B00002EQCW,5.0,2013-03,0,0,,133,Works Great!!
A3K6GPH3ONDHFT,B00002EQCW,5.0,2011-04,1,1,1.0,96,Simple and Efficient
AS28WVBBZ3G99,B00002EQCW,5.0,2014-07,0,0,,64,Simple. High Quality. Fast. Easy.
A3TAS1AG6FMBQW,B00002EQCW,5.0,2013-01,0,0,,112,Another quality product from Netgear - only 4 ports usable once connected to the router or network
A7696ALS0LKSV,B00002EQCW,5.0,2012-04,0,0,,92,Switch
A441R59DABT6E,B00002EQCW,5.0,2012-08,0,0,,104,Plug and Play-Beats WIFI Buggies Any Day
A1VQA08VWB9ALB,B00002EQCW,4.0,2013-01,0,0,,47,works well
AVBG4AB5XVKNB,B00002EQCW,5.0,2013-03,1,1,1.0,58,from 1 to 4
A1OG5AUTRLC040,B00002EQCW,5.0,2013-11,0,0,,51,Good 5-port switch
A1Z4FT2OMHIYFU,B00002EQCW,1.0,2009-05,9,21,0.4286,99,Unreliable
A18MVVNA2U9YNU,B00002EQCW,5.0,2014-04,0,0,,72,Plug N Play
AJDNE10BS99IC,B00002EQCW,4.0,2014-05,0,0,,34,Standard Ethernet switch
A1885J18PY8I7S,B00002EQCW,5.0,2013-10,0,0,,44,Seems to work ok
A16AF8BFMCVOWW,B00002EQCW,5.0,2014-03,0,0,,49,Great little switch
ACDUPC4QGE99F,B00002EQCW,5.0,2001-01,133,140,0.95,232,"A good, solid switch.  A little nicer than others."
A3P1V5EP4RJDKS,B00002EQCW,5.0,2014-02,1,1,1.0,29,Nice Switch
AHKLKGLLMS5R5,B00002EQCW,5.0,2013-10,0,0,,34,5 port ethernet switch
A3U454B540HWZS,B00002EQCW,4.0,2012-04,0,0,,151,Great switch....don't count on the rebate
AWNWOMUT9HS2D,B00002EQCW,4.0,2007-11,4,4,1.0,98,Still the best cheap desktop switches
A21GNL0UCLB2SI,B00002EQCW,4.0,2012-07,0,0,,174,"Easy, affordable, awesome!"
A2TE3USS8JS1UO,B00002EQCW,5.0,2014-06,0,0,,56,Great switch.  Works on a linux-based PC (Ubunut) where a Trendnet switch didn't
A143LJ4G2OPP7T,B00002EQCW,5.0,2013-05,0,0,,63,Netgear ProSafe are the best
A8IVR2DGBOR3Q,B00002EQCW,5.0,2009-01,0,0,,62,Does the job. Using with PS3/Xbox360
A3GZZ7O20BZQ94,B00002EQCW,4.0,2010-04,0,0,,15,Does the job
AGL95K4GLGZ4J,B00002EQCW,5.0,2011-12,3,3,1.0,61,ethernet hub
A3M1BNMWE8A633,B00002EQCW,2.0,2010-11,1,1,1.0,66,"Cuts out randomly, needs reboot."
A1QV9FV8OBTHZ4,B00002EQCW,5.0,2014-06,0,0,,32,Plug and play
A3V1MV24OOGX36,B00002EQCW,1.0,2012-07,2,3,0.6667,25,Went BAD after 2 months
A20YJDWDMWZ9NS,B00002EQCW,2.0,2013-11,0,5,0.0,25,Thought it was a router...
AAFIE0FF7B95V,B00002EQCW,5.0,2011-04,0,0,,20,Does the job nicely!
A3A8EWK181RGFU,B00002EQCW,3.0,2010-07,0,2,0.0,158,"A Cheap Switch, No Surprises"
ADCR5CY3S9AQW,B00002EQCW,3.0,2012-03,0,2,0.0,173,"Cisco 1, Netgear 0"
A1R0Z1BJGWRH8E,B00002EQCW,5.0,2007-11,1,1,1.0,31,As Expected - Great!
A1EDBC5HQQY98Q,B00002EQCW,5.0,2013-08,0,0,,34,Great 5-port Ethernet Switch
A1FMZGVDOLOP9W,B00002EQCW,5.0,2012-09,4,4,1.0,28,"Great switch, misleading rebate."
AEQ1H8QRESMPD,B00002EQCW,4.0,2012-02,0,0,,27,Does the job
A2013X1OLSB1O9,B00002EQCW,5.0,2014-06,0,0,,21,Works as Expected
A4HRLWU9GJCEF,B00002EQCW,5.0,2013-09,0,0,,32,It's a switch!
A3LTB2C1YPJXT5,B00002EQCW,5.0,2012-10,0,0,,58,Just what I needed.
A3UO7TPKCH3D4,B00002EQCW,3.0,2010-06,2,11,0.1818,95,Only 4 usable ports
A31OQEN2R4QZKE,B00002EQCW,5.0,2011-04,6,7,0.8571,155,Didn't need router to stream Netflix
AGXS84QRM01ZE,B00002EQCW,5.0,2014-04,0,1,0.0,31,It's a 10/100 - reliable
A2V504B39HC7IQ,B00002EQCW,5.0,2012-12,0,0,,42,Well made and works great
A3NXN2XK3S4HN1,B00002EQCW,4.0,2013-06,0,0,,23,Good Switch
A2TUOJ0NZ5T01H,B00002EQCW,5.0,2012-12,0,0,,31,Good stable cheap switch
A2EQ0QDOSGH6AC,B00002EQCW,5.0,2013-06,0,0,,212,Mini Switch splitter for your network
A1IGVPJTW1ED3W,B00002EQCW,5.0,2014-03,0,0,,37,Great Switch.
A1BM3CYLFRE4X5,B00002EQCW,5.0,2014-03,0,0,,47,Quick solution
A1YLL71R2M75LC,B00002EQCW,5.0,2010-10,0,0,,48,Great Switch and EASY to Setup
A70WOSKH59VRE,B00002EQCW,5.0,2011-01,0,0,,31,great little product
A24VVE3E7D4GVQ,B00002EQCW,5.0,2013-02,0,0,,54,Super solution to a two-computer problem.
A3I1GZ3Z7AXSNZ,B00002EQCW,2.0,2010-07,0,0,,470,*Updated* So far so good... not anymore
A6S1IS2P44QEE,B00002EQCW,5.0,2002-04,1,1,1.0,43,"Good Device, Small Size is a +"
ANUZ58K6OIJN2,B00002EQCW,5.0,2010-02,1,1,1.0,24,Great switch
A2QMPB2I0Z5K6W,B00002EQCW,5.0,2011-10,2,2,1.0,26,well built and a good buy
A26HC0DYVSVNUS,B00002EQCW,5.0,2011-01,0,0,,118,"Amazingly Simple, Easy, and Rugged"
A1V21SKYOEGN2D,B00002EQCW,5.0,2013-11,0,0,,20,Works perfectly.
AV5UHOOAXF5FN,B00002EQCW,5.0,2009-12,1,1,1.0,243,"Good, but aging"
AYEXT1RVLWRXW,B00002EQCW,5.0,2009-04,1,1,1.0,71,Great switch
AMT7TEOP9X8JS,B00002EQCW,3.0,2013-04,0,0,,88,1 major downfall
A7YKQRCRPPCMU,B00002EQCW,5.0,2012-01,0,0,,35,Still working.
APRO0FN36AK1V,B00002EQCW,5.0,2013-11,0,0,,38,So far so good
A1HN2ZEPOV8JOG,B00002EQCW,5.0,2013-01,1,1,1.0,194,"Simple, inexpensive, reliable, and a workhorse!"
A23M2D8GZPCWCV,B00002EQCW,5.0,2013-09,0,0,,48,"Compact, plug and play, adequate."
A8E0SNQFWA5TB,B00002EQCW,5.0,2013-03,0,0,,28,Does the job
A119VL7KR5EIR6,B00002EQCW,5.0,2009-01,1,1,1.0,57,Great Project
A3JQDX6UB87982,B00002EQCW,5.0,2013-09,0,0,,24,Works good
A20HOZHZ2URRLW,B00002EQCW,5.0,2014-05,0,2,0.0,32,Simple and reliable
A1JQ7K37IVD50C,B00002EQCW,5.0,2013-08,0,0,,34,Easy
A1W0QK53EN02H5,B00002EQCW,5.0,2010-06,0,1,0.0,48,Good product for adding connections
AJK49DENMS2BT,B00002EQCW,5.0,2013-11,0,0,,57,Far superior in quality to the device it replaces.
A2XWP890G6ARFW,B00002EQCW,5.0,2014-02,0,0,,111,Great item.
A2DG4I40CMY9QH,B00002EQCW,4.0,2013-10,0,0,,25,multiport hub for networking
A2KZKZSOJDBBIQ,B00002EQCW,5.0,2014-04,0,1,0.0,1,I love it
A35YJ7SBI8ZTME,B00002EQCW,5.0,2010-08,0,0,,21,Great deal
AQG17YFAR1ANR,B00002EQCW,5.0,2011-01,2,2,1.0,115,Working Perfectly For Our Needs
AZP2U25R0TN4E,B00002EQCW,5.0,2012-10,8,9,0.8889,64,Fast switch
A1KUKFI8NWFT57,B00002EQCW,5.0,2009-09,0,0,,27,Works great and came on time
A1NPKJKOQ7KOE6,B00002EQCW,5.0,2001-06,6,6,1.0,44,How can you go wrong?
A113JL355TBC33,B00002EQCW,1.0,2013-06,1,1,1.0,26,Died shortly after arrival
A7KEXYO4RMXBP,B00002EQCW,5.0,2013-07,0,0,,21,Switch
A1134O4T95NOR2,B00002EQCW,4.0,2013-01,0,0,,28,Easy install!
A3LISZ01VY6PI7,B00002EQCW,5.0,2012-07,0,0,,30,Netgear reputation:  HIGH
A2T48324YQHU56,B00002EQCW,5.0,2013-05,1,1,1.0,73,Great product
AJJQ188TFNITV,B00002EQCW,5.0,2013-02,0,0,,30,works great
A2UE0QBDSPVE6O,B00002EQCW,5.0,2011-10,0,0,,35,Great switch!
A3BSR1TPMAXW3T,B00002EQCW,5.0,2013-03,0,0,,48,Another quality product from Netgear
A16TTF45LJY6IJ,B00002EQCW,4.0,2013-06,0,0,,26,Great small hub
A1URTX250HLGUF,B00002EQCW,5.0,2013-04,0,0,,40,Netgear FS105 Prot Fast Ethernet Desktop Switch
A3TYJTG8HXTWKY,B00002EQCW,1.0,2012-02,2,7,0.2857,26,Netgear Switch
AEMTCO56SDFS3,B00002EQCW,4.0,2014-04,1,1,1.0,42,Just what I needed
A15KZO444F3B95,B00002EQCW,5.0,2013-08,0,0,,31,Industrial strength
A2AA9EL5OTG0T5,B00002EQCW,5.0,2013-02,0,0,,30,That was easy!
A2AD9V438DGUYU,B00002EQCW,4.0,2013-10,0,0,,21,its a box
AQN56XCI2R7L5,B00002EQCW,5.0,2014-07,0,0,,38,Great switch for gamers!
ADS4GVLF8HIFU,B00002EQCW,5.0,2013-04,1,1,1.0,67,My packets have never been happier!
A2PLSZ90SNG3FV,B00002EQCW,5.0,2010-06,2,2,1.0,161,The UVERSE Preferred Solution
A1PHOPS0I4ADML,B00002EQCW,4.0,2010-10,0,0,,87,Well Built
A102EC3XGCBZ81,B00002EQCW,5.0,2010-03,0,0,,19,great switch and value
A3G8YKV4Q0138F,B00002EQCW,5.0,2013-12,0,0,,28,"Metal construction over plastic, all the time."
A20IGHP5BJ4OD5,B00002EQCW,5.0,2010-03,0,0,,22,review of 5 port switch
A20Q8IOS2PWZKI,B00002EQCW,5.0,2014-04,0,0,,47,Low Price yet Well Made
AZ9QAIBGTLTLB,B00002EQCW,5.0,2014-01,0,0,,24,great product
AAWBS2IBQ0VAU,B00002EQCW,4.0,2011-01,0,0,,66,Nice Switch
A2OXGLRMYMXCHY,B00002EQCW,5.0,2014-02,0,0,,20,Love these little switches
A810PNCBZXIYJ,B00002EQCW,5.0,2010-10,0,0,,49,Good switch
AMBFK6N4JS5Z2,B00002EQCW,5.0,2009-01,21,22,0.9545,99,Doesn't get much easier than this!
A2CGLTQSOX2UYM,B00002EQCW,2.0,2010-09,3,3,1.0,93,Check review dates: Latest batch has defective power connection
A13RCE7C3EU2EP,B00002EQCW,4.0,2012-12,0,0,,20,router
A3OW28ME7CP7BV,B00002EQCW,5.0,2013-02,0,0,,36,Excellent switch.
A16IFD5H3B2SSJ,B00002EQCW,5.0,2010-12,0,0,,27,Plug and Play- Worked fin right out of the box
A2GBQVP43UVKTA,B00002EQCW,4.0,2013-08,0,0,,71,Great switch.
A310FK6D7P891I,B00002EQCW,5.0,2014-04,0,0,,56,LAN network
A4J4J2V4KH7LY,B00002EQCW,5.0,2014-02,0,0,,64,Easy to setup and runs great
AGOPJZFEL0Q1E,B00002EQCW,5.0,2010-01,1,2,0.5,125,Be sure to check the date of the review....
ATW2I5S6S2PFA,B00002JXFH,5.0,2000-08,7,7,1.0,88,Best Keyboard...By Far
A3KYYFT538CZ0O,B00002JXFH,5.0,2001-04,1,1,1.0,23,Microsoft has the coolest addons...
A1HTUOY4NOVZSK,B00002JXFH,4.0,2000-04,0,0,,108,Great Keyboard!
ADDWD385E3MD5,B00002JXFH,4.0,2000-11,4,4,1.0,86,If only it was lighter!
A3IIYC4PF1DTG9,B00002JXFH,4.0,2001-03,0,0,,299,Hotkeys are addictive
A3S87ZOPB3UM9N,B00002JXFH,5.0,2000-12,7,8,0.875,615,"Great keyboard, handy USB ports"
A2TL5R8RQGN4DL,B00002JXFH,5.0,1999-12,0,0,,255,Improvement on Perfection!
A49UG6ANGV6M1,B00002JXFH,3.0,2002-08,0,2,0.0,103,*NOT* recommended for fast typers
A5ITGZTKFCN65,B00002JXFH,5.0,2005-08,1,1,1.0,72,"Much better than elite, more clicky"
A1NVD0TKNS1GT5,B00002JXFH,4.0,2001-03,2,2,1.0,161,"I love to type on it, everything else is only OK."
A2M7NKO97UIVAH,B00002JXFH,5.0,2000-04,33,34,0.9706,213,The best ergonomic keyboard on the planet.
A57Q87B0TC9IJ,B00002JXFH,5.0,2002-04,6,6,1.0,323,As much as I hate Microsoft's business practices...
A23A3FEXAMBOIJ,B00002JXFH,5.0,2007-07,0,0,,92,Very good KB
A1ZG9WMHNMGY62,B00002JXFH,5.0,2001-07,3,5,0.6,404,Microsoft Natural Keyboard Pro: a GREAT product for the Mac
A35WP5LHJSZ4HC,B00002JXFH,3.0,2006-11,0,0,,80,Keyboard works well but VERY LOUD
A24ILKC00ROWQM,B00002JXFH,5.0,2002-09,0,0,,119,Best keyboard ever!
ACISLJANCZZ6L,B00002JXFH,4.0,2002-09,1,1,1.0,155,"With the right wrist support and practice, the best."
A3A48XEYWLWH7T,B00002JXFH,5.0,2000-06,4,4,1.0,289,Finally a Worthy Successor to the Original
A3PLX6PTM2ERKL,B00002JXFH,5.0,2001-06,6,6,1.0,208,Comfortable and Easy to Use
A3UWDEBSKQFM7V,B00002JXFH,3.0,2001-10,0,0,,138,A bit more than I needed
AZRJH4JFB59VC,B00002JXFH,4.0,2001-08,7,7,1.0,311,Nearly doubled my typing speed
A1M4NJYP0WNL8Q,B00002JXFH,5.0,2001-03,12,13,0.9231,378,Significantly Improved...
A2WQNHK82VTJWT,B00002JXFH,4.0,2002-01,1,1,1.0,251,Almost perfect
AN752U9MHN5P5,B00002JXFH,3.0,2000-12,0,0,,152,"OK, flawed software"
A2W3KBMFRUDU4J,B00002JXFH,5.0,2000-09,9,9,1.0,197,A compulsory computer component
A3MWYUFGO2EQE6,B00002JXFH,5.0,2002-02,1,1,1.0,44,Could not ask for more
A243HY69GIAHFI,B00002JXFH,2.0,2000-08,19,22,0.8636,391,Ergonomy is more than a split keyboard
A3O1BQ499WT7IZ,B00002JXFH,5.0,2005-05,2,2,1.0,110,Best keyboard ever made
A3KYYFT538CZ0O,B00002MZ8G,4.0,2001-04,1,1,1.0,43,Microsoft has great keyboards
A1BVIANDXCX7RW,B00002MZ8G,5.0,2002-07,3,3,1.0,150,Great keyboard!  Best tactile feedback ever!
A2QBZTG2TIZDER,B00002MZ8G,5.0,2014-05,0,0,,96,Great feel
A3C1MJ6AYAJ1PP,B00002MZ8G,4.0,2000-05,15,22,0.6818,147,Great keyboard...wrong place to buy.
ASY25YMTIC2A9,B00002MZ8G,5.0,2001-08,4,4,1.0,115,"Great, Durable Keyboard"
A3I88OJ7DVC4RN,B00002MZ8G,5.0,2012-09,0,0,,152,Microsoft Internet Keyboard
AYLC085ZL5X5O,B00002MZ8G,5.0,2002-11,1,1,1.0,94,Very good.
A1E6GEYZYQF84I,B00002N5E4,4.0,2013-04,0,0,,33,"For the price, it works!"
A353UAPCDFKIYD,B00002N5E4,4.0,2012-08,0,0,,44,Working great
A2LELPJEN3H7A2,B00002N5E4,2.0,2012-12,0,0,,81,"Wasn't able to use, not compatible with my electrical box"
ADHABLMCBV9CG,B00002N5E4,1.0,2013-05,0,0,,41,Piece of trash
A155DQ97UZVJSR,B00002N5E4,4.0,2011-10,2,4,0.5,41,Works and inexpensive.
A2CP8OUNLHJXX8,B00002N5E4,5.0,2011-10,1,1,1.0,44,Great Product for the Money
A2WQ0T7U3ETN5S,B00002N5E4,5.0,2012-03,1,2,0.5,63,Great and cheap
A2JBLIOT433R9L,B00002N5E4,1.0,2012-07,0,0,,34,Don't waste your time
A35CLCBHMOLSIN,B00002N5E4,4.0,2014-03,0,0,,63,Works fine
A1JIPRN4LLM20G,B00002N5E4,2.0,2012-04,2,2,1.0,86,2 out of 4 fixtures did not function and a replacement has been requested
A1RMJZO6G0LJYH,B00002N5E4,3.0,2014-01,0,0,,43,Are you feeling lucky?
A3J60ZQRDBBJ4S,B00002N5E4,4.0,2013-06,0,0,,32,It works
A88WV7924NGXQ,B00002N5E4,1.0,2011-08,6,10,0.6,32,Major flaw
AQ0RLBBIWUZ5Z,B00002N5E4,4.0,2012-09,0,0,,120,Good price for a quality item
A2XNOKX6FQPXNF,B00002N7FQ,5.0,2011-03,0,0,,20,Gets the job done
A2VC84WRAOKSDQ,B00002N7FQ,5.0,2014-06,0,0,,30,It works
AVVD6V3FYC99O,B00002N7FQ,5.0,2013-03,0,0,,77,Excellent replacement sensor for outdoor motion flood light
AIQORT9402J1F,B00002N7FQ,5.0,2012-08,5,5,1.0,144,Worked great for me
A1Z5LG7YZ0GWIU,B00002N7FQ,2.0,2012-12,0,0,,27,Motion Sensors
ASB7THP27C5SN,B00002N7FQ,4.0,2013-11,0,0,,32,This replaced the sensors in my motion detector lights
A3E47AJOQG6UK2,B00002N7FQ,5.0,2014-03,0,0,,64,Easy to install and reliable.
A3EUUHAB232JOI,B00002N7FQ,5.0,2014-03,0,0,,137,Works where others do not
A119UPKK8J0VWQ,B00002N7FQ,5.0,2014-01,0,0,,76,Love the price.
ATZ1E69I6MF0N,B00002N7FQ,3.0,2013-04,0,0,,21,Works
A14GKZOAPB9CHY,B00002N7FQ,5.0,2013-11,1,1,1.0,43,"Tough, Efficient and last a decade"
A2Q9ZWQ5NVT19E,B00002N7FQ,5.0,2014-01,0,0,,45,Works well
A80SFDVGOCBU8,B00002N7FQ,4.0,2014-03,0,0,,117,It worked
A2725N1VSUMBIQ,B00002N7FQ,5.0,2014-02,0,0,,21,This works great
A11V9E4044WFNK,B00002N7FQ,5.0,2014-03,0,0,,57,Works with CFL lamp
AALVOR2JKHN5Q,B00002N7FQ,5.0,2013-04,0,0,,106,Replaced 2 sensors with one
A2JJNP8GJFL0DM,B00002N7FQ,5.0,2013-01,0,1,0.0,20,Good
A2MBOX3TNBCBV6,B00002N7FQ,5.0,2014-01,0,0,,235,Good Replacement For Original
A3MXEIQLQZ9ABW,B00002N7FQ,5.0,2013-11,0,0,,22,Good Motion Sensor
A1X3GSQ1ZM4UEQ,B00002N7FQ,5.0,2013-05,0,1,0.0,29,motion sensor
AK0A6283E5XZE,B00002N7FQ,5.0,2013-08,1,1,1.0,45,Great model for the price
ADV3UP462OAFS,B00002N7FQ,5.0,2012-12,0,0,,44,Works
A2BXVR4XBE18T6,B00002N7FQ,5.0,2014-02,0,0,,34,Works well.
A3FMMV53JHL6TU,B00002N7FQ,2.0,2013-07,0,0,,60,Not As Described!
AK087HW5YS5QZ,B00002N7FQ,3.0,2014-03,0,0,,59,Senor is suitable for the location where it is used
AR5UBWWTT2UQM,B00002N7FQ,5.0,2013-06,0,0,,32,Motion sensor
A3JXARXF2KGBIS,B00002NAXD,5.0,2013-04,3,3,1.0,108,just what i needed to put my primary phone into the next room
AR1J3PPLB886B,B00002NAXD,5.0,2013-03,2,2,1.0,22,Works fine.
A24KBB6X5URQ63,B00002NAXD,4.0,2013-01,5,5,1.0,62,Great Product
A203OCQQ12MAVT,B00002NAXD,5.0,2012-12,2,2,1.0,280,Another use - extend control panels on modular jack systems
A29BHRFANZXQ3C,B00002NAXD,5.0,2014-01,0,0,,22,simple
A2MMPAHJUJAVWV,B00002NAXD,5.0,2013-03,2,2,1.0,33,Worked great
ADLVFFE4VBT8,B00002NDRF,4.0,2011-02,3,3,1.0,116,"Crisp, sticky labels"
A4254PHBJAPL,B00002NDRF,5.0,2012-08,0,0,,26,Refills!!!
A1AIK0Q0EGHR7P,B00002NDRF,4.0,2013-04,0,0,,29,Good stuff
A10PEXB6XAQ5XF,B00002NDRF,5.0,2012-06,2,2,1.0,135,Nice Label and $10 Cheaper Here than at Office Depot
A1QMJBMMEDO0RM,B00002NDRF,5.0,2013-03,0,0,,27,works good
A34MAO138NIMQ4,B00002NDRQ,4.0,2014-04,0,0,,21,Works as advertised
AN24ATCW3AY5C,B00002NDRQ,5.0,2014-06,0,0,,35,Great tape for outdoor use
A35LFO0F2ROTNG,B00002NDRQ,5.0,2004-05,2,6,0.3333,43,Works fine
A1Q2YZMM79RW0N,B00002NDRQ,5.0,2014-05,0,0,,35,Good product
A1CQJYMTE8C6WJ,B00002NDRQ,1.0,2006-09,1,37,0.027,125,Terrible!!! BEWARE!!!
A3QSBA4YOYLAP5,B00002NDRQ,4.0,2013-06,1,1,1.0,17,usefull
A2H2I5FY1PUHP1,B00002NDRQ,2.0,2008-12,25,28,0.8929,92,Good...if They Stick
A3U3Z6HB5V8ECV,B00002NDRQ,5.0,2013-08,1,1,1.0,26,worked as intended and would buy again
A34HW115TAJU9J,B00002NDRQ,5.0,2013-09,1,1,1.0,40,Perffect for personalizing school stuff
AZG6CV3B3279V,B00002NDRQ,5.0,2014-04,0,0,,106,One of the best purchases I've ever bought in my entire life
A2U27A197AH87W,B00002NDRQ,5.0,2014-02,0,0,,33,good tape
A12GIOKE26ZFKJ,B00002NDRQ,5.0,2014-01,1,1,1.0,26,Great
A3L8YH446HUCVM,B00002NDRQ,3.0,2013-09,1,1,1.0,25,Not much tape
A2UEYDQ3VZNBF,B00002NDRQ,5.0,2011-10,6,6,1.0,81,Great For Me
A17HNPM0R7HT9Y,B00002NDRQ,5.0,2013-02,0,0,,63,Good Buy with Amazon Prime
A1KBE34UO4E73Z,B00002NDRQ,4.0,2013-04,1,1,1.0,31,Ok Labels
A1H1TAQ6E1TYAM,B00002NDRQ,5.0,2013-03,1,1,1.0,27,Tape is perfect
A19Q4XJNQ1J97K,B00002NDRQ,3.0,2014-07,0,0,,168,Light exposure turns the white labels yellow/brown
A3FFNWA0T3QXDN,B00002NDRQ,5.0,2014-05,0,0,,20,Love it!
AKA4Q4NIXHTAU,B00002NDRQ,5.0,2013-03,0,0,,25,Great Label for the money
A2E7W2XGXMG6RU,B00002NDRQ,5.0,2014-04,0,0,,28,Works Well
AD08RQDB441D,B00002NDRQ,5.0,2013-07,1,1,1.0,73,My machine is now working!
A3UGXRNRXVNAPI,B00002NDRQ,5.0,2013-09,1,1,1.0,21,It works
A2J1QMGQ432RAJ,B00002NDRQ,5.0,2013-08,1,1,1.0,20,it's labeling tape
AN8W0XP8GCN1O,B00002NDRQ,4.0,2011-09,2,2,1.0,28,Labeling Tape
AIN73XQ0LYBTF,B00002NDRQ,5.0,2013-12,0,0,,22,Great!
A3M4FU3WQWJHMP,B00002NDRQ,5.0,2013-09,1,1,1.0,37,Just what I needed.
A3UTWBBK9MKFDL,B00002NDRQ,5.0,2012-11,0,0,,34,happy to find this
A2NKHNO8VA378W,B00002NDRQ,5.0,2013-10,1,1,1.0,22,Best label tape
A3SGAXUWAIY61B,B00002NDRQ,5.0,2012-11,0,0,,20,LAble
A1LE0VV01B2LF2,B00002NDRQ,5.0,2014-04,0,0,,70,Love my labels
AO46YPZ1EAGZ,B00002NDRQ,5.0,2014-01,0,0,,31,LABELING TAPE
AKKIGH65S6ILU,B00002NDRQ,5.0,2013-09,1,1,1.0,47,Good price and good LetraTag tape!
A3EU4P3GZRYHN3,B00002NDRQ,5.0,2014-06,0,0,,26,"Good tape, good price"
A2H781SEVV7GNT,B00002NDRQ,4.0,2012-12,0,0,,22,Labeling
A22M9VM8S9YCZ6,B00002NDRQ,5.0,2013-05,1,1,1.0,21,labelers
A3PUN31Y8OUO4U,B00002NDRQ,5.0,2012-10,0,0,,60,Perfect labels stick on every thing so far!
A184F48SN5WFPU,B00002NDRQ,5.0,2013-06,1,1,1.0,32,great product
A3L9E0YI7C5G0W,B00002NDRQ,5.0,2013-03,0,0,,29,Great Visibility Over Standard White Tape
A2O168CJIAEGL5,B00002NDRQ,5.0,2013-12,0,0,,25,label freak
A5A4374R8I7NB,B00002NDRQ,5.0,2012-08,0,0,,301,Handy - Makes Items Easy to Identify
A6KRB71JYJRBT,B00002NDRQ,5.0,2014-01,1,1,1.0,21,Exact Fit
AGUOI1ESL2O52,B00002NDRQ,5.0,2014-04,0,0,,29,clean and clear
A1TFAKVCUOR9PD,B00002NDRQ,5.0,2013-02,0,0,,30,"DYMO Labeling Tape, Plastic, Bkack on White"
A2MHH4FWA6B6FV,B00002NDRQ,5.0,2011-05,3,3,1.0,66,"Love Labels, wish it had more tape per roll"
A2XY1CTLU0FE9U,B00002NDRQ,5.0,2013-03,0,0,,19,They work
A2IIZ25SZSQGCC,B00002NDRQ,2.0,2003-06,5,13,0.3846,201,Lettering is poor
A3HTMF9ROZGCPK,B00002NDRQ,3.0,2013-05,0,1,0.0,21,Its label tape
A2E9VW8175STQV,B00002NDRQ,5.0,2014-03,0,0,,21,Just as I expected
A153K6XUY9L0CF,B00002NDRQ,5.0,2013-04,1,1,1.0,30,good product
A2GNRMUTWM4TKW,B00002NDRQ,5.0,2013-10,1,1,1.0,25,Dymo Labeling Tape
A3VM9E0ZTN0TH,B00002NDRQ,5.0,2013-03,0,0,,21,Great deal
A2XM50BCI5A9ZT,B00002NDRQ,4.0,2013-05,1,1,1.0,26,Haven't Used It Yet
ABMF4UC4Z00NT,B00002NDRQ,4.0,2012-12,0,0,,29,My favorite of the LetraTag
A12NAEUGYXUIRD,B00002ST80,4.0,1999-11,7,9,0.7778,243,Almost everything you'd want it to be!
A25SPTJVZ8DT1Z,B00002ST80,5.0,2000-05,17,21,0.8095,294,Must have.  Don't get TiVo
ADHS2PU94QURO,B00002ST80,3.0,1999-12,131,134,0.9776,787,"Replay on track, but still has glitches"
A264DG2U0C0BYH,B00002ST80,2.0,1999-11,80,85,0.9412,174,"Replay 2 stars, Tivo 4, Amazon 5"
A2Q6I453ZNXBE2,B00002ST80,2.0,1999-11,10,10,1.0,297,mixed experiences with Replay
A1OPERQ94O8SNS,B00002ST80,4.0,2000-01,0,0,,196,Here's what you need to know about the Replay TV
A3823WQPK4LXLL,B00002ST80,4.0,2000-01,18,19,0.9474,177,Amazon service makes it safe to try
A2IPC51HL9UUYF,B00002SWHH,5.0,2000-01,13,13,1.0,275,"What you WANT to watch, WHEN you want to watch it!"
A1LCVSECISPGSO,B00002SWHH,5.0,2000-07,35,37,0.9459,225,Best  A/V Investment I've Made Since My Original Betamax
A36VJLLJTI7TIA,B00002SWHH,5.0,2000-12,11,11,1.0,341,It's changed my life
A21AOHWYUQ3QEY,B00002SWHH,3.0,2001-11,31,32,0.9688,272,READ THIS before you buy and SAVE A LOT OF TROUBLE!
AF0QD2FT1ZFVH,B00002SWHH,2.0,2000-08,11,31,0.3548,73,Beware!!
ALUNVOQRXOZIA,B00002SWHH,5.0,2000-08,14,18,0.7778,132,The COOLEST and BEST Product on the Market
A2NGUYX6A691YS,B00002SWHH,5.0,2000-03,1,1,1.0,853,You NEED this....
A3JMQ363OSCWU2,B00002SWHH,5.0,2000-02,10,12,0.8333,52,No Regrets!
A3AVNLTWWNIEO9,B00002SWHH,2.0,1999-12,102,124,0.8226,291,I like the concept but the technology isn't there yet.
AFP6C8GPJ4SBQ,B00002SWHH,5.0,1999-12,186,189,0.9841,287,"For once, a product that lives up to its ad slogans"
A1M542G46C8C7N,B00002SWHH,5.0,2001-01,44,46,0.9565,244,Get the smallest cheapest Tivo you can and upgrade
A2R5SM2C87PDOQ,B00002SWHH,4.0,2000-04,26,27,0.963,249,Amazing Set-Up Assistance!
A23Q32B7VTOXE9,B00002SWHH,5.0,2000-10,0,1,0.0,116,Will change your life!
A3CK1XNRHTN402,B00002SWHH,1.0,2002-07,2,3,0.6667,109,"TIVO is Great, Tivo support from Phillips is BAD!"
A3II7EVHKX41Z9,B00002SWHH,4.0,2000-08,21,21,1.0,288,Everything it is advertised to be.
A3QJ8RQEQHRU2B,B00002SWHH,4.0,2001-12,3,6,0.5,220,A TV lover's miracle
A2CKNYM4Y87MYC,B00002SWHH,4.0,2000-05,54,56,0.9643,599,"Great Product, could use some tweaks"
AMLICZAK25GMM,B00002SWHH,5.0,2000-11,18,23,0.7826,164,The best thing since sliced bread
A2B0HYERQR96HI,B00002SWHH,5.0,2000-07,20,27,0.7407,329,TiVo Will Forever Change the Way You Watch TV!
A2396ASCFP9L7F,B00002SWHH,5.0,2001-06,13,14,0.9286,681,Say Goodbye to your VCR...
A1ME5FUV8TPAK8,B00002SWHH,5.0,2000-10,38,41,0.9268,364,Tivo is the best invention since sliced bread
ABZLC33PJO47S,B00002SWHH,4.0,2000-08,47,58,0.8103,215,TiVo-Mine has died twice
A1EMDSTJDUE6B0,B00002SWHH,5.0,2001-03,5,6,0.8333,358,Awesome!  Save Time And Get Better Viewing!
A231WM2Z2JL0U3,B00002SWHH,3.0,2000-09,36,52,0.6923,227,"Great Idea, Still Needs Work."
A37A27YO5I79IZ,B00002SWHH,5.0,2002-01,3,3,1.0,118,Tivo is changing the way we watch TV
A36WEPNLF8S8P3,B00002SWHH,2.0,2001-07,16,19,0.8421,153,My unit has been replaced three times!
A1LTZ8LRRWIE9N,B00002SWHH,4.0,2000-03,13,14,0.9286,134,TIVO Creates Couch Potatoes
A3TJP0AW9HHY2,B00002SWHH,5.0,2000-12,0,0,,316,I'm hooked
A1Z93YS0KD9M9N,B00002SWHH,5.0,2001-05,0,0,,146,I rarely gush about a product ...
A1ZR6RT42KHUIF,B00002SWHH,5.0,2000-05,45,50,0.9,221,"Live the future of TV now, get a TiVo!"
A23ZO1BVFFLGHO,B00002SWHH,5.0,2001-03,9,10,0.9,323,A must purchase for max couch-potato efficiency!
A10K1AI4CC0588,B00002SWUE,4.0,2000-01,11,11,1.0,469,A great device.
AW05BRCRWPZWA,B00002SWUE,2.0,2000-01,15,21,0.7143,170,TiVo customer service - what a joke
A2U6X0GHPCODVV,B00002SWUE,5.0,1999-11,45,46,0.9783,541,So many good things to say...
A36XMNKPKOG69I,B00002SWUE,5.0,1999-11,8,8,1.0,59,It will change the way you watch television
A2YHXGPCTENZY3,B00002SWUE,5.0,2002-07,3,4,0.75,64,Tivo will dramatically change how you use TV
ALDT4Z7SZY2GQ,B00002SWUE,5.0,1999-12,12,13,0.9231,186,"Changed the way I watch TV, revolutionary"
A7JGEKN140F4S,B00002SWUE,2.0,2003-10,3,3,1.0,204,Service Difficulties lead me to recommend Replay over Tivo.
A2HPF56C5C13I1,B00002SWUE,5.0,2000-03,8,8,1.0,195,Love My Tivo!
A2YHABRZJVRSYF,B00002SWUE,5.0,1999-12,42,43,0.9767,245,Tivo is great!
A1TFOXCKW4JHIB,B00002SWUE,5.0,2001-11,17,18,0.9444,343,I love my Tivo!
A1ZR6RT42KHUIF,B00002SWUE,5.0,2000-04,3,4,0.75,167,Forget TV without TiVo
A1US87X5YUEQ7A,B00002SWUE,5.0,1999-12,29,30,0.9667,110,YOU control your tv viewing schedule.
A601IGAG8FWGW,B000030068,5.0,2001-09,9,10,0.9,161,Reliable
A36GTKCSONG3YQ,B000030068,4.0,2005-11,2,2,1.0,105,Have 12 of these.
A20NL7QAHXDCU5,B000030068,5.0,2000-05,12,14,0.8571,113,good and simple
A15VJ6S6HLGYBT,B000030068,3.0,2013-10,0,0,,35,too large
A1OPERQ94O8SNS,B000030068,5.0,2002-07,1,5,0.2,71,I'm very impressed
A23ZO1BVFFLGHO,B000030068,5.0,2001-12,5,5,1.0,124,A totally flexible and reliable splitter
AVQLDV5MMCDVM,B000030068,3.0,2002-05,3,6,0.5,106,linksys etherfast 10/100 auto-sensing hub
A1O7E72EQTCHHB,B000030068,2.0,2003-02,1,4,0.25,33,go buy a switch instead
A2PZKHQ3CDLU8Y,B00003006E,2.0,2010-08,0,5,0.0,123,Random death
A1K7AEP8WWSKHX,B00003006E,5.0,2008-10,3,3,1.0,254,Great Device
AA8ORMR10LFCQ,B00003006E,5.0,2002-02,3,3,1.0,65,"Works Great, and Easy to Install"
A2GR90IHQAO1HL,B00003006E,4.0,2009-01,1,1,1.0,29,Good for XBOX
AE55ZYNOXOERC,B00003006E,4.0,2007-10,3,7,0.4286,16,"Computer ""box"""
AFEB0MKOWW2N7,B00003006E,1.0,2011-10,1,1,1.0,25,Terrible Quality Control
A3ORYMCHM9Q0VM,B00003006E,5.0,2008-12,1,1,1.0,32,Works exactly as advertised
A2CMDNV9KR1OCF,B00003006E,3.0,2007-03,5,32,0.1562,121,ROUTER NEEDED
A13KJO7XGQGBD0,B00003006E,1.0,2011-06,0,0,,192,Plug in and go - but... mine has a noise issue...
A3M6QI4WNREEEV,B00003006E,5.0,2009-04,2,2,1.0,45,Great switch
A1NVD0TKNS1GT5,B00003006E,4.0,2001-01,9,10,0.9,111,Now this is a great little product.
AB1Y8Z50EPV46,B00003006E,5.0,2008-08,1,1,1.0,30,Perfect little switch
A3OXHLG6DIBRW8,B00003006E,5.0,2009-06,0,0,,85,"Works As Expected, Inexpensive Solution! Recommended"
A304GUEPCPYM3Z,B00003006E,5.0,2008-12,1,1,1.0,156,Useful and Inexpensive
A1TRLPG01CL8V9,B00003006E,4.0,2001-01,12,19,0.6316,121,A breeze to install but no cable modem access!
A2WER6C7Y0T4D2,B00003006E,5.0,2011-01,3,3,1.0,165,This does NOT share internet access from a DSL/Cable modem!
A15N5D547HXVXL,B00003006E,5.0,2005-08,20,21,0.9524,143,Drop it in and see the speed boost
AHIK7BUXFRMT8,B00003006E,5.0,2008-05,1,1,1.0,167,Installed With No Problem
A23GFTVIETX7DS,B00003006E,5.0,2008-12,5,6,0.8333,187,"Excellent way to connect Ethernet devices, but plan for the future"
A24QURRFX7F7YV,B00003006E,5.0,2011-03,1,1,1.0,75,Perfect switch for the job
A36K2N527TXXJN,B00003006E,5.0,2009-11,5,5,1.0,215,Perfect for your home or home office network
ABAXZYRBJ7KUT,B00003006E,5.0,2009-11,0,0,,27,Home Networking Upgrade
A1LDJW4JY58DGO,B00003006E,1.0,2001-08,9,16,0.5625,143,Customer Service?  What's that?
A1KJEDEL6B3E8G,B00003006E,5.0,2009-04,1,1,1.0,45,5-port switch
A1S1KROAK7QNGT,B00003006E,2.0,2009-12,0,2,0.0,195,you'll loose you connection after 2 months with this item?
A3E2P9J7SMPEXK,B00003006E,5.0,2004-05,11,12,0.9167,101,Perfect little unit
AKYNDGWD3TPAG,B00003006E,5.0,2008-07,2,2,1.0,53,Linksys is still pretty good!
AQ7322MXNS3G0,B00003006E,5.0,2014-02,0,0,,21,Worked great no problem. Can't say much else.
A3HOQ9C7UMZQCS,B00003006E,5.0,2008-11,4,4,1.0,45,Just What I Needed!
A3ERWBVZHT86CB,B00003006E,5.0,2010-09,1,1,1.0,36,Nice Box
A2KWADO4SA275J,B00003006E,3.0,2009-12,1,2,0.5,34,different from the picture
AGQ45LLYE4LQO,B00003006E,5.0,2007-02,4,5,0.8,103,"Cheap, small, easy to set up, and it does what it needs to."
A720S06Y6KV49,B00003006E,1.0,2011-08,1,1,1.0,237,Worthless
A2CX7KMO48MCW0,B00003006E,5.0,2009-06,0,0,,86,Need more ethernet ports?
A3HC7NWLKCPX4X,B00003006E,1.0,2013-12,0,0,,42,Got A refund
A3S7SV04I6BQ6E,B00003006E,5.0,2010-07,1,2,0.5,30,Works Great/IT
A1EH2S92FHWZRP,B00003006E,5.0,2009-09,0,1,0.0,161,Works perfectly - even for the technophobic
AZOK5STV85FBJ,B00003006E,5.0,2013-05,0,0,,35,Good basic switch
A1ZCJ4VQPKV3W4,B00003006E,5.0,2008-09,1,1,1.0,72,Linksys 5-Port Switch
AK9MBNYNX20W5,B00003006E,4.0,2014-04,0,0,,26,Works Fine
A3GCSH7EUZRSQM,B00003006E,4.0,2010-10,0,1,0.0,75,Exactly what I needed
A2Q2NQODHFA2C9,B00003006E,5.0,2008-06,1,1,1.0,29,Always great
A3UO7TPKCH3D4,B00003006E,5.0,2007-11,1,1,1.0,62,Fast and Easy to Install
A149RNR5RH19YY,B00003006E,5.0,2006-06,7,7,1.0,41,it simply works after all
A3GXH7PS56WLMI,B00003006E,5.0,2009-10,0,0,,138,Switch Does The Job
A2IFZ00ICAERE4,B00003006E,5.0,2002-12,1,1,1.0,30,"Linksys is to networking, like Kleenex is to tissues"
A1J0GICFWG7G5A,B00003006E,5.0,2000-10,0,0,,69,Excellent for home networks
A2OMWV3WTOJ27N,B00003006E,5.0,2013-11,1,1,1.0,47,"Good, affordable switch"
AQ6XS10RR7CE0,B00003006E,5.0,2000-12,2,3,0.6667,19,"great, works fine"
A115J29WONV2JZ,B00003006E,5.0,2009-01,1,1,1.0,28,Just what I needed
A3W57Y5J12YY41,B00003006E,5.0,2009-05,1,1,1.0,48,Perfect fit for my needs
A1XYXUV7IFHC4A,B00003006E,5.0,2007-10,3,4,0.75,35,Solid switch
A2AO270D2JMUK9,B00003006E,2.0,2012-05,0,0,,120,Died after 2 years
A1Y249FQCV6MNN,B00003006E,5.0,2008-11,1,1,1.0,95,RV Network
A37187ZFJZKUPY,B00003006E,5.0,2011-01,0,0,,53,Works without a hitch
A1YMI27NURH2YC,B00003006E,5.0,2007-05,0,0,,17,Linksys Switch
AU9TU640Z88PY,B00003006E,5.0,2007-07,4,4,1.0,44,Very good!
AOAVP3C5WIVNH,B00003006E,5.0,2013-04,0,0,,47,Works like a charm!
A2WYNTUJ91DLZW,B00003006E,5.0,2008-03,2,2,1.0,24,If you need 4 extra ports away from your router ....
AQT7VQSW7UOM2,B00003006E,5.0,2007-01,0,0,,22,works well
A3JJBH0X3FTT5E,B00003006E,5.0,2010-02,7,7,1.0,86,Connected multiple computers to my cable modem perfectly!
A2LZHJH0LL0FM6,B00003006E,4.0,2006-03,7,8,0.875,22,Works great but is really a four port switch
A3LZEFHIYZ1FGA,B00003006E,5.0,2010-05,0,0,,57,Works great...even dasiy chained to another switch
AH9KZ2GSWIRQZ,B00003006E,1.0,2008-01,3,13,0.2308,128,Watch Out for Tech Support Costs!!!
AHABEDNSQKM6H,B00003006E,2.0,2004-11,44,77,0.5714,97,Mac users: Does not work with AppleTalk
AMIU8UVMZJLER,B00003006E,5.0,2004-03,0,0,,66,A Fine Switch
A1C92FV1I5FM4T,B00003006E,4.0,2006-11,1,1,1.0,46,Great Performance
A29XK5H3AA5S01,B00003006E,5.0,2013-08,0,0,,25,Excellent
A88XPSZ26G6TG,B00003006E,5.0,2010-09,2,2,1.0,34,Does what it should...
AIUXWEHCJRALM,B00003006E,5.0,2009-01,1,1,1.0,28,Wired Switch
A10MVOFKTZVNN4,B00003006E,1.0,2007-01,0,24,0.0,28,Worst Router
AVAM30BI2NOOR,B00003006E,4.0,2009-12,6,8,0.75,203,Be Sure Placed in Right Order
A1I6TR7R336BXH,B00003006E,5.0,2010-03,2,2,1.0,248,Perfect
AE6DDIKFMC2RY,B00003006E,5.0,2006-04,8,8,1.0,40,This switch works...
ANYDIV59WSQ6Q,B00003006E,5.0,2008-06,1,1,1.0,32,"compact, works great, easy to set up"
A2LVYHHNQVX8M8,B00003006E,5.0,2004-06,287,292,0.9829,104,Excellent Little Switch - Does What it's Designed For!
A2BXDDRQGI34PW,B00003006E,4.0,2008-05,3,3,1.0,35,Nice ethernet switch
A3LBZLI0FOL2YP,B00003006E,5.0,2008-12,4,4,1.0,131,Works.
A24QX6M2GAHF0T,B00003006K,4.0,2007-09,0,0,,54,Very good switch
A14EO36F2S1A90,B00003006K,5.0,2009-09,1,1,1.0,224,"Size differences between ""compact"" and ""standard"" Linksys components"
A3UGCKULLHJ01E,B00003006K,5.0,2008-05,0,0,,52,Great device for my home network
ADXAE3X1HES4M,B00003006K,5.0,2012-11,0,0,,22,Used for the office
A2ZG7SSHO1VKI4,B00003006K,2.0,2009-10,0,1,0.0,170,What Quality Control?
A1MU2MRUV1541F,B00003006K,5.0,2013-09,0,0,,33,Always trust linksys
AMKNPIDFLRFMP,B00003006K,2.0,2004-08,15,22,0.6818,103,works well while it lasts -- but don't count on long life
AUFX5ZHXKCQ8V,B00003006K,1.0,2014-01,0,0,,145,Inconsistent
A1M542G46C8C7N,B00003006K,5.0,2000-12,5,13,0.3846,169,For a geek like me to be impressed it takes a lot !!
A152ZT3Y3Q4VQQ,B00003006K,5.0,2013-12,0,0,,21,Excellent switch !
A3BQ16UFNMAPW,B00003006K,5.0,2011-05,0,0,,45,A HAppy Camper with this 8 port Hub
A3H1NI0FSDFMWX,B00003006K,5.0,2000-10,41,43,0.9535,89,You can't go wrong with this
A3J5E2VJRG6KO6,B00003006K,3.0,2013-12,0,1,0.0,26,Outdated technology
A1Q29INJ9IN570,B00003006K,5.0,2003-12,5,5,1.0,36,Cisco to the rescue
A3C3VITIMY0DJJ,B00003006K,5.0,2002-12,0,0,,558,Good Consumer-Grade Switch
A1U1Y59XC65U2F,B00003006K,5.0,2008-01,0,0,,27,Works great
AZMY6E8B52L2T,B00003006K,5.0,2012-05,1,1,1.0,68,Very Pleased With This Workgroup Switch...
AROAG742G5QQV,B00003006K,5.0,2003-01,0,0,,108,Perfect. As easy as an extension cord.
A1RGEORG34AQAY,B00003006K,5.0,2010-06,0,0,,53,EZXS88W
A32RMUE2HOPW69,B00003006K,5.0,2009-09,0,0,,125,Plug N Play - No Setup Required
A3BAVQ0GF8FI0R,B00003006K,5.0,2013-06,0,0,,112,Works Great
A3LX5EDHM91M9J,B00003006K,5.0,2013-09,0,0,,20,Great com data switch
A10G67NY7XQQIQ,B00003006K,5.0,2008-08,0,1,0.0,29,no price guarantee...
AWXRPZ7F3D1UH,B00003006K,5.0,2013-01,0,0,,105,It works perfectly
A2J6DDH3DPUY8B,B00003006K,5.0,2013-10,0,0,,34,works!
A5PC0I3U0OP6O,B00003006K,5.0,2013-05,0,0,,30,Works well
A2M9SJDWEJR7JN,B00003006K,5.0,2010-12,0,0,,164,Good deal for $29
A1H8EOX4LE3PNQ,B00003006K,5.0,2008-01,0,0,,30,This is a great product.
A1A14CF173OQJ4,B00003006K,4.0,2011-06,0,1,0.0,36,Works for me
A2M9ME0N2S3R39,B00003006K,5.0,2013-12,0,0,,105,Great for entertainment system
A29XK5H3AA5S01,B00003006K,5.0,2012-12,0,0,,25,Excellent
A20EQ98GMJSGG8,B00003006K,5.0,2010-12,0,0,,28,Need Ports?
A17INQNCZ1HMHL,B00003006K,5.0,2013-03,0,0,,132,Old Faithful
A28LI4KXSRSVLY,B00003006K,5.0,2007-12,0,0,,79,Like hitting the easy button
A1RN6WJRZDOTZL,B00003006K,1.0,2009-11,1,1,1.0,181,DEFECTIVE POWER ADAPTER 9V 0.8A
A2VCW0573Q0GW0,B00003006K,4.0,2010-12,0,0,,90,Great Switch
A3O72DJ2MQ8930,B00003006R,5.0,2005-02,0,0,,210,Money Well Spent
A14JBDSWKPKTZA,B00003006R,5.0,2003-08,2,3,0.6667,158,This card is sweet
A197KHD1GQ96ZH,B00003006R,4.0,2007-01,0,0,,21,A Good DSL Workhorse
A1NVD0TKNS1GT5,B00003006R,3.0,2001-01,3,5,0.6,108,These are great... For the price.
A2OLQ18EOBZPE6,B00003006R,5.0,2000-10,3,4,0.75,60,"Great price, rugged and reliable!"
A2GQEXMQQHPEUB,B00003006R,5.0,2008-01,1,1,1.0,40,Good product
A14ME4FQBNFYWH,B00003006R,4.0,2001-11,13,13,1.0,132,It doesn't get any easier
AHNHLGKIZ2N3B,B00003006R,5.0,2003-08,3,3,1.0,99,100 Mbps and Really Easy Setup
A3K2H4VS98DWWI,B00003006R,5.0,2003-01,2,3,0.6667,116,"FAST, EASY, AFFORDABLE, and REALIABLE"
A5JLAU2ARJ0BO,B00003006R,5.0,2003-05,10,10,1.0,125,Incredibly cheap and works well
AN81JUYW2SL24,B00003006R,5.0,2003-09,5,6,0.8333,58,The best bang for the buck
AIMV33HXTEZOI,B00003006R,2.0,2000-11,2,2,1.0,97,"Quirky Drivers, poor Linux support"
A1C8V13RD60LTR,B00003006R,5.0,2000-08,3,3,1.0,63,"Nice card, very nice price !"
A3LTNIGTIUUEN9,B00003006R,5.0,2001-01,2,6,0.3333,117,Works Great!
A15DKJQPGXVLQ3,B00003006R,5.0,2006-04,1,1,1.0,47,Top shelf.
A1WGEIDK19JKH3,B00003006R,5.0,2010-08,0,0,,68,Easy to use.
A1CIUI32P2UOED,B00003006R,2.0,2005-06,1,1,1.0,58,Doesn't work well with Netgear 10/100 switch
A1J0GICFWG7G5A,B00003006R,5.0,2000-10,5,5,1.0,52,Excellent for home networks
A1TG615MWIBJT2,B00003006R,5.0,2006-08,1,2,0.5,13,Can't complain at all!
AHECJ57PPSS96,B00003006R,5.0,2005-11,2,2,1.0,74,It just works. What more could you want?
A1PLW9IUWONJUS,B00003006R,5.0,2008-07,1,1,1.0,16,Quality network LAN computer card.
A7LVTP7N6Q9Q1,B00003006R,4.0,2002-11,3,3,1.0,121,Great card... ?
AQL2WVOAADPE2,B00003006R,5.0,2000-08,0,0,,10,A good NIC
AT4AV7XIQDKQP,B00003006R,5.0,2002-01,39,43,0.907,199,"Great Card, Great Price, No Problems"
AKDTRP9QVHTCI,B00003006R,5.0,2002-08,2,3,0.6667,34,Exclent NIC for the money - Bus Mastering is the way to go!!
A39239F78V03U4,B00003006R,1.0,2000-11,4,10,0.4,77,A really Bad NIC...
A8M0HF1XBZLH7,B00003006R,3.0,2009-02,0,0,,27,nice network adapter
A3QMJMTLJC34QC,B00003006R,4.0,2010-12,1,1,1.0,430,An Affordable Alternative to My Preferred Network Adapter
A3MV1KKHX51FYT,B0000300QN,5.0,2010-02,2,2,1.0,401,Useful Data Storage and File Transfer
A2YRX8J4WM5BRX,B0000300QN,5.0,2013-02,1,1,1.0,37,Been using Zip Drives since 1996
A3IMYCI2PGALH3,B0000300QN,5.0,2008-03,1,1,1.0,54,Great Drive
A2UFC4VCQXX4F,B0000300QN,5.0,2001-02,1,1,1.0,63,great drive!
A2CKQA93KUJUH2,B0000300QN,5.0,2013-04,1,1,1.0,20,Access
A1CMJDOKUWCE1S,B0000300QN,5.0,2009-09,2,2,1.0,270,Under Linux - For Expert Use Only :)
A20GHPA3NAOCSA,B0000300QN,5.0,1999-12,40,42,0.9524,90,Another Winner for Iomega.
A27LEONMJN31DW,B0000300QN,5.0,2014-07,0,0,,16,... who have Zip discs with old info this is good from which to copy
AYWIO6OYAGFGQ,B0000300QN,5.0,2001-07,1,2,0.5,113,Fast and reliable
A2265X68RLA8AD,B0000300QN,3.0,2014-01,1,1,1.0,232,Oudated Technology. No Need to Buy it New.
A1CA960UP1AYXE,B0000300QN,4.0,2009-02,0,0,,16,zip drive
A243HY69GIAHFI,B0000300QN,5.0,2000-09,77,79,0.9747,467,Choosing between the USB and SCSI versions of this product
A3MV1KKHX51FYT,B0000300QQ,5.0,2009-09,0,0,,521,Useful Data Storage and File Transfer
AT2BYFEVLVITT,B0000300QQ,4.0,2000-05,19,19,1.0,84,Good for backup
A3B4132NC4T9V5,B0000300QQ,2.0,2000-11,37,44,0.8409,271,Why when you could get a CD burner for the same amount?
AIBSG1S4OFJH6,B0000300QQ,5.0,2007-05,2,2,1.0,38,Iomega Zip Drive 250 MB
ADNV4SOGOMZXP,B0000300QQ,1.0,2002-06,4,4,1.0,175,The Iomega drive engineers need a dope-slap
APP45XD85ARYL,B0000300QQ,1.0,2001-05,3,5,0.6,165,Terrible in every way.
A328Z8A4GQWOQI,B0000303I7,5.0,2007-01,0,0,,50,faultless
A1Y423LYVSNQCK,B0000303I7,5.0,2000-10,3,3,1.0,131,Couldn't be more satisfied
A32TEHZX11HR1A,B0000303I7,5.0,2014-03,0,0,,33,Great Product
AVPDFPMZK4Q65,B0000303I7,5.0,2002-03,8,9,0.8889,99,lINUX AND THE lINKSYS KVM
A2FOF0GY8A3U3,B0000303I7,5.0,2000-06,12,12,1.0,251,Excellent!
A76DRAEKZTT62,B0000303I7,5.0,2003-04,1,1,1.0,47,Cost Effective
AT2J7H5TRZM8Z,B000031KIM,5.0,2001-12,7,7,1.0,715,Finally!!! I'm Organized!
AXDCA2CU2BNSG,B000031KIM,5.0,2000-09,2,6,0.3333,40,Love it all the way.
A1BVIANDXCX7RW,B000031KIM,5.0,2001-05,3,3,1.0,83,Fantastic product...
A38Y6WG21NAEMB,B000031KIM,5.0,2001-06,3,7,0.4286,45,EXCELENTE HANDHELD
AG62RJJIAYSOZ,B000031KIM,5.0,2001-03,0,0,,136,"Slim sexy design, best electronic you can bring with you."
A2SKVCKORF8J9Y,B000031KIM,2.0,2001-02,23,29,0.7931,216,"Nice look, but missed the details"
AY8Q1X7G96HV5,B000031KIM,5.0,2000-10,112,133,0.8421,305,Palm Pilot Vx...
A3NHUQ33CFH3VM,B000031KIM,4.0,2011-04,1,1,1.0,62,Lasted a long time but got replaced by tablets
A3TRPVAGT3NWBS,B000031KIM,5.0,2001-01,6,7,0.8571,263,"Absolutely, Positively, Fantastically GREAT!"
A1MDAPKTOTWIKC,B000031KIM,4.0,2002-07,0,0,,99,"Takes a dinking, keeps on syncing"
A3H9RTXHQ5H4UT,B000031KIM,5.0,2000-09,30,30,1.0,412,Palm Vx ...... look no further for a connected PDA !
AJZPEEL1HULPU,B000031KIM,5.0,2002-11,25,25,1.0,101,Great First Palm Pilot
A2WV8Y608V90IJ,B000031KIM,5.0,2000-12,15,17,0.8824,248,great pda
A3IBOQ8R44YG9L,B000031KIM,5.0,2000-10,29,31,0.9355,113,Changes everything
A3PP444YA0Z0KA,B000031KIM,5.0,2001-12,6,6,1.0,296,Another Incredible Product
A1ORUSHRRG0VWN,B000031KIM,5.0,2000-08,5,5,1.0,134,An amazing product that will save a lot of time.
AYMD77ITD15PT,B000031KIM,5.0,2001-06,1,2,0.5,88,Palm Vx is great
ADH8L5MBPXQGK,B000031KIM,5.0,2003-04,5,6,0.8333,53,Palm has done it again!
A3O4F0C47C2FEY,B000031KIM,3.0,2001-02,1,10,0.1,109,What's the next step?
A2ZL2WDFMDCJB7,B000031KIM,3.0,2013-12,0,0,,24,Quite a device - 20 years ago
A2IMLPUXYQJTSY,B000031KIM,5.0,2001-02,1,4,0.25,50,Indispensible!!
A3W112102BC6BG,B000031KIM,5.0,2001-04,7,7,1.0,802,Still in love with my Vx!!
A1IU7S4HCK1XK0,B000031KIM,4.0,2001-04,62,64,0.9688,285,The standard that set the standards for handheld PDA's
A1TNK82XJQ0XPK,B000031KIM,5.0,2001-07,77,77,1.0,228,You won't understand how you lived without one!
A7ED6BJO320TG,B000031KIM,4.0,2002-01,2,2,1.0,64,How did I get along without it?
A1BJQJZUQI20FC,B000031KIM,1.0,2001-06,40,64,0.625,219,Palm Products a Design Failure
A1XU87EET0N0NL,B000031KIM,5.0,2009-06,2,2,1.0,64,the best pda ever made
A3PLX6PTM2ERKL,B000031KIM,5.0,2001-05,5,5,1.0,106,Great Electronic Assistant!
A9U1BQILTMSMM,B000031KIM,5.0,2000-09,28,30,0.9333,287,Get one and organize your life!
A1MJMYLRTZ76ZX,B000031KIM,5.0,2001-06,20,20,1.0,395,A comment on hot-synching
A2UREP3Z9EU6V5,B000031KIM,5.0,2000-05,174,175,0.9943,676,Currently the best PDA on the market
A2E2I580OO3HET,B000031KIM,5.0,2000-12,35,39,0.8974,549,I love mine....
AT4UTUQP51RZG,B000031KIM,5.0,2001-09,11,11,1.0,79,A classic...
A2NYK9KWFMJV4Y,B000031KIM,5.0,2002-12,9,9,1.0,217,A Classic!
AY62TN9VGKI2Z,B000031KIM,4.0,2001-08,36,36,1.0,394,A Classic and Still The One To Compare Others To
A1ME5FUV8TPAK8,B000031KIM,5.0,2000-10,99,103,0.9612,325,Why you should buy a PalmVx vs Handspring
A6ZPLVAUQ6695,B000031KIM,5.0,2000-08,54,56,0.9643,408,"Doctor, Mac User says: Gotta have it!"
A2QVJHFRB94AI1,B000031KIM,5.0,2002-03,2,3,0.6667,55,SIMPLE & EASY TO USE-AN EXCELENT OVERALL TOOL
AM4ZQJ0IORVWG,B000031KIM,5.0,2000-05,46,49,0.9388,536,"The Best Organizer on the market, hands down"
A2RL9JHYNEJ1QR,B000031KIM,3.0,2001-03,11,11,1.0,134,Excellent product but ....
A3BSPXD2A2UQ2T,B000031KIM,5.0,2008-02,4,4,1.0,132,Still working!!
A3TO0B7DNASJX7,B000031KIM,3.0,2013-12,0,0,,69,Wipes information when battery dies
A12A8LU93A132U,B000031KIM,5.0,2000-08,18,22,0.8182,421,Palm Vx Vs. Nino 312 (WinCE device)
A1JJOV69MAU2J2,B000031KIM,5.0,2001-09,93,94,0.9894,206,Still the standard. Take advantage of the coming price cuts!
A2OB0IK83HTU18,B000031KIM,5.0,2004-09,37,38,0.9737,221,Old School and Worth Every Penny
A27R1GTG9L16K3,B000031KIM,5.0,2000-06,16,20,0.8,199,WOW
A2EXIALPK106OW,B000031KIM,2.0,2001-12,15,21,0.7143,196,Why does this thing get good reviews?
A1TFOXCKW4JHIB,B000031KIM,5.0,2001-12,39,39,1.0,682,A great device - you probably need it more than you think
ADP9OKUYOSYCW,B000031KIM,4.0,2002-03,5,5,1.0,324,An excellent PDA with a big problem of being delicate.
A1CLCC5UY1S149,B000031KIM,4.0,2000-12,23,24,0.9583,82,"Good product, but not cheap"
AI0JF9AJC1GD0,B000031WCH,5.0,2005-04,2,2,1.0,51,Nice little product
A1XP2TMQOYBPE3,B000031WCH,5.0,2002-12,0,0,,83,indispensable
A20KJABXJLXG9G,B000031WCH,5.0,2008-07,0,0,,142,"It wouldn't work on my TV...but, I'm sure it's a good product"
A2Q90UILXT8BNI,B000031WCH,5.0,2000-10,24,25,0.96,218,A great little device for your home entertainment center
A3FTI86WAVJOLG,B000031WCH,5.0,2000-06,21,23,0.913,106,Saved me +$300!
A3LTNIGTIUUEN9,B000031WCH,5.0,2001-04,2,5,0.4,243,Handy Device Does What it is Designed for!
A188SIPN9JC3HE,B000031WCH,5.0,2000-07,13,13,1.0,77,Works great for me
A2RW587355CMVA,B0000326O1,5.0,2004-12,5,7,0.7143,118,solid quality. reasonably priced
A1OZYQ4V83X8K4,B0000326O1,5.0,2003-06,42,47,0.8936,176,Excellent cd case and cheap too!!!
A3EWNB6RL13T9G,B0000326O1,4.0,2013-11,0,0,,45,Excellent Product - I used if for Several Years
AAPFN1BADMWMC,B0000326O1,4.0,2002-11,1,4,0.25,27,Holds a lot
A2AOB5EFWI6SI7,B0000326O1,4.0,2007-02,0,0,,33,Holds Lots of CD's
A28JDCKBEDSI1D,B0000326O1,3.0,2003-03,43,49,0.8776,105,Holds a lot but....
A2JSKM60VTCNI,B0000326O1,5.0,2006-05,3,3,1.0,156,"Hello, Fellowes, goodbye CDProjects"
A2AEZQ3DGBBLPR,B0000326O1,4.0,2003-01,3,4,0.75,39,Adequate for the price
A2X61KKXXR6WNP,B0000326O1,3.0,2004-06,3,8,0.375,127,Good for reducing the shelf space of your CDs and DVDs
A1FUBPW8U2RYUY,B0000326O1,4.0,2004-06,12,12,1.0,133,Great way to organize your CD/DVD Collection
A2CX4X0IIKGSNJ,B0000326O1,5.0,2007-02,0,0,,12,Fellowes Nylon CD Wallet 224 disc
A1WNJ4AP6KWDJP,B0000326O1,4.0,2001-07,30,31,0.9677,186,Lots of space and a good price.
A3UW7WC3KDQUPP,B0000326O1,3.0,2007-09,0,1,0.0,48,CD Album overpriced about 1000 percent
A1U58436RQI0GI,B0000326O3,4.0,2006-03,10,10,1.0,98,"It is good for what is is, but not brilliant"
A1GZWPGIYCQLVP,B0000326O3,4.0,2004-12,15,16,0.9375,137,Fellows CD Wallet
A2YVT92OFFUJEI,B0000326O3,5.0,2011-06,0,0,,61,"Does what I need it for, and lasts"
A1DO9LRCO23EOM,B0000326O3,5.0,2010-09,0,0,,33,Works great for me
ATNZ6ZION5HI1,B0000326O3,5.0,2004-01,8,10,0.8,86,five for the idea
A3M6FW3728C8NA,B0000326O3,5.0,2002-12,1,2,0.5,54,It Is What It Is...
A2UCQH27E2E312,B0000326O3,4.0,2007-02,0,0,,18,Solid
A24RBKSMOOSPAB,B0000326O3,4.0,2007-01,0,0,,108,"Good item for the price, if not used for portability"
A16J5TH0JAVRZ3,B0000326O3,4.0,2006-08,0,3,0.0,12,Pretty good for the size!
A3O1SS8PDDK7IE,B0000326O3,5.0,2008-08,0,0,,27,nice cd/dvd wallet
AE4MCV22JSE2X,B0000326O3,4.0,2006-02,0,0,,104,Good not the best
A191ZKMLDYIMZX,B0000365CI,4.0,2001-08,4,4,1.0,126,Fine little camera
A2Y10VCBFO7YKD,B0000365CI,4.0,2001-03,3,3,1.0,156,Good digital camera
A9Y70VN7AHQMT,B0000365CI,5.0,2011-11,0,0,,103,Who needs all those megapixels?
A3UZ17HANZ9F1E,B0000365CI,5.0,2000-12,35,38,0.9211,246,Excellent is the only word !!
A969VLBBX8LQ7,B0000365CI,4.0,2001-03,3,3,1.0,101,"If you liked working with a manual 35 MM, the 800 is 4U"
A2BGZ52M908MJY,B0000365CI,2.0,2001-04,40,47,0.8511,285,"Good camera, but go for the Nikon Coolpix 880"
A2OMVGNP2F5O6T,B0000365CI,4.0,2000-12,6,9,0.6667,138,Great value+pic quality if you don' t need lots of features.
A39V7MMKAIL55K,B0000365CI,5.0,2000-04,174,176,0.9886,340,A great amateur digital camera!
A1DIZO95XRBLPO,B0000365CI,4.0,2003-11,1,1,1.0,124,a step up from the tiny point-and-shoot
A1M4WV5THDIYYF,B0000365CI,4.0,2002-12,2,2,1.0,55,no zoom
A16GBXDS51J019,B000038AB2,4.0,2000-10,10,10,1.0,222,"Good camera, only a few minor nits"
AGZ0B2TQOAIA3,B000038AB2,5.0,2000-07,3,3,1.0,299,More Than Meets The Eye
A1GYN77I2M4LQN,B000038AB2,5.0,1999-12,454,456,0.9956,510,Excellent Color and Detail
AXDM1069BD601,B000038AB2,5.0,2000-07,10,11,0.9091,104,This is a terrific camera!
A2ZODK2UVATV0N,B000038AB2,5.0,2000-09,4,4,1.0,36,Great Camera
A3UWDEBSKQFM7V,B000038AB2,4.0,2001-09,0,0,,174,Terrific camera - easy to use - fabulous pictures
A1SEHRRSCQTQ42,B000038AB2,3.0,2000-03,56,64,0.875,163,A real world comparison
A2G2QNKDL1Y6AC,B000038AB2,4.0,2000-10,45,47,0.9574,269,"Almost the perfect camera, but ..."
A1RVSPTDB45J2M,B000038AB2,4.0,2000-06,22,22,1.0,416,digital kodachrome
A2U9UL88VXBMJ4,B000038AB2,3.0,2000-01,48,53,0.9057,168,Not all it is cracked up to be.
AVOFGZ70P39BH,B000038AB2,5.0,2000-05,13,13,1.0,170,Great camera!
A3QDY9I0CNMD2W,B000038AB2,4.0,2001-11,0,0,,55,"Nice, with reservations"
A231WM2Z2JL0U3,B000038AB2,5.0,2000-11,33,35,0.9429,119,Get it now before it's gone.
A2LOZRM8IWNT7Z,B000038AB2,2.0,2012-11,0,0,,109,It works just like it should!
A3SGQEPU02VKV,B000038AB2,4.0,2000-04,9,10,0.9,72,"Nice First Impression, But Get To Know Him"
A2KAU5BF41AKHN,B000038AB2,5.0,2002-01,3,3,1.0,212,A great point and click Digital Camera
A2RWLVFGTWL41S,B000038AB2,5.0,2001-05,2,2,1.0,99,Quality and Value
A305XJYZOLQ4M2,B000038AB2,5.0,2011-11,1,1,1.0,223,"Well made, takes great pix!"
A1CIU572HUUE5A,B000038ABH,4.0,2000-08,32,32,1.0,443,Great Buy
A1ISUNUWG0K02V,B000038ABH,5.0,2000-08,15,15,1.0,116,We use this camera for work all the time.  Great Pictures
AD50TWQOM8W4G,B000038ABH,5.0,2000-01,0,0,,152,WOW!
A19W821ER7GWHZ,B000038ABH,4.0,2000-08,1,1,1.0,311,"This is indeed a good camera, and I like it a lot, but..."
AE0BMVEVVU6DQ,B000038ABH,1.0,2003-10,3,3,1.0,188,Terrible Kodak Support
AVCLMVDU3FMSH,B000038ABH,5.0,2000-06,55,56,0.9821,429,Excellent Digital Camera
A1UNJ46NSB352E,B000038ABH,4.0,2001-07,4,5,0.8,205,Solid camera
A3TTE29M158WP5,B000038ABH,3.0,2009-03,1,1,1.0,39,"used, look ugly, but working"
A1D07L5D2CF59L,B000038ABH,4.0,2001-06,0,1,0.0,47,A Great Digital Camera
A2USR6TZWUFN7B,B000038ABH,3.0,2001-06,8,9,0.8889,120,"Good Feature Set, But Easy To Break"
A2FNQOFEMCUKW6,B000038ABH,4.0,2000-08,0,0,,205,Great Camera
A23ZO1BVFFLGHO,B000038ABH,4.0,2000-06,77,83,0.9277,234,"Great product, but its the details that kill it for me"
A1YRPXMYDV2QE3,B00003CW9Q,3.0,2012-10,0,0,,40,connnected
A23C4KJDFH9TIK,B00003CW9Q,5.0,2013-06,0,0,,92,Great cables at a great price
A1GOTJRHOSQKZK,B00003CW9Q,5.0,2013-11,0,0,,21,Highly recommend
A1R6S377HMO6W8,B00003CW9Q,5.0,2013-11,0,0,,25,It's MONSTER
A15H3X6YH5LFPN,B00003CW9Q,5.0,2012-11,1,1,1.0,227,QUALITY CABLE
A3M7VAYKYYHEAX,B00003CW9Q,5.0,2014-05,0,0,,27,Awesome
A2L39O6FW4ES51,B00003CW9Q,3.0,2000-11,0,7,0.0,52,Good Cable!
A1KD8NJPZ01R37,B00003CW9Q,5.0,2001-09,4,7,0.5714,20,thank you monster cable
A1K599CFNJ1AU1,B00003CW9Q,1.0,2011-06,8,8,1.0,90,"over-hyped, pain in the rear connectors, pointless"
A118PJ95C6GDJI,B00003CW9Q,3.0,2009-04,0,2,0.0,21,Very Tight Connector will damage your equipment
A3FF3RNKGCE8YV,B00003CW9Q,2.0,2010-10,2,5,0.4,98,Don't buy unless you want two mono cables
A1TST756Q1U2JM,B00003CW9Q,5.0,2013-03,0,0,,46,Monster Cable RCA's
A1ZGIIHI1LDEAO,B00003CW9Q,5.0,2014-02,0,0,,24,very nice cable. monster delivers!
A2ODZAM2HH1COJ,B00003CW9Q,5.0,2012-11,1,1,1.0,85,I've been using Monster...........
A10C84Y38RT22P,B00003CW9Q,5.0,2002-03,4,7,0.5714,78,I don't hear a difference but these things are well built!
A2QS3VN107MRZH,B00003CW9Q,3.0,2003-06,10,11,0.9091,84,"Good sounding cable, but cheaply made connectors"
AHLF5V8B3Z8C7,B00003CW9Q,4.0,2013-12,0,0,,47,Decent audio cables
A3IZ2M44IH6JVV,B00003CW9Q,4.0,2011-12,1,1,1.0,200,Solid Monster Cable
A2MUCVJJFNIP4S,B00003CWA6,5.0,2012-10,0,2,0.0,39,Monster fiber optic cable
A3Q7LVUP45XLUZ,B00003CWA6,1.0,2013-09,0,0,,54,"WEAK CONNECTORS, flimsy,"
A1EH2S92FHWZRP,B00003CWA6,3.0,2008-04,2,4,0.5,77,Great Cable!
A23JXBO3D3ELAA,B00003CWA6,5.0,2011-01,2,2,1.0,49,Fits the bill
A29R3O02O0PON4,B00003CWA6,3.0,2005-05,5,16,0.3125,115,Optical is optical
AGYQ2ZF0J0K0K,B00003CWA6,4.0,2009-02,0,1,0.0,23,Overpriced...
A35JT7XCQM7D37,B00003CWC9,4.0,2007-09,0,0,,18,Sturdy and capable
A1XVBF3IR76QPL,B00003CWC9,4.0,2008-01,1,1,1.0,123,Good but bulky
A3JOVOKUKWLNLN,B00003CWC9,5.0,2009-12,0,0,,76,Minijack to RCA Cable
A2BHNIWHUFKE9D,B00003CWC9,5.0,2011-12,0,0,,30,"Great cable, especially for the money!"
A3L1TG3OOOTRBR,B00003CWC9,5.0,2005-11,2,2,1.0,150,good but expensive
A1G25CG7UWQ3XO,B00003CWDG,1.0,2010-01,5,6,0.8333,57,Suddenly stopped working
A2ALCI2BU43KTU,B00003CWDG,5.0,2014-07,0,0,,13,Peace of mind
ALICSOW9JNXCD,B00003CWDG,5.0,2010-04,1,2,0.5,72,"Works like I need it to, every time"
A1813WUXSSZUMT,B00003CWDG,4.0,2013-06,0,0,,70,great product
AY1AH6JFEURNZ,B00003CWDG,5.0,2007-04,2,3,0.6667,79,"Never been through a blizzard, hurricane, tornado..."
AHGYNZ1588WLB,B00003CWDG,5.0,2013-08,0,0,,22,Great product
A11ZMOBS6NWMB,B00003CWDG,4.0,2013-08,0,0,,22,1st of many!
A1QT6PHXDA5XDF,B00003CWDG,5.0,2009-12,1,2,0.5,18,Power Strip
A192GMTQ2TVISY,B00003CWDG,4.0,2006-05,1,4,0.25,103,Excellent value for the money
A2W3WWVETOMJBS,B00003CWDG,5.0,2013-07,0,0,,25,A good power surge protector
A1ZKG86UBD8K8,B00003CWDG,5.0,2012-12,0,0,,174,I love MC
A186SYJ56RFQPG,B00003CWDG,5.0,2013-05,0,0,,37,very good
A2E30AV53XVK1D,B00003CWDG,1.0,2007-07,150,172,0.8721,160,"Inferior specs, Inferior design, malodorous cord, get the Belkin"
A1WJVU9KICHFI,B00003CWDG,5.0,2013-12,0,0,,20,i have several and they are good.
ASAK3HY21OTNN,B00003CWDG,5.0,2013-07,0,0,,24,Monster
A2HOJS4E005E7T,B00003CWDG,5.0,2013-01,0,0,,32,"protects my tv,dvd"
A9TXYI2PBV0U1,B00003CWDG,5.0,2013-02,0,0,,36,Color coded and efficient.
A3JTMBFD3MOZFQ,B00003CWDG,5.0,2014-02,0,0,,47,Simple easy power strip
A3SVCU49WCUHHY,B00003CWDG,3.0,2014-04,0,0,,27,No complaints
A3VW2I0P1TQ1DV,B00003CWDG,5.0,2013-01,0,0,,20,Works like it should
A3VRJPCW5CR6HX,B00003CWDG,1.0,2013-03,0,0,,111,2 Years in only 2 outlets work
A3J2YU2D9BH2J7,B00003CWDG,5.0,2013-12,0,0,,111,Monster Protection!
A1D27BCSYV7VWH,B00003CWDG,5.0,2012-01,1,1,1.0,83,Something well priced from Monster
AAUXZRNDAPH2D,B00003CWDG,4.0,2013-04,0,0,,25,Excellent Unit
A14LKBOG9SVEFT,B00003CWDG,5.0,2013-11,0,0,,21,Works as expected
A13QF33ZVNS0SB,B00003CWDG,5.0,2013-03,0,0,,21,great!
AXHEZ7BIWEYX6,B00003CWDG,5.0,2014-01,0,0,,29,Very nice surge bars
A331TXDQ3NFCHG,B00003CWDG,1.0,2009-09,1,1,1.0,21,Kerrrappp!
A1JMUZQQEUAI2T,B00003CWDG,5.0,2013-05,0,0,,89,Can't beat this for the price
A1BC62X6HZJGZR,B00003CWDG,5.0,2013-06,0,0,,112,"Well Made, Convenient"
A2YW90U088SMQB,B00003CWDG,4.0,2009-10,0,0,,77,Worth the cost
A2N0XYJE6MU9LZ,B00003CWDG,5.0,2007-04,1,2,0.5,62,Excellent cord length and quality
A1YYWUE2ZNN8RK,B00003CWDG,5.0,2013-05,0,0,,24,Monster MP
A2SPVQNKOW9YNN,B00003CWDG,1.0,2008-04,2,3,0.6667,183,Cheesy power strip..junk
AODOIMDU38S2I,B00003CWDG,1.0,2009-03,5,6,0.8333,133,Monster Paperweight in 45 days...
A2HLXJBE9N7MPQ,B00003CWDG,5.0,2013-04,0,0,,51,Solid
A3CJHIIROCDAEJ,B00003CWDG,4.0,2008-01,0,0,,53,Great Price
A15O34J5ECY8TR,B00003CWDG,4.0,2013-11,0,0,,27,Angled plug is very helpful
A1W5CI9L3JPTF,B00003CWDG,5.0,2013-01,0,0,,24,Power Protector
A39F6S9OFDFF1N,B00003CWDG,5.0,2011-09,0,0,,27,Monster power strip
A2TVR5J3BNQBX3,B00003CWDG,4.0,2012-10,0,0,,32,Works great
A1IH42TUIZ2XJL,B00003CWDG,5.0,2011-08,0,0,,65,Best power strip for my money
A3B5E90IEV2PW5,B00003CWDG,4.0,2013-02,0,0,,26,Good design for a good price
A6Y8G4A9DM7VK,B00003CWDG,3.0,2007-04,1,4,0.25,11,It is what it is...
A300RFTV7HKI5S,B00003CWDG,5.0,2010-12,0,3,0.0,82,Underestimated how great I thought it would be
AT99SIDKSIFI7,B00003CWDG,4.0,2012-11,1,1,1.0,70,Spacing only concern
A280GXBY1EV2TL,B00003CWDG,5.0,2013-08,0,0,,35,Excellent!
A1UCUVJNLUS8ES,B00003CWDG,5.0,2012-05,0,0,,50,Exactly what we needed
A2PDNGELZSWCQG,B00003CWDG,5.0,2013-06,0,0,,32,gotta love Monster
A206AJFCVJE56W,B00003CWDG,5.0,2013-04,0,0,,31,Solid
A2UA726E8SLXY,B00003CWDG,5.0,2012-08,0,0,,27,FLAT PLUG IS IMPORTANT
AZFM7IM6ZEX2T,B00003CWDG,5.0,2008-07,1,2,0.5,123,One heck of a cord
A2FU6ITLPMNK9W,B00003CWDG,4.0,2013-04,0,1,0.0,35,need to protect components
A3I0RAZR4RKO4Z,B00003CWDG,1.0,2011-09,1,1,1.0,36,Don't Buy
A1BK60GZ4QME6I,B00003CWDG,4.0,2007-08,1,4,0.25,172,"Not the best protection, but better than standard strips"
A1V2ZO1JLPJS8E,B00003CWDG,5.0,2007-08,3,5,0.6,41,Works like a charm
AB42YRI44M2YH,B00003CWDG,4.0,2013-05,0,0,,62,Basic Power Strip
A2HOPYNO8PMUHP,B00003CWDG,5.0,2012-09,0,1,0.0,59,cute gadget
A3V6RC2YMSLT4S,B00003CWDG,1.0,2011-02,12,13,0.9231,65,Stupid thing almost burned my house down...
A2CNN71709T4Y2,B00003CWDG,5.0,2014-03,0,0,,41,Useful power strip.
A34UVV757IKPVB,B00003CWDG,5.0,2006-06,4,9,0.4444,91,"Yep, it's a power strip!"
A36TM9ZVJF41SS,B00003CWDG,5.0,2013-05,1,1,1.0,26,perfect for the minimalist office
A2ED50E3KWKUKW,B00003CWDG,5.0,2007-08,2,4,0.5,84,Nice Power Surge Protector
A1K8H6L63RZFP4,B00003CWDG,5.0,2011-12,0,0,,42,So far so good....
A1L14TJ4LSADUP,B00003CWDG,5.0,2007-08,3,5,0.6,48,Excellent Product & Price
A37FRCTCXFL6CU,B00003CWDG,2.0,2011-08,0,0,,20,nice but broke soon
A2XTQXZ1FUFTO5,B00003CWDG,5.0,2012-08,0,0,,23,does it's job
A1JXNDR68ZJZX4,B00003CWDG,5.0,2013-05,0,0,,39,Monster MP AV600 Power Protector
A1ZU09TQ1TGWEX,B00003CWDG,5.0,2013-10,0,0,,46,Nice powerstrip
A1EUE5JH2881MB,B00003CWDG,5.0,2013-03,0,0,,20,Great price....
AC8C9PT59CDW1,B00003CWDG,4.0,2013-07,0,0,,48,Good item
A9LJG3K5TEVPB,B00003CWDG,1.0,2010-08,47,48,0.9792,75,Failed After 1 Month
A38RS419QDS06O,B00003CWDG,5.0,2014-04,0,0,,31,Working Well 1.5 Years Later
A2LURQYS40HDPR,B00003CWDG,4.0,2013-06,0,0,,46,Very functional and looks great
ARXU3FESTWMJJ,B00003CWDG,1.0,2007-03,302,313,0.9649,297,Not as good as first impressions indicated
A2DJBNB0VZU3X3,B00003CWDG,5.0,2012-12,0,0,,21,NO COMPLAINTS
A2IPBE3XFMT2MY,B00003CWDG,5.0,2014-02,0,0,,37,"Works, looks good"
A21NS06GDEA3V0,B00003CWDG,4.0,2013-01,0,0,,37,Monster Quality at a Great Price
A1BCS2ROHQ84X8,B00003CWDG,5.0,2013-08,0,0,,53,Solid surge protector
A39OM6SPWHS3FK,B00003CWDG,4.0,2014-02,0,0,,61,Simple Power Strip Does the job
A2BG1N1J4R84GM,B00003CWDG,5.0,2011-12,0,0,,27,Monster Cable MP AV600 Power Protector
A3DUWATQEKWLTY,B00003CWDG,5.0,2013-08,0,0,,38,great long ext cord
AHNTN7C4AI4W6,B00003CWDG,1.0,2011-02,8,8,1.0,48,Get something better
A1OHCHEFNO345R,B00003CWDG,5.0,2006-06,2,4,0.5,33,Very good item at a good price.
A1UHPSQD4TOWQI,B00003CWDG,5.0,2013-02,0,0,,29,great spicke outlet
A1413HQ9UF22C5,B00003CWDG,5.0,2012-12,0,0,,55,Another Great Monster Product
ASJSX783R5HTZ,B00003CWDG,5.0,2013-12,0,0,,31,Nice Long Cord and Organization
A1ZJ8BWVM5L5GW,B00003CWDG,4.0,2006-11,1,4,0.25,25,"good price, good product"
AGP5A25LAX70Y,B00003CWDG,5.0,2014-01,0,0,,62,Perfect.
A1GT1QSKQ5FAIE,B00003CWDG,5.0,2011-11,0,0,,23,Great product at a fraction of retail price!!!
A2E6A49WGDYWFA,B00003CWDG,5.0,2013-04,0,0,,43,Works as advertised
ACXBG5KP3VP35,B00003CWDG,5.0,2013-12,0,0,,21,Power Protector
A187PAE50KMV5M,B00003CWDG,4.0,2009-12,0,0,,48,Good Performance
A3R3P5M7X0F1CB,B00003CWDG,5.0,2009-09,0,1,0.0,20,A good deal for a quality product
A18EU4GV8OLOBB,B00003CWDG,5.0,2013-07,0,0,,22,Great graphics for my son to organize his power sources
A328ER55DPOCMO,B00003CWDG,5.0,2013-01,0,0,,23,Just Right
A36DSZZST9T1RQ,B00003CWDG,3.0,2007-08,4,6,0.6667,103,A bit dissapointing
A22M88TMGIM65C,B00003CWDG,5.0,2013-08,0,0,,27,deere2210
A18409QMZ6CMQD,B00003CWDG,5.0,2014-03,0,0,,25,great
AA75INOMAHULX,B00003CWDG,5.0,2013-04,0,0,,29,Outlets
A3PK8RJRO4GNVZ,B00003CWDG,4.0,2014-02,0,0,,70,"Does what it's supposed to do, but you pay the premium"
A214RF6HHFZ5R5,B00003CWDG,5.0,2012-12,0,0,,70,Important protection
AAJOV2S9O7OO,B00003CWDG,1.0,2010-01,5,6,0.8333,58,Failed in 4 Months of Infrequent Use
AVA8EWZIPA3N5,B00003CWDG,3.0,2013-08,0,0,,95,Just a standard powerstrip
A306DZDPR77BIG,B00003CWDG,3.0,2013-09,0,0,,29,"Does the job, but would prefer the plugs to run the other way."
A15RDC4BZWPPQW,B00003CWDG,4.0,2008-04,0,0,,36,Bill's Review
A3C60TAOFVQB45,B00003CWDH,5.0,2014-03,0,0,,77,"it works, like the plug layout"
A2UK5HQS62ESQP,B00003CWDH,5.0,2012-03,0,0,,85,Just what I needed!
AR7DDYZNJSSSK,B00003CWDH,4.0,2013-12,0,0,,34,They are what they are...
A94GCTI3VMYKY,B00003CWDH,5.0,2011-08,0,0,,59,Its a Monster.
A1SXU695DSX72,B00003CWDH,5.0,2013-09,0,0,,86,Love these
A2ENBKGI9TI7DX,B00003CWDH,5.0,2014-02,0,0,,58,Great purchase!
ATSW2ZBGB9E9G,B00003CWDH,5.0,2012-08,0,0,,28,love them
A15TN4GCH7DBXR,B00003CWDH,4.0,2010-12,0,0,,30,It works
A28YUFBI33QZ28,B00003CWDH,5.0,2013-10,0,0,,47,Buy this one!
A3PYUA40IF43IX,B00003CWDH,5.0,2012-12,2,2,1.0,61,Fabulous.....
A251DNCRYU6LQX,B00003CWDH,5.0,2011-09,0,0,,78,Monster Cable Surge Protector
A2H4B42VDSFV2V,B00003CWDH,5.0,2013-11,0,0,,28,Great product
A13QUJ8535XWSP,B00003CWDH,5.0,2010-03,0,0,,22,Excelente!
A2I4KBEA963U0F,B00003CWDH,1.0,2009-04,6,12,0.5,20,Worked great - for about 60 days
A3N7GQZVV7L78W,B00003CWDH,4.0,2013-07,0,0,,38,It's a surge protector power bar!
A1UDQ2FIUN3JUT,B00003CWDH,5.0,2010-03,0,0,,52,Power Outlet Strip
A1REC5AYMCAXBA,B00003CWDH,5.0,2013-03,0,0,,33,"Nice, powerful product"
A2CNBO4DZDFT0J,B00003CWDH,4.0,2013-07,0,0,,28,Good surge protection unit.
A9II2162E3NEN,B00003CWDH,5.0,2013-07,0,0,,21,Best Product
A27ZSW3DO2RR5W,B00003CWDH,5.0,2009-03,1,2,0.5,27,Great Product
A3C88ZDIZALRMN,B00003CWDH,5.0,2013-03,1,1,1.0,60,Cant beat it
AXIFW4FX85291,B00003CWDH,4.0,2013-12,0,0,,21,Taming the electrical maze.
A16LG9GOHGELD1,B00003CWDH,5.0,2012-03,0,0,,25,Works as advertised
A3SVCU49WCUHHY,B00003CWDH,5.0,2014-04,0,0,,22,surge protection
A1EZ520KVSUVST,B00003CWDH,5.0,2013-06,0,0,,53,This is my second one.
A1J4HV7EVBZZTC,B00003CWDH,5.0,2014-06,0,0,,21,Really liked this thing!
A3HFBXHGNT5IF8,B00003CWDH,5.0,2012-07,0,0,,23,Good Price
A3J2YU2D9BH2J7,B00003CWDH,5.0,2013-10,0,0,,26,It appears these might be discontinued.
A28J56XSN1YQL4,B00003CWDH,4.0,2013-07,0,0,,70,My savior!!!!
AYIMQYSNJ96YS,B00003CWDH,4.0,2013-08,0,0,,22,Plenty of plugs
A236XRE6MLXPKY,B00003CWDH,5.0,2013-12,0,0,,59,Don't know if it works
A334SPS816A2GG,B00003CWDH,5.0,2013-08,0,0,,23,Monster quality
A1BC62X6HZJGZR,B00003CWDH,5.0,2013-06,0,0,,87,"Reasonably Priced, Versatile Layout, Long Cord"
A1WILC2XNV5R04,B00003CWDH,5.0,2013-03,0,0,,86,A great product
A8IXRVW6N6THX,B00003CWDH,5.0,2006-11,0,1,0.0,29,As Promised
A3IPDVVMGHDE5K,B00003CWDH,5.0,2010-09,0,0,,24,Monster Deal!
AHJPP16N19JGN,B00003CWDH,4.0,2013-12,0,0,,24,Plug in...
AR0UOJ48VGQMA,B00003CWDH,5.0,2013-02,1,1,1.0,77,Very useful power strip
A2DDKCHI03OBE,B00003CWDH,5.0,2013-07,0,0,,38,Repeat purchase - that's how much I love this Monster
A2CBWSM32C6VLU,B00003CWDH,4.0,2014-05,0,0,,21,Happy cable cutter.....
A2Q230N02UCO8O,B00003CWDH,5.0,2013-05,0,0,,35,Perfect for entertainment center.
A3MT7MPZ20QW4T,B00003CWDH,5.0,2013-12,0,0,,44,Great product
A34H1TFXR2MZ7U,B00003CWDH,5.0,2013-01,0,0,,21,Monster cable surge protector
A2K0R61CIS5RCH,B00003CWDH,5.0,2014-02,0,0,,28,Just what I needed.
ADOR3TR7GDF68,B00003CWDH,3.0,2013-12,0,0,,73,Not so perfect
A8JFL6FA9A32P,B00003CWDH,5.0,2013-07,0,0,,53,Does the trick
A1G1CPDNPRIHD4,B00003CWDH,1.0,2011-12,2,10,0.2,41,NOT 220v Surge Protection
A1FJSCNYLU4126,B00003CWDH,5.0,2014-01,0,0,,36,So far so good
A263ACJCNTURTL,B00003CWDH,5.0,2013-05,0,0,,33,Great!
A2TICS1YPCDLKA,B00003CWDH,5.0,2013-11,0,1,0.0,35,Excellent Power Strip with Surge Protection
A2PEUFPOYLY3U7,B00003CWDH,5.0,2013-09,0,0,,59,Good price for the brand
A1CTZDO3P9V6N0,B00003CWDH,4.0,2013-12,0,0,,35,bought it at good price and am using it
A17YINFAHQJ7GA,B00003CWDH,5.0,2007-05,0,1,0.0,49,i love monster cable
AX3VPBCU8F4RF,B00003CWDH,5.0,2011-03,0,0,,33,a must in south florida
A3QJS46YEWWSX4,B00003CWDH,2.0,2013-06,0,2,0.0,59,Chinese Replica
A15XI2BEGGFEOW,B00003CWDH,5.0,2008-02,3,5,0.6,93,cadilac of power strips
A1Y448U695FUVR,B00003CWDH,5.0,2014-04,0,0,,30,It Does What I wanted It to Do
A2CTXDLXKOHCEH,B00003CWDH,5.0,2014-02,0,0,,64,Recommend to anyone
A3S49EUX9DRT0J,B00003CWDH,5.0,2011-07,0,0,,110,Impressive
ADR6SKFTGZAYX,B00003CWDH,5.0,2011-12,0,0,,41,Works great
A200C5ZDWEKTRA,B00003CWDH,5.0,2014-02,0,0,,38,Great value
AO8Q98Z14CRAZ,B00003CWDH,5.0,2014-01,0,0,,87,Pretty good but it isn't self aware...yet
A1RWHQCLGP7MJJ,B00003CWDH,5.0,2014-03,0,0,,65,Works Like It Should.
A6F8NBS48AKJ9,B00003CWDH,4.0,2013-09,0,0,,24,Monster Cable multi-outlet unit w/ surge protection
AWELDY8FAE20O,B00003CWDH,5.0,2013-06,0,0,,27,love it!
A2TKM1UFHSTM8R,B00003CWDH,1.0,2009-02,7,12,0.5833,53,Way over priced!
A7HY1CEDK0204,B00003CWDH,3.0,2013-11,0,0,,79,"Works Well, long life."
A3EIVEAH4J9KIR,B00003CWDH,3.0,2011-01,1,2,0.5,87,jury's still out
A1P4XD7IORSEFN,B00003CWDH,4.0,2014-02,0,0,,29,Works
A24YVSD40AOB0U,B00003CWDH,1.0,2014-06,0,0,,95,Multiple failures
A24EAAKE63MTM0,B00003CWDH,5.0,2013-09,1,1,1.0,427,Solid Protection For A Bargain
A12BD1BM69K25L,B00003CWDH,5.0,2013-05,0,0,,23,Great surge protector
AJQDIT55SZ3ZX,B00003CWDH,5.0,2011-09,0,0,,158,Pleased with design and promised protection.
A2BW2AE4FVJ0SL,B00003CWDH,5.0,2012-08,0,0,,51,A GOOD MONSTER TO SAVE YOUR ELECTRONICS
AN9FFU7XP6TL5,B00003CWDH,5.0,2014-04,0,0,,42,Monster quality at a great price
A1JAREBNI5AWYP,B00003CWDH,5.0,2013-04,0,0,,75,Reduced fire potential at my home.
A38LHIAC52T0UH,B00003CWDH,5.0,2013-10,0,0,,67,Nice item..
AN7PYDVNOVQOA,B00003CWDH,4.0,2013-11,0,0,,93,Almost perfect
A41R4FYVV8YCO,B00003CWDH,5.0,2007-01,3,9,0.3333,38,Monster Cable Surge Protector
A1WV0XTJROAYGK,B00003CWDH,4.0,2012-03,2,3,0.6667,377,It works as advertised - But careful of ratings
ANJFSFOYEOUXL,B00003CWDH,5.0,2014-04,0,0,,20,Great power strip
A1M2C49S4GG5CA,B00003CWDH,5.0,2011-08,0,0,,55,Excellent Cable Surge Protector
A3LAQSWV1VNONO,B00003CWDH,5.0,2011-01,0,1,0.0,51,Don't overlook this cheese!
A25GCAD2QGXD55,B00003CWDH,4.0,2010-09,2,2,1.0,55,Good protection at a reasonable price
A3R822YHA22Q3P,B00003CWDH,4.0,2009-01,0,0,,38,"so far, so good"
A22W4064FH1VHE,B00003CWDH,5.0,2012-12,0,0,,21,Working great
A1T39H43F02PHO,B00003CWDH,5.0,2013-06,0,0,,31,Monster surge protectors
A1YDTDW310M6TZ,B00003CWDH,1.0,2012-02,4,6,0.6667,98,Item was defective
A1ZFST7RH39RT7,B00003CWDH,5.0,2012-12,0,0,,26,Great home theater protection
A2KKWNUX1E3HPL,B00003CWDH,2.0,2013-04,0,0,,37,Doesn't Work - Makes Loud Buzzing Sound When Plugged IN
A3DUWATQEKWLTY,B00003CWDH,4.0,2013-10,0,0,,28,Like the spacing for adapters and the extra long cord as typical w/monster adapters.
AQRLZFCJVR2EP,B00003CWDH,3.0,2009-10,2,3,0.6667,80,Works okay; don't use the coax cable connector
A2PVP1JIIURX7N,B00003CWDH,2.0,2013-11,0,0,,72,Socket spacing could have been better
AYKQ204JQF419,B00003CWDH,5.0,2012-12,0,0,,28,Great
A3LIHB4OPMZ8LS,B00003CWDH,5.0,2011-12,0,0,,46,Good Quality Product
A29Z8U6PQ4231Z,B00003CWDH,5.0,2013-08,0,0,,22,surge protector for my TV and cable box
A34F15TPWKCU50,B00003CWDH,5.0,2008-08,0,0,,16,GREAT SURGE PROTECTORS
A1IHCWDL071ZZP,B00003CWDH,1.0,2013-04,0,0,,98,"Worst built quality, not durable"
APNL8G7JMIY19,B00003CWDH,5.0,2013-04,0,0,,21,safe and easily installed
A22RW51298Z15M,B00003CWDH,5.0,2013-01,1,1,1.0,27,Top of the line
AZNH6NRP6PVYR,B00003CWDH,5.0,2013-09,0,0,,28,Couldn't be better
A2N63B3300IC70,B00003CWDH,5.0,2013-01,1,1,1.0,28,Great price
A113KNP2LMBXMI,B00003CWDH,5.0,2007-04,1,2,0.5,35,Great product at the right price
A1Y57JQKN4ICD0,B00003CWDH,4.0,2013-07,0,0,,67,Nice way to protect electronics
A6FIAB28IS79,B00003CWDH,4.0,2008-08,55,60,0.9167,278,"Monster vs. Belkin: close call, but price and number of outlets shouldn't be the deciders."
A16Q11SK6172U4,B00003CWDH,5.0,2013-05,0,0,,32,Monster Surge protetor
A3C1BQLPUTYFB4,B00003CWDH,5.0,2013-11,0,0,,27,Monster Cable MP AV 800 PowerCenter with Surge Protection
A3G1G50QNGX721,B00003CWDH,4.0,2013-10,0,0,,58,It does the job
AIFPBXU0480FB,B00003CWDH,4.0,2012-12,1,1,1.0,25,Like the Color Code
A18XNFAMBG11VB,B00003CWDH,5.0,2012-06,0,0,,69,Monster Cable MP AV 800
A2JXWCXXRMY863,B00003CWDH,5.0,2013-04,0,0,,22,Monster is awsome
A3O08GNFMHVJHD,B00003CWDH,5.0,2013-04,0,0,,40,Great value.
A94EFB6F2WH98,B00003CWDH,5.0,2013-06,1,1,1.0,24,Monster Surge Protector
A2RM5ZSZJQL7WY,B00003CWDH,5.0,2014-05,0,0,,29,Great
A1HUDHDSLZ8PFS,B00003CWDH,5.0,2013-03,0,0,,40,Terrific.
A176P2BEE2LF22,B00003CWDH,5.0,2013-06,0,0,,55,well done
A2TWZPSSY63TGK,B00003CWDH,5.0,2013-01,1,1,1.0,109,Works great and the price is right
A1WJBJUQ24G8BU,B00003CWDH,5.0,2013-07,0,0,,51,Fine buy
AW08US1RAYI0B,B00003CWDH,5.0,2013-08,0,0,,195,"Lots of ports, cable line protection, plus color-coding convenience"
A2FY4A86W9E31S,B00003CWDH,5.0,2011-07,0,0,,45,Great Surge Protection
A1W33FQTKYHWM,B00003CWDH,5.0,2013-10,0,0,,33,This is a Great Piece of Equipment for an excellent Price!
A2YOA3UYNZWZL0,B00003CWDH,4.0,2013-04,0,0,,29,Nice product
A2KWHJ272EKLO2,B00003CWDH,4.0,2009-04,0,1,0.0,27,Must buy!
AI78BR0UXFPW1,B00003CWDH,5.0,2013-08,0,0,,22,ITS REALLY A GREAT SURGE PROTECTOR/OUTLET
AFEK14A7MNGTV,B00003CWDH,5.0,2013-05,0,0,,24,Much better than just a regular power strip
AI28N2NCAZS50,B00003CWDH,4.0,2012-05,0,0,,42,A little piece of mind.
A15RDC4BZWPPQW,B00003CWDH,4.0,2008-04,0,3,0.0,17,Monster Power Strip
A3A2Z3KKF6GEH,B00003CWDH,5.0,2014-06,0,0,,20,Good. But could be cheaper.
AZCE11PSTCH1L,B00003CWDH,4.0,2013-07,0,1,0.0,53,surge protector
A1TNB51HOW0V8Q,B00003CWDK,3.0,2014-02,0,0,,138,Provides plenty of connections but it is a bit bulky.
A333CVW40B69M4,B00003CWDK,4.0,2013-01,0,0,,28,Monster power center
A245C6II33C74U,B00003CWDK,5.0,2013-01,0,0,,22,Power and Security
AB02B8WS2BGAL,B00003CWDK,5.0,2013-01,0,0,,30,Perfect!
A25Q4C2UDIOPXC,B00003CWDK,5.0,2014-01,0,0,,21,quality
A3237FOR4LVBZO,B00003CWDK,5.0,2012-02,0,0,,146,It Works!
A15L0EDQMU28DA,B00003CWDK,5.0,2013-02,0,0,,42,does exactly what it needs to do
A1CKJBI0HE140F,B00003CWDK,4.0,2013-01,0,0,,23,Works as expected
AIO00LM9IL7FA,B00003CWDK,5.0,2014-05,0,0,,35,monster power
A34H1TFXR2MZ7U,B00003CWDK,5.0,2013-11,0,0,,77,Monster Cable MP HT800 Home Theater PowerCenter
A3HCGSOLAHATVQ,B00003CWDK,4.0,2010-11,0,0,,177,It just works... and works well...
A1ESBJOHHB8LFN,B00003CWDK,4.0,2011-03,1,1,1.0,103,Decent Surge Protector
A3C4ZHX8UM3FGA,B00003CWDK,4.0,2009-02,0,1,0.0,29,great deal
AOK9U912FK03L,B00003CWDK,5.0,2014-05,0,0,,29,Great
A22XTZPWSYJY8H,B00003CWDK,5.0,2013-01,0,0,,56,Great!
A15ZT0K8VGFLL2,B00003CWDK,5.0,2013-07,0,0,,49,Worth the extra few dollars
A2TICS1YPCDLKA,B00003CWDK,5.0,2013-11,0,0,,33,Buy With Confidence
A3TMZ2H98O43I,B00003CWDK,5.0,2014-02,0,0,,56,Great surge protector/filter for the money
A1Q6BOVHAOZ04E,B00003CWDK,5.0,2008-10,5,5,1.0,27,Great line filter
AGIBNCDLA1IS2,B00003CWDK,4.0,2014-01,0,0,,67,Can't complain
A2L7DQQSGCBA46,B00003CWDK,5.0,2011-01,2,2,1.0,115,I just purchased my third one ! Get One !
A2X34LIRHZ7OIN,B00003CWDK,4.0,2008-09,0,0,,123,Decent product
A2D9GMF2DUV4S0,B00003CWDK,4.0,2008-08,1,1,1.0,32,"Great product, useful looks could improve"
A29O2CYBUENAB1,B00003CWDK,5.0,2012-02,0,0,,72,"good price, good product"
AYCS41BVC7IWA,B00003CWDK,5.0,2012-01,0,2,0.0,81,Just what we were looking for.
A6TBR6L2D4XKC,B00003CWDK,5.0,2008-12,0,2,0.0,28,It does what it does
A26QL0T3E7MOAE,B00003CWDK,5.0,2013-04,0,0,,242,Monster Cable quality for a decent price
A1CX5JZD7J6M0N,B00003CWDK,5.0,2007-10,0,2,0.0,61,Great for your home theater!
A2YCEVZLNY3ZO2,B00003CWDK,5.0,2012-10,0,1,0.0,232,Monster HT800 Saves Paradigm/Denon Home Theatre
A2VF3U1XNCH3BH,B00003CWDK,5.0,2013-03,0,0,,22,As advertised. Great product
A3FBKSJY4UPVU,B00003CWDK,5.0,2011-12,1,1,1.0,31,Power Strip
A3MND6ONIQPBYN,B00003CWDK,5.0,2013-02,0,0,,113,Fantastic!
APDDHVTJHY2JL,B00003CWDK,4.0,2014-03,0,0,,76,Does the job
A3QU3O79AGNWCY,B00003CWDK,4.0,2007-10,1,2,0.5,28,Good Product but over priced
A3NUS6C31S5CQY,B00003CWDK,5.0,2013-01,0,0,,63,Working Well and Looks Good
A1S9YZ2L3GYF2A,B00003CWDK,5.0,2013-10,1,1,1.0,95,Great product at a great price
AJVGREW8IXDGC,B00003CWDQ,5.0,2011-04,0,0,,287,Great buy!
A3AWPDBQLK3SZ8,B00003CWDQ,4.0,2013-11,0,0,,28,Great Price
A2D5UR2N8TYK17,B00003CWDQ,4.0,2010-12,3,3,1.0,574,"Monster Power, Power Center HTS800"
A27WE8BLO92HGW,B00003CWDQ,1.0,2011-02,9,11,0.8182,100,"Failed in less than 2 years, I'm lucky it didnt ruin my TV"
A24SDFQWN8HVAK,B00003CWDQ,4.0,2008-06,0,2,0.0,68,"probably to expensive, but it works."
A3PG25TW442I33,B00003CWDQ,4.0,2006-03,10,10,1.0,70,Faint high-pitched tone
A2S6QXXEDVCZHY,B00003CWDQ,1.0,2012-03,4,16,0.25,67,Useless for 220V
A1KD8NJPZ01R37,B00003CWDQ,5.0,2001-08,40,50,0.8,125,Do I actually notice a difference? No. But...
A2CBWSM32C6VLU,B00003CWDQ,4.0,2014-05,0,0,,27,Good clean signal.....
A1KRX2VH2CM111,B00003CWDQ,5.0,2014-05,0,0,,31,Great and great price!  Adequate outlets and coaxial in and out.
A34H1TFXR2MZ7U,B00003CWDQ,5.0,2014-03,0,0,,84,Monster Cable HTS 800 Home Theater PowerCenter with Clean Power Stage 1
AW003H7Z3OCHA,B00003CWDQ,5.0,2001-08,39,61,0.6393,198,A Home Theatre Must !!!!  An Entertainment Center Joy !!!!!
A3PY3AMUYBA2RZ,B00003CWDQ,1.0,2013-08,5,7,0.7143,37,Monster surge suppressor.
A920ZPU0N924N,B00003CWDQ,4.0,2014-07,0,0,,41,Power Center with Noise filter by Monster. Good and affordable.
A3DHCTLD4XJJIG,B00003CWDQ,4.0,2007-07,0,3,0.0,23,power strip
A2R6SB61DQ1VXU,B00003CWDQ,4.0,2005-09,2,4,0.5,74,Hard to review a power strip
A24RT6AVJXJZHF,B00003CWDQ,5.0,2008-07,59,65,0.9077,652,"I noticed an immediate difference, and it adds peace of mind."
A1JMD10TTUPVB4,B00003CWDQ,5.0,2009-04,0,2,0.0,52,Great product
AHXN03152761I,B00003CWDQ,5.0,2011-09,0,1,0.0,142,Must have!!
A2R1MSD6OMF7V3,B00003CWDQ,5.0,2014-06,0,0,,28,Monster quality
A3G01RI3MUWWQ6,B00003CWDQ,2.0,2008-02,2,3,0.6667,143,"It works, I guess."
A1FLNRFSXRF3QQ,B00003CWDQ,4.0,2009-08,0,1,0.0,31,No Complaints
AKCDHGUSKVJ72,B00003CWDQ,5.0,2013-11,0,0,,86,Monster Cable Power Center
A3E3YJJ0KLYECK,B00003CWDQ,5.0,2012-12,0,0,,44,Low Cost Protection
A20HBRHKA0PKK4,B00003CWDQ,5.0,2011-02,1,1,1.0,93,EXCELLENT PRODUCT AND PRICE
A17TPXJ2U4MJAB,B00003CWDQ,5.0,2014-03,0,0,,66,Cleaner power works amazing!
A1ZE020J0M1603,B00003CWDQ,4.0,2009-01,0,1,0.0,30,Monster MP HTS800 Review
A3BJ2MFE8LZ8Y5,B00003CWDQ,5.0,2011-03,0,1,0.0,38,Excellent Surge Protector
A3DUWATQEKWLTY,B00003CWDQ,5.0,2014-05,0,0,,22,great value
A25QCRZEUCKW35,B00003CWDQ,5.0,2013-12,0,0,,36,Monster reliable
A2TCM8INS6BA74,B00003CWDQ,1.0,2009-07,16,18,0.8889,86,Poor Quality
A3DGWKQFZ11K9P,B00003CWDQ,5.0,2012-04,1,2,0.5,101,5 stars based on price
A2OHEHPGQ8MNJX,B00003CWDQ,5.0,2013-11,0,0,,51,"Monster Quality, good value for the performance."
A2V99RXY8L0HL7,B00003CWDQ,5.0,2008-02,1,1,1.0,186,I Guess That it Works
A22W70BE1TM55T,B00003CWDQ,1.0,2010-03,4,6,0.6667,101,Dead on Arrival - don't know why
AO68X66YOJGQI,B00003CWDQ,5.0,2011-03,0,0,,24,Monster Cable MP HTS800 Home Theater PowerCenter HTS800 With Coax Protection
A2VK5XXNEQTXLC,B00003CWDQ,4.0,2009-08,0,1,0.0,82,Good power supply but no noticeable audio/video improvement
A34LIVUNCQNHA,B00003CWDQ,5.0,2012-02,0,1,0.0,73,Monster Surge Protector - MP HT 5800
A28M7EFC3YLY3F,B00003CWDQ,3.0,2007-02,4,6,0.6667,102,Surge Protection and Power Noise Reduction
A2P6FU1HQ1OFAP,B00003CWDQ,5.0,2014-03,0,0,,129,"This is a cure for a lot of the problems you have with remotes devices, video and audio equipment"
A1NJU0V7QHV2LT,B00003CWDQ,2.0,2013-11,0,0,,105,Doesn't Filter RF Interference
A2M1NZLZCHEP6A,B00003CWDQ,5.0,2006-08,1,4,0.25,47,Buy with confidence.
A2MPLELJPDNTUQ,B00003CWDQ,4.0,2007-07,0,4,0.0,36,Home Theatre Surge Protector
A3DGJMO6VPG6FJ,B00003CWDQ,1.0,2013-04,0,1,0.0,626,Absolutely dreadful quality control! Beware!
A3PZR1PPVVQC6C,B00003CWDQ,4.0,2013-03,0,2,0.0,96,Great Lightning Box Deal
A1RHQFEIREK0KU,B00003CWDU,5.0,2008-04,0,0,,75,"Expensive power strip, but you get what you pay for!"
A291XTI6NO7DEG,B00003CWDU,5.0,2006-07,10,11,0.9091,311,"WOW!  Solid construction, almost overkill."
A2YIHYJLTKN8YJ,B00003CWDU,5.0,2008-05,0,0,,47,Stopped a lighting strike through the phone line.
A1BAT4NZAP6B07,B00003CWDU,5.0,2010-09,0,0,,60,Good surge protector / power conditioner
A11NRU3W8RS375,B00003CWDU,5.0,2008-02,2,3,0.6667,86,Massive Surge
A3USUO0YREMXME,B00003CWDW,5.0,2011-04,3,3,1.0,25,WOW nice Monster product at great price.
AB8AYATYO2EQ0,B00003CWDW,5.0,2014-05,0,0,,24,Great quality cable
A12F8OG8CKZU9L,B00003CWDW,5.0,2012-02,2,2,1.0,69,"Ver, good quality, thick yet flexible cable"
A33L4OCSS2MJ2G,B00003CWDW,5.0,2011-03,2,2,1.0,58,"NOT as pictured, but still OK!"
A1NWHDUUV9V7VT,B00003CWDW,5.0,2012-08,2,2,1.0,55,Very good cable
A3E44J6UX651BC,B00003CWE5,2.0,2004-01,29,38,0.7632,41,Buy the Cheap ones!
A3G2MJPURQSCBD,B00003CWE5,5.0,2009-10,0,0,,120,The Cable Does Matter
A101OAAMZYWQ3U,B00003CWE5,1.0,2007-12,4,5,0.8,96,Terrible price for no noticeable benefit over other decent component cables...
A2VCC3QW23GK3S,B00003CWE5,5.0,2012-10,0,0,,22,Cables
A24HIIPOF1E2EJ,B00003CWE5,5.0,2009-10,0,0,,33,"Beautiful, high quality for a great price"
A2AFZNODU90LOV,B00003CWE5,5.0,2007-01,0,2,0.0,35,Composite Video cables make a difference
A2BZF12UZ53GAU,B00003CWE5,5.0,2006-12,1,2,0.5,117,Top Quality for Analog Cables
A12TECTYSRJ3UR,B00003CWE5,1.0,2007-09,11,16,0.6875,133,Monster Cables are a Rip Off
A3AGIOKDN01U4U,B00003CWE5,5.0,2003-02,2,30,0.0667,40,Follow me down
A2QVSQFCJRDRX5,B00003CWEI,3.0,2004-09,12,20,0.6,106,What's your budget?
A3A1B23YB8VB8X,B00003CWEI,5.0,2013-07,0,0,,57,It's A Cable
AW003H7Z3OCHA,B00003CWEI,5.0,2001-10,33,37,0.8919,176,Welcome to the world of COMPONENT VIDEO!!!!!!!
A2J9NEE5C5D2AU,B00003CWEI,5.0,2000-07,81,86,0.9419,346,top of the line product
A3CL82UITQJLWS,B00003CWEI,5.0,2004-08,8,11,0.7273,152,Top Notch Cable
AHY2KG32696ES,B00003CWEI,4.0,2001-05,32,34,0.9412,114,is it necessary?
A2L39O6FW4ES51,B00003CWEX,4.0,2000-11,7,13,0.5385,67,Some Stats
A38B7DTWWL4JE,B00003CWEX,4.0,2000-09,1,3,0.3333,21,This is an 8 Meter cable
AKKSHEGRQVQRK,B00003CWEX,1.0,2006-04,6,7,0.8571,169,"Again, Monster has to be kidding (and they are)"
A1CRKXZHTI95AI,B00003CWEX,5.0,2000-12,3,5,0.6,144,Great cables.
A1JPQUAOR6BU2I,B00003CWEX,2.0,2002-07,1,1,1.0,128,I am unable to verify its ultra high performance
A2HXOW9NN7XRNT,B00003CWFA,2.0,2009-05,9,12,0.75,162,Not very easy to work with...
A2SKDXM0SLR2FN,B00003CWFA,4.0,2013-07,1,1,1.0,149,Nice Wire
A23KEN4HK5CBN3,B00003CWFA,5.0,2012-03,3,6,0.5,162,"Easy Install, Lay Flat, Invisible Under a Wool Rug"
A3ORS0KYKUXU4Z,B00003CWFA,5.0,2013-11,0,0,,40,Great cable!
A1H4HIMWZPFZUQ,B00003CWFA,5.0,2014-05,0,0,,120,Awesome Wire!!!!!!!!!!!!!!!!!
A1AMR7YWHX7W7O,B00003CWFA,5.0,2013-12,0,0,,43,Works great. Blends in.
A3669T2UVJZR41,B00003CWFA,5.0,2013-03,0,0,,92,Very high quality speaker wire.
A108J5O7DG2WIM,B00003CWFA,5.0,2013-10,0,0,,66,Great quality and very easy to use and disguise
A1FZH340EKH640,B00003CWFA,5.0,2013-07,0,0,,31,Easy to work with Speaker wire.
A3BI8BKIHESDNQ,B00003CWFA,5.0,2013-03,0,0,,81,SuperFlat Mini Navajo White Easy-to-Hide Speaker Cable 50 Feet
A2B5F8N1BO2CQA,B00003CWFA,5.0,2012-12,0,0,,28,Pleased With Outcome
A3KCFRTFNBGV3L,B00003CWFA,2.0,2007-02,54,58,0.931,417,"Ok for some applications, but not really well designed"
A3OA4DV4L81N1D,B00003CWFA,4.0,2013-06,1,1,1.0,217,Quality wire that blends with the wall!
AD6XZ8L68MFNU,B00003CWFA,5.0,2007-01,1,3,0.3333,41,Good cable
A2PIAVZR2957GK,B00003CWG2,5.0,2008-04,3,4,0.75,92,Monster Cable is correct
A2O2D7JV0QU630,B00003CWG2,5.0,2008-04,2,2,1.0,44,Worked well for me.
A3I1BJIFFM4S21,B00003CWG2,5.0,2007-03,5,5,1.0,224,I recommend this splitter
A3QSMCAGMZWMK3,B00003CWG2,4.0,2011-07,0,1,0.0,84,Little costy but worked good
AKKSHEGRQVQRK,B00003CWG2,4.0,2007-10,13,13,1.0,194,One of few Monster products that's worth the price.
A2NX6PABLIJLP1,B00003CWG2,5.0,2007-09,5,5,1.0,180,As advertised
A1QYFJP4PJMXGC,B00003CWG2,4.0,2007-05,5,5,1.0,60,Monster or not it worked
A1XMW0DEX90OEA,B00003CWG2,5.0,2007-05,5,5,1.0,17,Perfect
A16X61RLY1YJL7,B00003CWG2,5.0,2004-02,52,59,0.8814,194,Monster Cable TGHZ-2RF - The perfect cable splitter!
A27HLTDITCL1O8,B00003CWG2,1.0,2010-04,1,11,0.0909,29,Horrible over-priced piece of junk
ARLTYP6WGMJSZ,B00003CWG2,5.0,2007-01,3,3,1.0,46,Does the job it says it will do.
A1M9URNKLM42TG,B00003CWG2,5.0,2008-03,5,7,0.7143,147,Monster Cable TGHZ-2RF Two Gigahertz  - It's GREAT!
A28M7EFC3YLY3F,B00003CWG2,5.0,2007-02,7,8,0.875,156,Improve your signal quality for TV and broadband.
A2X61KKXXR6WNP,B00003CWG2,5.0,2007-12,5,5,1.0,156,The thousand-pound gorilla of splitters
A3901UFHY19IGV,B00003CWG2,5.0,2000-08,30,36,0.8333,147,Absolutely Phenomenal!
A1ITCVZ46MUB3A,B00003CWG3,4.0,2007-07,9,9,1.0,434,What could you expect?
A3KMUHGAZME8VN,B00003CWG3,5.0,2004-11,9,11,0.8182,65,Doesn't seem like it would make a difference but...
A18BPTL4TMTBY9,B00003CWG3,5.0,2006-07,5,7,0.7143,128,Did exactly what I hoped it would do
A5BB2IEW4LRGP,B00003CWG3,3.0,2007-08,0,4,0.0,91,Make no different with the two Dollars Splitter
ADAYT4YDXRSGY,B00003CWG3,5.0,2007-12,0,0,,43,Digital cable splitter
AWC8CTW8N2XVE,B00003CWG4,5.0,2012-12,0,2,0.0,53,Works!
A193Z1VJBI7TRC,B00003CWG4,1.0,2007-07,3,7,0.4286,42,Don't waste your money
A28IK37GNGUDUX,B00003CWG4,5.0,2013-01,0,2,0.0,36,Excellent Product
AUGDEAVGV90X5,B00003CWG4,5.0,2004-03,20,22,0.9091,116,Monster 2 Gig splitter is it worth it?
A1XK4VP74IB9TQ,B00003CWG4,4.0,2013-12,0,0,,24,Appears to work as advertized
A1O3LAET0L3BHU,B00003CWG4,3.0,2007-09,17,21,0.8095,244,Probably overpriced; promised benefits are illusory if you have digital cable
AAHQAFQ81K7BB,B00003CWG4,5.0,2004-10,13,17,0.7647,116,Solved my problems
A2KL8TMCBUR036,B00003CWG4,5.0,2012-11,1,1,1.0,68,Best Splitter out there imo
A3NKP1YSDFGW5,B00003CWG4,5.0,2013-05,0,0,,39,Worked as advertised
A246IM7MP7YZ8K,B00003CWG4,5.0,2013-04,0,0,,21,Does the job
AHSB4CWEHOOP2,B00003CWG4,3.0,2007-07,3,5,0.6,22,Monster splitter
A1RMPGNNAEJCVI,B00003CWG4,4.0,2007-01,2,5,0.4,49,Works good!
A1VL6XFRL2NALY,B00003CWG4,1.0,2011-02,2,4,0.5,114,Shiny Junk
AYVM2DODURDLE,B00003CWG4,5.0,2008-09,2,2,1.0,40,Premium Quality with a Premium Price
A2N2GPFRRUPP1J,B00003ETSJ,3.0,2000-05,6,33,0.1818,74,Problems?
A2ZM9BGE3K3SY2,B00003ETSJ,5.0,2003-12,0,0,,42,Cool
A2EVQ8S7FMLGL,B00003ETSJ,3.0,2002-07,4,5,0.8,189,Problematic
A24R30PNVRG4VG,B00003ETSJ,5.0,2002-12,0,0,,110,It's a high quality and affordable deal!
A18DON5KI1ERFX,B00003ETSJ,4.0,2001-01,2,6,0.3333,101,"Nice discs, awkward boxes"
A2TCXL888UE26K,B00003ETSJ,1.0,2000-08,3,9,0.3333,106,Stay away from these!!
A2PNCASV102XS4,B00003ETSJ,4.0,2001-06,0,0,,35,The price is right...
AJX0Q5B0QEP57,B00003ETSJ,2.0,2001-05,2,2,1.0,94,Mini discs are mini discs.
A37OTRJO1NM63H,B00003ETSJ,1.0,2002-02,1,1,1.0,8,They are very poor quality
A3F5JV08JUY06C,B00003ETSJ,5.0,2001-09,1,1,1.0,38,Excellent product!
A1Y423LYVSNQCK,B00003G1LP,4.0,2000-10,1,1,1.0,110,"Good card, adequate software"
AN7ZTHQEJLJW,B00003G1LP,5.0,2001-04,1,1,1.0,124,Simply Amazing
A1YDI2SNP4CISY,B00003G1LP,5.0,2003-03,0,0,,176,Excellent product
A15225S9RRISLK,B00003G1LP,2.0,2001-04,0,0,,175,4 Months and still running
A22G6CZZXS4MZ8,B00003G1LP,5.0,2001-09,0,0,,31,great product
A2IC2FBX0GPV1H,B00003G1LP,1.0,2001-08,0,0,,51,ICS function will not work
A2Y739CRM15WDL,B00003G1LP,4.0,2000-09,0,0,,52,Having problems with online also
A38Y6WG21NAEMB,B00003G1RC,5.0,2001-08,1,6,0.1667,56,PRODUCTOS DE CALIDAD!
A3H9OYPMFA0EJJ,B00003G1RC,5.0,2001-07,8,9,0.8889,51,A great deal!
A38Q75AJQ69TDO,B00003G1RC,5.0,2002-01,1,3,0.3333,17,CompactFlash is cool...
AP6X4IJR5H92P,B00003G1RC,5.0,2001-02,4,4,1.0,39,"Good size, good price"
AJTYN2L8T5FER,B00003G1RC,5.0,2002-03,1,1,1.0,19,Works Great!
A3S87ZOPB3UM9N,B00003G1RE,5.0,2001-06,10,10,1.0,169,64MB card - 155 pictures for a 1MP Kodak DC240 camera
A15EJW1B60SVCA,B00003G1RE,5.0,2001-10,0,0,,23,"Hey, it works"
AVJT1MBYL5QZJ,B00003G1RE,5.0,2002-06,3,4,0.75,33,A little secret
A1CQRJFY5EEMDZ,B00003G1RE,1.0,2001-11,1,6,0.1667,28,"If it remembers, one wonders what and where."
A37Z65SZVT0TVB,B00003G1RE,5.0,2001-09,1,1,1.0,35,As What the card said:  COMPACT
A3O4F0C47C2FEY,B00003G1RE,5.0,2001-02,6,7,0.8571,96,EXCELENT ACCESORY FOR HP JORNADA 548
A1MJWOYNJSZPPJ,B00003G1RE,5.0,2002-02,7,7,1.0,81,Great value and good performance
A22LE2JAII1U84,B00003G1RE,5.0,2001-09,3,3,1.0,46,An authentic plug&amp;play device
A3L3ZJJK5O77G4,B00003G1RG,5.0,2001-08,5,6,0.8333,52,High quality and affordable.
A197BQFMF77D24,B00003G1RG,4.0,2003-06,1,3,0.3333,16,So Far So Good
ASWHZ0TTPT0P0,B00003G1RG,5.0,2004-11,2,3,0.6667,45,Viking vs. Sandisk
A1CBFIXDW95M5X,B00003G1RG,5.0,2001-07,0,3,0.0,15,Viking CF Card
A1PJPFFTRMO8M3,B00003G1RG,4.0,2001-08,2,3,0.6667,17,get the Viking CF256M instead
A22VIIBDPVRNPZ,B00003G1RG,5.0,2003-08,2,4,0.5,38,"Does everything it should, no complaints at all."
A6VPK7X53QNAQ,B00003G1RG,5.0,2004-05,3,4,0.75,184,Great value for money!
A2LCJASTNJO98K,B00003G1RG,3.0,2010-03,0,0,,31,"Once great, now forget it."
A238V1XTSK9NFE,B00003G1RG,4.0,2001-08,4,6,0.6667,36,As expected
A1VJ0V58N0698J,B00003G1RG,3.0,2004-09,7,7,1.0,70,You May Not See Your Rebate
A3I1BJIFFM4S21,B00003G1RG,5.0,2000-12,66,70,0.9429,241,A VERY good value! Don't bother with a smaller card for MP3s
A18RZ493P29JW5,B00003G1RG,4.0,2001-11,12,13,0.9231,30,plenty of storage
A1NVD27K83L3BO,B00003G1RG,5.0,2001-12,3,4,0.75,17,good for digicam work
A1UIISX5YBC7ML,B00003G1RG,1.0,2004-01,5,8,0.625,17,defective card after another
A2XQD6IU77PC5F,B00003G1RG,5.0,2002-05,3,3,1.0,31,"Solid Card, Works Fine with Canon Powershot S110"
A3J891E9B6FIIP,B00003G1RG,5.0,2013-01,0,0,,37,great product
A2SKVCKORF8J9Y,B00003G1RG,4.0,2001-08,2,2,1.0,106,Good value for money. Not 128MB
AQMD0WGJVD4RJ,B00003G1RG,5.0,2004-01,3,4,0.75,62,have had this card for 2+ yrs now and no problems
A33H0WC9MI8OVW,B00003G1RG,4.0,2003-03,3,3,1.0,88,"Works great, snappy transfers, watch out for rebate deadline"
A23SB6VGGB9E8U,B00003G1RG,5.0,2001-06,6,7,0.8571,37,You Never Have Too Much Memory
A30J7WQV0ZNRXG,B00003G1RG,5.0,2002-01,8,9,0.8889,34,Does exactly what it says it will do!
A1WE2JDDCUG2L0,B00003G1RG,4.0,2004-08,4,4,1.0,116,Amazing Customer Service though....
A258SMAC3H58CO,B00003G1RG,5.0,2001-10,1,1,1.0,103,Good Price/MB ratio
A7IKOAH6M8WAC,B00003G1RG,5.0,2003-03,0,0,,29,A great card!
AKYSM32DSG2TK,B00003G1RG,5.0,2002-06,4,4,1.0,76,Is it big enough?
A5JLAU2ARJ0BO,B00003G1RG,3.0,2005-01,5,5,1.0,217,"Good value, but watch out for compatibility"
A1MZ2BJHUSTW0W,B00003G1RG,5.0,2001-12,4,4,1.0,58,Good Deal.
A23Q32B7VTOXE9,B00003G1RG,5.0,2001-03,36,36,1.0,87,Excellent Value
A3085YHTXL9NRA,B00003G1RG,5.0,2003-01,2,2,1.0,15,Good quality
AGZ8HQO485IL8,B00003G1RG,5.0,2003-03,2,3,0.6667,116,This card is just perfect!
A2R9M9ALI356JU,B00003G1RG,4.0,2007-02,0,0,,85,Good Card
A2QY6S1O0Y0Z65,B00003G1RG,5.0,2001-06,4,4,1.0,56,As quick as any other brand of CF Memory Card
AJP44QXY4JBOZ,B00003G1RG,5.0,2003-02,0,0,,74,Perfect for digital cameras and Handheld PC's!
A1C8V13RD60LTR,B00003G1RG,5.0,2001-02,57,60,0.95,131,SUPERB value
ADAAXJNRTTX0D,B00003G1RG,5.0,2001-10,2,2,1.0,37,Great CF card
A1F8ABPW3WRF6T,B00003G1RG,5.0,2001-10,0,0,,48,A bargain!
A2SWSQTATYKT0C,B00003G1RG,5.0,2001-06,0,0,,20,Excellent item!
A41JUIFTT1J4B,B00003G1RG,5.0,2001-03,8,11,0.7273,88,Hundreds of pictures - in a single card
A2NAD5DJUIU877,B00003G1RG,5.0,2001-11,5,5,1.0,84,Works great with Nikon Coolpix
A2MNB77YGJ3CN0,B00003G1RG,5.0,2001-12,6,6,1.0,162,Great addition for your digital camera
ADMO37GU8F7DB,B00003G1RG,5.0,2001-11,0,1,0.0,4,"It works, cheap, lots of memory..."
A105GWGM7PDAI2,B00003G1RG,5.0,2002-08,11,11,1.0,138,Great Card
A1F2QYMDONSF7I,B00003G1RG,5.0,2002-12,2,2,1.0,52,Excellent value for $
AJO24K1MUFCKM,B00003G1RG,5.0,2001-12,1,1,1.0,48,Does its job well
A2J2JNUHJSJXEQ,B00003G1RG,5.0,2003-06,2,6,0.3333,8,Good card. Works fine.
A2G2QNKDL1Y6AC,B00003G1RG,5.0,2000-11,120,124,0.9677,198,Buy this or a microdrive
A3J01CV4XJ5V0A,B00003G1RG,5.0,2002-03,4,5,0.8,13,Absolutely no problems -- you forget it's even there
A2HZSCP2YBACIN,B00003G1RG,5.0,2001-12,4,4,1.0,53,Fantastic CompactFlash Card
A28CDVITG60706,B00003G1RG,5.0,2003-02,0,0,,23,Flawless fast memory for my Canon
A2PZJYHC2342W,B00003G1RG,5.0,2003-02,9,10,0.9,172,good solid card/brand
AQWZYNDSUOVC5,B00003G1RG,5.0,2002-06,5,5,1.0,41,FAST and SPACIOUS
APXV4GM2BKZX1,B00003G1RG,5.0,2002-04,0,2,0.0,24,Very Usefull
A231WM2Z2JL0U3,B00003G1RG,5.0,2001-08,2,3,0.6667,67,Just fine.
AGX7PLR4MIZHR,B00003G1RG,5.0,2001-06,1,1,1.0,52,Top value for your $$$
A3OCHH22N0W1AR,B00003G1RG,5.0,2001-07,10,13,0.7692,83,Excellent value.
A3K649G2P9C8PY,B00003G1RG,5.0,2009-02,0,0,,37,Works Just Fine
A2IFGGXG3YV3Y6,B00003G1RG,5.0,2002-03,4,5,0.8,23,Works like a charm!
A1MA3OY6Z3DGO9,B00003G1RG,5.0,2001-07,1,1,1.0,48,Solid and cheap
A2L6ARD2XWNC9P,B00003G1RG,5.0,2002-09,11,11,1.0,82,A must have!
A2IGYAKJZAIK7M,B00003G1RG,4.0,2004-01,4,4,1.0,113,A digital photographer's plan B
A3LGDXKOVO627U,B00003G1RG,5.0,2002-07,12,12,1.0,59,The perfect solution for your 3 MP camera
A1MH5BLELS53AS,B00003G1RG,5.0,2003-07,3,4,0.75,78,It does the job
A1KXYKTOZEWDTL,B00003G1RG,4.0,2011-04,0,0,,25,Lasts
A3F5JV08JUY06C,B00003G1RG,5.0,2001-12,2,2,1.0,15,Simple expansion tool!
A29UH663BZ88D9,B00003G1RG,3.0,2003-09,7,8,0.875,37,SLOW NOW
A36XQ1OK9UUSB0,B00003G1RG,5.0,2001-06,2,3,0.6667,123,good card
A32PP5VY9GEJ43,B00003G1RG,5.0,2004-09,3,3,1.0,95,Nice Card
ADQ0T89TVMRJU,B00003G1RG,5.0,2003-02,1,2,0.5,25,Viking CF 128
A1DJ72M95U7GPD,B00003G1RJ,5.0,2001-04,6,7,0.8571,83,No fuss
AU7O296O6PXZM,B00003G1RJ,5.0,2001-08,1,1,1.0,38,Great card
A231WM2Z2JL0U3,B00003G1RJ,5.0,2001-08,2,2,1.0,76,Do the math.
A6NBOKCU9JHHC,B00003G1RJ,5.0,2003-05,0,0,,44,Works great
A34N0OYW8076L6,B00003G1RJ,5.0,2001-07,4,6,0.6667,58,smart media card
A3VYTHBU44KOWE,B00003GO0E,5.0,2010-01,0,0,,286,Great for Alesis ADAT SVHS quality without SVHS rating
A1BPRRT5QIKU8J,B00003GO0E,5.0,2007-01,0,0,,13,Rhe other reviews were right.
A1TDU9KYO4EFE4,B00003GO0E,5.0,2007-09,1,2,0.5,15,Simple but available
A2R6RA8FRBS608,B00003GO0E,5.0,2008-01,8,8,1.0,274,all right by me !!!
A39KTSPC3MP53O,B00003GO0E,5.0,2005-06,22,22,1.0,78,I was floored.
A2A9X58G2GTBLP,B00003GO0E,3.0,2012-11,0,1,0.0,123,~ Wrong Tapes ~
A3AIEQAJMNVI6F,B00003IEMD,5.0,2014-07,0,0,,44,Great Batteries
A3QSYD9EOX6BTP,B00003IEMD,5.0,2007-08,0,0,,21,They just keep going & going & going & going
A3HWB36LLQAMXH,B00003IEMD,5.0,2013-01,0,0,,40,Still working
A3GO24N9Y05PKG,B00003IEMD,5.0,2004-06,10,10,1.0,61,Last a long long time...
A31WL2DMXTR6SV,B00003IEMD,5.0,2013-12,0,0,,29,Review
A3U8GAX8OEQATQ,B00003IEMD,4.0,2001-12,4,4,1.0,102,Good enough for vacation photos
A2IIHXGM8ZF1NC,B00003IEMD,5.0,2012-12,0,0,,78,"Expensive, but they do have their applications"
A250AXLRBVYKB4,B00003IEMD,5.0,2009-11,1,1,1.0,273,Perfect for my camera flash unit
A3H12QDPX7QOKZ,B00003IEMD,2.0,2013-11,0,1,0.0,29,Over-hyped
A3300ZHK4SPWC3,B00003IEMD,5.0,2013-07,0,0,,34,LONG Shelf Life
A14WXFRFJLJPP5,B00003IEMD,5.0,2014-04,0,0,,34,Energizer Batterys
A2W4X464V5KALG,B00003OPEU,5.0,2002-10,3,3,1.0,71,Absolutely Fantastic!
A7RV1KU5O0II9,B00003OPEU,4.0,2000-08,6,6,1.0,135,Fun Gadget
A7PO38C64X6HB,B00003OPEU,3.0,2001-09,1,1,1.0,84,reception fading
A2IKA32YQXLDUF,B00003OPEU,4.0,2003-01,5,5,1.0,611,Off the beaten track--with confidence!
A11CH52DG6EF6P,B00003OPEU,1.0,2001-02,9,20,0.45,37,save your money
AIUGQ4PNB8T6P,B00003OPEU,5.0,2000-09,17,17,1.0,184,E-Map in the car
A1J5N0JZIVP4DA,B00003OPEU,5.0,2001-02,6,6,1.0,184,This is a nice one
AHU47OI4QXLEK,B00003OPEU,5.0,2001-01,8,9,0.8889,310,"Nice GPS, but the Accesories will kill ya.."
A1W1V6RD1I9R2D,B00003OPEU,5.0,2001-01,4,4,1.0,298,Garmin eMap GPS for pilots?
A1NVD0TKNS1GT5,B00003OPEV,5.0,2000-11,13,14,0.9286,229,GPS for City Driving
A2TLLMXNKFCHJ7,B00003OPEV,2.0,2001-02,41,44,0.9318,491,Not useful in Euorpe. Customer service stinks.
A2NICY8I08AZL2,B00003OPEV,5.0,2000-05,19,27,0.7037,39,A great unit!
A29PQH8RIUG4KZ,B00003OPEV,5.0,2000-12,15,15,1.0,260,Excellent product that does the job well
A31GRJW986YY2E,B00003OPEV,4.0,2000-01,265,269,0.9851,102,"A great GPS, but Garmin is not maintaining their maps!"
A1LYN3ZK230TGE,B00003OPEV,5.0,2000-09,12,12,1.0,185,Long-term emap update
A3T24RSN7D0TQG,B00003WGP5,4.0,2008-11,0,0,,125,Garmin eTrex
A127P8A5QQ05KN,B00003WGP5,5.0,2004-01,15,16,0.9375,162,"3 + years old, I still love it."
A2YC0ADOK1SNMK,B00003WGP5,5.0,2007-01,4,4,1.0,244,GPS FOR ATV OR QUAD
ADXAE3X1HES4M,B00003WGP5,4.0,2001-08,4,5,0.8,42,Eats batteries
A2PNSW5ZWFISHU,B00003WGP5,5.0,2007-09,1,5,0.2,28,garmin navigator
AXALKJR9F4USW,B00003WGP5,5.0,2013-01,0,0,,41,Still ticking
APOGXH3A74CM3,B00003WGP5,5.0,2012-09,0,0,,33,Great Gadget
A1FRPICT2SH2LH,B00003WGP5,4.0,2006-07,7,7,1.0,53,Very easy to use
A53GY0OZJZFZE,B00003WGP5,4.0,2000-06,23,36,0.6389,332,"Good, but consider other options"
A29S1MTFU2DJMW,B00003WGP5,1.0,2008-02,0,2,0.0,78,Doesn't work
AVMWJGOUXWY2D,B00003WGP5,5.0,2007-07,1,1,1.0,72,Great Buy
AHYETNMIB00GK,B00003WGP5,2.0,2005-03,118,120,0.9833,472,"Cheap, yes-- but not a good option for geocachers"
A1HSAYB9K98OGX,B00003WGP5,4.0,2007-05,7,7,1.0,133,"Capable, Affordable - A Great Value"
A1VDWRJEBBIGWH,B00003WGP5,4.0,2001-10,6,8,0.75,129,Great Value For Money
A7T67XA3U5J8B,B00003WGP5,5.0,2005-03,12,14,0.8571,211,Perfect for ATV use!!
A13RLDI2F7OQOH,B00003WGP5,5.0,2001-12,2,3,0.6667,36,Great Gadget
A3TB9HNQR54B5V,B00003WGP5,5.0,2000-10,40,40,1.0,313,"Great features, great price, small and easy to  use"
A3LVHU3WNR5XF3,B00003WGP5,5.0,2005-08,18,18,1.0,27,Garmin etrex GPS
A1D03FD9LVW44O,B00003WGP5,4.0,2002-02,6,7,0.8571,62,A nice tech toy with limited features.
A16EQGG2OZD7AE,B00003WGP5,4.0,2007-08,0,0,,78,As is . . .
A1VK452U9ILPCZ,B00003WGP5,3.0,2013-04,0,0,,154,Buy the next model up
A2D82GLVKG2EIW,B00003WGP5,5.0,2001-12,14,16,0.875,76,Very practical
A1RPTVW5VEOSI,B00003WGP5,5.0,2000-07,44,46,0.9565,162,Superb value for the money
A3HCPK54FATFO4,B00003WGP5,1.0,2003-01,21,27,0.7778,203,too dumbed-down
A234GO3KZYKKTE,B00003WGP5,5.0,2002-01,42,47,0.8936,342,very good for what it is
AVOFGZ70P39BH,B00003WGP5,4.0,2000-05,12,14,0.8571,101,Great basic GPS
A1L7I7J1A2GBL6,B00003WGP5,3.0,2006-12,8,10,0.8,251,Ony Okay
A20Y4QKFFH7A2X,B00003WGP5,4.0,2007-04,3,4,0.75,112,Word of warning
A3SNB53I64J9N5,B00003WGP5,1.0,2014-03,0,0,,78,"etrex NOT waterproof, not water resistant"
A2P0SF8FSBIOKM,B00003WGP5,2.0,2001-01,43,48,0.8958,207,NOT waterprof
A1PPD5TOR6VVYV,B00003WGP5,5.0,2002-09,0,0,,131,12 Satellites.
A3FTRN2V98QBCP,B00003WGP5,4.0,2000-10,20,20,1.0,193,I nice tool
AH9QYOWBYWRXJ,B00003WGP5,5.0,2001-05,1,1,1.0,93,A locator must for ANYONE!!!
A2KHUQBX39VZC3,B00003WGP5,1.0,2012-05,0,1,0.0,38,Waste of money
A2V0I904FH7ABY,B00003WGP5,4.0,2005-10,58,61,0.9508,295,The handy little yellow thing - excellent entry level GPS
AIHIEVDST65Q1,B00003ZDJ7,5.0,2008-08,0,0,,15,Great for backups.
A1LX9GSMN66L7E,B00003ZDJ7,5.0,2002-10,1,3,0.3333,64,"Hundreds burned, never a coaster"
A2ZYC0DMBEHKM9,B00003ZDJ7,1.0,2001-10,1,5,0.2,117,good for coasters
A231WM2Z2JL0U3,B00003ZDJ7,5.0,2002-03,0,0,,48,The Best Buy on 80 Minute CDs.
A33R77IXUMAGL6,B00003ZDJ7,5.0,2001-03,30,33,0.9091,157,High quality and low cost
AGVB3UZIPFHEF,B00003ZDJ7,5.0,2002-02,1,1,1.0,97,Very Reliable
A246IM7MP7YZ8K,B00003ZDJ7,5.0,2013-04,0,0,,20,great stuff
A1AMCR6ISCN2Z6,B00003ZDJ7,5.0,2001-08,0,0,,54,CLEAN BURNS
A3H78NCT3DJMY2,B0000488VI,5.0,2001-11,4,7,0.5714,95,A Must Have for Digital Photography
A1JSO7PPEA0W72,B0000488VI,5.0,2000-09,78,80,0.975,201,Outstanding Product - Essential for Nikon Coolpix
A1QRUMZRWUEWEK,B0000488VI,5.0,2001-10,5,5,1.0,61,Works for me
A18EUQFB1I3CGA,B0000488VI,1.0,2002-09,11,13,0.8462,120,IT'S TOO BAD!
A3U78DTRGJZFCL,B0000488VI,4.0,2002-02,0,0,,29,Works Fine.
A1D03FD9LVW44O,B0000488VI,5.0,2001-08,8,8,1.0,75,MEGASTORAGE!!!  This card works flawlessly.
A39Q5JH09VUMR5,B0000488VI,5.0,2002-03,24,25,0.96,192,6 days at Disney on one card!!
A1PN2U0AWXGVML,B0000488VI,4.0,2001-12,2,3,0.6667,83,"Nice, But............."
A386NVAVQV5WUO,B0000488VI,5.0,2002-05,7,7,1.0,68,Excellent -a God Send for my digital camera
AU4H7OG5UFDWO,B0000488VI,5.0,2002-12,5,5,1.0,125,Amazing
A1BJUDYO6TJ6S9,B0000488VI,5.0,2002-01,9,10,0.9,98,Reliable worker
A2WYV6E1ZFMLL5,B0000488VI,2.0,2002-10,14,16,0.875,197,Snadisk is slower than some competitors
A1PAGHECG401K1,B0000488VK,5.0,2001-04,4,4,1.0,258,Great for Macs!!
AMVW02HD7K4C1,B0000488VK,5.0,2000-10,22,22,1.0,124,Speedy and Cute
AM1OWOLQ092EZ,B0000488VK,1.0,2002-01,1,1,1.0,104,Stability is totally unpredictable
A231WM2Z2JL0U3,B0000488VK,3.0,2001-07,7,7,1.0,116,"Beware, Conflicts Exist."
A2R0PC25CYTJUW,B0000488VK,5.0,2001-04,3,3,1.0,113,"No Conflicts, No Problems."
A24HNXH032I6ST,B0000488VK,1.0,2001-03,1,3,0.3333,68,How Can You Know?
A3EU0497R9UFX2,B0000488VK,5.0,2001-06,6,6,1.0,143,Unbelievable machine!
AQM9CPBRYW3PL,B0000488VK,1.0,2001-12,5,5,1.0,36,No drivers for Windows XP
ANTGMXTKB7SQS,B0000488VK,1.0,2000-09,6,8,0.75,56,Not a happy customer
A1KKHE3R5PBZ7Q,B00004L8IG,5.0,2001-12,3,3,1.0,194,This product saved my hand!
AWORZ9HO1HCTB,B00004L8IG,5.0,2000-06,0,0,,197,good for my wrist
AI4IPKCY56NQD,B00004L8IG,5.0,2010-01,0,1,0.0,31,Hey Amazon!  You got a typo on the price!
A3W53H5F2YLJQ4,B00004L8IG,5.0,2012-12,2,2,1.0,70,"T-CH11, T-BB13, T-CL13 all have the same ball bearings 1.7 mm"
A1QRST0A3IQIEF,B00004L8IG,5.0,2013-08,0,0,,64,second hand and still number one
A69Z3F9A2ILNP,B00004L8IG,5.0,2000-09,0,0,,81,Wonderful
A2U3HG214VNP9N,B00004L8IG,5.0,2010-03,1,1,1.0,81,Best Trackball Ever!!
AEBAUPOM4TF9S,B00004L8IG,4.0,2001-02,2,2,1.0,168,An ergonomic godsend
A1210QJT54O8T0,B00004L8IG,4.0,2013-11,0,0,,58,Logitech Trackman
A24QCKJ232QM52,B00004L8IG,5.0,2002-07,0,0,,188,Best for Drawing
A27WR1MUJH2RNP,B00004L8IG,5.0,2014-04,1,1,1.0,161,Hands down the best track ball mouse I have ever used.
A3URVWPFJOHT72,B00004L8IG,4.0,2001-01,4,4,1.0,511,"Very nice trackball, but for righties only"
A10NIIWUHCDI0Q,B00004LC7Z,1.0,2002-05,4,5,0.8,79,If the sound had just been better...
A3GKEM591MMIRY,B00004LC7Z,4.0,2004-12,1,1,1.0,61,Pretty Decent with TV
A1OMXVXXP07F05,B00004LC7Z,5.0,2003-06,16,17,0.9412,232,"Great headphones, depending on how you use them"
A31UM38UFS5OF5,B00004LC7Z,4.0,2000-04,17,26,0.6538,61,Just a littel static sound...
A1YH4N1ILGHXC9,B00004LC7Z,4.0,2005-03,3,3,1.0,130,I got them for $20
AE8LCUNRSTTW2,B00004LC7Z,2.0,2002-11,14,14,1.0,191,"Too much tuning, cost:performance ratio in doubt"
A3UNCJ8G4GLHDX,B00004NKHY,3.0,2008-10,1,1,1.0,54,Panasonic VCR
A1U8YBMDRO6YA5,B00004NKHY,4.0,2002-11,3,3,1.0,62,"Good, no-frills VCR"
A7Y6AVS576M03,B00004NKHY,4.0,2000-10,8,13,0.6154,36,Noisy Motor
A2G2QNKDL1Y6AC,B00004NKHY,4.0,2000-10,36,37,0.973,178,"Inexpensive, a bit noisy, but worth it"
A2NOW4U7W3F7RI,B00004NKHY,5.0,2012-03,0,0,,81,I have this Panasonic VCR for past 12+ years
AHNDWVX0WCDXG,B00004OCOX,5.0,2000-08,15,15,1.0,121,I'm not a technical genius
A1OZ926T4SI75C,B00004OCOX,4.0,2001-08,1,1,1.0,57,It was good...
A28GOYAWYITYYJ,B00004OCOX,5.0,2001-11,2,2,1.0,76,no need to buy another
A3KHS6CXBTP1DM,B00004OCOX,5.0,2000-03,18,19,0.9474,62,Great player at a great price
A3IBOQ8R44YG9L,B00004OCOX,5.0,2000-04,3,4,0.75,94,"Best, by far, for the money. Not a flaw."
A2Q90UILXT8BNI,B00004OCOX,5.0,2000-09,8,8,1.0,376,A Very Good DVD Player. Well Worth The Price.
A2G2QNKDL1Y6AC,B00004OCOX,5.0,2000-10,1,1,1.0,114,"solid, simple, entry level model"
AAEEXHRP4QBQ1,B00004OCOX,5.0,2000-06,17,19,0.8947,32,"Excellent player, does NOT beep."
A3JRAKUG0TB81C,B00004R7OI,2.0,2002-02,2,6,0.3333,240,A mediocre hard drive
A3KYYFT538CZ0O,B00004R7OI,4.0,2001-04,3,9,0.3333,238,Ok - I'll fix this problem
A1U2SXPJT1WQIX,B00004R7OI,1.0,2003-07,0,0,,161,"Maxtor is French for ""miserable"""
ALUNVOQRXOZIA,B00004R7OI,4.0,2000-08,17,22,0.7727,90,Great Drive with space to expand
A329TQLDBZDAAF,B00004R7OI,1.0,2004-03,0,0,,105,This drive might have a motor reliability problem
AAM84K1RZPF1B,B00004R7OI,4.0,2001-11,5,5,1.0,61,"A fine drive, one installation tip"
A38ON1MOZNBCGE,B00004R7OI,5.0,2001-09,6,8,0.75,121,Great Product
A200J986WKWH08,B00004R7OI,5.0,2001-12,0,0,,15,"Fast, Cheap and Easy"
AT4AV7XIQDKQP,B00004R7OI,5.0,2001-12,1,1,1.0,131,Don't Think  Twice.....Maxtor #1 By Far
A277GN3987433U,B00004R7OI,4.0,2003-04,5,6,0.8333,154,Excellent upgrade at a good price
AHKOPVTQ3IEBL,B00004R8V6,5.0,2000-09,8,8,1.0,550,There is no better camera at the price!
A1IQ0A8IBIVF7R,B00004R8V6,4.0,2000-04,42,45,0.9333,79,Good Value Digital Camera
A15225S9RRISLK,B00004R8V6,3.0,2000-07,8,14,0.5714,246,"10,000 words"
AIUWBR79VSZ8J,B00004R8V6,4.0,2001-02,0,0,,360,"Amazing camera for ""the price"", but some probs for Mac users"
A31UHOIFMFSCN1,B00004R8V6,5.0,2000-10,38,40,0.95,154,Great camera!
A53GY0OZJZFZE,B00004R8V6,5.0,2000-06,52,53,0.9811,287,excellent camera
A36LDA9339NE8Q,B00004R8V6,4.0,2003-01,3,3,1.0,103,A great camera if you find it at a reasonable price
A3B7ZAWRSGO0TX,B00004R8V6,5.0,2000-04,46,46,1.0,138,"Great unit, no major knocks"
A1M5LJSCJ19S6F,B00004R8V6,4.0,2000-09,13,13,1.0,604,"Good pictures, Good size, Great memory, Battery hog!"
A12RHMNTCAV5Z7,B00004R8V6,4.0,2001-11,0,0,,60,A fun little snap shot camera
A3CMO6EORUNEYQ,B00004R8V6,5.0,2000-08,9,10,0.9,189,The best camera I've ever owned!
AAXR90I3IASEE,B00004R8V6,4.0,2003-07,0,0,,63,D360L good for beginners
A9TQQPUD6IW4R,B00004R8V6,3.0,2001-07,6,6,1.0,151,Good and Bad
A2B7BUH8834Y6M,B00004R8V6,2.0,2002-01,5,6,0.8333,560,A review from a Macintosh user
A22JNORZI4KPAP,B00004R8V6,5.0,2002-06,4,5,0.8,641,The Olympus D-360L is a Direct Hit! Excellent!
A1CNN84Q3V84AC,B00004R8V6,4.0,2001-02,10,10,1.0,84,Fun Camera
A1E00WMEXK151D,B00004R8VC,5.0,2001-10,7,7,1.0,353,D-460Z is a great digital camera!
A1ABVP0DV1ZN89,B00004R8VC,5.0,2000-06,3,4,0.75,80,Great camera!
A12HW0ECID12WF,B00004R8VC,5.0,2002-01,2,2,1.0,227,This is the first item I pack for vacations!
AHKOPVTQ3IEBL,B00004R8VC,5.0,2000-09,109,111,0.982,431,A Definite Winner-- BUY this camera!
A2S4OCXPJ9SA01,B00004R8VC,5.0,2010-08,0,0,,148,Terrific Camera. Wish Olympus Followed Up w/ something worthwhile
A1ISUNUWG0K02V,B00004R8VC,4.0,2000-07,20,21,0.9524,140,"Nice camera: convenient, easy to use, great photos"
A3S0Z7UOTUIP9R,B00004R8VC,4.0,2001-07,0,5,0.0,26,4.5 out of 5
A2X70YC7WIRT23,B00004R8VC,5.0,2000-10,49,51,0.9608,129,I Love my Camera!
ATQI6GADZOH0X,B00004R8VC,5.0,2000-12,2,2,1.0,142,Great Camera!
AYOUAFWNVE76F,B00004R8VC,5.0,2001-10,1,1,1.0,149,Only one gripe
A2HT87FB90NI27,B00004R8VC,4.0,2001-04,17,20,0.85,73,Great camera!
A37Q5MOP4E2YLZ,B00004R8VC,4.0,2002-11,1,1,1.0,116,Olympus D-460 still a great deal.
A3E11WHSG52T0M,B00004R8VC,5.0,2002-02,2,3,0.6667,247,Love this camera!
A2NMQWBDWT3SQF,B00004R8VC,5.0,2008-12,2,2,1.0,179,Still love it after many years!
A27F7B3PXZ0RVE,B00004R8VC,5.0,2000-04,38,39,0.9744,163,Olympus D460 Zoom is best easy-to-use quality camera out
A36T60KRYUZ6OC,B00004R8VC,5.0,2001-02,34,35,0.9714,173,"Simply the best, at a GREAT PRICE!"
A3OKFXYJYS3NF5,B00004R8VC,3.0,2000-05,18,64,0.2812,57,Take these reviews with a grain of salt
A231WM2Z2JL0U3,B00004R8VC,5.0,2001-06,16,17,0.9412,145,Best mid level digital camera deal.
A18N2RPPBF5MF9,B00004R8VC,5.0,2001-07,3,3,1.0,202,update from my feb 21 review - perfection has been achieved
A3GM64N13BILUP,B00004R8VC,5.0,2000-05,4,4,1.0,411,Solid digital camera at a decent price!
A24LLNKVW5NX8U,B00004R8VC,5.0,2000-06,6,6,1.0,118,Much better than I expected
ANTGMXTKB7SQS,B00004R8VC,5.0,2000-09,7,8,0.875,50,Great Camera!
A2V8Q6IQ602H4O,B00004R8VC,5.0,2000-04,59,62,0.9516,133,Accessories to get more from your D460
A1N0GWQ9B9POKD,B00004R8VC,4.0,2002-12,0,0,,34,It's a really good camera for  everybody...
A1WMHFPD9YLVFV,B00004R8VE,5.0,2000-08,32,34,0.9412,200,Outstanding Camera. Awesome features
A2BH04B9G9LOYA,B00004R8VE,4.0,2001-11,7,7,1.0,166,still working fairly well after a year
AVPY9B8NYUMJG,B00004R8VE,4.0,2000-10,46,46,1.0,112,"Real camera, couple of gotchas"
A3U38OLADLTYTW,B00004R8VE,5.0,2013-12,0,0,,117,best i ever had years ago
A1IBKN1GXYJ3K4,B00004R8VE,5.0,2001-05,0,0,,357,Superb camera!
AELOCQI4CMQYQ,B00004R8VE,5.0,2000-05,51,51,1.0,59,great product
AIPY9QIUPKZJ9,B00004R8VE,5.0,2000-09,40,47,0.8511,202,"Very good, some annoyances"
AVXOTIX8WM0T7,B00004R8VE,5.0,2000-08,54,54,1.0,272,I'm a convert to digital and Olympus
A3ODFEO61GKCAH,B00004R8VE,5.0,2001-11,4,4,1.0,67,I love this camera
A2JLDER5UES1Q3,B00004R8VE,4.0,2000-12,57,57,1.0,225,Great camera
A3NLCKSEDQ6546,B00004R8VE,5.0,2001-08,13,13,1.0,201,Fantastic Camera...Great Price
AL72LHELK6SZT,B00004R8VE,5.0,2001-06,8,8,1.0,143,Great Camera
A2V5OS0QGHIUDS,B00004R8VE,5.0,2001-06,17,18,0.9444,432,Great second camera
AOVROBZ8BNTP7,B00004R8VE,5.0,2000-12,57,58,0.9828,258,Everything I wanted
A3H1CE8T6GDVWV,B00004R8VE,5.0,2001-03,46,46,1.0,459,Serious photographers will love this camera!
ANTGMXTKB7SQS,B00004R8VE,4.0,2000-10,33,35,0.9429,143,Honest Opinion
A311NAIRZC7EGO,B00004R8VM,5.0,2000-12,30,30,1.0,116,No wonder its sold out!!
A2YHXGPCTENZY3,B00004R8VM,2.0,2002-11,3,5,0.6,92,Disappointment
A38O4PIHV41EWX,B00004R8VM,3.0,2003-06,0,0,,8,Ok
AYLC085ZL5X5O,B00004R8VM,5.0,2002-11,0,0,,58,Flawless
A3O55EWFNKSPV3,B00004R8VM,5.0,2000-12,116,116,1.0,802,Best DVD Player in its Class!
A30H2335OM7RD6,B00004RC2D,5.0,2002-02,11,11,1.0,268,Very Useful!
A1GR9JZSPOYPJC,B00004RC2D,5.0,2000-08,4,4,1.0,72,Great Product!
AG62RJJIAYSOZ,B00004RC2D,5.0,2001-02,5,5,1.0,123,"Easy to use, handles great, solid display in the dark"
AJSEA417DJA2U,B00004RC2D,4.0,2004-01,7,8,0.875,185,Great For Those Who Don't Want Too Much
A1ISUNUWG0K02V,B00004RC2D,4.0,2000-09,37,37,1.0,374,It didn't change my life but I find it handy.
AX8SWWB9837TA,B00004RC2D,5.0,2000-09,131,133,0.985,607,PDAs for Newbies - This Palm's for You
AY8Q1X7G96HV5,B00004RC2D,5.0,2000-06,0,0,,223,Palm Pilot IIIxe
A2OLQ18EOBZPE6,B00004RC2D,5.0,2000-03,25,30,0.8333,158,Exceptional time saver
ALUNVOQRXOZIA,B00004RC2D,5.0,2000-08,5,5,1.0,208,AMAZING Device!  I love it.
A2MCZGSS6UJHDS,B00004RC2D,5.0,2000-03,108,111,0.973,262,It Was Love At First Tap
A3IBOQ8R44YG9L,B00004RC2D,5.0,2000-12,61,65,0.9385,152,If I had to do it again...
ADWCBZ7G4O7AV,B00004RC2D,5.0,2000-07,17,18,0.9444,254,Much more than an organizer!
A3CWLHT8Y2BZB6,B00004RC2D,4.0,2000-05,4,7,0.5714,87,Solid but...
A2ZB6BETR6IC27,B00004RC2D,5.0,2000-03,85,86,0.9884,255,Buy it. It's terrific!
A1H2KQF6MKA1DJ,B00004RC2D,4.0,2005-02,9,9,1.0,286,Quality But No Frills PDA
A23Q32B7VTOXE9,B00004RC2D,5.0,2001-03,11,11,1.0,178,Excellent customer service!
AOK5FZT22IF3W,B00004RC2D,3.0,2001-01,24,29,0.8276,361,"Customer Support is a disaster, but I cannot live without them"
A1SA2FGQE2INBK,B00004RC2D,4.0,2001-02,3,4,0.75,57,Great and easy to use!
A3W112102BC6BG,B00004RC2D,4.0,2001-04,6,6,1.0,274,Last of the legendary and classic Palm III's
A355B9HM87SFHE,B00004RC2D,4.0,2000-12,10,10,1.0,168,Used to be the best overall Palm.  Not sure now
AEJAGHLC675A7,B00004RC2D,5.0,2001-03,211,213,0.9906,956,Palm IIIxe - excellent product and an exceptional value.
A1QMJF9VR808JM,B00004RC2D,5.0,2001-03,4,4,1.0,83,Everything I have ever hoped for in a PDA
A2CLD5FSSXMYBT,B00004RC2D,4.0,2001-03,5,5,1.0,114,"Has its problems, but has its advantages, too!"
A259MPG6SOL02P,B00004RC2D,4.0,2001-08,1,1,1.0,86,"Good price, good features"
AXT8ASWG8JZQM,B00004RC2D,5.0,2001-01,0,0,,467,First Time PDA Owner's Two Cents
A2BE471PVBBG6Z,B00004RC2D,5.0,2000-04,15,17,0.8824,52,The IIIxe Is A Wonderful Product
A2FE2YG8W9G8UW,B00004RC2D,5.0,2001-03,21,22,0.9545,211,better than the M105
A11A8GWG0IXBZH,B00004RC2D,5.0,2001-05,4,4,1.0,315,"Adult Toy, and it's useful, too!"
A2YY8ZX8R5HYMF,B00004RC2D,5.0,2007-07,1,1,1.0,89,Fantasic Value !
A1RPTVW5VEOSI,B00004RC2D,5.0,2000-05,38,42,0.9048,149,Perfect for the organized person...but...
A1HO6RWO0CRWBB,B00004RC2D,4.0,2008-01,0,0,,54,Good for what it is
A2396ASCFP9L7F,B00004RC2D,5.0,2001-01,19,21,0.9048,251,A Great Buy-- Palm IIIxe has everything you need &amp; more
A2K5FK58JSWXJ9,B00004RC2D,4.0,2000-08,2,2,1.0,61,I love my PALM
A1U5NWJOYH2QQH,B00004RC2D,5.0,2000-04,0,1,0.0,410,"If you have  a computer, you should have one of these."
A2M5GKAGV88LWD,B00004RC2D,5.0,2000-12,59,64,0.9219,606,A great deal for a lot of machine!
A8O2E6UBLWWFM,B00004RC2D,5.0,2005-02,20,20,1.0,154,long time user..
A231WM2Z2JL0U3,B00004RC2D,4.0,2000-12,17,19,0.8947,95,Still ticking.
A1AQ8JT2A3UWMY,B00004RC2D,1.0,2013-06,0,1,0.0,79,Battery drainer and no back light.
A1EUNXD1YH4P25,B00004RC2D,1.0,2013-11,0,1,0.0,20,"old, old, old"
A2IFGGXG3YV3Y6,B00004RC2D,5.0,2000-07,10,10,1.0,318,Awesome computing in one neat package!
A87W2NKSYDMD6,B00004RC2D,4.0,2000-06,2,2,1.0,154,"I miss my Palm Personal; IIIxe not as solid, screen lacks!"
A25X6171VCSJQH,B00004RC2D,4.0,2000-08,3,3,1.0,95,excellent product
A3O55EWFNKSPV3,B00004RC2D,5.0,2000-04,146,148,0.9865,507,Best &quot;Most for the Money&quot; Palm!
AY8Q1X7G96HV5,B00004RC2E,4.0,2000-06,26,36,0.7222,317,Palm Pilot IIIc
A2QJW1H9XD1U3B,B00004RC2E,5.0,2001-02,13,13,1.0,150,Indispensible Toy
A17INU4IPI2F8M,B00004RC2E,1.0,2001-08,3,5,0.6,82,Worst product I ever bought
A1UQFK8TIKD5YY,B00004RC2E,5.0,2001-03,4,5,0.8,89,My First PDA and It's Great.
A1TUUSQODOPXOE,B00004RC2E,3.0,2000-12,73,84,0.869,399,Try before you buy
A1MYL1VV9LMDVF,B00004RC2E,5.0,2003-10,12,12,1.0,319,First color PDA
A1MJMYLRTZ76ZX,B00004RC2E,5.0,2001-10,27,27,1.0,393,Some comments on the battery
A2UREP3Z9EU6V5,B00004RC2E,4.0,2000-06,38,39,0.9744,559,Great PDA if you want color
ARXU3FESTWMJJ,B00004RC2E,3.0,2000-05,21,21,1.0,311,"Very good, but not perfect"
A2M5GKAGV88LWD,B00004RC2E,4.0,2000-12,9,11,0.8182,171,Less than satisfactory display
A3LMTN315ZHD6O,B00004RC2E,5.0,2001-02,11,11,1.0,168,A great product at a good price
A3OCHH22N0W1AR,B00004RC2E,5.0,2000-12,4,5,0.8,214,A great and fun product
A1GX2E4VJH1NAD,B00004RC2E,4.0,2000-08,48,50,0.96,249,A very good product!
A1U489SYAGQ2FM,B00004RC2E,5.0,2001-07,1,1,1.0,436,"Exceptional, and by a long shot, beats out the competition"
A2K5NFUOAFUBD2,B00004RC2E,5.0,2004-05,4,5,0.8,84,Still a solid value
A2VN72NFU33MO8,B00004RC2E,5.0,2001-02,3,5,0.6,77,I COULDN'T IMAGINE OWNING GRAYSCALE AGAIN!
A3A4XDZBCJKIS9,B00004RC2G,4.0,2000-09,0,0,,32,Warning for M100 owners!
AY8Q1X7G96HV5,B00004RC2G,5.0,2000-06,12,13,0.9231,145,Palm Pilot Keyboard...Finally Typing Ease...
A2OLQ18EOBZPE6,B00004RC2G,5.0,2000-04,18,20,0.9,82,Very Impressive
A2MCZGSS6UJHDS,B00004RC2G,5.0,2000-05,26,27,0.963,198,An Awesome Keyboard
AB2U893HHHG74,B00004RC2G,5.0,2000-05,14,14,1.0,229,Works great and looks *cool* too!
A1U5NWJOYH2QQH,B00004RC2G,5.0,2000-05,15,15,1.0,190,"Full size keyboard in a folding, calculator size."
AIVLKALMERRFT,B00004RC2G,5.0,2000-07,1,3,0.3333,11,this is great
A14PHG6QJ1DTG,B00004RC2G,5.0,2000-08,35,35,1.0,265,Its cool. Its useful. Its almost (but not quite) perfect.
A1VXOAVRGKGEAK,B00004RC2I,3.0,2014-01,0,0,,20,Keyboard for my Palm V
A3S8HHQBEEGN7P,B00004RC2I,5.0,2000-03,17,17,1.0,135,This One Works And More!
A36VJLLJTI7TIA,B00004RC2I,5.0,2001-01,3,3,1.0,335,I use it every day
A3NHUQ33CFH3VM,B00004RC2I,4.0,2011-04,1,1,1.0,108,"Pretty cool, pretty useless"
A3GAGDH0FHEREP,B00004RC2I,5.0,2000-12,4,4,1.0,263,An Engineering Masterpiece
A244ASJUKMUGSI,B00004RC2I,5.0,2007-07,1,1,1.0,18,Excellent keyboard
A11KX4PSKOL7VL,B00004RC2I,5.0,2000-08,25,25,1.0,169,MAKE YOUR PALM MORE THAN JUST A TOY!
AJZPEEL1HULPU,B00004RC2I,5.0,2002-11,3,3,1.0,66,Great For Taking Notes
A1TNK82XJQ0XPK,B00004RC2I,5.0,2001-07,4,4,1.0,184,The best accessory for Palm devices... EVER!
A1M4NJYP0WNL8Q,B00004RC2I,4.0,2001-11,12,12,1.0,385,The Truly Compact Keyboard
A8TZ88OM8YOLW,B00004RC2I,5.0,2001-09,2,4,0.5,158,It Makes A Cool Phone Directory!
A1F2QYMDONSF7I,B00004RC2I,5.0,2004-01,1,1,1.0,79,Very satisfied
A1SAQB40R8C44A,B00004RC2I,5.0,2000-06,3,3,1.0,99,Excellent engineering and Very useful
A1XPNKJWTITV0W,B00004RC2I,5.0,2000-08,20,20,1.0,133,My post-review experience...
A2Q5RORSLPNHIN,B00004RC2I,5.0,2000-12,2,2,1.0,82,Very convenient and amazingly compact
AM4ZQJ0IORVWG,B00004RC2I,5.0,2000-06,68,69,0.9855,414,"It's Fullsized, portable, and easier than Grafitti!"
A3B0PPZOUA6U9I,B00004RD8K,2.0,2011-02,4,4,1.0,589,2nd unit of 3 to crash for same reason...
AOMD90U7TEAP6,B00004RD8K,5.0,2000-08,27,31,0.871,190,Great sound and picture quality
A3DKWGWZSZC7PN,B00004RD8K,2.0,2010-02,3,4,0.75,28,"without the ability to play MP3 discs, it is all but useless"
A1SEHRRSCQTQ42,B00004RD8K,5.0,2000-05,43,50,0.86,106,Good machine - in comparison - still lacking usability!
ANVS33BKKSZCI,B00004RD8K,3.0,2012-07,2,2,1.0,227,"How to fix it, when it stops working"
A1OFU9LH1ZHQ3M,B00004RD8K,5.0,2006-07,9,11,0.8182,143,DVD disc changer
A284KBVQ4OSZR,B00004RD8K,5.0,2008-06,3,4,0.75,172,Pioneer DV-F727 301-disk player well worth it.
A2CNZUBFWM361Q,B00004RDL5,4.0,2010-04,1,1,1.0,94,It replaced DirecTV new Sonic Music.
A2XWZHQ52BND8R,B00004RDL5,5.0,2011-05,0,0,,31,Pioneer PD -F-1009 301 Disc CD-File Changer Review
A3I5S0G8FMWV03,B00004RDL5,4.0,2013-02,0,0,,72,unit review
A2WER6C7Y0T4D2,B00004RDL5,2.0,2011-04,6,6,1.0,560,Very very disappointed - Have to exchange it for a Sony
AGSC327PXS3W6,B00004RDL5,4.0,2010-12,2,2,1.0,405,I've been very pleased with the Pioneer PD-F1007 for almost 11 years
A2QAH6UNUXCSP1,B00004RDL5,3.0,2006-10,34,36,0.9444,172,RANDOM PLAY: like the capacity but not the wait
A1V427MUP6WWFE,B00004RDL5,4.0,2011-02,1,1,1.0,205,Mine is 12 years old and still works!
A1NJLUKL3K8BDK,B00004RDL5,5.0,2007-10,8,8,1.0,95,Solid unit
A3K7QTMDO872EC,B00004RDL5,5.0,2010-08,1,1,1.0,134,Best of the CD changers
A1P3DDFL423B3C,B00004RDL5,4.0,2006-02,40,40,1.0,371,"Excellent changer, but wish the CDText support was better"
A1PRF8YIK73VH5,B00004RDL5,5.0,2011-03,0,1,0.0,71,Pioneer PDF 1009 - 301 disc player
A1W8308SYXBSAL,B00004RDL5,1.0,2009-07,7,9,0.7778,67,Junk
A30UV3IIH7IJF,B00004RDL5,4.0,2007-02,4,4,1.0,59,Good for the money.
A13DD17X1AZFGJ,B00004RDMR,5.0,2000-10,25,29,0.8621,168,Very impressive
A1IF5UP2PK2T4U,B00004RDMR,5.0,2000-10,155,157,0.9873,528,My unbiased opinion on this camera
A29VR9CPO02WV3,B00004RDMR,4.0,2001-01,18,19,0.9474,297,"great camera, a few small flaws."
ANPBKESJ39FU8,B00004RDMR,5.0,2001-01,23,23,1.0,300,Nikon 990:  5 months later
A23SB6VGGB9E8U,B00004RDMR,5.0,2001-06,5,5,1.0,103,A Great Camera
A3Q00YPS9TU3Z0,B00004RDMR,4.0,2002-12,2,3,0.6667,170,Nikon 990
A36GB0BMOGXTM0,B00004RDMR,4.0,2000-12,73,73,1.0,211,Great camera with some flaws
AQ9GVQAH3ZU0,B00004RDMR,5.0,2001-11,5,5,1.0,95,Love the camera
A1GYN77I2M4LQN,B00004RDMR,5.0,2000-08,108,109,0.9908,661,NIKON's CoolPix 990 is VERY-VERY Cool.  More than Cool!
A2B3QTNPR6EFDO,B00004RDMR,3.0,2003-04,4,4,1.0,256,"A bit bulky, but takes beautiful high quality photos"
A2AFT2VCH2S01B,B00004RDMR,5.0,2000-12,66,66,1.0,977,"I really like this camera, good choice for ambitious amateur"
A1B29I661YGZEU,B00004RDMR,4.0,2001-05,6,7,0.8571,167,Almost mature technology
A2HQYNDVHRWZWL,B00004RDMR,5.0,2001-01,49,50,0.98,204,Nikon Coolpix 990 -- Six Months and Six Thousand Pictures
A2GHFM7D00AMGW,B00004RDMR,3.0,2000-07,62,74,0.8378,390,Hit and miss
A2CC2CRU24E44X,B00004RDMR,5.0,2000-12,17,17,1.0,171,Even better than my old 950
A382XPXKY11IIN,B00004RDMR,4.0,2008-07,0,0,,47,Still one of the best for 360 photography
A1OL8IISTUIYBC,B00004RDMR,5.0,2002-04,0,0,,81,Great BANG FOR THE BUCK!!
A15EJW1B60SVCA,B00004RG6K,3.0,2000-05,0,11,0.0,144,A Question For Reviewers
A36VJLLJTI7TIA,B00004RG6K,4.0,2000-11,39,40,0.975,371,Amazing
A2M4NHKCBDV4OD,B00004RG6K,5.0,2002-06,1,1,1.0,130,Survives Just About Anything!
A1KZDMCI54UXIY,B00004RG6K,5.0,2000-07,54,54,1.0,916,"Overall, it's the best player in the market...for now"
ACNP2GG9P4WV9,B00004RG6K,5.0,2000-07,0,3,0.0,50,Go Go Gadget MP3
A3HS9IAJG1X3WK,B00004RG6K,3.0,2000-07,11,12,0.9167,100,Some sloppy engineering
A1TAW91SQSU2AH,B00004RG6K,5.0,2000-12,11,11,1.0,176,Excellent Total Package.
A7JGEKN140F4S,B00004RG6K,5.0,2000-05,0,0,,127,Excellent product
APBICPEUMXUVO,B00004RG6K,1.0,2000-08,1,4,0.25,124,Please don't buy this defective wonder
A3FTWBJH7BFDJQ,B00004RG6K,3.0,2001-07,1,4,0.25,207,THIS IS A GREAT MP3 PLAYER BUT....
A37BPVPTAM7JWP,B00004RG6K,3.0,2003-02,0,0,,121,Good until it broke
A3RBVD0DCH8CUZ,B00004RG6K,2.0,2000-12,4,5,0.8,171,better buy mg
A6VXZ1EEPRTLV,B00004RG6K,5.0,2005-03,0,0,,224,Reliable . . .
A1IT7KPZW9DY05,B00004RIGR,5.0,2002-07,10,11,0.9091,162,Excellent Lightweight Tripod
AHTGES9QI0TT1,B00004RIGR,2.0,2001-11,13,15,0.8667,121,Not a good buy.
A3J3GRH2JJ8KO2,B00004RIGR,5.0,2001-10,18,19,0.9474,96,Great Value
A2HRWONDPECN9L,B00004RIGR,5.0,2002-04,6,7,0.8571,111,"Lightweight, portable, sturdy"
A2GDMNWEJ3F8SO,B00004RIGR,5.0,2001-10,6,6,1.0,57,Great Value &amp; price!
A94O1XOG5H69F,B00004RIGR,4.0,2001-06,12,13,0.9231,51,Bravo Vivitar!
A3T0MOVJN9OPVB,B00004RIPE,5.0,2014-05,0,0,,47,mighty small flash
A2YY8BZ30MXT5Y,B00004RIPE,3.0,2014-07,0,0,,59,"Bad flash, but GREAT customer service"
AVKN56YCOTI2W,B00004RIPE,5.0,2009-08,2,2,1.0,115,Viva la Vivitar
A2Z5WCWTUTWFO9,B00004RIPE,5.0,2014-01,0,0,,21,Great manual flash !!!
A1RPTVW5VEOSI,B00004RIPE,5.0,2000-08,92,93,0.9892,117,The Professional Standard
AE95Z3K6GVIC3,B00004RIPE,4.0,2010-09,0,0,,63,Good flash
A26BM4G76GAPCM,B00004RIPE,4.0,2009-10,0,0,,47,Great old workhorse of a flash unit!
A1MDAPKTOTWIKC,B00004RIUB,3.0,2002-07,5,6,0.8333,196,"better than nothing, but you're better off with a newer palm"
ATELSGYOHCL3E,B00004RIUB,4.0,2002-01,17,17,1.0,219,It does work!
AYRAJKPKSORP4,B00004RIUB,3.0,2003-08,0,0,,93,Not  to  good
A1L0D739FY7T6G,B00004RIUB,1.0,2004-11,8,8,1.0,294,XP ISSUE FIXED!!!
A14VXKTBKGZ9SD,B00004RIUB,3.0,2005-06,6,6,1.0,323,"Highly recommended...if you're a Mac user. Otherwise, no!"
A2X0T8HIOCL0AM,B00004RIUB,5.0,2006-08,0,0,,152,PALMCONNECT 3C90201U
A6ZPLVAUQ6695,B00004RIUB,5.0,2000-08,15,20,0.75,60,Works flawlessly.
A2B40QQALLN0I2,B00004RIUB,1.0,2002-05,9,10,0.9,105,Clumsy under Windows XP -- at best
A1ISUNUWG0K02V,B00004RIUJ,4.0,2000-08,0,0,,97,Nice case.  Wish it had a belt clip
AY8Q1X7G96HV5,B00004RIUJ,5.0,2000-06,2,3,0.6667,65,Palm Pilot PalmGlove Neoprene Case...
A2OLQ18EOBZPE6,B00004RIUJ,5.0,2000-04,10,11,0.9091,63,Great case for your Palm organizer!
A23PCEL26412R1,B00004RIUJ,4.0,2001-12,0,0,,45,A nice basic case that protects against shock and water
A3CWLHT8Y2BZB6,B00004RIUJ,3.0,2000-05,4,8,0.5,63,beautiful but awkward
A1QMJF9VR808JM,B00004RIUJ,5.0,2001-03,0,0,,96,The best get protection
A2K5FK58JSWXJ9,B00004RIUJ,5.0,2000-08,0,0,,106,Great product for your palm
A2M8GFU93TXKCN,B00004RIUJ,1.0,2000-10,5,7,0.7143,36,Not large enough for Palm VIIx
A2WL4FEGN510I7,B00004RIUJ,5.0,2001-06,0,0,,50,Excelent
A1U489SYAGQ2FM,B00004RIUJ,5.0,2001-07,0,1,0.0,81,A must-have case to go with your Palm
A3JRAKUG0TB81C,B00004S9AK,4.0,2001-11,1,1,1.0,180,Best mouse for the price!
ATW2I5S6S2PFA,B00004S9AK,5.0,2000-09,5,5,1.0,148,Best mouse one can buy.
AFX6DK3RMHQGO,B00004S9AK,5.0,2000-10,0,0,,92,I never thought using a mouse could be fun
A3KYYFT538CZ0O,B00004S9AK,5.0,2001-04,8,8,1.0,67,Optical Mice Are the best
AEUV9916W7NQM,B00004S9AK,2.0,2002-07,0,1,0.0,16,too heavy
A1YQLAR46BS347,B00004S9AK,4.0,2000-06,3,3,1.0,147,"A wonderful product, but prepare for installation headaches!"
A19RE9LBQIX90B,B00004S9AK,4.0,2002-06,1,1,1.0,216,Works well but does have a drawback
AQ1F4Z6CCQMVQ,B00004S9AK,5.0,2000-11,12,13,0.9231,229,Great gift for anyone with a computer!
A3O72DJ2MQ8930,B00004S9AK,5.0,2000-05,85,89,0.9551,217,Excellent Product
A1NVD0TKNS1GT5,B00004S9AK,4.0,2001-03,0,0,,102,I really liked it until it broke... Twice.
A1CRUBEW267K0W,B00004S9AK,5.0,2013-04,0,0,,68,11 years and still going
AQSNJ8HQ3WHMS,B00004S9AK,5.0,2000-08,4,5,0.8,104,wowie
AD50TWQOM8W4G,B00004S9AK,5.0,2000-05,2,2,1.0,48,A must have!
A2EDFATBY4VNTS,B00004S9AK,5.0,2001-01,2,2,1.0,614,Microsoft steals away my Kensington loyalty...so far that is
AT2BYFEVLVITT,B00004S9AK,5.0,2000-05,2,2,1.0,103,What took them so long.
A3IBOQ8R44YG9L,B00004S9AK,4.0,2000-10,2,2,1.0,91,Brought me back to a mouse
A1KLBWKUQHSQVW,B00004S9AK,4.0,2001-01,0,0,,172,Excellent mouse
A5JLAU2ARJ0BO,B00004S9AK,5.0,2000-04,2,2,1.0,148,THE Mouse to Have
AG0FO4LWC3ALI,B00004S9AK,5.0,2000-11,9,11,0.8182,197,intellimouse explorer...outstanding...
A1C8V13RD60LTR,B00004S9AK,5.0,2001-02,0,0,,305,I Love THIS mouse !
AXDM1069BD601,B00004S9AK,5.0,2000-12,9,9,1.0,99,This is the greatest!!
A1X3T9VBU5GQX4,B00004S9AK,3.0,2000-08,7,9,0.7778,179,Good overall but limited
A2R9J5LULVKF6T,B00004S9AK,5.0,2001-01,1,1,1.0,135,Thank God for Technology!
AOUB4XH2J80FN,B00004S9AK,3.0,2003-04,3,3,1.0,281,Good optical mouse with one big problem
A2G2QNKDL1Y6AC,B00004S9AK,5.0,2000-11,7,9,0.7778,121,This mouse is for you
A3OZR4QXMILU6E,B00004S9AK,5.0,2000-11,4,7,0.5714,197,Unsure...well time to be sure
A2K5FK58JSWXJ9,B00004S9AK,5.0,2000-08,1,2,0.5,64,I would give this a 10 out of 10!
A1RVSPTDB45J2M,B00004S9AK,4.0,2000-10,1,1,1.0,148,best for use with notebook
A1PRYEYET17MPW,B00004S9AK,4.0,2000-04,3,3,1.0,170,Nice mouse though not perfect.
A1WVMDRJU19AFD,B00004S9AK,3.0,2001-10,4,15,0.2667,36,the red-light precision multibutton beast rides again
A35MUY1T5C335X,B00004S9AK,3.0,2000-04,0,0,,195,"Good mouse overall, but the side buttons are impractical"
A231WM2Z2JL0U3,B00004S9AK,5.0,2000-09,6,8,0.75,75,Love this one.....
AM4ZQJ0IORVWG,B00004S9AK,5.0,2000-04,21,21,1.0,402,"The 21st century mouse, which I'm using now"
AQL2WVOAADPE2,B00004S9AK,4.0,2000-05,1,1,1.0,69,Once it's working - It works great
A208OZ5XMMPKGS,B00004S9AK,5.0,2001-06,3,3,1.0,260,Throw your mouse ball away
A2XUTJJ678UBQ5,B00004S9AK,5.0,2001-01,1,1,1.0,54,"Others sampled, this wins hands down"
AZ1UEOB5EIU5O,B00004S9AK,5.0,2000-06,2,3,0.6667,59,Solid Product!
A1MCDTLCGM8IEE,B00004SABB,5.0,2014-07,0,0,,21,Nice and compact.
A3SNRU9Z9763AO,B00004SABB,5.0,2010-09,1,1,1.0,123,Excellent Value
A1JVJPIRK7MXGD,B00004SABB,5.0,2014-03,1,1,1.0,113,Good car binoculars
A3TJXGZ6DE38R7,B00004SABB,5.0,2013-01,0,0,,41,"For the price, can't be beat"
A1DGED31BJ7H4D,B00004SABB,5.0,2013-01,0,0,,30,Great for the price
A1HXLQOYQB889P,B00004SABB,4.0,2013-10,1,1,1.0,80,Great of Theater
A16PPW1E26SZPX,B00004SABB,5.0,2013-06,0,0,,43,Great Binoculars!
A3LMH7M7YGUW81,B00004SABB,1.0,2013-04,1,1,1.0,64,poor quality
A2XKCFK69WFJ2Q,B00004SABB,2.0,2013-09,0,0,,21,Good for kids
A3J1QBB1ULWDOQ,B00004SABB,5.0,2014-05,0,0,,31,Good value and quality
AIFS93UK3XG7R,B00004SABB,4.0,2013-02,0,0,,21,Very nice product
A3SYB4E5MCEBZL,B00004SABB,5.0,2013-03,1,1,1.0,131,First set of binoculars
A3EM40VV41YOHH,B00004SABB,4.0,2011-07,2,2,1.0,48,My Review
A2CJ6BOXPMVDZ9,B00004SABB,3.0,2011-12,2,3,0.6667,48,Not the ones for me
A2T3R3E038PSYR,B00004SABB,4.0,2014-04,0,0,,20,Bulky than Simmons
A8C4VSOYHV7BY,B00004SABB,3.0,2011-04,0,0,,61,a decent product
A18WG75O9GGKTT,B00004SABB,1.0,2014-05,1,1,1.0,164,Worthless
AWZTZR9GATRZH,B00004SABB,5.0,2013-01,0,0,,30,Excelente
A1H5FVY4HX3ABU,B00004SABB,3.0,2013-04,0,0,,54,very small lens
ABKYBNND374AW,B00004SABB,3.0,2014-04,0,1,0.0,33,Too dark.
AMEX0T50TFZR6,B00004SABB,4.0,2012-11,1,1,1.0,21,Pretty good value
A2Z2VZEOYK3EMX,B00004SABB,5.0,2014-05,1,1,1.0,30,Superb Opera Glasses
A39M6RURHUXPR,B00004SABB,2.0,2014-06,0,0,,63,Disapointed
A1N73M40MPPWSR,B00004SABB,5.0,2013-02,0,0,,43,NICE WORKS GOOD
AH1KJ45IQTM4T,B00004SABB,5.0,2007-10,8,8,1.0,190,Opera Goer
A3S7Z458PXGL82,B00004SABB,4.0,2011-11,4,4,1.0,102,Bushnell Binoculars
A3T8XGEOFSU5UI,B00004SABB,5.0,2010-01,1,1,1.0,13,Great Price! Small Size!
A2SKEQT0WTB954,B00004SABB,5.0,2002-09,116,124,0.9355,53,Outstanding at twice the price
A3KM0K7M1NN2C5,B00004SABB,4.0,2013-05,1,1,1.0,69,No frills capability at a great price.
AGMRCXA1AX1TJ,B00004SABB,5.0,2014-03,0,0,,146,Very nice
A1Q0SLK0BVABXZ,B00004SABB,4.0,2013-06,0,0,,31,Lightweight and easy to carry
A2GAKGT138CJZS,B00004SABB,3.0,2012-05,0,2,0.0,81,Sent them back
A1LZSBV038CISF,B00004SABB,4.0,2014-01,0,0,,108,Works pretty good
A2DLK5DI4S3OIX,B00004SABB,2.0,2009-08,2,2,1.0,139,"Cheap price, cheap quality"
A38GBRWMMP0UI1,B00004SABB,3.0,2013-03,0,0,,86,good for back yard viewing
A3EQQHWJ1EEYEU,B00004SABB,5.0,2013-07,0,0,,68,Needed some small binoculars for shows
A1M24LVM6J1IYY,B00004SABB,5.0,2014-01,1,1,1.0,134,"Great as opera glasses, tremendous value for the dollar spent"
A18MQWHBYS6MLN,B00004SABB,1.0,2012-06,2,2,1.0,105,"Image is ""foggy""?"
A3C5B6DI5QZHKG,B00004SABB,5.0,2014-05,0,0,,68,Good Binocs
A1UBZQMYXWI1DH,B00004SABB,3.0,2011-09,0,0,,43,Good form factor...but mine had issues
A1TF9EYT8FEPZP,B00004SABB,4.0,2013-11,0,0,,53,Very portable and easy to carry
A2XW2J2M66JC1A,B00004SABB,5.0,2011-07,5,5,1.0,69,Great binoculars
A2HKIW9RMMSKXI,B00004SABB,5.0,2009-05,0,0,,15,great product
A2JFHS5XX1PMXZ,B00004SABB,4.0,2013-05,1,1,1.0,81,Lightweight and compact!
A1A2UR00NVQ37J,B00004SABB,5.0,2008-09,0,0,,16,Great buy
A2SJD44C37X1LS,B00004SABB,5.0,2012-05,1,2,0.5,35,Very Nice Compact Binocular
A3C2B90CTO7T1V,B00004SABB,5.0,2013-06,0,0,,94,Bought for a concert
A32WHPPRFXTHRV,B00004SABB,5.0,2013-04,0,0,,36,Bushnell Powerview 12x32 Compact Folding Roof Prism Binocular Binocular
A24P9F6NZ7I0EL,B00004SABB,3.0,2013-06,1,1,1.0,86,These are just okay
A3OBYV9M3PY8JW,B00004SABB,5.0,2013-01,0,0,,20,great for hunting
A2TH825DJHB3P1,B00004SABB,4.0,2009-11,1,1,1.0,70,Good value for the money
A199IPMLMRRRMH,B00004SABB,5.0,2013-04,0,0,,54,Great for price and function
ARC5ASW9CUAGP,B00004SABB,1.0,2013-01,2,2,1.0,151,Also seeing double
A194CASS07MYI7,B00004SABB,5.0,2014-01,1,1,1.0,21,Cyndi
A1E04XSIX1OAOM,B00004SABB,1.0,2009-05,9,9,1.0,30,unusable
A2JWZ2WBSBMTV3,B00004SABB,5.0,2014-01,0,0,,61,Grand
A1ZTCLOO7CCXBC,B00004SABB,3.0,2009-06,13,13,1.0,192,"Good value - but be warned, not rugged"
A154R0EH8V8J23,B00004SABB,4.0,2013-08,4,4,1.0,710,"12 x 25 version is good quality, but frustrating right-eye diopter focus"
A1WWUZUK1ONXXV,B00004SABB,2.0,2014-02,0,0,,37,bummer
AO3BJZXP5O1DQ,B00004SABB,2.0,2013-02,2,2,1.0,62,Bushnell Powerview 8x21 Compact Binocular
A7ZVK3V3S35CF,B00004SABB,5.0,2013-09,0,0,,21,up close and personal
AP8GT460DVVCU,B00004SABB,3.0,2014-05,1,1,1.0,40,difficult to hold steady
A1CP551C8355WH,B00004SABB,5.0,2014-01,1,1,1.0,125,Great Purchase
A7R9S61MMVO2H,B00004SABB,5.0,2014-01,0,0,,49,Good Product
A1MRX4ZBEF5CB8,B00004SABB,5.0,2013-01,0,0,,59,Got what I asked for
APDY9AJZDOGDX,B00004SABB,5.0,2011-12,3,3,1.0,55,Handy range glasses
A38YN01J31JTBD,B00004SABB,5.0,2014-01,1,1,1.0,48,Great binos
A3AGQAXTX6VRJ3,B00004SABB,3.0,2011-04,2,3,0.6667,241,Great Brand - Bad Focus!
A1OPM139NX6MM9,B00004SABB,4.0,2013-07,2,2,1.0,74,Bushnell Powerview 10X32 Compact Folding Binocular
A21RU23FMI0XSS,B00004SABB,4.0,2012-04,3,3,1.0,261,For the Price I paid they were well worth it.
AJP7IKVQXDJ7G,B00004SABB,5.0,2013-03,1,1,1.0,99,great value binoculars
A2HSQ44YJXSVAX,B00004SABB,5.0,2010-02,1,1,1.0,17,Pintsize Powerhouse
A3RO6Z7WI0032B,B00004SABB,5.0,2008-02,5,6,0.8333,56,Powerful binoculars in a small package
ADKYANLVMPKSC,B00004SABB,4.0,2014-06,0,0,,52,decent
A2CBZMETQJTNEE,B00004SABB,2.0,2009-04,40,43,0.9302,113,You get what you pay for -- especially true with binoculars.
A1A016H61PMGYA,B00004SABB,5.0,2012-01,4,4,1.0,86,Worth twice the price I paid
A1SUF6BBG0T2ZQ,B00004SABB,2.0,2010-06,7,8,0.875,50,Pretty Bad
A11JCTWMX14IGZ,B00004SABB,3.0,2011-12,9,11,0.8182,82,OK midsize binocular
A3RGAR7ZY1OEGT,B00004SABB,4.0,2007-08,6,9,0.6667,25,Very good buy......................................
A3RBGEV4IHL1XM,B00004SABB,3.0,2012-12,0,0,,93,"Lightweight and compact, but poor optics"
A1R377IPZOKLMM,B00004SABB,5.0,2013-01,1,1,1.0,116,Surprising compact size!
A3R26BOC579JZT,B00004SABB,5.0,2010-06,2,2,1.0,70,"Great compact binoculars - perfect for sports, concerts"
A1GHIHEYT9EI43,B00004SABB,3.0,2014-04,0,0,,42,Not bad for the price
AXF7HOXQDTVOQ,B00004SABB,5.0,2008-10,8,8,1.0,93,Good binocs
A1DDG2R80UWTPI,B00004SABB,5.0,2013-02,0,0,,43,Review
A1X5KSUPUR5GFO,B00004SABB,5.0,2012-09,0,0,,42,very good for concerts
AZAC8O310IK4E,B00004SABB,5.0,2014-04,2,2,1.0,57,Powerful binoculars and great value!
A2NS2BWQKIS13C,B00004SABB,5.0,2013-05,1,1,1.0,81,Excellent binoculars - great value/purchase
A1056H518CJ5XD,B00004SABB,5.0,2011-12,0,0,,44,Great optics!!!
A2UU3ZOWZLA2SP,B00004SABB,5.0,2013-12,1,1,1.0,39,Great for surveillance
A36H6CP232NRYD,B00004SABB,3.0,2010-09,0,0,,47,Good
A1GZZEI9LGAIRQ,B00004SABB,4.0,2012-08,2,2,1.0,120,Good Quality Binoculars for average overall use.
A3CFO6309H5H0,B00004SABB,5.0,2012-07,1,2,0.5,28,Nice stuff
A3SKXRB5QQWMLZ,B00004SABB,5.0,2005-05,9,10,0.9,95,Perfect for sports use...
A1QI2OEKR1TXQR,B00004SABB,4.0,2007-09,3,4,0.75,24,Binoculars - Bushnell folding
AFE44U6RKH4ZL,B00004SABB,5.0,2011-04,0,0,,29,jamba Jay
A1NOE0PC1W7ROU,B00004SABB,5.0,2008-10,0,0,,84,Exceeded expectations. Improved product.
A28NNY8RA9EVW1,B00004SABB,5.0,2011-10,3,3,1.0,68,Excellent for the price
A37MO3JSJKWYQ8,B00004SABB,5.0,2008-07,0,0,,60,Great Buy
A2WI99LSF1RRXG,B00004SABB,5.0,2012-10,2,2,1.0,79,My search for good compact  binoculars is over!
A3Q1EKWQUA0INF,B00004SABB,5.0,2013-04,0,0,,21,What can I say?
A2CFCASXVT8OIT,B00004SABB,2.0,2013-02,1,1,1.0,90,Junk!
AVSYVH92H3Y64,B00004SABB,4.0,2012-12,0,1,0.0,94,"Nice, but powerful binocular"
A12YC1CY1XZ6KQ,B00004SABB,4.0,2005-01,35,37,0.9459,151,Good compact binoculars
A1D3CQN43Q2T3F,B00004SABB,5.0,2008-05,1,1,1.0,101,Great Little Binoculars
A1LA54IU9QKJWO,B00004SABB,5.0,2014-04,0,0,,31,Great for the money
AJCR7L4AXL2OG,B00004SABB,4.0,2013-12,0,0,,172,Good for the money
A19VISO9EHD1OM,B00004SABB,4.0,2012-02,12,12,1.0,334,"Good, Good"
A1XAWUIMSX6C1Z,B00004SABB,5.0,2013-08,0,0,,40,Small and Powerful
A3KBJHIZCU52OW,B00004SABB,3.0,2012-04,0,1,0.0,375,Bushnell 8x21 clam w. company name in metal color.
AYJG6V3AQONGG,B00004SABB,1.0,2009-12,14,19,0.7368,175,A nice toy for a child
A1CAGTNRSFHJNJ,B00004SABB,5.0,2005-09,12,12,1.0,41,Busnell  Powerview 12x25 Folding Binoculars
AGEWOMQ90BV8R,B00004SABB,4.0,2013-11,0,0,,163,Good Binoculars With Better Mechanical Design
A2VHNK9KG4FN9F,B00004SABB,3.0,2012-05,1,1,1.0,80,Picture Issues
A1ACUIN0UZC4K4,B00004SABB,5.0,2013-01,0,0,,22,Nice small binoculars at a reasonable price.
A24ICO449X5CE6,B00004SABB,1.0,2012-05,0,1,0.0,224,"Blurry first time used, but a week past return time!"
A2I4NRKPMGL07Z,B00004SABB,5.0,2013-01,0,0,,29,Great deal
AJ00DXOOCDL2C,B00004SABB,5.0,2009-07,0,7,0.0,84,"Magical binoculars, contain phlogiston"
AMEZFR0V0FTFX,B00004SABB,5.0,2013-07,0,0,,50,second-best gift I've ever given
A2E3L36WTNQJEJ,B00004SABB,5.0,2013-12,0,0,,66,fantastic
A1I8SSEK2E846I,B00004SABB,4.0,2010-01,0,0,,29,"Good product, best value"
A1XQYFPZW6TA45,B00004SABB,5.0,2014-06,0,0,,28,Excellent
ANMA1H8LGEVBF,B00004SABB,4.0,2013-02,0,0,,100,"They're OK, but I would buy a stronger magnification (can't fault them for that)"
AMH264806NHLO,B00004SABB,1.0,2012-06,3,5,0.6,129,Absolutely horrible
ATVG5JYNR3EWN,B00004SABB,1.0,2013-12,2,10,0.2,193,Awful Amazon should be ashamed
AZH1J5JIBIE8G,B00004SABB,2.0,2009-03,6,8,0.75,30,Had to return them.
A21U4DR8M6I9QN,B00004SABB,4.0,2007-02,8,8,1.0,22,nice small portable
A2X92GFMN2QUY2,B00004SABB,5.0,2014-02,0,0,,33,Bushnell Powerview Folding Binocular
A17A6OOXUV6ULM,B00004SABB,4.0,2014-03,0,0,,44,Good for travelling
A1CCKKNSH3QR08,B00004SABB,5.0,2013-04,1,1,1.0,112,"Light, compact, and powerful"
AVEUMSBNRA5TJ,B00004SABB,3.0,2007-02,57,66,0.8636,71,Nice Compact Binocular
AEC90GPFKLAAW,B00004SABB,5.0,2013-01,1,1,1.0,124,"Slim, folding, and great for bird watching or game scouting"
AHCXIFBSY3GC6,B00004SABB,5.0,2013-05,0,0,,29,Just as stated
A1G4AW937NAPVA,B00004SABB,3.0,2012-11,0,0,,34,"Great for my son, but broke too soon"
A3N0PBMHROT40K,B00004SABB,4.0,2013-01,0,0,,23,ok
A7J1NJ0YQOBTZ,B00004SABB,2.0,2012-09,0,0,,141,Older version is much better
AJSSCAO4RSU78,B00004SABB,5.0,2005-07,56,58,0.9655,57,Great Value
A1BU7ES6F0OOAA,B00004SABB,1.0,2011-06,1,2,0.5,30,TERRIBLE
A2RSBGN7RNQ3S0,B00004SABB,2.0,2012-02,2,4,0.5,94,Think About it
AOLN7ZXFT6EDI,B00004SABB,5.0,2012-01,1,1,1.0,130,Worth every dollar
A24OJFC9EGH3KQ,B00004SABB,4.0,2010-01,3,3,1.0,90,"Good for the money, but not the greatest"
A26Y3GDR2X0V6V,B00004SABB,5.0,2009-05,3,3,1.0,58,"Good, cheap, clear, compact binoculars"
AKP40I31XYX1D,B00004SABB,5.0,2009-01,3,3,1.0,120,Great Value. Nice Quality Binoculars.
A393L8KPRNFKMU,B00004SABB,5.0,2013-03,0,0,,65,Very nice deal
AZF2N3ZIC9B9M,B00004SABB,3.0,2013-10,0,0,,60,"Not as good as expect, but at least you can definitely see, but just aren't as crisp"
A2GE48B0B9588V,B00004SABB,5.0,2013-02,1,1,1.0,65,More than adequate
A1CN4ZCDTGCJCT,B00004SABB,4.0,2014-05,0,0,,39,You get what you pay for
A1MADL7UMDRH89,B00004SABB,3.0,2014-06,0,0,,62,Reasonable for the price
A2IMYG68MPGPF9,B00004SABB,5.0,2012-12,1,1,1.0,109,Powerful and Lightweight
A35LSGTF3H8BYV,B00004SABB,5.0,2013-03,1,1,1.0,151,"More than affordable, all you need from basic binocular"
A1F3YT1298K5DX,B00004SABB,5.0,2013-01,0,0,,30,Great gift for my 10 year old
A1X951MG53YRW0,B00004SABB,4.0,2013-01,0,0,,76,Good for concerts
AAONZ50U9K7NW,B00004SABB,5.0,2011-01,3,3,1.0,57,Wow Powerful!
A2L7URQ9FR0U92,B00004SABB,4.0,2012-10,3,3,1.0,100,Not the best optics but very portable and afordable.
A3EP26M3QHINXT,B00004SABB,5.0,2013-11,0,0,,34,Come closer my dearie!
A1Z0VDSYKCQTRH,B00004SABB,4.0,2012-08,0,0,,65,"Ok, I'm happy!!!"
A28ZZVJQDTXKLA,B00004SABB,5.0,2013-12,0,0,,26,Awesome ! 10x25
A1ODOGXEYECQQ8,B00004SABB,4.0,2011-10,1,1,1.0,337,Good set of eyes
A1FPS4R13KT9ZC,B00004SABB,5.0,2010-08,2,2,1.0,59,Nice for the price. Good size
A1APZA6WOY8J8,B00004SABB,5.0,2013-01,2,2,1.0,55,NICE!
A3EU21JSI4F2QH,B00004SABB,4.0,2013-03,0,0,,39,I like it!
A1SNCVH8GXEJPA,B00004SABB,1.0,2013-05,0,0,,26,Could not adjust - no instructions
A29UCTPWD0NNHQ,B00004SABB,3.0,2014-02,0,0,,28,okay for the money
A32VUK5VY3V11D,B00004SABB,5.0,2011-09,3,3,1.0,37,Can't be Beat for the Price!
APP5G31NNOHID,B00004SABB,5.0,2014-06,0,0,,50,"Great image, great value"
A3TMKO1DO08TQY,B00004SABB,3.0,2013-09,0,0,,111,I wish I had bought something stronger than 8 x 21
A2WTAKAN3KH2IR,B00004SABB,5.0,2012-10,4,7,0.5714,40,You can actually see things that are further away. WOW
A2S5T5L2JILR16,B00004SABB,5.0,2013-09,0,0,,39,mmmmm
A3L9NGPTBJBQEL,B00004SABB,1.0,2013-06,0,1,0.0,177,higher magnification makes for shaky viewing
A1KOOIDITRFGPY,B00004SABB,3.0,2013-09,0,0,,79,Average But Suitable for Kids
A2A26KED39175E,B00004SABB,2.0,2012-05,2,3,0.6667,44,Yep ... they're binoculars..
A299WE3SXXMRTD,B00004SABB,5.0,2014-03,0,0,,91,Great Product
A2AEZQ3DGBBLPR,B00004SABB,3.0,2003-01,12,16,0.75,55,Don't expect the world
AVUJQ7L84Q5M2,B00004SABB,2.0,2011-01,7,9,0.7778,93,Not for me..
A50ARWTXJ9FPV,B00004SABB,5.0,2010-02,0,0,,38,Bushnell 12X25 Compact Biconulars
A3AWXCFD0J6S65,B00004SABB,2.0,2014-05,0,2,0.0,59,"""Proud USA Company"" on the box, Chinese crap inside. Disgusting."
APFDM4RTT2E0B,B00004SABB,5.0,2014-07,0,0,,6,I really like it!
AMZYVZBIMD7LY,B00004SABB,5.0,2012-06,1,1,1.0,89,Used while looking at houses to buy
A1D3CJ9QKBXC1Y,B00004SABB,4.0,2014-04,1,1,1.0,113,Mixed review
A1TDR7Y90SVCHL,B00004SABB,3.0,2013-04,0,0,,38,Acceptable
A9YD1S6VJJMOV,B00004SABB,1.0,2013-07,0,2,0.0,65,This binocular gone damage
A2ZIXNYGNZBDYS,B00004SABB,5.0,2012-02,1,1,1.0,51,Excellent value
A1GUJGGRLM6V30,B00004SABB,4.0,2011-05,0,0,,26,Bushnell Powerview 16x32 Compact Folding Roof Prism Binocular
A2RV56C21T320Y,B00004SABB,3.0,2014-06,0,0,,171,These are worth what you pay.
A3VT9VE8JYA0LI,B00004SABB,5.0,2013-01,0,0,,69,Nice to have
A2NCO79BXDXVCQ,B00004SABB,1.0,2012-01,3,5,0.6,255,Another Chinese made piece of junk!
AMKB1A6CU9H0P,B00004SABB,5.0,2012-02,1,2,0.5,96,Great buy!
A37WO4IXM2HON1,B00004SABB,2.0,2014-05,1,1,1.0,115,You get what you pay for
A150YMM55VZQ4A,B00004SABB,3.0,2012-09,0,0,,105,"too small, tiny even, eye relief is a significant problem"
A3D1XWMQD0HTZJ,B00004SABB,3.0,2013-10,0,0,,77,Decent pair of binoculars for the price.
A270124TENJ78B,B00004SABB,4.0,2013-07,0,0,,165,"Work Good for the Value, Really Tiny"
A2UNI5F2K6TFQH,B00004SABB,5.0,2012-08,3,4,0.75,67,Great for a B.O.B.
A1482ISQT966WC,B00004SABB,3.0,2010-06,4,4,1.0,34,Okay...for the money
A1MM4GI4DEMAJ8,B00004SABB,4.0,2007-05,2,3,0.6667,15,Best value for money
A1KRANXN8ON8SC,B00004SABB,3.0,2013-03,0,0,,132,there decent
A3PMROFEIAER4U,B00004SABB,5.0,2013-02,0,0,,49,Good Value
A3TNTDRTVYO1SN,B00004SABB,4.0,2013-04,0,0,,23,"well made, excellent value"
A2VT9DGL3UU8HQ,B00004SABB,4.0,2012-11,1,1,1.0,55,Good Binoculars
A324X6N1112OAX,B00004SABB,4.0,2012-10,0,0,,98,Not bad at all for the price paid
A1QBD8ROX93T4H,B00004SABB,3.0,2014-05,0,0,,183,I think there's some factory assembly problems
A1LCO3C4LIJANB,B00004SABB,4.0,2007-03,9,9,1.0,34,worth the money
A1O3DZU81QWRIF,B00004SABB,4.0,2013-07,1,1,1.0,47,Bushnell Compact Binocular
AL2CD0KF155Y8,B00004SABB,5.0,2014-05,1,1,1.0,52,bushnell binoculars
AIKDNESAP7MX2,B00004SABB,5.0,2014-03,0,0,,67,I can see you
AKHWZLV8HFIPS,B00004SABB,4.0,2009-04,10,10,1.0,60,Excellent little pair of binoculars!
A2LNQQ1N2DZBUJ,B00004SABB,1.0,2012-05,0,1,0.0,32,Terrible
A1DE7W7O9L1UYX,B00004SABB,5.0,2013-05,0,0,,22,best buy you can get for hunting
A2BUA0W0E6NM2D,B00004SABB,4.0,2011-09,1,2,0.5,114,A bit too strong for casual birding
A7ZKJ86MUO5JS,B00004SABB,2.0,2013-09,0,0,,37,cheap
A1RP09FD797OVG,B00004SABB,5.0,2010-07,1,1,1.0,75,Bushnell Powerview 8x21
A1I2S55T0R9DTX,B00004SABB,4.0,2008-04,1,3,0.3333,113,Great value for the price!
AGU7N9HSQQ57C,B00004SABB,5.0,2013-01,0,0,,73,"Nice clear optics, very compact size, competitively priced."
A2A0XAOI0QSETY,B00004SABB,4.0,2013-12,0,0,,29,very nice quality
A1CV19Z3EDXMJ6,B00004SABB,5.0,2005-08,10,11,0.9091,85,"POWERFUL, tiny, and I LOVE IT~!!!!!"
AY80D45F691BD,B00004SABB,4.0,2012-12,0,0,,59,I like it so far
A3T1KATJEI7I29,B00004SABB,5.0,2014-04,0,0,,28,Good Binocular
A94SPCQ65L2SL,B00004SABB,5.0,2007-05,34,35,0.9714,31,I love it
AWHT8HM8R4B3Z,B00004SABB,4.0,2014-03,0,0,,77,Great for the money.
A1V6GWOYZEVVKT,B00004SABB,4.0,2007-09,3,4,0.75,17,Good one
A20AAU9AUQ2ATE,B00004SABB,5.0,2014-02,1,1,1.0,340,"satisfyingly compact, powerful and clear."
AARIIW46OO6LA,B00004SABB,1.0,2011-07,0,1,0.0,47,You get what you paid for. Not good
A87CILADRIZW0,B00004SABB,5.0,2014-03,0,0,,64,BEST for the money
AOLC9OV244MFW,B00004SABB,2.0,2010-07,6,8,0.75,249,Quite mediocre
A2KZWL4NQ65C7P,B00004SABB,5.0,2013-12,0,0,,37,Impressive
A22J6L1NSD0U5B,B00004SABB,1.0,2007-03,11,25,0.44,55,Maybe decent for bird watching but not otherwise.
A230PPNNJYJ6HR,B00004SABH,5.0,2004-08,38,38,1.0,68,Wonderful for birdwatching!
A206XQ50UQS1GG,B00004SABH,4.0,2007-01,10,10,1.0,122,Great for backyard birding
AXN9VY5129WYT,B00004SABH,5.0,2007-05,8,8,1.0,41,excellent value
A21U4DR8M6I9QN,B00004SABH,5.0,2006-10,5,5,1.0,100,wonderful
A2JTL1WA0R3J3V,B00004SABH,5.0,2006-07,7,8,0.875,57,Nice binoculars
A6ZPLVAUQ6695,B00004SABH,5.0,2003-05,102,103,0.9903,199,What these eyes have seen..
AYK7KLKHFHS89,B00004SABJ,5.0,2013-04,0,1,0.0,41,Bushnell Powerview 12x50 Wide Angle Binocular
AGZP8G6JTKQJC,B00004SABJ,4.0,2009-01,3,3,1.0,44,Good product
A3QDY5F9BA5V0B,B00004SABJ,3.0,2007-11,4,9,0.4444,15,binoculars
A2K71J7YK6K91A,B00004SABJ,4.0,2011-07,1,1,1.0,25,Work well.
A2TVQ7WEVEU2R8,B00004SABJ,5.0,2014-05,0,0,,29,Great Binocs
A2Z93Q5OYD39G9,B00004SABJ,4.0,2012-12,1,1,1.0,24,Very happy with it!
A3NPZ24PG7U7VU,B00004SABJ,4.0,2008-05,1,3,0.3333,44,Bushnell 20x50 Binoculars
A1Z31WP1M6XWTQ,B00004SABJ,5.0,2013-01,0,1,0.0,101,Quality and performance is great
A1K2RV81XU6XUC,B00004SABJ,4.0,2012-05,1,1,1.0,34,Very nice binoculars
ACPQTJE7LY531,B00004SABJ,3.0,2010-02,5,6,0.8333,38,"Just couldn't get it to focus, but Amazon is great"
AHBZAMNRZ1NVY,B00004SABJ,1.0,2014-07,0,0,,141,Buyer beware!!! - Don't waste your time or money on these!!!
AUCISQA1YXX86,B00004SABJ,2.0,2004-10,58,65,0.8923,176,"Well Designed, Poor Optics"
A3W152L0OZZER6,B00004SABJ,1.0,2011-08,10,12,0.8333,63,If you like inferior optics - then buy one!
A3AGVFQM0TJJW4,B00004SABJ,5.0,2013-05,0,1,0.0,21,Great!
A2XQ1TZ9RJQHL0,B00004SABJ,5.0,2011-01,0,1,0.0,52,clear viewing at last!
A1QRRMR2MQCN5,B00004SABJ,4.0,2008-03,2,2,1.0,19,great bargin
A1RM4PM0D4BNEJ,B00004SABJ,5.0,2013-01,1,1,1.0,36,Can't go wrong for the price!
A3DQ3Q2GPZRLT7,B00004SABJ,4.0,2014-02,0,0,,70,Good basic binos but..
A31IRISM6DRTG7,B00004SABJ,1.0,2011-04,9,13,0.6923,104,Bushnell PowerView 20x50 Binculars
A21O9932IN4OEW,B00004SABJ,5.0,2011-07,6,6,1.0,83,"Good for the monney, and improved over older reviews"
AUQX2NKVSRZ2A,B00004SABJ,5.0,2013-12,0,0,,26,good for safaris or bird watching
A3DODUI5D91JKN,B00004SABJ,3.0,2007-12,2,8,0.25,53,Easy to use Binoculars??????
A2F0L17JPRRIF7,B00004SABJ,4.0,2011-08,1,1,1.0,41,Good for the Money
A2ZRQ6XQ8XNMTO,B00004SABJ,5.0,2013-10,0,1,0.0,34,Bushnell PowerView Super High-Powered Surveillance Binoculars
A2AWJVTRURCGX3,B00004SABJ,5.0,2012-01,1,1,1.0,32,Quality
A3NX8Q9S7XV8NS,B00004SABJ,4.0,2009-04,5,5,1.0,65,Great product
A1YXOCELGUR73P,B00004SABJ,5.0,2013-08,1,1,1.0,43,Seeing Is Believing
A2ITWFZOOOR7PQ,B00004SABJ,1.0,2013-10,1,2,0.5,32,Would not focus on anything over 100 feet away
A1Z9P17UJQKRKI,B00004SABJ,5.0,2009-04,5,5,1.0,33,Perfect for birders
A3V6Z4RCDGRC44,B00004SABJ,5.0,2000-11,297,300,0.99,158,"Incredible value for birders, astronomers, etc."
A350VVPCU2J3EH,B00004SABJ,3.0,2012-03,0,1,0.0,149,Mine was bad as other reported
A3ER4LUKW3PO2W,B00004SABJ,5.0,2010-10,13,14,0.9286,156,Good for the price
A1M3TSM595RANO,B00004SABJ,2.0,2013-06,0,1,0.0,131,"I think I got a bad pair, but this is what I found out."
A12EPLIQ9BBXIZ,B00004SABJ,3.0,2009-08,10,10,1.0,157,Left lens blurry
A3Q3Y39W2F0E3J,B00004SABJ,1.0,2012-07,5,7,0.7143,26,"I bought this, and regret it."
A3TTM5JYI2ZB7Z,B00004SABJ,5.0,2014-05,0,0,,103,Met my requirements
AO8RJE8TIFJZA,B00004SABJ,5.0,2010-12,3,3,1.0,58,Great Binos For Price!
ALKGI0EM6E5QA,B00004SABJ,4.0,2012-02,2,2,1.0,76,First pair of bios
A25UNN91ZTFZX7,B00004SABJ,1.0,2008-08,5,11,0.4545,139,Not so great.
A1D3CJ9QKBXC1Y,B00004SABJ,5.0,2014-03,0,0,,86,Nice Binoculars
A2E2XG7HG79EO5,B00004SABJ,5.0,2009-11,10,11,0.9091,36,Super Bird Watcher
A2NOSUGEJQ3GI3,B00004SABJ,1.0,2013-05,2,2,1.0,119,Optics misaligned
A34II2YYFYNFI9,B00004SABJ,1.0,2013-08,2,2,1.0,65,dud
A1HTB488P5GRCP,B00004SABJ,5.0,2001-02,18,18,1.0,97,Much better than expected!
A3RAZLVRY2R7VX,B00004SABJ,5.0,2009-09,7,7,1.0,221,Happy With Purchase
A31B95W75QU2MJ,B00004SABJ,4.0,2010-10,2,3,0.6667,137,Binos
A4PYOAQ2GH8FQ,B00004SABJ,4.0,2014-01,0,0,,41,I can focus on a bird at our feeder and then watch it flying all the way to its nest
A3A55IAQ5UNIYW,B00004SABJ,3.0,2013-04,0,1,0.0,95,"Worth the price, not much more"
AZV2U6GU5QA6C,B00004SABJ,5.0,2013-05,2,2,1.0,50,WELL MADE FOR THE BUCK!!
A1OMZ3YU1W9L99,B00004SABJ,5.0,2010-11,6,6,1.0,65,Bushnell powerview  20x50
A2KZOIOFXXMC1H,B00004SABJ,2.0,2012-04,0,5,0.0,83,"Review of similar model, Powerview 16x50"
AX27RYM65B3GI,B00004SABJ,4.0,2013-07,2,2,1.0,51,Great outdoors for bird watching
A2Z8UCDJZF6YLG,B00004SABJ,3.0,2013-04,1,1,1.0,182,hazmat and fire service binoculars
A2DA3JJXKSWW3K,B00004SABJ,3.0,2006-02,16,28,0.5714,16,Not great binoculars
A1M3PFRRYTK9ZE,B00004SABJ,5.0,2013-03,1,1,1.0,54,Super zoom
A2AZWCITJKQMWA,B00004SABJ,1.0,2012-12,3,4,0.75,27,Cheap
AMKQMWRWLZWIL,B00004SABJ,3.0,2013-03,0,1,0.0,24,Function is OK
A2P9W6KDKYFSXO,B00004SABJ,5.0,2012-04,2,2,1.0,88,Great Value
A2IYAZCZSLHDI3,B00004SB92,4.0,2011-08,0,2,0.0,102,Good For Temporary Private Network At Conference
A3JRAKUG0TB81C,B00004SB92,5.0,2001-11,0,0,,151,Easy set up and administration
A3EZEP0FX5BC1P,B00004SB92,5.0,2012-05,1,2,0.5,250,"Non-stop use for 10 years, still working, still being used. Works great."
A1FISS9YFJCXVG,B00004SB92,5.0,2005-12,1,2,0.5,83,Fantastic for a sharing a broadband connection.
A3VYPS07YQR9KN,B00004SB92,5.0,2005-02,2,2,1.0,85,Great router for the money
A1FYX3RHM6B6EX,B00004SB92,5.0,2007-08,0,0,,171,Windows Vista
A1NELB08S5MHGT,B00004SB92,5.0,2004-07,3,3,1.0,96,Top Rating
AC1SOWF86U4IJ,B00004SB92,3.0,2014-04,0,0,,60,I used this when I had need of router
AOOU4GVVQHK5O,B00004SB92,5.0,2000-06,3,4,0.75,18,Linksys has a winner
ATDE9JYCPI0L1,B00004SB92,5.0,2009-02,2,2,1.0,56,Terrific
A33PZPS7NFLWKR,B00004SB92,4.0,2002-03,0,0,,157,Probably the one for you...
AXDCA2CU2BNSG,B00004SB92,5.0,2001-02,2,2,1.0,79,"Easy to use, works just like the box says it would!"
A2CA374K5ZZWI7,B00004SB92,4.0,2002-02,0,0,,120,Locks up sending attachments
AO35VK4BB2YZR,B00004SB92,5.0,2002-06,3,3,1.0,268,Works great -- and DOES let you host a site
A1JR6JQRZTIBQX,B00004SB92,5.0,2005-10,5,5,1.0,54,Top notch Switch!
AQBKBWMXB8VI4,B00004SB92,5.0,2001-03,14,14,1.0,198,Shocked and Appalled!
A3T24RSN7D0TQG,B00004SB92,4.0,2002-10,0,0,,114,almost perfect
ASGCTZMBO161A,B00004SB92,5.0,2001-03,0,0,,198,Worked flawlessly for 8 years with cable modem and DSL
A390KWCJRLHPOD,B00004SB92,1.0,2011-11,2,3,0.6667,197,Died after 6 months of struggle
AECYGE0VCQ8HB,B00004SB92,1.0,2007-03,0,2,0.0,35,Not happy with it...
A1U1CQ51DLZX67,B00004SB92,5.0,2002-05,0,0,,212,Network novices - don't be afraid
AUJUHU8L50OMU,B00004SB92,5.0,2009-08,1,1,1.0,92,"One hiccup, otherwise fine"
A2MAXHANV8EETT,B00004SB92,5.0,2001-02,5,6,0.8333,147,Best in Class for Home Use
A2X9SQSKV4WKT0,B00004SB92,4.0,2001-01,9,9,1.0,427,"This is a great product, but..."
A1OEV2NKRD59M4,B00004SB92,3.0,2001-08,2,2,1.0,104,Trying Set-up
A2SEJZ4E8N675N,B00004SB92,5.0,2002-09,1,1,1.0,64,It works as advertised
A3PUCC1JC9NZTF,B00004SB92,5.0,2001-08,6,6,1.0,153,Excellent product!
A282XABZ9J36WT,B00004SB92,5.0,2002-09,1,1,1.0,53,One of the best products
AE0O1VWSOQTD1,B00004SB92,4.0,2001-04,1,1,1.0,133,Not a simple install
A2AZTRF410E765,B00004SB92,2.0,2010-08,0,0,,338,Will not buy refurbished ever again
A1XFVNFGS78TX1,B00004SB92,5.0,2004-03,1,1,1.0,74,"simple setup, works great"
A3S87ZOPB3UM9N,B00004SB92,5.0,2000-11,10,13,0.7692,576,"Great product, can save you money."
A243PC8288DLU0,B00004SB92,5.0,2012-03,1,2,0.5,105,"Reliable, efficient, and great price!"
A2SW560X584UEF,B00004SB92,4.0,2009-09,1,3,0.3333,532,Great ... once you can get it hooked up right
A2QVSQFCJRDRX5,B00004SB92,5.0,2000-09,5,5,1.0,111,Networking for Dummies
A1W0XQLEYWGQC5,B00004SB92,1.0,2007-12,5,5,1.0,242,Returning version 4.3 because it is not reliable
A240M3IVP8HR0L,B00004SB92,4.0,2010-04,0,0,,129,solid - wired - but couldn't enter [ unneeded] password
A1F5L6NPU5SWP1,B00004SB92,1.0,2006-09,9,9,1.0,110,Be leary of the befsr41
A3KVVY6CI2QA77,B00004SB92,4.0,2000-05,7,8,0.875,128,Practical set-up advice
A1UVYL2G0XYX8W,B00004SB92,1.0,2007-12,3,3,1.0,129,I think the one I received was defective
A14JBDSWKPKTZA,B00004SB92,5.0,2004-03,4,4,1.0,407,Top pick for a wired router
AGEJE3WH26UBR,B00004SB92,1.0,2005-01,5,8,0.625,241,GLOBAL OUTSOURCING AT ITS FINEST
A3JU0IKY1GJG76,B00004SB92,5.0,2000-06,2,2,1.0,35,"Fast setup, good protection"
A31C4P50CH9ET4,B00004SB92,5.0,2003-12,5,5,1.0,515,It doesn't get any simpler than this.
A1AHSLKOKA3MC3,B00004SB92,4.0,2001-10,0,0,,64,"Works Great, once you get it set up."
A1907DLJNSAAQC,B00004SB92,5.0,2002-03,0,0,,71,Worked Out of the Box
A1TP3ZYYNA6KNE,B00004SB92,5.0,2002-03,1,2,0.5,81,So simple a child could install it
A1BIUX1OVAE5N8,B00004SB92,5.0,2003-05,3,3,1.0,143,"Great product, works out of the box, unbeatable price!"
A1NVD0TKNS1GT5,B00004SB92,5.0,2001-01,8,9,0.8889,182,This is one of the most amazing products...
A3M44M02O018YG,B00004SB92,1.0,2010-08,0,0,,297,Avoid. Research.  Buy D-Link or Netgear.
A2X8KN82L07RSK,B00004SB92,4.0,2002-04,0,0,,276,Very Good product!!!
A14GSTIN77TLSR,B00004SB92,4.0,2004-09,3,3,1.0,140,"Works well, but a few annoyances"
A3TRPVAGT3NWBS,B00004SB92,5.0,2001-02,1,2,0.5,106,Worth Its Weight in Gold!
A2OLQ18EOBZPE6,B00004SB92,5.0,2000-11,0,0,,310,Fantastic!....(once configured properly!!)
A22QLK442U2GP0,B00004SB92,5.0,2000-11,0,0,,73,Excellent product
ALUNVOQRXOZIA,B00004SB92,1.0,2000-08,13,20,0.65,275,Never got it working
A3S0Z7UOTUIP9R,B00004SB92,5.0,2001-07,4,4,1.0,319,WOW Ethernet
A18A2Q0UNZU1LQ,B00004SB92,5.0,2000-10,2,2,1.0,125,Works great ... so long proxy
A23O5LZQT3VANF,B00004SB92,4.0,2005-05,0,0,,87,Splitsville
AMKNPIDFLRFMP,B00004SB92,2.0,2004-04,5,7,0.7143,75,"good while it lasts, but doesn't last long"
A23XSCX5MNVTA3,B00004SB92,5.0,2006-02,0,0,,153,Its been working non-stop for last 3 years
A3GFQHHVMEAIO,B00004SB92,5.0,2001-11,1,1,1.0,55,Networking Heaven!!
A3VK2YVHWSVQHB,B00004SB92,5.0,2000-04,42,43,0.9767,120,Great way to share the Internet!
A204ETWOV23HO4,B00004SB92,5.0,2002-09,2,2,1.0,228,I'd pay twice as much for the ease and wonder of this gem
A2UQIQUOAB47OT,B00004SB92,4.0,2006-08,1,2,0.5,74,Serviceable Router that I purchased in 2002
A3GQKB1KF0CRPE,B00004SB92,4.0,2003-11,1,2,0.5,324,Excellent but not as easy as they say
A2M7NKO97UIVAH,B00004SB92,5.0,2003-08,2,2,1.0,154,A very router good for the price.
A450WKBT9ZIM,B00004SB92,1.0,2004-11,4,5,0.8,87,Linksys products work...sometime...
AXU2CNLS5EGPP,B00004SB92,5.0,2003-06,1,1,1.0,20,great product
A2MWNYW5IB8Y0N,B00004SB92,1.0,2000-11,2,3,0.6667,112,Not for Mac's
A3OL52S5I0UQDD,B00004SB92,2.0,2002-04,4,4,1.0,95,Short Life Span
ASIUDXST0XPH,B00004SB92,2.0,2013-01,1,2,0.5,95,"If it weren't for the low price, this would have been a one-star."
A30I0LXKTAP4F,B00004SB92,4.0,2006-12,4,5,0.8,81,"OK product, poor tech support"
A1OW73WWCZL9M8,B00004SB92,3.0,2008-11,0,0,,98,Slingbox Friendly but short life span.
A14ME4FQBNFYWH,B00004SB92,4.0,2002-03,1,1,1.0,204,Incredibly easy to set up and maintain
ASKH5LEPX8O39,B00004SB92,5.0,2013-05,0,2,0.0,55,DDWRT To the rescue
A1JWSDDIH5Z7DV,B00004SB92,5.0,2007-04,1,1,1.0,60,Just installed one and am pleased with it
A3OHUH3RWUWO91,B00004SB92,3.0,2008-04,2,2,1.0,57,Didn't work for our Macs
A1DJ72M95U7GPD,B00004SB92,5.0,2002-07,1,1,1.0,54,Working A-OK
AX802DK9MMMYD,B00004SB92,3.0,2004-06,0,3,0.0,141,A Little Difficulty Setting Up But OK for Now
ABLYG410FOSK,B00004SB92,5.0,2007-12,0,0,,74,"Purchased on February 16, 2003"
A1IJT5YXUFPYAH,B00004SB92,5.0,2001-11,1,2,0.5,86,Excellent!
A3E2P9J7SMPEXK,B00004SB92,4.0,2002-04,1,1,1.0,142,"excellent, but get some help if you're a newbie"
A2SL5IW096Z2BL,B00004SB92,4.0,2001-07,1,1,1.0,111,"If you have a CableModem or DSL, get this!"
A3A2SZ8VFI6M00,B00004SB92,5.0,2003-07,1,1,1.0,61,EASY TO SETUP.
AUITG1DJ3QUGK,B00004SB92,5.0,2000-06,6,7,0.8571,117,"Easy set up, smooth operation"
AURW67ORPANXK,B00004SB92,5.0,2001-12,2,2,1.0,157,I LOVE stuff that installs super easy and works great!!!
A1P38QD8R0S590,B00004SB92,5.0,2006-08,4,4,1.0,77,"mac friendly, easy set-up"
A3LZL8USSPDQ17,B00004SB92,3.0,2002-03,0,4,0.0,34,they are still selling version 1???
AOM6Y2A4J0WOG,B00004SB92,5.0,2002-11,3,3,1.0,244,Incredible router
A5JLAU2ARJ0BO,B00004SB92,4.0,2002-10,1,1,1.0,97,"Good product, manual could be better"
A3UTY0UCKWXRY9,B00004SB92,1.0,2014-02,0,0,,21,bad documentation!
A1M542G46C8C7N,B00004SB92,5.0,2001-02,1,2,0.5,259,Super easy to use and no garbage software on your system
AN81JUYW2SL24,B00004SB92,5.0,2003-09,2,2,1.0,48,"Intuitive Administration, Great Performance"
AR61QCJ7Y19XG,B00004SB92,5.0,2005-08,3,3,1.0,96,Network--No Sweat
A6DUQDX4B2KVI,B00004SB92,5.0,2004-02,1,2,0.5,84,Works just fine.
A1XDHHQ549Q2JI,B00004SB92,3.0,2003-11,1,1,1.0,93,otherwise problem free but emits a strange noise
A1R377IPZOKLMM,B00004SB92,5.0,2001-12,0,0,,68,Great product!  Worth much more than it's price
A2R9DK7JEEQD2D,B00004SB92,5.0,2012-12,1,1,1.0,116,Solid 4-port router
AS035WUAUHUOF,B00004SB92,5.0,2002-01,2,2,1.0,519,Wow! Connecting your computers couldn't be easier!
A2XUW6VTPD0ILX,B00004SB92,2.0,2007-11,3,3,1.0,56,HIT AND MISS...
A1MYPJEG8ST7F5,B00004SB92,5.0,2002-12,2,2,1.0,127,Easy as CAKE
A1HO7J528F9WC,B00004SB92,5.0,2000-11,0,1,0.0,48,"Works great, no problems."
A1MJS1YRKNMU04,B00004SB92,3.0,2010-06,0,0,,192,Lasted a month
AF6SGHBCX3PUF,B00004SB92,4.0,2009-05,5,5,1.0,149,Good Router - Poor Documentation
A255MXZ2359C3Y,B00004SB92,5.0,2002-04,1,2,0.5,176,"Excellent, simple solution to DSL sharing"
A1FA8AAON1UIV9,B00004SB92,5.0,2010-10,1,2,0.5,102,Fast and Reliable
A34V0V1CGJPKIU,B00004SB92,5.0,2007-01,0,1,0.0,21,Linksys BEFSR41
A1H4Z4OSMNDCFC,B00004SB92,2.0,2013-12,1,1,1.0,28,This is consumer grade.
A1GEGWTL027WIL,B00004SB92,5.0,2002-10,2,2,1.0,102,"Outsanding Value, Error Free Operation"
AGL7YKS3NTP4K,B00004SB92,5.0,2001-11,1,2,0.5,71,Fantastic Product!!!!
A3EQ61ES6HQ090,B00004SB92,5.0,2002-03,2,3,0.6667,207,riddance from PPPoE!
A3DL67RLSWPJ15,B00004SB92,5.0,2002-05,1,1,1.0,39,Home networking even I can do ...
A39B4ZJFZRGX1I,B00004SB92,5.0,2010-07,0,0,,24,Good Router
A3A276HARIYM4Y,B00004SB92,5.0,2000-05,77,81,0.9506,240,Incredible value
AJ0PG46QD33RD,B00004SB92,5.0,2008-11,0,1,0.0,338,"Reliable, cheap, secure, flexible ....."
A3HE9I4GQ4OXYE,B00004SB92,5.0,2002-02,1,1,1.0,120,Fantastic Product!
A3PZ4AXTY9J1DZ,B00004SB92,4.0,2011-01,1,2,0.5,587,"A reliable, solid router"
A1MJWOYNJSZPPJ,B00004SB92,5.0,2002-03,1,1,1.0,68,Easy to set up
A2EMM9HWOSY2Q5,B00004SB92,3.0,2001-01,0,0,,107,Great but problematic for more advanced users
A2HONG3KI05QIX,B00004SB92,5.0,2002-02,0,1,0.0,51,Fabulously Easy Setup
A2PEAJVDLTBHL2,B00004SB92,5.0,2002-01,0,1,0.0,164,Excellence through simplicity
AF0JI4JIVNBYP,B00004SB92,5.0,2002-06,4,4,1.0,201,"Excellect Performance, Excellect Product"
A1Q29INJ9IN570,B00004SB92,5.0,2002-05,1,1,1.0,32,Linksys BEFSR41 Etherfast 4-Port Cable/DSL Router
A3O06V8NAPKJO9,B00004SB92,5.0,2001-09,498,527,0.945,280,My PC and my Mac now share high-speed Internet access!
A3M6B1VZZXGKSL,B00004SB92,5.0,2000-10,6,6,1.0,317,"Easy setup, works great."
A3W112102BC6BG,B00004SB92,5.0,2002-05,0,0,,248,As good as advertised.
A1BSER3P7ZCIB6,B00004SB92,5.0,2005-05,1,1,1.0,199,Linksys does great for the home
A21519P9B7ACHJ,B00004SB92,5.0,2001-08,0,0,,92,Easy as Plug-and-Play
A3FTI86WAVJOLG,B00004SB92,5.0,2002-04,0,1,0.0,123,Truly Plug and Play
A3KKYNEYUICKX2,B00004SB92,1.0,2004-12,1,7,0.1429,57,so-so performance
A2W7FH5YOZ6KWD,B00004SB92,5.0,2007-08,0,0,,172,Good little home router!
A32R3RWA8KQ6C6,B00004SB92,5.0,2003-01,1,1,1.0,77,Works as advertised
A3GQSZ2RVVXDCZ,B00004SB92,4.0,2002-05,1,1,1.0,267,A Pleasant Surprise
ACDUPC4QGE99F,B00004SB92,5.0,2000-09,30,30,1.0,226,BEFSR41 works great.  I love it.
AW2HM4QASXSA6,B00004SB92,5.0,2008-08,0,0,,25,Works great!
AU8DH6AOA1YOJ,B00004SB92,5.0,2003-10,4,4,1.0,148,Great little firewall/router/hub
A18D1RLW38LVLW,B00004SB92,4.0,2003-06,1,1,1.0,340,A great affordable routher that delivers
A3LTNIGTIUUEN9,B00004SB92,5.0,2001-01,14,14,1.0,229,JWJewell
A10ARISO1UMIUN,B00004SB92,5.0,2001-10,0,0,,123,Set it and forget it
A2DTXMVW1EQEW2,B00004SB92,3.0,2004-10,5,5,1.0,259,"Had two - great functionality, but both died"
A2VCRXCLV08SDH,B00004SB92,4.0,2011-04,0,1,0.0,61,Great Hardware
A3PLX6PTM2ERKL,B00004SB92,5.0,2001-02,0,0,,41,"Small, Powerful Home/Office Router"
A2XCE6WWTX57R4,B00004SB92,4.0,2002-07,1,1,1.0,152,I'd Buy Another
A3A36VG147MKYA,B00004SB92,1.0,2006-06,3,4,0.75,90,"Useless, and a lousy website."
A37ZW5VNQTIO5S,B00004SB92,5.0,2006-11,0,0,,94,Super easy to install
A1N5U7RRKEJS9T,B00004SB92,5.0,2008-06,0,0,,24,Works fine
AJ6H9ZV7TJUUT,B00004SB92,5.0,2004-01,1,1,1.0,74,Linksys Saved My Sanity
A2598DC654IRTQ,B00004SB92,5.0,2005-04,4,5,0.8,117,No problem with Macs
A2UNPQIED8UO2O,B00004SB92,5.0,2006-03,0,0,,15,It works
A2RYI0YNOEB1LM,B00004SB92,1.0,2001-03,9,10,0.9,150,Frequent power-offs required
ASOD8X0ZOI3SU,B00004SB92,4.0,2007-06,3,3,1.0,207,"Easy to set up, takes a bit of effort to keep it solid"
AZRJH4JFB59VC,B00004SB92,5.0,2001-09,1,1,1.0,477,Linksys gets it right
A578ANR1FGHT8,B00004SB92,5.0,2005-12,7,7,1.0,347,"Great product, feeble documentation, great support"
A35HJZ1AACVMKK,B00004SB92,3.0,2013-07,0,0,,23,Old Software Version
A18HHON17J3LH0,B00004SB92,4.0,2002-10,1,1,1.0,89,Thoughts on reliability
A1AU6042JEI734,B00004SB92,1.0,2002-12,0,0,,88,Not a good product
A2VV0TJNJT9D3O,B00004SB92,5.0,2001-07,0,0,,34,"Easy to install, works well!"
A3E9VBNS25Z9FI,B00004SB92,5.0,2002-10,3,3,1.0,160,Installation was as smooth as silk
A1HI8X9113YNFB,B00004SB92,4.0,2013-05,0,1,0.0,51,works well
A3HNADBFO4LTG,B00004SB92,1.0,2007-01,3,6,0.5,105,Bad News
A1RPTVW5VEOSI,B00004SB92,5.0,2000-04,21,23,0.913,226,You NEED this box!
A1Y7D7F0FM6GWK,B00004SB92,5.0,2000-12,3,3,1.0,137,"Don't worry, be happy!"
A4QC76NMWE5OC,B00004SB92,5.0,2004-10,1,2,0.5,86,An Excellent Product So Far!
A3CM3MI6Y5G12R,B00004SB92,5.0,2002-09,1,1,1.0,48,Perfect solution for sharing an ADSL connection
A2GHFM7D00AMGW,B00004SB92,1.0,2000-07,6,9,0.6667,193,Corruption even after the firmware upgrade
AA797LFUG2ZGS,B00004SB92,3.0,2007-11,1,1,1.0,55,"Product OK quality, tech support - the worst in the world"
A1B0RBLA5N0J74,B00004SB92,5.0,2013-02,0,1,0.0,89,works great!!!!!!!!!!!!!
A34SHL7JJVHLNJ,B00004SB92,5.0,2000-06,93,105,0.8857,186,Rox
A198JGOF1W0D69,B00004SB92,5.0,2005-01,0,0,,38,"perfect, if you dont mind the wires"
AZQ8HGO3Z4T,B00004SB92,4.0,2002-11,1,1,1.0,196,Great product for the home network
A1ERWR5A8OVLDH,B00004SB92,5.0,2002-05,0,0,,72,A real work horse
A1AB2F8XOU928I,B00004SB92,1.0,2003-02,4,6,0.6667,105,Buy This If You Like Hitting the Reset Button
A2K5FK58JSWXJ9,B00004SB92,5.0,2000-08,3,5,0.6,70,what a great product
ACH1HJAM7UIZR,B00004SB92,5.0,2002-05,0,0,,324,Can't go wrong with this router!
A30LET3M8GQNMZ,B00004SB92,1.0,2009-11,4,7,0.5714,81,Not compatible with AT&T DSL
A37I377QOTELM1,B00004SB92,5.0,2001-10,3,3,1.0,326,Easy to setup and bargain for the price
A66UH98TFR04V,B00004SB92,2.0,2008-03,1,1,1.0,88,POOR Customer Service
A249UW8K5A9JPB,B00004SB92,4.0,2012-11,0,0,,33,good realible router
AZ0TA88HQ76QK,B00004SB92,4.0,2000-10,1,1,1.0,119,Update to my earlier reviews:  PPPoE now works fine
APEVVQVOJH12B,B00004SB92,5.0,2004-12,4,5,0.8,230,Amazing! Set up in 3 minutes!
A16T3JEEDK4JLI,B00004SB92,5.0,2003-06,1,1,1.0,100,Works Great
A38986T7SECVKX,B00004SB92,5.0,2010-06,0,0,,20,8 years and counting
A343CF9RXZ7DNG,B00004SB92,2.0,2005-05,5,5,1.0,227,Easy to Use But Short Lifespan
A3TPNC3TKGCCEI,B00004SB92,4.0,2005-08,1,2,0.5,290,When it works it works GREAT! Easy set up. Smooth operations.
A2VA0ZJFWZK4Q1,B00004SB92,1.0,2002-01,0,7,0.0,179,Total junk and l;ousy company
A181R0DUML7VOY,B00004SB92,2.0,2002-05,3,5,0.6,131,"Good, but not great"
A231WM2Z2JL0U3,B00004SB92,5.0,2002-01,0,0,,48,I now have 3 of these......
A1CHRL0JWA2OO8,B00004SB92,5.0,2000-08,2,4,0.5,28,Excellent piece of equipment at a good price
AXEBO3BWCTWCK,B00004SB92,2.0,2001-08,0,0,,116,Can't Sustain Inbound FTP Connections
A16OL0K4WZL53E,B00004SB92,5.0,2009-12,0,0,,40,Linksys BEFSR41
A1F9YNY2KTBO5H,B00004SB92,3.0,2001-06,9,12,0.75,560,"Good Router, Think Your Install Through"
A1ZWZP8X1F8WVB,B00004SB92,4.0,2003-01,1,2,0.5,304,"Once Set-up, works like a charm!"
A1GF4BH6WPBZ4Y,B00004SB92,2.0,2008-03,4,4,1.0,164,Not the same quality product
AB10W5FUXWAJ,B00004SB92,5.0,2002-01,0,0,,65,Good way to share a high speed internet connection
A1TBH7Z4RK7PRK,B00004SB92,5.0,2004-07,2,2,1.0,101,"I am running 7 PCs on it, with no problems."
A1AS0WT5Q7WE9M,B00004SB92,5.0,2008-04,11,13,0.8462,1007,Awesome if you know the simple way to install
ASFUUFA3EKP6T,B00004SB92,5.0,2014-02,0,1,0.0,31,Just What I Needed
A200J986WKWH08,B00004SB92,3.0,2001-12,0,0,,56,Great Product - Abyssmal Tech Support
AI02Y5Q8Z5X8I,B00004SB92,5.0,2010-08,0,1,0.0,54,Rock solid!
A35HK0ZU7MWA4X,B00004SB92,1.0,2011-01,1,2,0.5,183,Junk w/ poor customer service.
AT4AV7XIQDKQP,B00004SB92,5.0,2002-02,2,2,1.0,136,Easy to install no Problems!
A19R7EJI4CNE1X,B00004SB92,5.0,2001-07,0,0,,15,Easy to use and handy
A2R0PC25CYTJUW,B00004SB92,4.0,2001-12,1,1,1.0,109,Expensive but wotrth it.
A3NUG06RC4F8EV,B00004SB92,5.0,2004-09,1,1,1.0,58,cake to set up
A100WHX0JSGXDB,B00004SB92,5.0,2001-08,0,0,,75,Simple home broadband access device that works!
A1EXGL6L0QQ0M5,B00004SB92,5.0,2004-12,2,2,1.0,94,Three Years and Going!
AGDEKOVH67W44,B00004SB92,5.0,2000-05,6,6,1.0,145,Better than a software + extra NIC solution!
A2B7BUH8834Y6M,B00004SB92,4.0,2002-01,42,46,0.913,361,"easy to set up, nice to look at"
A2O1L50DB0VQYB,B00004SB92,5.0,2000-12,8,8,1.0,152,Amazing product!
A2K17Y2WL5SA84,B00004SB92,4.0,2008-09,0,0,,163,"Great product, piss poor customer service!"
A1PPDBGCKM9AM0,B00004SB92,1.0,2008-04,3,3,1.0,27,Drops connection daily
A1GNYV0RA0EQSS,B00004SB92,5.0,2002-05,0,0,,72,"If I can do it, so can YOU!!"
A1YDFJVQ8GUHTP,B00004SB92,3.0,2007-12,2,3,0.6667,196,Bitter Sweet...
A3OFJES10PZGEH,B00004SB92,5.0,2002-02,3,3,1.0,269,Best. Product. Ever!
AMIU8UVMZJLER,B00004SB92,2.0,2004-03,1,2,0.5,100,Does not work well with PPPoE
A3JATWQWZ0OKXR,B00004SB92,3.0,2004-03,0,0,,97,Great design... questionable quality
A98EMXHC6883S,B00004SB92,5.0,2014-07,0,0,,21,works fine!
A1SDPA1J98UP4L,B00004SB92,5.0,2006-06,4,4,1.0,161,"I purchased this item on January 1, 2004."
A3E4EN8NV92TUE,B00004SB92,5.0,2002-03,1,1,1.0,96,Gave my DSL New Life
AROWZGGO4VTJU,B00004SB92,5.0,2007-08,0,0,,102,Simply THE best
A38WNTZ2E1SNFW,B00004SB92,5.0,2009-04,1,1,1.0,52,Right Router
A17QAS8K17V9EC,B00004SB92,2.0,2000-10,3,5,0.6,130,Big Troubles when the wall crumbles
AJ6SPK7Y38RKW,B00004SB92,4.0,2000-12,12,12,1.0,145,"Works great w/ Win98,95 and @home cable"
A1ZEUALB9OHGNE,B00004SB92,3.0,2011-01,1,1,1.0,140,The Worst Ethernet Router - Except for All the Rest
A2BZJFF352W2OD,B00004SB92,4.0,2004-04,2,2,1.0,40,Pretty good router
AYLC085ZL5X5O,B00004SB92,5.0,2002-11,3,3,1.0,115,Works Great
A3QC533RQ1X3ZV,B00004SB92,2.0,2002-07,4,4,1.0,141,Reliability concerns
AJJB4D6Y3T7AC,B00004SB92,5.0,2008-02,0,0,,33,BEST FOR WIRED
AUX8P4Q9RG6IN,B00004SB92,5.0,2001-10,0,0,,115,Windoze and Mac - It's too easy
A1F9Z42CFF9IAY,B00004SB92,4.0,2002-05,2,2,1.0,156,"Good price, easy to configure even on a Mac"
A9QBZ7DXWWXNX,B00004SB92,5.0,2001-06,0,0,,58,Happy Linksys user
A58N07M0ZCYMB,B00004SB92,5.0,2004-06,3,4,0.75,128,Excellent Router to Share a Cable Modem and Files
A2O5TLE802NTA8,B00004SB92,5.0,2001-12,8,8,1.0,278,"Powerful, simple and easy to manage - Excellent Buy"
A2R0SHL1G7GV38,B00004SB92,2.0,2003-12,2,4,0.5,91,It's good when it works !!!
A3ILBM48JP35BG,B00004SB92,4.0,2007-05,1,1,1.0,159,"Great Installation, no user manual"
A1C47EO3P9UKXJ,B00004SB92,2.0,2013-12,0,0,,29,Did Not Work On My Computer
A34N351EUCEMHO,B00004SB92,5.0,2004-03,1,1,1.0,154,Solid -- or it used to be
A20CQ20J30DJZT,B00004SB92,5.0,2002-09,2,2,1.0,84,This Baby Started it All
A23ZO1BVFFLGHO,B00004SB92,5.0,2001-11,2,2,1.0,103,Out of the box winner
A2NSNH8RW55F32,B00004SB92,5.0,2013-03,1,1,1.0,97,I replaced a previous version of this router which I used for 6 years
A17HKNU77UWH4Y,B00004SB92,5.0,2000-05,1,1,1.0,46,Can't find a better router/firewall for the money.
A3D6OHGHXN95AS,B00004SB92,5.0,2001-01,2,2,1.0,33,A Great Product
A2LVYHHNQVX8M8,B00004SB92,4.0,2003-10,4,5,0.8,235,Needs Stateful Packet Inspection Firewall Capabilities
A155E6PQ1EO3NO,B00004SB94,5.0,2001-02,6,6,1.0,178,This stuff works well
A3RLSF1NC70JRK,B00004SB94,5.0,2013-12,0,0,,63,Served me well for over ten years (works fine on Windows 7 32-bit)
A3IS6HB3B4M2YF,B00004SB94,5.0,2000-06,9,9,1.0,60,This really works
A2YIMB2LF7HH1C,B00004SB94,5.0,2001-03,4,4,1.0,134,Love Linksys
AD8DLOGHAXL,B00004SB94,4.0,2009-02,0,0,,208,Data Over Voice
A2Y739CRM15WDL,B00004SB94,4.0,2001-05,0,0,,64,Works Fine-- Some Problems With Win 95 Driver
A1NVD0TKNS1GT5,B00004SB96,4.0,2001-01,5,7,0.7143,115,"If you can go another way, you should."
AKNI5ROMW5FWD,B00004SB96,5.0,2012-07,0,1,0.0,22,cory 1
AUCF61BNJ5ZX7,B00004SB96,3.0,2013-06,0,0,,39,The device works under a pretense
A38VIVDARCVC1,B00004SB96,5.0,2013-03,3,3,1.0,68,excellent tivo wired network adapter
ATC3ZSRYRONK,B00004SB96,5.0,2012-08,0,0,,90,Great for getting stuff working
A200RY2ELZL2Q3,B00004SB96,4.0,2012-12,0,0,,20,Works for Tivos
A325DQLHV6GUOT,B00004SB96,5.0,2003-12,69,70,0.9857,176,TiVo connectivity made simple
A12C1TVFHW1JX2,B00004SB96,4.0,2002-01,0,0,,109,Needed a powered Hub to make it work on a Vaio Laptop
ASYWPMAIO0HGD,B00004SB96,5.0,2014-01,0,0,,75,Old piece of hardware but did the trick for an old TiVo
A2YBMSUMVETP0K,B00004SB96,5.0,2010-05,2,2,1.0,69,Linksys broadband adapter for tivo
A3HSJ2H5Q075JP,B00004SB96,1.0,2014-01,0,0,,32,JUNK
A21QMWC2TEC3N4,B00004SB98,2.0,2002-10,12,17,0.7059,113,"OK, but Belkin product better"
AFISR38PWJE3R,B00004SB98,1.0,2004-03,12,14,0.8571,160,Really bad product and even worse support
A22QLK442U2GP0,B00004SB98,5.0,2000-11,3,5,0.6,38,Works great
A3MI3QBXP5I7FA,B00004SB98,4.0,2002-09,5,7,0.7143,347,Fixes Video Problems!
AL5KR6BEIDL1G,B00004SB98,5.0,2002-07,0,1,0.0,64,A  great product at a great price!
AIU93YMNWEKI7,B00004SB98,5.0,2012-01,0,0,,78,Amazon says I got this in 2003. It is now 2012 ... still going strong
ACDUPC4QGE99F,B00004SB98,5.0,2000-09,45,46,0.9783,234,Great switch for home/office/hobbyist use
A3LGT6UZL99IW1,B00004SB98,5.0,2002-03,3,4,0.75,68,It's not rocket science!
A2W3JMA1P62IXL,B00004SB99,5.0,2006-05,0,0,,110,Excellent product that will save you space!
A3Q0D8U4I1FCRM,B00004SB99,5.0,2000-06,23,24,0.9583,160,Confusing yourself with more than 1 Mouse or Keyboard?
A3KKMR2NISUND4,B00004SB99,5.0,2001-06,2,2,1.0,96,Works exactly as promised.
A38Q75AJQ69TDO,B00004SB99,4.0,2002-02,0,0,,84,Nice KVM for the price
A75IYBN6J0SQ5,B00004SB99,5.0,2002-04,2,2,1.0,178,GREAT value
AF4ILCVBB6V7A,B00004SB99,2.0,2001-05,3,3,1.0,170,Poor hotkeys make it unbearable.
A1MJMYLRTZ76ZX,B00004SC3Y,4.0,2001-08,7,10,0.7,167,A few comments
A2SHQJP6PNQTLD,B00004SC3Y,5.0,2001-03,22,23,0.9565,253,Includes some nifty new features from the elph 1
A3UPYGJKZ0XTU4,B00004SC3Y,5.0,2003-02,2,2,1.0,605,Take It Anywhere and Everywhere!
A2M5GKAGV88LWD,B00004SC3Y,5.0,2000-08,105,107,0.9813,227,Amazing little camera for casual photographers
AYWIO6OYAGFGQ,B00004SC3Y,5.0,2001-08,11,11,1.0,354,Even better than I had hoped
A231WM2Z2JL0U3,B00004SC3Y,4.0,2001-12,1,1,1.0,66,Everyone Loves an Elph!
A23ZO1BVFFLGHO,B00004SC3Y,5.0,2000-06,109,109,1.0,234,Little Killer
A25HBO5V8S8SEA,B00004SCKA,5.0,2004-11,2,2,1.0,202,How many pictures will it store?
A1ISUNUWG0K02V,B00004SCKA,5.0,2000-09,50,53,0.9434,135,Good choice if you want 64MB card.  Great w/ Digital Camera.
A1IT7KPZW9DY05,B00004SCKA,5.0,2001-11,1,1,1.0,100,It does the Job
A149C701MLJDJC,B00004SCKA,5.0,2004-11,2,2,1.0,54,Value and Quality
AL72LHELK6SZT,B00004SCKA,5.0,2001-06,0,0,,28,Great Product
A1IMK99FD7RPOL,B00004SCKA,4.0,2002-04,1,3,0.3333,148,Doesn't  work so well in my Rio 500
A231WM2Z2JL0U3,B00004SCKA,4.0,2000-09,17,22,0.7727,74,"It works, usually."
AB10W5FUXWAJ,B00004SCKA,5.0,2001-08,0,0,,39,Works in my Minolta C3000Z Camera
A23ZO1BVFFLGHO,B00004SCKA,5.0,2001-12,4,4,1.0,148,inSanity for cheap
ARA94YWRAIAWG,B00004SD87,1.0,2002-03,13,27,0.4815,165,the worst!  really!
A1NVD0TKNS1GT5,B00004SD87,3.0,2000-10,7,7,1.0,91,"Very Comfortable, Average Sounds"
A3DCWVLM3XWU2Z,B00004SD87,3.0,2001-02,7,10,0.7,176,"Good headphones, but not for MP3's"
A2LVL416FFXCSI,B00004SD87,1.0,2006-10,0,8,0.0,322,Sennheiser
A32TSY95CFGCL2,B00004SD87,4.0,2000-05,24,25,0.96,300,"Warm, full sound with somewhat boomy bass"
AFCD2VYPAWKNG,B00004SD87,5.0,2013-02,0,0,,119,"By far, the best headphones I've ever owned..."
A39UWP91J5MQGE,B00004SD88,4.0,2001-01,8,8,1.0,200,"Good, but not for everyone."
A2I2DE1DJUVQOO,B00004SD88,3.0,2004-07,9,9,1.0,280,"Yep, the tonal balance is different, and the volume is lower"
A2UBS120XE605X,B00004SD88,4.0,2002-12,11,15,0.7333,805,Sound good but WAY underpowered
A1EKSETIBS9ETQ,B00004SD88,5.0,2003-11,4,4,1.0,481,After 3-3/4  years it is still my standard for sound.
A32ZNPZDXOK609,B00004SD88,5.0,2003-12,1,1,1.0,214,Great natural sound
A2VWE41ZS0TYEN,B00004SD88,4.0,2004-10,3,3,1.0,141,Just In
A1MG8G1VL8C1WY,B00004SD88,5.0,2012-11,0,0,,88,Excellent sound and build quality
A1MIXY59EXC90L,B00004SD88,4.0,2002-10,0,0,,176,For [the money] this is not bad at all
AHXO4X437S8CQ,B00004SD88,2.0,2011-12,0,0,,216,Muddy sounding but super comfortable
A1NVD0TKNS1GT5,B00004SD89,3.0,2000-10,10,23,0.4348,95,"Close, but for this price, no cigar"
A3DCWVLM3XWU2Z,B00004SD89,4.0,2001-03,3,4,0.75,123,Solid Listening Experience
A2TVJ0YDW3QO63,B00004SD89,5.0,2005-08,9,9,1.0,220,Sennheiser = Pure Audio Bliss
A1GDAIVRFY8832,B00004SD89,5.0,2006-04,2,2,1.0,551,"Amazing clarity, better than your stereo system"
AZ1RAP7SF84I3,B00004SD89,5.0,2006-02,2,2,1.0,424,Very exceptional sound -- different style
AYLC085ZL5X5O,B00004SD89,5.0,2003-05,22,25,0.88,383,These are Godly!!!
A2LVYHHNQVX8M8,B00004SD89,5.0,2005-08,5,5,1.0,50,"The Cleanest, Most Dynamic Headphones I've ever Owned"
ANQ122AO9P5BI,B00004SGD3,3.0,2000-08,54,58,0.931,607,"It's ok, but the Compaq is much better"
A2ICY670PVUTAD,B00004SGD3,5.0,2000-11,35,38,0.9211,205,Good for writers on the go...
A3LWC833HQIG7J,B00004SGD3,5.0,2001-03,1,1,1.0,388,It's not an organizer. It is a portable entertainment center
A344VCIOO3EG21,B00004SGD3,4.0,2000-05,11,13,0.8462,86,Great product but the screen doesn't cut it
A3QYIBMXQVLVE7,B00004SGD3,3.0,2000-05,3,20,0.15,138,Just give me an electronic organizer
ARXU3FESTWMJJ,B00004SGD3,4.0,2000-08,31,32,0.9688,798,A great choice to make if you love color and sound
A12S3E4HK8330R,B00004SGD3,5.0,2001-07,1,2,0.5,137,Almost bullet proof!!
A1WVMDRJU19AFD,B00004SGD3,2.0,2000-05,15,28,0.5357,275,nice but not perfect.
A35MUY1T5C335X,B00004SGD3,4.0,2000-04,57,58,0.9828,340,"Great form factor, great features"
A1G18MU8RQQ4GY,B00004SGD3,5.0,2000-06,2,2,1.0,96,Only had it a week and cant live without it.
AP6X4IJR5H92P,B00004SGD3,5.0,2001-02,8,8,1.0,334,The Electronic Swiss Army Knife
A1IICMPYFNPG01,B00004SP9W,5.0,2013-06,0,0,,41,Mother in law still has a film camera
A2BGZ52M908MJY,B00004SP9W,2.0,2001-02,4,5,0.8,29,"Get the Royal Gold 400 film, not this one"
A1LL87239YH1NM,B00004SP9W,5.0,2014-03,0,0,,21,Analog photography is still magic
A31U2QT7SAL7K,B00004SP9W,5.0,2008-01,2,2,1.0,82,It's where you have your film processed that counts!
A46YT26BA97R0,B00004SP9W,5.0,2010-08,0,0,,16,Awesome film
A1GY1HIA0XKF2G,B00004SPC0,1.0,2000-10,2,3,0.6667,73,"Great idea, bad implementation"
A12U739X0STRAO,B00004SPC0,4.0,2008-09,0,0,,74,Durable screen protector! Lasts forever ...
A3O4F0C47C2FEY,B00004SPC0,2.0,2001-02,0,1,0.0,129,"Finally they fit, but..."
A22LE2JAII1U84,B00004SPC0,3.0,2001-09,0,0,,55,A very scratchable anti-scratch protection
A1H2V4OF8BZ4FC,B00004SPC0,5.0,2001-10,0,0,,16,NO more scratches on your screen
A12S3E4HK8330R,B00004SPC0,5.0,2001-07,1,1,1.0,33,To protect and to serve...
A34VCCL1YO6D0I,B00004SPC0,4.0,2001-06,4,4,1.0,104,Useful and Easy
A208OZ5XMMPKGS,B00004SPC0,4.0,2001-05,4,4,1.0,131,Like a little (glove) for your screen
AP6X4IJR5H92P,B00004SPC0,4.0,2001-02,0,0,,134,Decent job...
A3URVWPFJOHT72,B00004SPC0,4.0,2000-12,7,9,0.7778,89,"Great accessory, poor instructions"
A3RYW3OSMMU6SF,B00004SPUN,4.0,2002-12,3,3,1.0,236,take good care of it
A1NSF87AMGGXF5,B00004SPUN,5.0,2002-06,3,3,1.0,133,Rio is outstanding !
A3VK2YVHWSVQHB,B00004SPUN,3.0,2000-07,130,137,0.9489,366,Rio 600 Pros and Cons
AB2U893HHHG74,B00004SPUN,4.0,2001-03,7,7,1.0,571,"Fun and easy to use, but could use more memory"
A1TAW91SQSU2AH,B00004SPUN,2.0,2000-12,1,2,0.5,129,"Poor design. Too big, Too Loose, Too bad..."
A3V6Z4RCDGRC44,B00004SPUN,5.0,2002-06,3,5,0.6,177,I have two that I use *constantly*
A3D819E3ZQPNLA,B00004SPUN,5.0,2001-07,2,3,0.6667,306,Haven't had a problem so far :)
AEOAMS0G96E8B,B00004SPUN,4.0,2000-10,29,30,0.9667,576,A Good Product marred by poor quality control
A3PTG5V447NJNW,B00004SPUN,3.0,2000-09,3,3,1.0,130,Cool but Not Quite There
AQ6WXOXDZIYCS,B00004SPUN,5.0,2000-12,9,10,0.9,218,I Love It!
A32QUS5HTNB6GO,B00004SPUN,1.0,2000-10,8,9,0.8889,65,Flawed Design - Beware!
AIEOH19T22OQC,B00004SPUN,4.0,2002-04,0,1,0.0,107,"Pretty, sexy and stylish MP3 player"
A3OHJS5Q9C4IYS,B00004SPUN,4.0,2003-01,0,0,,116,You get what you get and you dont throw a fit.
A243HY69GIAHFI,B00004SPUN,4.0,2000-08,37,39,0.9487,910,"Easily the best portable, but there's room for improvement"
A1MNVGWFE6E0J4,B00004SQET,5.0,2013-08,0,0,,40,Nice extension cord
A3PD8JD9L4WEII,B00004SQET,5.0,2012-01,0,0,,54,"Great cords, available in many lengths"
A3LUWGB6EOJEC,B00004SQET,5.0,2011-09,3,4,0.75,60,Good Wire
A1DVJIPY0MFSNF,B00004SQET,5.0,2013-05,0,0,,37,good build
A3UI9U9NOOAM9S,B00004SQET,5.0,2011-08,0,0,,46,works as intended
A2T0WZOJ59N7AD,B00004SQET,4.0,2013-08,0,0,,24,It's an extension cable...
ASV6KRCHWHOU2,B00004SQET,4.0,2014-01,0,0,,89,Good heavy duty outdoor extension cord.
A5YSNNBCMLVX2,B00004SQET,5.0,2014-01,0,0,,74,Just the right length.
A1YJQ0I05KU3M,B00004SQET,5.0,2013-11,0,0,,20,Quality Product
A3M2OUAMHNVUGQ,B00004SQET,4.0,2012-12,0,0,,26,It Works
A21L12NT10X25E,B00004SQET,5.0,2013-07,0,0,,37,a quality cord
AMTY878WRNJR,B00004SQET,4.0,2012-10,0,0,,62,wow! i can plug in stuff from 20ft away!
A2VNNFURJ55S4G,B00004SQET,5.0,2009-08,13,15,0.8667,22,Great chord for my bug light
A31Y28UEDXQ0HB,B00004SQET,5.0,2009-01,1,2,0.5,17,GOOD DEAL
AGXMC3ITWZASE,B00004SQET,4.0,2012-10,8,8,1.0,124,Durable
A2K4L3QL76RSG6,B00004SQET,5.0,2013-07,2,2,1.0,41,Cords worked fine
A1IYWB3X1T6ZJ1,B00004SQET,5.0,2013-10,0,0,,32,Great!
AA9PPYMDF4M4Q,B00004SQET,5.0,2014-04,2,2,1.0,38,Heavy duty
A2UO040HWOP0C2,B00004SQET,5.0,2013-05,0,0,,31,Its good
A9JDOM7L4EML9,B00004SQET,5.0,2013-12,0,0,,24,QUALITY EXTENSION
A32VIPOLAO12KV,B00004SQET,5.0,2012-10,3,3,1.0,26,Long and sturdy enough. Camouflages nicely.
A3KTWXWO9MYIYB,B00004SQET,4.0,2010-03,1,3,0.3333,22,Perfect for long runs
A2X1HXM2TZ7VJV,B00004SQET,5.0,2013-12,0,0,,24,"Amazon is simply awesome, offering a great deal and free shipping!"
A1RWYA52UUOCC0,B00004SQET,5.0,2014-06,0,0,,30,Coleman Cable
A3DAURGJAL0Y0S,B00004SQET,5.0,2011-10,3,4,0.75,81,Simple cheap extension cord
A1QGK864IJ2PQ8,B00004SQET,4.0,2013-03,0,0,,57,It's good
A2Y5KXAJSN7NG3,B00004SQET,5.0,2013-12,0,0,,27,Great deal
A1R8LFZ1EMGK75,B00004SQET,5.0,2014-01,0,1,0.0,46,Excellent Outdoor Extension Cord
A332E6XGZ46RAW,B00004SQET,5.0,2012-12,0,0,,26,Exactly what you expect
A1RQEQ9N5YLNLU,B00004SQET,4.0,2014-05,0,1,0.0,38,Power goes in one end and out the other
A3D7BGK0P5QY0X,B00004SQET,5.0,2013-02,0,0,,195,Thick jacket but still flexible
A5S38CUDPMJ3H,B00004SQET,5.0,2012-02,0,0,,56,Does the Job
A2IX2BCH9YA2K4,B00004SQET,5.0,2014-05,0,0,,26,Seems durable
A2ITTLEMAY03YD,B00004SQET,5.0,2013-07,0,0,,24,all good
A3K8QGDWJ22EOX,B00004SQET,4.0,2011-06,1,1,1.0,49,Cheap and high quality.
A1MPW1WTMFFQDG,B00004SQET,5.0,2011-12,0,0,,45,Heavy duty and repels water
AJOZXSF28N5N5,B00004SQET,5.0,2011-11,1,1,1.0,41,"Excellent product, better than expected.."
A28ESDJPORMVEY,B00004SQET,5.0,2013-01,0,0,,55,Outdoor extension cord for Christmas holidays
A130VGG4P4PW5J,B00004SQET,5.0,2012-11,0,0,,37,Always buy Coleman Cable when possible - so durable ..
AV3CY3MLHJ511,B00004SQET,5.0,2013-01,0,0,,39,Good quality. Great price.
AOWOA4AKT3AST,B00004SQET,4.0,2013-03,0,0,,140,Great buy.
ADQ073QJ0E5TK,B00004SQET,5.0,2013-12,0,0,,37,Good quality power cable
A3PXRHR3HQY2E3,B00004SQET,5.0,2012-07,1,1,1.0,35,VGIRL
A2YDNC4J5GUZL9,B00004SQET,4.0,2013-01,0,0,,20,Good quality and reasonably priced
A7JQDI5K9XZY8,B00004SQET,3.0,2013-02,0,0,,122,Decent cord for the price...but gets stiff in cold weather
A3HXGSMCIOZEW8,B00004SQET,5.0,2012-05,0,0,,52,Great extension cord
A3FP9141P7DHT6,B00004SQGI,5.0,2013-06,0,0,,37,"Nice quality, great price."
A2HGEG82645YF4,B00004SQGI,5.0,2010-12,1,1,1.0,24,great product for hte price.  I came on time and worked well.
A3M8N1L4WAMJG4,B00004SQGI,5.0,2011-12,0,0,,26,"Coleman Cable 09021 12/3 9-Inch Generator Cord Adapter, L5-20P to 5-15R"
AY1KGMCPIZRBP,B00004SQGI,5.0,2013-12,1,1,1.0,24,Works as advertised
AK21M2AE4U71T,B00004SQGI,5.0,2010-12,1,1,1.0,33,Perfect!
A1YXBYJCCS0R3A,B00004SQGI,5.0,2013-03,0,0,,120,Perfect for connecting my APC Power outlet strip (20 amp plugs) to my 15 amp wall socket
A2YCJJV1QEO655,B00004SQGI,5.0,2013-12,0,1,0.0,20,lighting power adapter
A179EHWXB6NSIQ,B00004STHL,1.0,2007-08,0,0,,282,"COOLING PROBLEMS - How to fix it?; plus, It's Nice When It Works"
A3F68N9OI8Y67,B00004STHL,1.0,2003-10,2,3,0.6667,47,"I, too, thought I'd get more use out of it"
A7Y6AVS576M03,B00004STHL,5.0,2002-06,4,6,0.6667,191,"Read, Experiment, Learn"
A13WNGIMC3PSXM,B00004STHL,2.0,2000-08,48,51,0.9412,111,Fun Product:  Just Pray It Doesn't Break
A3OB4235TKCL8K,B00004STHL,1.0,2002-06,13,15,0.8667,255,I suggest you try Minidisc!
A36CB8LS12L46X,B00004STHL,5.0,2002-04,7,8,0.875,113,Excellent reproduction at an affordable price
A3RRAIE5VGNS0S,B00004STHL,4.0,2000-06,10,15,0.6667,29,Philips CDR775BK Dual Deck Audio CD Recorder
AGG6OMGC18HF1,B00004STHL,1.0,2001-02,0,1,0.0,380,AN REAL ELECTRONIC LEMON
A1MO77HMZ0QYLL,B00004STHL,5.0,2006-06,1,1,1.0,75,Never a single problem
A1BQ9NX14RQZVX,B00004STHL,1.0,2004-06,2,2,1.0,105,Nothing but problems
A256S0SNCGFKGC,B00004STHL,1.0,2002-01,7,8,0.875,218,Don't waste your money on this.
AVBJLSSLIQEMP,B00004STQK,3.0,2001-06,6,7,0.8571,207,picture quality is not adequate
A160RGARQLLB05,B00004STQK,5.0,2002-01,2,2,1.0,249,Good camera
AS8IC1P9Y4VR1,B00004STQK,5.0,2000-09,11,11,1.0,119,SUPER!!!  Polaroid PDC 100
A91LOU9XGER2N,B00004STQK,4.0,2002-06,4,4,1.0,576,Good overall value with many great features
A3QJX63UDE76OA,B00004STQK,2.0,2003-10,1,1,1.0,43,Not the greatest..
A1LAAZUR8YFRW8,B00004SU73,1.0,2013-03,0,0,,51,Time for a Digital!
A3EOMRZFU33I6Z,B00004SU73,4.0,2013-08,0,0,,27,make copies of art work
A2R6RA8FRBS608,B00004SU73,4.0,2006-09,14,14,1.0,335,A pretty good camera if you don't want the expense of a much more expensive one...
A2M5GKAGV88LWD,B00004SU73,5.0,2000-08,3,3,1.0,96,"Great for raves, parties, camping"
ARAS5VERQ8BH2,B00004SU73,5.0,2005-05,5,5,1.0,120,"Even in today's digital world, there's still a niche"
A209QRVZ99UQDC,B00004SUG7,5.0,2008-10,1,1,1.0,125,THE BEST
A1MH0S2LR24DGH,B00004SUG7,5.0,2010-01,0,0,,46,Great classroom speakers!
A3A15L96IYUO6V,B00004SUG7,5.0,2001-06,7,7,1.0,76,Sound like much more expensive speakers!
A2CYDCJKZ7F0IO,B00004SUG7,5.0,2002-02,0,0,,124,Great Speakers for Price Range
A3PZB8KZU22LG1,B00004SUG7,4.0,2001-08,6,7,0.8571,125,Pretty good for the price
A1PL7QILVQV3IF,B00004SUG7,4.0,2009-04,0,0,,111,Surprisingly good for the price
A3EVTPOJDS5OQ9,B00004SV1W,5.0,2000-05,22,22,1.0,52,Best digital camera i've seen!
A2EDFATBY4VNTS,B00004SV1W,4.0,2001-01,24,24,1.0,1040,An Excellent Digicam Prompts Improvised Off-Camera Flash
AHT97H27XFI1I,B00004SV1W,5.0,2001-09,0,0,,55,35mm gone digital...!
A1MLNJK9HDCQLV,B00004SV1W,5.0,2001-01,12,12,1.0,318,Look no further
A3823WQPK4LXLL,B00004SV1W,5.0,2000-04,111,111,1.0,264,Well worth the money
A2DXENZNO2JT4F,B00004SV1W,5.0,2002-01,1,1,1.0,395,So happy with my choice
A1EU2HO4Y1SKHQ,B00004SV1W,5.0,2001-07,7,7,1.0,178,Works well with Windows XP
A1ZC0H05U51M3C,B00004SV1W,5.0,2000-07,35,35,1.0,231,Perfect for new parents!
A2DGF0LAMJQHQF,B00004SV1W,4.0,2001-07,7,7,1.0,310,Need to take lots of pics? How about 248 @ max resolution?
A3PVE6QACV6WRK,B00004SY4H,4.0,2007-04,1,6,0.1667,42,Extremely confortable and excellent sounding device
A3JAL9LX5XMKB3,B00004SY4H,5.0,2014-03,1,1,1.0,73,Worth it
A2WBEJH71SND3T,B00004SY4H,4.0,2008-05,27,29,0.931,724,Good set for mixing and portable studios.
A1HD8EWSHR9FM6,B00004SY4H,5.0,2002-12,18,21,0.8571,553,Outstanding Detail and Airiness
A15PL3C9OFSM1B,B00004SY4H,4.0,2011-12,0,9,0.0,58,Superb sound quality but cannot hear well unless I max out the volume.
A3H9R0EX67LJE6,B00004SY4H,5.0,2013-12,0,0,,108,Best set of 'phones I've ever owned.
AIZA39M8ZAQDO,B00004SY4H,5.0,2002-10,5,6,0.8333,202,A quantum leap in listening pleasure
A3UFIFPNO0TR0Q,B00004SY4H,5.0,2012-06,3,4,0.75,193,Fine headphones
AG0MG2M4DE3P0,B00004SY4H,5.0,2013-12,5,6,0.8333,168,Sennheiser HD 600
A39M7D6VKFKWRN,B00004SY4H,5.0,2005-02,17,18,0.9444,121,Worth every penny
A3CMSRCYUJ9ZA5,B00004SY4H,5.0,2012-09,0,2,0.0,69,these have been of the best headphones I have owned
A4GGT6O0GQNV2,B00004SY4H,5.0,2014-05,2,2,1.0,769,Absolutely Fantastic!
A1EN3TU8BPYH2B,B00004SY4H,1.0,2013-09,4,24,0.1667,298,Lots of creaking noise (& the fit is a bit uncomfortable)
A1M24LVM6J1IYY,B00004SY4H,2.0,2013-04,8,29,0.2759,190,Poor Construction mars very good headphone
A2KVSY1005QJDF,B00004SY4H,5.0,2014-04,3,3,1.0,469,Legendary sound and clarity
A1NVD0TKNS1GT5,B00004SY4H,5.0,2000-10,158,174,0.908,234,The Best Dynamic Headphone in the World
AYGB2EFZ3O3IW,B00004SY4H,5.0,2013-07,2,2,1.0,298,"Take the leap, they really are worth it..."
A1R3NJNVS6HLV7,B00004SY4H,5.0,2013-05,1,1,1.0,142,Great sound!
AX9FIZX89LNFQ,B00004SY4H,5.0,2014-04,5,5,1.0,1387,SENNHEISER HD 600 OPEN DYNAMIC HI-FI PROFESSIONAL HEADPHONES
A1989944VHPI2I,B00004SY4H,5.0,2002-02,10,11,0.9091,152,Best headphones I have owned
A166PLPFD2A42H,B00004SY4H,5.0,2013-04,2,2,1.0,266,Pure Class
A6HW4G2S68KGV,B00004SY4H,5.0,2012-11,1,1,1.0,120,"So good, I got a second pair!"
AYTGG6XTVUG7G,B00004SY4H,4.0,2002-02,49,56,0.875,304,"Pricey, well-made, not for everyone"
A3GGOU7B5NVAIS,B00004SY4H,5.0,2007-09,7,9,0.7778,46,The best in the world
A13WL1MBY347F7,B00004SY4H,5.0,2013-01,4,4,1.0,192,End of the Journey
A3LN27742T0L76,B00004SY4H,5.0,2011-11,1,2,0.5,189,Great headphone and only getting better
A19BR6M0VG7AHZ,B00004SY4H,5.0,2014-07,0,0,,5,Great headphones. Nicely balanced (sonically)
A2ZCWFNMC84GPY,B00004SY4H,5.0,2010-01,26,29,0.8966,2744,Is well worth it with proper equipment and at least HD650 replacement cable
A3TUOAQ56ZQIJH,B00004SY4H,5.0,2013-07,4,6,0.6667,48,Very good phones
A2J9NEE5C5D2AU,B00004SY4H,4.0,2001-12,31,35,0.8857,392,be sure to get a high quality amplifier...
A10XB56QFYLVC8,B00004SY4H,5.0,2005-01,44,46,0.9565,482,Outstanding headphones
ACIAP3IPPGK27,B00004SY4H,5.0,2013-03,3,3,1.0,684,These are great...GREAT headphones.
A225G2TFM76GYX,B00004SY4H,5.0,2009-03,11,11,1.0,48,Excellent Phones
A2ED50E3KWKUKW,B00004SY4H,5.0,2007-09,6,6,1.0,295,THE BEST @ A SOMEWHAT REASONABLE COST
A2SDA5LOD7577T,B00004SY4H,5.0,2014-03,6,6,1.0,416,The Natural
A1URXSRV6WDHVY,B00004SY4H,5.0,2007-07,12,13,0.9231,289,These phones have totally blown me away!
A22HBQKBPEL4MF,B00004SY4H,4.0,2014-06,0,2,0.0,229,"I don't own these, but I might soon&#8230;"
A14MER71N2DCDW,B00004SY4H,5.0,2009-01,1,1,1.0,164,Absolutely Fantastic Sound!
ATEDSY50EDAMI,B00004SY4H,5.0,2006-04,46,52,0.8846,869,The King
A3IKQ1HN8KQJFD,B00004SY4H,5.0,2014-01,1,1,1.0,25,"Great sound, exceptional comfort"
A13UQXD9UWRS7U,B00004SY4H,5.0,2013-07,1,3,0.3333,21,Awesome!
A8O2E6UBLWWFM,B00004SY4H,5.0,2005-01,4,7,0.5714,21,listen here
A3RL4MZ8PH9Q5B,B00004SY4H,5.0,2013-04,1,1,1.0,211,A Steal at this Price
A2OCNEE5JHLJI9,B00004SY4H,5.0,2003-06,2,2,1.0,69,Awesome Headphones - At Any Price
A2JMSJO1Z8C8ZQ,B00004SY4H,5.0,2013-10,2,2,1.0,346,Do yourself a favor and get a good amp
A3507DMCU3IEGI,B00004SY4H,5.0,2011-02,2,3,0.6667,64,"Great headphones, need amp or else don't get it!"
A3077MQTAKOVFZ,B00004SY4H,5.0,2013-07,1,4,0.25,24,I really liked them but
A3MZSWSG6L8EN2,B00004SY4H,5.0,2009-02,8,9,0.8889,177,"FANTASTIC, but not ""way better"" than HD 595s"
A196D02N89FEK,B00004SY4H,4.0,2013-02,3,15,0.2,137,Best headphones I've ever owned.
A3FE2B2X39IFJJ,B00004SY4H,5.0,2011-12,2,5,0.4,58,HiFi Grade Cans
A2BIQJIXLDSJSE,B00004SY4H,5.0,2012-11,12,12,1.0,965,Simply amazing sound quality for the money!
A9UQZFBHHJ17J,B00004SY5G,5.0,2002-03,2,2,1.0,69,What a value!
A2BI702GCWNYJ4,B00004SY5G,4.0,2004-02,1,1,1.0,91,OK for a small speaker
A38M7PZ5DEOOCC,B00004SY5G,5.0,2002-11,2,2,1.0,184,Great little speakers
A2Y3DTTBOU77MO,B00004SY5G,5.0,2003-01,1,1,1.0,57,skeptical before - now very pleased
A2MJHJ3VYTS7V8,B00004SY5G,4.0,2002-08,5,6,0.8333,175,Tough to Beat at Any Price
AEH644IG7XZUI,B00004SYB7,5.0,2011-09,0,0,,20,Super Mini Binoculars
AXK9O1OC2I2PD,B00004SYB7,5.0,2001-10,0,0,,83,"Great Price, Great Binoculars!"
A2BGZ52M908MJY,B00004SYB7,4.0,2001-03,6,10,0.6,34,Lightweight and powerful.
A231WM2Z2JL0U3,B00004SYB7,5.0,2001-01,12,12,1.0,25,Excellent
A3VEROAVSRAMG2,B00004SYB7,5.0,2001-08,3,3,1.0,54,A terrific value
A25E8V5JMW43RY,B00004SYKO,5.0,2014-04,0,0,,24,Great recording tapes
AFXTKAO0CB354,B00004SYKO,5.0,2009-09,2,2,1.0,59,Great Value
A2R6RA8FRBS608,B00004SYKO,5.0,2008-12,7,7,1.0,324,excellent VHS video tapes for recording...
A1F958T2GSWCEK,B00004SYKO,5.0,2013-11,0,0,,173,Great Tapes Get The Job Done
A1IL8I2ZD6QVVC,B00004SYKO,5.0,2007-09,3,3,1.0,62,recording time
AY62TN9VGKI2Z,B00004SYNW,2.0,2000-09,2,5,0.4,337,If It Works For You It's A Great Product
A29SZ81DMZAYC5,B00004SYNW,1.0,2003-05,0,0,,159,"Dont bother if you need IPSec, security or Netflix  0-star"
A3CIV9WPFHNX0K,B00004SYNW,5.0,2001-04,0,0,,49,Does exactly what its advertised to do.
A3OQGX7T9GL0LD,B00004SYNW,1.0,2000-12,2,2,1.0,201,&quot;Firewall&quot; Feature Crippled by Bad Design
ALMK0YBTI72RL,B00004SYNW,1.0,2001-07,5,5,1.0,165,Zero Stars -- Buy Linksys Instead
A106FBN3SVKSQL,B00004SYNX,5.0,2013-10,0,0,,25,Excellent Ethernet Adapter!
A3VAX5C42A9QW4,B00004SYNX,4.0,2009-09,0,0,,21,Ethernet is Ethernet
A19E3ZCQH6TJBD,B00004SYNX,5.0,2002-11,2,2,1.0,143,Absolutely Greeeaaat!
A1I002WK1LELAO,B00004SYNX,2.0,2011-09,0,0,,45,Buggy
AUITG1DJ3QUGK,B00004SYNX,3.0,2000-06,5,5,1.0,78,"Easy install, questionable quality"
APLAYRDGF11H2,B00004SYNX,4.0,2012-12,0,0,,22,Simple to put in and get working.
A1TEQLH0UOWNOK,B00004SYNX,5.0,2013-03,0,0,,52,Works great
A2V5UR27QR2L7W,B00004SYNX,4.0,2012-11,0,0,,76,Works perfectly with my setup
A27Y4OEC9MD9PA,B00004SYNX,5.0,2012-11,0,0,,33,D-Link Ethernet Desktop Adapter
ADX6KUX4WWSJD,B00004SYNX,1.0,2013-05,0,2,0.0,92,didn't even fit my motherboard
A1Y7B873VOTAHM,B00004SYNX,1.0,2004-12,4,5,0.8,33,Dead after 45 days....
A2FSW50DBYKTAG,B00004SYNX,5.0,2013-07,0,0,,43,Works for me
AIU13IFGH0EVF,B00004SYNX,4.0,2011-04,0,0,,311,Seems to work well.
A2INGDHZFPDBFP,B00004SYNX,5.0,2011-04,0,0,,84,"Been Buying These For Years.  Rock Solid, Easy to Install"
A88AV20XJ5X60,B00004SYNX,5.0,2011-06,0,0,,140,Easy!
A1LYZ1VWGLCI1X,B00004SYNX,5.0,2009-07,1,1,1.0,80,Fantastic Card! 5 Stars!
A2LX285KLNY8M3,B00004SYNX,5.0,2014-01,0,0,,38,A good replacement
A15UNI5A23UA4J,B00004SYNX,5.0,2007-03,0,0,,39,Works Great
A2Y4QQTCIP2E0E,B00004SYNX,5.0,2007-08,0,0,,22,Best Ethernet Adapter
AIVJDP9TGEGZN,B00004SYNX,5.0,2004-03,4,5,0.8,28,"Quick install, works fine, no problems."
A1522TN5FVJL0Y,B00004SYNX,5.0,2002-07,2,2,1.0,53,Good performance for next to nothing
A1WAYVM44HACOO,B00004SYNX,5.0,2011-10,0,0,,44,PCI Ethernet Adpter
A39239F78V03U4,B00004SYNX,1.0,2000-09,4,8,0.5,37,"Penny-Wise, Dollar- foolish..."
A17U12E2LNDSYL,B00004SYNX,5.0,2011-01,0,0,,57,A no hassle network solution
A2QJJR9P3IYVO9,B00004SYNX,5.0,2013-09,0,0,,43,Win XP Plug-and-Play trouble free with plenty of speed
A3Q6EL2PFKJK76,B00004SYNX,5.0,2003-11,4,4,1.0,53,No problems
A3CSEHN7WKCTZ5,B00004SYNX,5.0,2009-05,0,2,0.0,47,Item as Described
A2NVQZ4Y7Y0J1R,B00004SYNX,1.0,2006-07,3,8,0.375,193,Mac users: D-Link's claims about compatibility are false. Look elsewhere
A37JNUJSVAJKYN,B00004SYNX,5.0,2006-03,3,3,1.0,74,Don't Be Fooled By The Cheap Price
A3QQ1Q4A02OWJT,B00004SYNX,4.0,2010-07,1,1,1.0,69,Good Card. Careful during installation
A390CDHLS6NHWP,B00004SYNX,5.0,2010-03,0,0,,51,Ethernet adapter
A3ONE2VJCDI5GZ,B00004SYNX,5.0,2001-03,30,33,0.9091,213,"Looks cheap, but works amazingly well!!"
A2K3XAK8BP8LA,B00004SYNX,5.0,2001-05,4,4,1.0,111,Good companion with D-Link router and switch
A2JXT7KS8OU2L,B00004SYVH,1.0,2000-07,7,26,0.2692,285,Don't bother spending the money
A2E3CXT3CJDCUC,B00004SYVH,4.0,2000-07,6,8,0.75,78,Best of the Pocket PC's
A1MJMYLRTZ76ZX,B00004SYVH,5.0,2000-08,10,10,1.0,761,Pretty awesome
A1MMEARDASNIA0,B00004SYVH,5.0,2000-04,0,0,,214,Almost perfect
AM4ZQJ0IORVWG,B00004SYVH,4.0,2000-04,111,122,0.9098,624,"A wonderful product, but maybe more than you wanted in a PDA"
A1GYR0Q9BRCNQ4,B00004SYVH,4.0,2001-02,5,5,1.0,1221,Brilliant little unit
A9AZJGWMDJ7SR,B00004T0RC,5.0,2000-09,5,5,1.0,315,The best PDA so far
A2GNATC9V28GJS,B00004T0RC,5.0,2000-09,3,3,1.0,128,What a great Pocket PC
AD50TWQOM8W4G,B00004T0RC,5.0,2000-08,11,13,0.8462,168,Really Great Product!
A3JMQ363OSCWU2,B00004T0RC,5.0,2000-10,7,10,0.7,179,"My iPAQ replaced my laptop, Palm, MP3 player and DVD player"
AUCF61BNJ5ZX7,B00004T0RC,5.0,2008-10,0,0,,43,Better then even the company thought.
AHT97H27XFI1I,B00004T0RC,4.0,2000-09,1,3,0.3333,61,Stumbled into one In Stock
A1AOK8IY4F9OKZ,B00004T0RC,4.0,2000-08,15,16,0.9375,659,"Finally,"
A2TAAKL8DQDMSA,B00004T0RC,5.0,2000-10,7,8,0.875,213,Couldn't find a better one than this!
A1MJMYLRTZ76ZX,B00004T0RC,5.0,2000-10,3,3,1.0,155,Stylus Fix
A3N4TZ3SX3XW12,B00004T0RC,4.0,2002-06,7,7,1.0,287,Close to perfect
A2RWHTNM5P3I8Y,B00004T0RC,4.0,2001-07,1,1,1.0,87,Wireless Wonder
A2LYF3DJN9X5JN,B00004T0RC,3.0,2002-06,12,12,1.0,156,Love the concept and loved the product
A39KGML5OYIU00,B00004T0RC,4.0,2009-03,1,1,1.0,37,Pretty Good
A3KZDS16VTCBCD,B00004T1XE,5.0,2013-01,1,2,0.5,76,"Cheap, Works Great"
A3NQU1649SH0Q4,B00004T1XE,5.0,2008-09,3,3,1.0,280,Very nice little AM-FM radio
A1PBRDRW4WUCYM,B00004T1XE,3.0,2012-07,9,9,1.0,80,How can you rate this with 5 stars?
A2INA3KNWJWM1Z,B00004T1XE,5.0,2012-12,0,0,,22,Batteries Last Forever!
A1RPKCLVRLU062,B00004T1XE,5.0,2001-10,225,230,0.9783,133,"Classic ""Transistor Radio"" with Three Controls"
A1SW7P73Z8BUUJ,B00004T1XE,5.0,2009-06,4,4,1.0,44,Great Reception And Sound
A1UDJYFICROJ3X,B00004T1XE,5.0,2010-05,1,1,1.0,236,Great AM/FM Pocket Radio
A22YUW6VX3I8PK,B00004T1XE,5.0,2014-03,0,0,,29,Cute Radio
ANNKHRRNO6TT9,B00004T1XE,5.0,2013-02,0,0,,20,panasonic radio
A3UACABVOF2XF1,B00004T1XE,5.0,2009-03,4,4,1.0,65,Good little radio for the price
A2LMF5Q6FO9TOI,B00004T1XE,4.0,2014-02,0,0,,40,Good for kids
A235UFZGCFN3J5,B00004T1XE,5.0,2009-01,0,0,,53,Nice Basic Radio
A1H0XHTUZEE8LF,B00004T1XE,5.0,2012-12,0,0,,26,Snal speaker radio
A1W6QZK6BFJLW2,B00004T1XE,5.0,2013-04,0,0,,94,Great for what it is
A2VQLV2GUC4H8J,B00004T1XE,2.0,2012-06,2,4,0.5,33,sound on only one earbud
A1Q3WWX7DN2XZ3,B00004T1XE,4.0,2013-06,0,0,,107,"Good Value, discrimination poor"
A1LAH0VUZGP0HX,B00004T1XE,5.0,2008-04,8,8,1.0,118,Perfect Portable Radio
A1U29HNXYN3TIB,B00004T1XE,5.0,2013-05,1,1,1.0,68,For power outages
A7I3WFZE31KAZ,B00004T1XE,5.0,2009-03,1,1,1.0,31,Great unit
A1KDA0U9H4I3XY,B00004T1XE,3.0,2011-08,0,2,0.0,62,POOR RECEPTION ON BEACH
A3P4OCFJHME34N,B00004T1XE,5.0,2012-12,0,0,,90,A very cool little classic radio
A19VISO9EHD1OM,B00004T1XE,3.0,2013-06,1,2,0.5,410,"Inexpensive, But Bad AM"
A6G5VWEJWRTQ9,B00004T1XE,4.0,2013-03,0,0,,22,Great Little Radio
A29VGSEOXFSJC4,B00004T1XE,5.0,2011-04,0,0,,43,"Small, sharp and clear reception"
ARZX1CBWP7M2W,B00004T1XE,2.0,2013-07,0,1,0.0,67,Poor Reception
A1XQCLOF5MP5OB,B00004T1XE,5.0,2012-01,3,4,0.75,99,Panasonic RF-P50 Great portable radio.
A1BM3ER2HHHR7T,B00004T1XE,4.0,2007-07,4,4,1.0,45,nice little radio
A1IICUMRPXC4AL,B00004T1XE,4.0,2008-02,269,272,0.989,763,A fantastic radio at a great price!
A2XBFJZRMF9BJX,B00004T1XE,4.0,2013-06,0,0,,21,Great radio for it's value
ARYHWHSUK58LO,B00004T1XE,3.0,2013-08,0,0,,55,Pocket AM/FM RADIO FROM PANASONIC
A3RG6PPAEW83X2,B00004T1XE,5.0,2013-04,1,1,1.0,65,Works good.
A2U86YNYOVTMD4,B00004T1XE,5.0,2010-02,1,1,1.0,80,Perfect little radio for the beach !
A1XTM47DUD1K7D,B00004T1XE,4.0,2014-01,2,2,1.0,66,Good value but..
A10VGVCS9EFVGZ,B00004T1XE,3.0,2010-12,7,7,1.0,174,probably a better one out there
A3MRKZ1RR1G9K3,B00004T1XE,3.0,2012-05,2,2,1.0,355,well constructed radio with great reception
A3FL4Q6TEPST6C,B00004T1XE,5.0,2005-01,12,13,0.9231,15,Great Little Radio
AG50Y7KCLNM3W,B00004T1XE,4.0,2013-05,0,0,,38,great for its purpose
A310AKTMTWOZ17,B00004T1XE,3.0,2012-01,5,6,0.8333,131,So-so little radio at great price
A18XYVCNR720UC,B00004T1XE,4.0,2013-02,0,1,0.0,36,bought for my son's emergency kit!
A2ZW4Q5B43JOFP,B00004T1XE,5.0,2012-09,1,1,1.0,65,"Old school stuff, but still needed"
A2O168CJIAEGL5,B00004T1XE,3.0,2013-12,0,0,,72,Power Outages
A3UXU4YM508ZEA,B00004T1XE,5.0,2005-12,6,6,1.0,48,Ten Bucks Well Spent
A208F20NUCU1T4,B00004T1XE,1.0,2010-09,8,10,0.8,203,Built to look nice
ALMIFFHNE45JX,B00004T1XE,2.0,2007-07,6,16,0.375,249,Why does no one build a small digital tuning AM radio
A20ICK2UGU8PIJ,B00004T1XE,5.0,2012-11,0,0,,72,transistor radio
A3RXK7UUDWQRTQ,B00004T1XE,5.0,2014-07,0,0,,8,nicely
ARVW5GNMO9QU7,B00004T1XE,5.0,2013-02,0,0,,71,Just like the old days
A3992SE2YUH0B9,B00004T1XE,4.0,2013-06,0,0,,47,Pretty good for a great price
A2A0HREDAG2QIC,B00004T1XE,5.0,2006-05,7,7,1.0,73,Excellent pocket radio
A3SSDQFBBVDGRS,B00004T1XE,5.0,2006-09,3,8,0.375,178,Radio Days
A3GCU32XBIEDMB,B00004T1XE,1.0,2007-08,20,24,0.8333,54,I have to resist wanting to throw it against the wall
A9ZV2N6JTI8BF,B00004T1XE,5.0,2013-02,0,0,,60,Great pocket radio
AI0BCEWRE04G0,B00004T1XE,4.0,2007-01,19,20,0.95,529,Just a bit too retro
AI4WN15VV8AYB,B00004T1XE,5.0,2013-01,0,1,0.0,30,Awesome for us boomers
A4DO6F431LOO2,B00004T1XE,4.0,2014-02,0,0,,31,great little radio
A3SUZ5RKR6CNKT,B00004T1XE,3.0,2013-05,0,1,0.0,89,"not as good as the sony s10mk2, directional static"
A4902TQB4NGRJ,B00004T1XE,2.0,2012-03,3,4,0.75,183,The worst radio I've ever owned
AUEZ029EW5BF5,B00004T1XE,5.0,2009-11,1,1,1.0,82,pocket radio retro
A2PC6KJ50P32KE,B00004T1XE,4.0,2012-12,0,0,,33,Panasonic RF-p50
A3I2XB5G02ETXX,B00004T1XE,4.0,2008-10,1,4,0.25,26,Goog reception
A38QGN16XWQ8SL,B00004T1XE,5.0,2012-10,1,1,1.0,37,Perfect radio for the price
A1HRYC60VTMYC0,B00004T1XK,5.0,2011-02,5,5,1.0,36,I'm HAPPY They still make these things!!
A228B35PGJ9S8I,B00004T1XK,5.0,2014-01,1,1,1.0,21,Does what is should
A3F2M27L02YDLM,B00004T1XK,4.0,2009-05,3,6,0.5,73,Good..for a 20 year old product...
A4ZAGU38SC09Q,B00004T1XK,5.0,2011-12,31,32,0.9688,0,Unbox! Panasonic RQ-2102 Cassette Recorder
A3890NYX72ZQ,B00004T1XK,5.0,2009-11,71,73,0.9726,181,Quality Old School Cassette Recorder
APJB1OLRJC53N,B00004T1XK,4.0,2014-03,1,1,1.0,71,Cheaply Made But Works Well
A2ZI97NDT655W4,B00004T1XK,5.0,2014-07,0,0,,61,A very good quality cassette recorder!
A2SATO5BNKWY3Y,B00004T1XK,5.0,2014-04,0,0,,45,Solid construction throughout
A1DYB9MKFYEGS4,B00004T1XK,5.0,2014-04,2,2,1.0,53,Works perfectly
A2KK3KCSA118PF,B00004T1XK,5.0,2007-08,3,3,1.0,22,Just what I was looking for
A3UIQ1DG8MOREB,B00004T1XK,5.0,2011-04,0,0,,49,Testing Testing 1 2 3
A3HQS2YTR4GNC1,B00004T1XK,5.0,2012-11,1,1,1.0,61,Good recorder
AU7L8ZYYMSNRQ,B00004T1XK,4.0,2008-05,4,5,0.8,82,GOOD CASSETTE RECORDER FOR THE PRICE.
A29PAGCYHOJN4A,B00004T1XK,5.0,2013-09,0,0,,25,Great little recorder!
A3ARNJ9NF0H6YD,B00004T1XK,5.0,2014-04,1,1,1.0,134,Just what I needed and expected
AF1NQ69CABFD0,B00004T1XK,5.0,2013-06,0,0,,23,Comes in handy
AYMBN5CC7IUK7,B00004T1XK,1.0,2010-04,4,6,0.6667,43,Shoebox best for shoes
AZGNX5BBS3UMW,B00004T1XK,5.0,2013-10,0,0,,90,Great Panasonic Cassette Player
A110PC8C5Y7MQD,B00004T1XK,4.0,2010-11,0,0,,32,Panasonic RQ2102 Shoe Box Recorder
AHMV0VLLZSM18,B00004T1XK,5.0,2013-02,1,1,1.0,40,great recorder
A124ZQ5I18IAB,B00004T1XK,3.0,2012-11,1,1,1.0,73,Wish I had looked more carefully...
A33AQU9PASHWOZ,B00004T1XK,2.0,2013-10,2,2,1.0,129,Not Suitable For Music Recording
A1GYV9PJ0U8ERX,B00004T1XK,5.0,2013-10,1,1,1.0,56,For Halloween
A3KOJO1L2VCAV,B00004T1XK,4.0,2013-06,0,0,,59,Great as a new tape player
A9PYOVIOGN5JL,B00004T1XK,3.0,2010-10,6,6,1.0,184,Did not have an erase head -- so adds parts over instead of replacing them.
A2DJ7MDPBNZW6J,B00004T1XK,5.0,2012-10,0,0,,56,Finally found one!
A3GOSA8HXJ6IHZ,B00004T1XK,2.0,2013-08,0,0,,23,Basic
AEF4USLDQB9WG,B00004T1XK,3.0,2013-06,0,0,,82,Doesn't  have features I want/need
A2HDTOF8222KN3,B00004T1XK,5.0,2014-03,1,1,1.0,129,Best little recorder I have ever bought
A3TPXFQ9CIK7OF,B00004T1XK,5.0,2013-11,0,0,,23,Glad to find this great little recorder/player!
A2O28GXZHU7P3C,B00004T1XK,5.0,2014-05,0,0,,50,Just like the one I bought 40 years ago
A3D7BGK0P5QY0X,B00004T1XK,4.0,2013-04,0,0,,87,"Works great, no issues"
ATGYH0TKHY9A1,B00004T1XK,1.0,2008-04,25,27,0.9259,72,Problems after a year
A32DT10X9WS4D0,B00004T1XK,2.0,2014-04,0,0,,27,good
A1TCD3JA870YCJ,B00004T1XK,5.0,2014-04,1,1,1.0,50,Just what we were looking for!
A337NTGIG1VMB5,B00004T1XK,1.0,2013-01,6,8,0.75,31,No earphone port
A96AON1A885W9,B00004T1XK,4.0,2013-05,2,2,1.0,91,Works good for an ancient machine
AJRCUR3RS5A1E,B00004T1XK,5.0,2013-02,0,0,,31,Panasonic RQ2102 Cassette Recorder
AD50TWQOM8W4G,B00004T2LJ,5.0,2000-09,8,8,1.0,88,Works Great
ARXU3FESTWMJJ,B00004T2LJ,4.0,2001-05,5,5,1.0,75,Not just for Pocket PCs!
A35MUY1T5C335X,B00004T2LJ,4.0,2000-04,142,144,0.9861,261,It works! What's more to say?
APXV4GM2BKZX1,B00004T2LJ,5.0,2001-11,2,2,1.0,36,Great solution
A1G18MU8RQQ4GY,B00004T2LJ,4.0,2001-09,6,6,1.0,101,Works very well but do youreally need it?
A14PHG6QJ1DTG,B00004T2LJ,5.0,2001-04,11,11,1.0,218,Helps convert your Pocket PC into a laptop replacement
A1GWUB4XO5OFVE,B00004T8R2,4.0,2014-07,0,0,,3,Four Stars
A3TVMXWL9LNESD,B00004T8R2,5.0,2014-07,0,0,,34,Great Headphones for the price
A27N36BPXB2EKB,B00004T8R2,3.0,2010-11,2,4,0.5,451,"Good and decent, but not for everything"
ACCFF5B6TMOOV,B00004T8R2,5.0,2013-05,0,0,,20,Good value for the price
A3N1KKOGKXBICU,B00004T8R2,4.0,2011-10,0,0,,113,Safer for my 4 year old
A3T832UNT3QOB0,B00004T8R2,5.0,2011-07,0,0,,78,"Good, cheap, headphones."
A2SYCZ9Y5Y6IGB,B00004T8R2,4.0,2013-03,0,0,,25,Panasonic RP-HT21 Headphones
A2UWPFYTMPW6S5,B00004T8R2,5.0,2014-01,0,0,,96,Best headphones at that price
ATW0Z57E2G30I,B00004T8R2,5.0,2009-11,0,0,,74,Can't Go Wrong for the Price
A1VPV97Z0340WI,B00004T8R2,5.0,2014-06,0,0,,261,Great sound for such a reasonable price.
A2VZET5SXXG5AJ,B00004T8R2,3.0,2014-04,0,0,,167,Oi
A3VC5NV5NAJ2V4,B00004T8R2,5.0,2010-06,2,3,0.6667,136,Excellent Sound Quality
A2IVL3B6VM0EHN,B00004T8R2,5.0,2013-06,0,0,,35,Very Good Headphones...
A3I7LQ4SD5WZ72,B00004T8R2,5.0,2012-12,0,0,,41,Work great
A3TB2M0Y63G0OF,B00004T8R2,4.0,2012-03,0,0,,124,"MUUUY BIEN, GOOD!!"
A3C00N4UHA5XYX,B00004T8R2,5.0,2011-11,0,0,,36,Cheap and Good
A3QVRSVMJ4TRJX,B00004T8R2,4.0,2012-08,0,0,,22,Noticeable Bass
A3U521S7IPSFZG,B00004T8R2,5.0,2014-01,0,0,,37,Great
A1XXTDDNAKXLHO,B00004T8R2,4.0,2012-04,0,0,,141,Decent headphones for a Decent Price
AR64CEBJWBICU,B00004T8R2,3.0,2014-06,0,0,,150,"Not a comfortable fit at all.  Sound is clear, but quite weak compared to the JVC HAS160"
A5834FSAH2HZQ,B00004T8R2,5.0,2012-12,0,0,,136,Wish I'd found these sooner!
A1G166HPVNLWIB,B00004T8R2,5.0,2014-05,0,0,,54,These are great for the price
ACH68ZSP1V79J,B00004T8R2,5.0,2012-08,0,0,,202,Great sound !!!
A1SVVOKIP0TQ0Z,B00004T8R2,4.0,2013-07,0,0,,25,very nice
A29ZO7EB4NTC07,B00004T8R2,4.0,2013-12,0,0,,52,Great cans for the price
A2P52SPNEHYPZ9,B00004T8R2,4.0,2011-07,0,0,,123,Not bad.
A3KOASATK1KTI,B00004T8R2,5.0,2012-10,0,0,,58,Great Sound
ASWOF6PRBN5V0,B00004T8R2,4.0,2008-06,0,0,,18,not bad for the price
A3C35YQCMRP4Q6,B00004T8R2,2.0,2014-01,0,0,,43,Poor workmanship.
A38LIND13AS5OI,B00004T8R2,5.0,2012-09,1,1,1.0,27,Excellent sound
AF74VPDSL69FE,B00004T8R2,4.0,2013-02,0,0,,22,Good for the price
A19W47CXJJP1MI,B00004T8R2,5.0,2011-08,0,0,,73,Great Value and Good Performance
A1DLMTOTHQ4AST,B00004T8R2,3.0,2011-09,0,0,,32,Good value for cheap headphones
A34W3C38EAN5WL,B00004T8R2,4.0,2013-01,1,1,1.0,35,Perfect for little rockers
A2AS9PYAJYXQW2,B00004T8R2,5.0,2012-12,0,0,,52,Best Headphones for Under 20 Dollars
A2V8FNIO634ZRD,B00004T8R2,3.0,2012-02,5,5,1.0,38,Good bargain but low quality
A14SAQRMULWQBV,B00004T8R2,5.0,2013-08,0,0,,25,Panasonic RP-HT21 Lightweight Headphones with XBS Port
A297R44X7WEQ8T,B00004T8R2,1.0,2013-11,0,1,0.0,30,Did not keep
A30H2335OM7RD6,B00004T8R2,5.0,2013-02,0,0,,113,Does what I Expected
A36R1GGNDJ0R5I,B00004T8R2,4.0,2012-08,0,0,,55,Works great
A2QYV2416XB0BQ,B00004T8R2,5.0,2012-02,2,2,1.0,146,5 bucks?!?! Great Value for what I was looking for!
A3SK4WFWME8A8N,B00004T8R2,5.0,2013-02,0,0,,89,Great Cans For The Price
A1EDIAKY68UOFG,B00004T8R2,5.0,2008-04,2,3,0.6667,33,Best headphone ever had in this price
A133RMLL2B6OC9,B00004T8R2,5.0,2011-10,0,0,,207,"Great Sound, Great Bargain"
A3LWC833HQIG7J,B00004T8R2,5.0,2010-12,1,1,1.0,199,Astounding sound quality for the price but not great comfort
A32M3NV9464KEA,B00004T8R2,4.0,2013-05,0,0,,20,I got what I paid for.
A2KTANMYE2372G,B00004T8R2,4.0,2013-06,0,0,,20,they do the job
ADWWA7EWO2XP0,B00004T8R2,5.0,2012-04,0,0,,39,Almost for free!
AHKJXWMSUWE2U,B00004T8R2,3.0,2013-09,0,0,,20,OK
A35AAI6C5QX0HA,B00004T8R2,5.0,2013-02,0,0,,119,Simply awesome at 10-20 times the cost
A1MJ4WTOYW9WXZ,B00004T8R2,5.0,2012-01,0,0,,63,I love them!
AUBQ9SL293I8X,B00004T8R2,4.0,2012-04,0,0,,24,Not bad at all.
A2B7WSIBZIC2F5,B00004T8R2,4.0,2011-09,1,1,1.0,20,Decent for price.
A3U47B6C3QW94L,B00004T8R2,5.0,2014-02,1,1,1.0,23,Panasonic Headphones
A3KORSMLKNAR22,B00004T8R2,5.0,2013-10,0,0,,26,Panasonic RP-HT21 Lightweight Headphones with XBS Port
A1ZBR4NYVGY7U7,B00004T8R2,3.0,2013-10,0,0,,113,For the kids
A2FC3ME27RF1N,B00004T8R2,5.0,2007-07,0,0,,27,Fantastic!
A12EMDRJ838FPF,B00004T8R2,4.0,2014-01,0,0,,40,Good for the Price
A28Q0JA9H8WZOD,B00004T8R2,5.0,2011-05,0,0,,86,Surprisingly good
A2T5B1BCHNT2S7,B00004T8R2,5.0,2013-07,0,0,,32,Great headphones for the money
A1DJ7PH72PMJIO,B00004T8R2,5.0,2009-11,0,0,,92,Great Headphones for the price
A1B7VOFF2O3VQE,B00004T8R2,5.0,2011-06,0,0,,33,best 5 buck headphones
A6G3U9XJ8JCZM,B00004T8R2,5.0,2013-06,1,1,1.0,49,BEST LIGHTWEIGHT HEADPHONES FOR THE PRICE
A1DNAYILPPR7NL,B00004T8R2,5.0,2012-11,0,0,,37,Good enough
A1Z7U9K6X3FEOU,B00004T8R2,5.0,2014-05,0,0,,77,YES!
A1VH4YW78W1G6O,B00004T8R2,3.0,2009-05,11,13,0.8462,20,"Nice headset, great price!"
A1P9FP9ZZ00TU4,B00004T8R2,1.0,2013-10,0,2,0.0,164,Unusable on iPhone or iPad
A2TLKM8E9CDIMP,B00004T8R2,5.0,2012-06,2,2,1.0,118,Nice Sound
A3O2DF7P03JMD2,B00004T8R2,4.0,2014-06,0,0,,23,Works Well
A3D1MNFKW1Z3QJ,B00004T8R2,5.0,2011-12,0,1,0.0,112,"Deep base, sounds like 20 dollar headphones."
A3L53MXMJ1OOWV,B00004T8R2,4.0,2009-03,0,0,,17,Ok Headphones
ATXRV6Z3N08ZX,B00004T8R2,5.0,2012-10,0,0,,84,Excellent Sound and Comfort
A2S5XJK8PFYKH9,B00004T8R2,5.0,2010-11,0,0,,21,Phenomenal Deal
AZLAKWWT1RKGP,B00004T8R2,3.0,2013-11,0,0,,56,"Great for kids, not for audiophiles"
A1F4MJOW5947LT,B00004T8R2,5.0,2014-05,0,0,,92,Very comfortable for extended wear
AQDRATIHAKWSU,B00004T8R2,5.0,2012-07,2,2,1.0,124,"Love 'em, but sonically not great, except for the price."
A1IV22RC7DF26R,B00004T8R2,3.0,2014-02,0,0,,69,Not as good as Sony
A37VJLVXDOWABZ,B00004T8R2,4.0,2013-05,0,0,,40,Use it with my Roku 3
A2VRYMER23944K,B00004T8R2,4.0,2012-04,1,1,1.0,62,"Inexpensive, Comforatble, Good performance"
A2IDRAYYZ5GKBZ,B00004T8R2,2.0,2013-10,0,0,,249,They didn't work well for me...good thing they were cheap
AY4RKND47OQHJ,B00004T8R2,5.0,2012-09,0,0,,149,Very Impressed with this Inexpensive Headphone set.
A9MGHMVZMJL9Y,B00004T8R2,3.0,2013-07,0,0,,62,Panasonic RP-HT21 Lightweight Headphones
A2SZMPX5JFBFFF,B00004T8R2,4.0,2014-01,0,0,,105,If not for the obvious...
A2FB6W4914JSAN,B00004T8R2,4.0,2013-04,0,0,,63,"Good for kids, definitely not top quality"
A3DU46KRC2JFKH,B00004T8R2,5.0,2011-03,1,1,1.0,349,"Average sound, but phenomenal price"
A1LXOMK4K8CPPU,B00004T8R2,4.0,2011-07,0,0,,41,Good bass but tight grabbing
A2O9UK5B50KKYB,B00004T8R2,5.0,2012-12,0,1,0.0,135,Light and easy on your ears with dynamite sound
ATXSOMIK98ZMH,B00004T8R2,3.0,2012-09,0,0,,90,Not very loud
A1SGSX6LQ01ZPZ,B00004T8R2,5.0,2013-07,0,0,,28,Daughter loves it
A2DYPUU188F6BV,B00004T8R2,4.0,2013-11,0,0,,49,"Cheap Headphones, Good Price"
A1L5SWP3JCTO6E,B00004T8R2,5.0,2013-12,0,2,0.0,22,I had these for a week
A3JGPO77OQC2S6,B00004T8R2,5.0,2013-03,0,0,,50,Amazing sound
A1XNYVXCXL93RA,B00004T8R2,5.0,2013-10,0,0,,21,Great Value
A3W3B9CBCR4JTX,B00004T8R2,5.0,2012-01,1,1,1.0,36,excellent value
AOYKD7G6QJ52K,B00004T8R2,4.0,2013-08,0,0,,35,Economic headphones
A1ZLD397GS5ZCR,B00004T8R2,5.0,2013-02,0,0,,72,Great economy headphones
A2DTZUZK9YRJVK,B00004T8R2,5.0,2012-06,2,2,1.0,52,"For the money, hard to beat"
A2EC3UBQ9TB89F,B00004T8R2,5.0,2009-08,2,3,0.6667,142,A steal
A23LF95HUEIGUR,B00004T8R2,4.0,2013-04,0,0,,65,Panasonic RP-HT21 Lightweight Headphones with XBS Port
A2TVT03TGAMFL4,B00004T8R2,4.0,2012-09,0,0,,183,Good Bass Okay Sound
A13NWJUMVNS6YZ,B00004T8R2,5.0,2012-07,2,2,1.0,244,"Good, tight, intonated bass--not boomy mud."
A36X82VV95S49L,B00004T8R2,5.0,2013-06,1,1,1.0,40,fantastic for the price
A17S75Z5MR29B6,B00004T8R2,5.0,2014-04,0,0,,51,Best sub-ten dollar headphones.
A29IE483D5HY5R,B00004T8R2,3.0,2013-03,0,0,,28,there headphones
AIIGU7JSDMESE,B00004T8R2,3.0,2012-07,1,2,0.5,41,"Good product, but..."
A1V5QP5KNFAM6X,B00004T8R2,4.0,2013-01,0,0,,27,Does what it needs to
A1RM8B6R7JRPNI,B00004T8R2,3.0,2014-06,0,0,,79,Not bad for the price
A2ZL6GEH9ZW4ES,B00004T8R2,3.0,2009-11,0,0,,115,OK for the price
A3GFS9L5GENQC7,B00004T8R2,5.0,2013-10,0,0,,55,Work very well
A1RTXXRXQPWH9F,B00004T8R2,4.0,2013-10,1,1,1.0,21,These work OK at a reasonable cost.
A3C5WJ09BI3EBO,B00004T8R2,5.0,2011-05,0,0,,25,Terrific Sound; Tiny Price
A2SK02OCIRA12P,B00004T8R2,5.0,2014-06,0,0,,20,good sound quality for the price
A1L1N3J6XNABO2,B00004T8R2,4.0,2012-07,0,0,,52,Not bad for the price and for summer
A2GP3MF3JV9XSO,B00004T8R2,5.0,2014-06,0,0,,41,Panasonic RP-HT21 Lightweight Headphones with XBS Port
A30EBZKII2V5VX,B00004T8R2,5.0,2013-08,0,0,,26,product review
A2MII7AJ7ID0NR,B00004T8R2,5.0,2014-02,1,1,1.0,42,Now These I like
AHRXG1I39B1FR,B00004T8R2,1.0,2011-10,1,3,0.3333,63,Sound quality matches the price
A3BEYFBHNGZ9S6,B00004T8R2,3.0,2013-01,0,0,,35,Good inexpensive solution
A3WFXFCLASQMP,B00004T8R2,5.0,2014-03,0,0,,22,Godd product - Good price
A39ANGL5T77E0B,B00004T8R2,5.0,2008-03,1,1,1.0,63,Suprisingly very good quality
A3ENO7ZDMZ62TK,B00004T8R2,4.0,2012-12,0,0,,620,A general review for the common consumer.
AT9254GWBBOTC,B00004T8R2,4.0,2011-12,1,1,1.0,52,Not bad
A266AKA2T51O0C,B00004T8R2,5.0,2014-01,0,0,,32,Good product
A3B5ITYRN84C4H,B00004T8R2,5.0,2014-04,0,0,,46,They're even good with an MP3 Player!
A3FVSZUAV37MYM,B00004T8R2,1.0,2014-07,0,0,,64,... is just fair - Cheap Sony headphones sound much better. And despite purchasing these through Amazon Prime
A2E6HU14P1OY1L,B00004T8R2,5.0,2012-08,1,1,1.0,189,Great for back-to-school lists
A1VR9II0HC7ZQ6,B00004T8R2,2.0,2013-03,0,0,,50,Headphones
AVFDFNRFLXGKG,B00004T8R2,5.0,2012-02,1,2,0.5,20,Nice for the price
A2FKEI4ANHJD1Z,B00004T8R2,5.0,2011-07,0,0,,74,not bad at all
A3Q4M88EWD0S5Z,B00004T8R2,5.0,2010-04,1,1,1.0,51,Best ever!
A1Z5OW2BJI5LN2,B00004T8R2,5.0,2013-02,0,0,,172,Lowest Priced Decent Headphones
A3RS2VSXYYHUM0,B00004T8R2,5.0,2013-12,1,1,1.0,51,"Unexpected quality, buy them"
A23UFEVSV8IBPQ,B00004T8R2,3.0,2011-05,0,0,,83,Touchy!
A2AQK72ZFPKQJI,B00004T8R2,5.0,2012-12,0,0,,26,Nice Headphones
A1TQF28D7SVOMG,B00004T8R2,5.0,2013-04,0,0,,138,Fantastic Sound and Fantastic Price
AWVAHIB7Q3UD6,B00004T8R2,5.0,2012-12,0,0,,35,My favorite headphone!
ATI4GZAY97L2R,B00004T8R2,5.0,2013-02,1,1,1.0,42,Good headphones.
A2HOQ2FIB8ZK0P,B00004T8R2,5.0,2012-09,1,1,1.0,105,it's panasonic
AJ8AQG2X9JJ2Y,B00004T8R2,5.0,2010-04,2,3,0.6667,184,Beats anything else under $20.00
A1UVUDG4DQ66L,B00004T8R2,4.0,2013-03,0,0,,35,These were great
A2BX0EBZOTLDAA,B00004T8R2,5.0,2014-05,0,0,,169,"Not bad, not great....but...not bad sound, fit, but a bang-on price."
AQK01UMFP9MND,B00004T8R2,5.0,2013-07,2,2,1.0,64,Big bang for a minuscule buck!
A3BUDM5FYDLU71,B00004T8R2,4.0,2010-12,0,0,,114,very nice for cheap headphones
A3QFRGBN5P0R3S,B00004T8R2,5.0,2012-06,2,2,1.0,89,Stunning sound for this price!
ASFTFWEKF1KKR,B00004T8R2,5.0,2012-08,0,0,,78,Only better option would be to get them for free
AZ3KFS5LTFPTQ,B00004T8R2,4.0,2011-09,0,0,,66,Great little set of headphones
A342ZILZJ260ST,B00004T8R2,5.0,2013-06,0,0,,58,Best cheap headphones you can buy
A19CYR02E7UPBV,B00004T8R2,4.0,2006-03,221,231,0.9567,75,Best in class
ALVKOFR0B1MN2,B00004T8R2,5.0,2014-01,0,0,,48,Great headphones
A3TKSUEV4E9PV6,B00004T8R2,5.0,2012-02,0,0,,78,Sweet Set
A3KY5RJPX71812,B00004T8R2,5.0,2013-06,1,1,1.0,31,good buy.
A1SX9PHJWTDMF9,B00004T8R2,5.0,2010-03,0,0,,54,NICE AND CHEAP
A1302F5IP6W9Q1,B00004T8R2,3.0,2013-08,0,0,,35,Headphones.
A27PQJHUSWNZZ0,B00004T8R2,5.0,2009-02,0,0,,221,Excellent sound
A3SXP858XO6OCZ,B00004T8R2,3.0,2013-06,0,0,,46,It's Okay
A3IA8GX9LFUDHY,B00004T8R2,5.0,2012-01,1,1,1.0,60,Great for the money!!
A897O2C4YYKIA,B00004T8R2,5.0,2014-05,1,1,1.0,61,Great light headphone
A1UWIIW0NJEKFL,B00004T8R2,5.0,2012-01,1,1,1.0,22,VERY GOOD!!
A3LORCWJYRJRU5,B00004T8R2,5.0,2013-08,0,0,,29,Nice headphones
AA0YPCLUF78B4,B00004T8R2,4.0,2012-05,1,1,1.0,40,Just what I wanted...
A3JLBMXPEENJ9T,B00004T8R2,5.0,2011-05,0,0,,49,"nice sound, very nice price"
A2OAUV1E9YV1ID,B00004T8R2,5.0,2012-01,1,1,1.0,107,Great little budget headphones
A2EFLJ4R9F89L5,B00004T8R2,5.0,2013-04,0,0,,45,bought these for my kids
A1UD1HKRVHZAVC,B00004T8R2,5.0,2013-01,0,0,,67,Work perfectly and sound good
A2V6XBM524KND3,B00004T8R2,5.0,2013-09,0,0,,69,No Kidding!!
AZXIGU9MBPYW,B00004T8R2,4.0,2010-08,1,1,1.0,77,good price for replacable headphones
A1P5JY2RNICG8F,B00004T8R2,5.0,2013-02,0,0,,25,Works like it should.
A4RKE6DNDRTY2,B00004T8R2,5.0,2014-04,0,0,,21,A bargain at three times the price...
A14GSHEE7T0KCC,B00004T8R2,5.0,2014-03,0,0,,98,Great headphones for the price
A1AXJJTN6GPQ0I,B00004T8R2,3.0,2011-11,1,1,1.0,73,Get what you pay for
A2IR9680RV5O5J,B00004T8R2,3.0,2013-04,0,0,,27,what can you say.
A1GBT4UN2RW7XY,B00004T8R2,5.0,2012-08,2,2,1.0,119,"Good sound quality if a bit low in volume, perfect for kids!"
A3OD7IIQBNTB0D,B00004T8R2,5.0,2014-07,0,0,,11,Great bass.
A2Z80Q127S64HA,B00004T8R2,5.0,2012-12,0,0,,22,Great price good for kids
A1H0NIDFVV1FTU,B00004T8R2,5.0,2014-02,0,0,,24,good value
A3QFSS0ZBC8K13,B00004T8R2,5.0,2010-02,7,7,1.0,219,An amazing bargain with superb sound!
A1WORIFR4ZF3J,B00004T8R2,5.0,2013-06,0,0,,97,Pleasantly surprised
A11JCTWMX14IGZ,B00004T8R2,1.0,2013-12,0,0,,65,the cord is way to short  (4')
A3CO12S3VULW4G,B00004T8R2,5.0,2013-12,0,0,,50,Great sound from a lightweight headset
AELZG20XEZ427,B00004T8R2,5.0,2011-11,0,0,,63,Great but Coarse
A2MGJ33YCV2DJM,B00004T8R2,5.0,2013-10,0,0,,29,Good Product
A2MOM7UV3ZY4H1,B00004T8R2,4.0,2012-02,0,0,,43,"Clear sound, not much volume"
A2IJ8OWXSJQV27,B00004T8R2,4.0,2010-08,0,0,,65,"Great sound, very uncomfortable"
A2BBZGVLEGIAVN,B00004T8R2,4.0,2009-11,1,1,1.0,124,Good for the Price
A1U6XPYATU9OPG,B00004T8R2,5.0,2012-06,3,3,1.0,263,"Cheaper than a pint of beer at the pub (and they last longer, too!)"
A2QRX9OJKW9TM9,B00004T8R2,1.0,2012-01,0,5,0.0,61,"Two Big ""Ears"" Down"
A3HBASBZZVT2N7,B00004T8R2,4.0,2010-03,1,1,1.0,13,decen sound
A3RBGEV4IHL1XM,B00004T8R2,2.0,2012-12,0,0,,58,More like a toy
A37FBFYV7JGRVN,B00004T8R2,3.0,2014-04,0,0,,35,Just a regular pair of headphones
AT3P5M14UHVCX,B00004T8R2,5.0,2014-05,0,0,,29,big value for little bucks
A38LYMP23O1111,B00004T8R2,5.0,2010-05,2,3,0.6667,148,Poor man's Sennheisers
AB1ZVQRM965R1,B00004T8R2,5.0,2013-01,0,0,,27,Very Nice Headphones.
A33F0ISF1P9RCH,B00004T8R2,5.0,2013-12,0,0,,28,These are just what we needed
A1HH194Z0PL1E4,B00004T8R2,5.0,2012-04,1,1,1.0,28,Great product at a great price
A1Q4HTJCDAU1VI,B00004T8R2,4.0,2013-02,0,0,,89,Good for the price
A1ZWMRDI2N6EMS,B00004T8R2,5.0,2012-08,2,2,1.0,75,Great sound quality at a great price
A3AZED5QHTI9M7,B00004T8R2,5.0,2014-03,2,2,1.0,90,Very nice for the price!
A2RMLJU43O2OQI,B00004T8R2,5.0,2014-07,0,0,,29,Preferred over JVC Flats
A1V644P4UBN5WZ,B00004T8R2,5.0,2013-11,0,0,,22,Great lightweight headphones.
AQLL2R1PPR46X,B00004T8R2,5.0,2011-02,0,0,,58,"Great quality, no problems"
A3THSN6BVZKFQ4,B00004T8R2,5.0,2009-12,2,3,0.6667,83,Wow.  Really impressive.
A3NW4WGCI3LZM,B00004T8R2,4.0,2009-07,2,2,1.0,122,Value for money - but increased bass ?
A31ECARG9W729,B00004T8R2,5.0,2012-03,0,0,,40,Excellent headphones for the price.
AQ60TA0Z5FTGC,B00004T8R2,3.0,2013-09,0,0,,173,"cheap, excellent bass, but poor sound for music"
A3J9C4DT8XKMCP,B00004T8R2,4.0,2014-01,0,0,,22,nice
A15ILDWLB5EY55,B00004T8R2,5.0,2011-08,0,0,,21,GOOD HEADSETS
A3IMVS1U3KP024,B00004T8R2,5.0,2013-03,0,0,,30,No volume control
A1CWC70ZUIJNOU,B00004T8R2,5.0,2014-01,0,0,,51,I love these headphones - why pay more?
A3UI5ODGOLAXEI,B00004T8R2,5.0,2013-06,0,0,,131,19 months and still my favs.
A1KHHZYK9BF0B1,B00004T8R2,3.0,2014-06,0,0,,37,Solid ultracheap headphones
A1CFU5XJXN3PV4,B00004T8R2,1.0,2010-08,33,41,0.8049,122,Great For the One-Eared. Not So Much For Anyone Else.
A15N5RY4YGRQRQ,B00004T8R2,5.0,2014-03,1,1,1.0,38,Bang for the buck
A6Y2332S1BKOH,B00004T8R2,5.0,2013-06,0,0,,113,Bought for the kids but now I'm using them
A2LUJ7HIK09GEU,B00004T8R2,4.0,2003-09,49,54,0.9074,34,good bass
ADA48QJRB4NZ0,B00004T8R2,5.0,2010-07,1,2,0.5,24,Great
A2O6R7X7GS2IM7,B00004T8R2,5.0,2013-11,0,0,,54,"Good sounds, good deal."
A3VHI0VC0ZWEDX,B00004T8R2,5.0,2012-02,1,1,1.0,43,Simple durable headphones
A2BFYFA5C5JFWU,B00004T8R2,2.0,2013-01,3,4,0.75,21,They broke pretty fast
ARO8OA4O33PL3,B00004T8R2,5.0,2012-12,1,2,0.5,29,Good extra
A1TIAPDVMPJ0Z0,B00004T8R2,4.0,2014-02,0,0,,80,Good phones but low ooutput
ANEZ6Z9XPZSJH,B00004T8R2,3.0,2013-09,0,0,,35,Not as good as costlier models
A2SSVSLIHRX2CJ,B00004T8R2,5.0,2012-03,0,0,,24,Great sound
A2FRFWHCZ4AZWL,B00004T8R2,5.0,2012-09,1,1,1.0,78,Great product for the money
AOIT1BEY7BRC8,B00004T8R2,4.0,2013-02,0,0,,33,Good Headphone
A2XEU185B1GGUL,B00004T8R2,5.0,2013-01,0,0,,41,Great value
A1V68CETC0BXV7,B00004T8R2,5.0,2012-06,1,1,1.0,97,Can't Beat These For The Price
A29BDFO26ZEITL,B00004T8R2,3.0,2012-10,1,2,0.5,36,They work
A5RM7VF99O19G,B00004T8R2,5.0,2008-05,2,3,0.6667,17,Good Headphones for the Money
A35NPKN2RKX8LH,B00004T8R2,5.0,2009-03,1,1,1.0,38,Computer Headphones
AI0EZEXKPZWHF,B00004T8R2,5.0,2013-10,0,0,,27,great item
A20361V1Y2GZ5X,B00004T8R2,4.0,2013-11,1,1,1.0,94,Doesn't fit a child's head all that well.
A36YGJOFWHHRAC,B00004T8R2,4.0,2009-02,0,0,,30,These Work Fine
A3EFWIRQLWS0G,B00004T8R2,4.0,2008-10,0,0,,132,Nice Headphones for an MP3 player
A1B58TDQ0XQGU6,B00004T8R2,3.0,2013-02,0,1,0.0,770,Only Because Of The Price
A12TM9OYN1GR0E,B00004T8R2,5.0,2013-05,0,0,,31,Fourth pair in two years
A39G12JD41N65D,B00004T8R2,5.0,2011-12,2,2,1.0,65,Great Headphones for the Money!
A1DB2EVH0HGHBP,B00004T8R2,5.0,2014-02,1,1,1.0,79,Very comfortable and good sound quality
A1G1SBEB82NDRU,B00004T8R2,4.0,2008-11,0,0,,185,Great Headphones!
APFNDSGVBG7UG,B00004T8R2,5.0,2012-10,0,0,,43,Amazing value
AM2RKBZ539OVW,B00004T8R2,3.0,2013-02,0,0,,79,"Okay headphones: decent sound, okay durability, okay for the money"
A3DGJXTSR0R73C,B00004T8R2,4.0,2013-01,0,0,,88,Great Little Headphone for Light Use
A3HN1NFTA2Q7VV,B00004T8R2,3.0,2013-01,0,1,0.0,25,Meh
A1AJ1LFYJW80AT,B00004T8R2,4.0,2013-06,0,0,,52,These were a gift
AZJFWALLYUEUB,B00004T8R2,5.0,2011-03,2,2,1.0,319,A (really) poor man's PortaPro
A3C7PUJ7THYRNY,B00004T8R2,5.0,2012-12,0,0,,53,"Nice, light and self-adj to your ears"
A7ZADIMTO4XG8,B00004T8R2,5.0,2011-01,1,1,1.0,142,"Affordable, quality headphones"
A20DJOMXBJJAEJ,B00004T8R2,5.0,2014-05,0,0,,40,Exceeded expectations
A2WPNDAAIT2512,B00004T8R2,5.0,2013-10,0,0,,24,Good sound at a great price.
A1C3OZ383EUS8W,B00004T8R2,5.0,2012-03,0,0,,94,Best under $20
A1BBTNE0NGNTJW,B00004T8R2,2.0,2011-12,0,0,,155,"Great headphones for the price, while they last..."
A1ZKA59YVVN4PF,B00004T8R2,4.0,2013-01,0,0,,21,Headphones work well
AEU3JVTB1XJTN,B00004T8R2,3.0,2011-06,2,2,1.0,202,Panasonic RP-HT21 Headphones
A3E1R7VPFBXDHQ,B00004T8R2,5.0,2013-08,0,0,,59,Good solid (and cheap!) Headphones
A1F898XZRR8C28,B00004T8R2,5.0,2012-04,1,1,1.0,104,Five stars for value
A1K73H16UK8XU4,B00004T8R2,5.0,2014-01,0,0,,26,very good
A1X7X8KB9NXPAA,B00004T8R2,4.0,2014-03,0,0,,33,works well.
A2ASW6L6IEKU5L,B00004T8R2,5.0,2012-08,0,0,,49,Great headphones
A31COKWABW2WH2,B00004T8R2,3.0,2012-11,1,1,1.0,144,Not GREAT...But they will do in a pinch...
A3OTQX89VGYPUI,B00004T8R2,5.0,2013-02,0,0,,58,Great headphones for cheap
A35W3JQYP0M655,B00004T8R2,4.0,2009-03,2,3,0.6667,131,Good Headphones For The Price....One Complaint
A248LSBZT4P38V,B00004T8R2,5.0,2014-06,0,0,,196,and one of the first and best portable CD players
A242NHKVYIYHHP,B00004T8R2,4.0,2013-10,0,0,,35,I like these too
A4BPS6GEFHNAY,B00004T8R2,5.0,2014-04,0,0,,36,Does what it is supposed to do.
A2F30TRZIIDMXY,B00004T8R2,3.0,2014-04,0,0,,44,Works well; uncomfortable; easily broken
A9LRAZ5B8377G,B00004T8R2,5.0,2012-12,0,1,0.0,23,Great Headphones!
AOA98DNOIPBZG,B00004T8R2,2.0,2012-05,1,1,1.0,93,Poor hearing...
A2ICE47SJFD90U,B00004T8R2,4.0,2010-09,0,0,,26,Great budget headphones!
A3TA1UJWRJF9NC,B00004T8R2,5.0,2010-09,0,0,,152,Fantastic for the price
A1MIEAEK1K9ZJI,B00004T8R2,5.0,2012-12,0,0,,22,Great value
A2R0FHBR9OBFGM,B00004T8R2,5.0,2014-01,1,1,1.0,162,Very impressive for $5
AX329NHW6B7BA,B00004T8R2,4.0,2010-04,4,5,0.8,98,Just great!
A3K1AZRGMQ6IIU,B00004T8R2,5.0,2013-01,0,0,,57,Outstanding sound quality!
AJMJ0YX0WT0KP,B00004T8R2,5.0,2010-02,1,1,1.0,113,Received exactly what I wanted
A21J0FB66EIBM9,B00004T8R2,5.0,2011-06,1,1,1.0,304,Love These Earphones--But Wish They Survived ME Better!
AJ7ILS8P4WD2M,B00004T8R2,4.0,2014-04,0,0,,110,great for the price.
AYEQSGT02CAP3,B00004T8R2,5.0,2013-11,1,1,1.0,51,Good value
A2INGDHZFPDBFP,B00004T8R2,3.0,2011-08,1,2,0.5,158,"Adequate Headphones, Get What You Pay For"
A8ZDH1PO2NXBW,B00004T8R2,4.0,2013-10,0,0,,56,"Very nice, lightweight"
A2W5S26XTAFD97,B00004T8R2,5.0,2013-02,0,0,,22,Great Headphones
A2XKROL6XBFHT3,B00004T8R2,5.0,2013-09,0,0,,46,Great buy for the BUCKS!
A2YD3067K4RN5P,B00004T8R2,5.0,2010-06,0,0,,114,Very Good For The Money
AI82OB24HV0BO,B00004T8R2,5.0,2014-01,0,0,,72,Best Buy for the Money
A3TCKXJSSIHXEW,B00004T8R2,5.0,2011-08,2,2,1.0,54,Great Headphones at a good price
A3CYGJR5YNON0D,B00004T8R2,2.0,2011-06,0,1,0.0,30,Good for kids or people with small heads
A2W27OK4XZK1NZ,B00004T8R2,4.0,2014-05,0,0,,152,These phones are a good value
A3M7WD5FSOCITM,B00004T8R2,5.0,2014-05,0,0,,22,Compact headphones
A2DQ2G3504O8W2,B00004T8R2,5.0,2013-04,0,0,,98,"Excellent sound, comfort and value"
A29GDAD8IAEOKT,B00004T8R2,5.0,2012-10,0,0,,37,Headphones
A1R5GNP5CWJG44,B00004T8R2,4.0,2013-01,0,0,,28,You cannot do better for the price
A2ENU7RB48VUF5,B00004T8R2,4.0,2012-11,0,0,,132,Perfect for Audiobooks
A175V5Z3EFCZG,B00004T8R2,2.0,2013-12,0,2,0.0,35,Not Really Worth It
A1RLP0R1N8H8C4,B00004T8R2,5.0,2011-01,1,1,1.0,191,My Husband Loves These!!!!
AFADNTL25LLL8,B00004T8R2,5.0,2013-06,1,1,1.0,28,great price for comfort and sound
AQQTTYTRXWSV,B00004T8R2,5.0,2013-06,0,0,,24,worked fine
A3JRRJ9W47KFJ7,B00004T8R2,5.0,2014-01,0,0,,142,Simply amazing sound and value
A152ZZZPA3BAGU,B00004T8R2,3.0,2012-02,0,1,0.0,80,Jack doesn't fit with certain iPhone cases.
A290RDSYTFRU7J,B00004T8R2,5.0,2012-12,1,1,1.0,337,The price is almost free...!
A3U5UT3EH2REVK,B00004T8R2,5.0,2014-05,0,0,,20,Surprised
A6UONSUT6D70X,B00004T8R2,1.0,2013-12,1,1,1.0,70,Maybe I got a bad pair?  Extremely uncomfortable!
A3HUJBSBIG4HPG,B00004T8R2,5.0,2014-07,0,0,,21,For the price it is a great set of headphones
A1NKFLGVEZP8SE,B00004T8R2,5.0,2014-02,0,0,,23,Headphones
A1BUH3JUQ1MLOO,B00004T8R2,2.0,2013-09,0,0,,60,Terrible sound
A2WSDJTS2R1R8J,B00004T8R2,5.0,2013-05,0,0,,61,Decent for the price.
A2JQ3SEXKF86TF,B00004T8R2,5.0,2014-04,0,0,,20,Excellent.
A36ARO7W03JMXV,B00004T8R2,5.0,2010-02,0,0,,55,Great sound
ANS906E4EOXB3,B00004T8R2,5.0,2011-06,0,0,,81,Basic headphones
A3RBUDUMPG6X6E,B00004T8R2,5.0,2012-03,1,1,1.0,285,The best light headphone EVER!
A2EM4AZL4SQU4R,B00004T8R2,5.0,2011-05,0,0,,52,hey...the chipettes 'every rose has its thorn' has never sounded better!!!
A154N4DL6101SC,B00004T8R2,4.0,2013-01,0,0,,178,"Comfortable Headphones, Fantastic Price"
ATR5E4GBL8V1J,B00004T8R2,5.0,2013-12,0,0,,21,good one.
A2FQTFYS3E1VFE,B00004T8R2,5.0,2012-07,0,0,,24,A big bargain with this earphone!
A320HZ92MYZ2FC,B00004T8R2,5.0,2012-02,0,0,,22,great headphones for 5 dollars.
A3L9UYRI7SE826,B00004T8R2,4.0,2014-04,0,0,,23,Good set of headphones
A14VEJF020O9D2,B00004T8R2,5.0,2012-08,0,0,,57,For the Money It Can't be Beat
AID2DBGZBVOJY,B00004T8R2,3.0,2009-11,10,12,0.8333,27,Uncomfortable
A27L67S8O0TU0A,B00004T8R2,5.0,2012-03,0,0,,35,Cheap and sounds good for the price
AD5E41KLIJGG2,B00004T8R2,5.0,2014-03,0,0,,20,Great headphones for the price
AMGUWDM3XPEEB,B00004T8R2,4.0,2012-05,0,0,,176,Excellent Price.....Above Average Sound
AKKD4NIONN7DJ,B00004T8R2,4.0,2013-07,0,0,,38,Works for him
A35HUT8MQMT21L,B00004T8R2,4.0,2012-10,0,1,0.0,35,good price for this lightweight headphone
A1DIFL0333QPEB,B00004T8R2,1.0,2010-07,39,51,0.7647,232,"Best Bass You'll find in a $5 headphone, guaranteed."
A1FSFYP29DRI4L,B00004T8R2,4.0,2014-03,0,0,,83,Really good headphones
ATOYJCSSSOSWQ,B00004T8R2,5.0,2010-05,0,0,,73,can't believe they're so cheap
A1ED8VDWRL12Q5,B00004T8R2,5.0,2014-01,0,0,,30,Great sound!
A27TQB8CIV25OX,B00004T8R2,4.0,2011-04,0,0,,103,Not Perfect for MP3 Players
A1C60KQ8VJZBS5,B00004T8R2,5.0,2010-02,0,0,,101,Only ok
ANQJFHEQLUTW5,B00004T8R2,5.0,2009-01,0,0,,69,Solid product for its price.
A2JHHYYOOO4DS6,B00004T8R2,5.0,2008-02,0,0,,19,Simply Great
A3OU81LAFVJOIN,B00004T8R2,5.0,2014-06,0,0,,36,Best For the money
A1Q4XF1ZK42BVV,B00004T8R2,5.0,2013-01,0,0,,22,Husband's only running headphones
A3HOOMIX87687Y,B00004T8R2,5.0,2012-12,1,1,1.0,262,Simple Headphones With Great Sound and Price
A2R6RA8FRBS608,B00004T8R2,4.0,2009-10,2,3,0.6667,203,they do a good job for a rock bottom price
A3E3P8LUD48X6C,B00004T8R2,5.0,2014-02,1,1,1.0,24,Excellent sound quality for the price
A3MAMHEH3YFW30,B00004T8R2,5.0,2011-07,0,0,,59,Great economical headphones
A1CL2397W0CAC3,B00004T8R2,5.0,2011-05,1,1,1.0,236,"Great value, great for daily use for kids"
A2KH10RLFZLN47,B00004T8R2,5.0,2011-06,0,0,,59,unreal for $5
A2HDTOF8222KN3,B00004T8R2,5.0,2014-03,0,0,,166,Great headphones for the price.
A21SDYUVDLYATM,B00004T8R2,4.0,2014-06,0,0,,56,"A decent low cost headphones, but do not expect it to stand up to rugged use."
A1V5H6GOJ8T2UK,B00004T8R2,5.0,2013-08,0,0,,64,these are great
AHRNDSKWH1YBT,B00004T8R2,5.0,2013-11,0,0,,26,Inexpensive and Perfect for School!
A3MVMPFBN1RFFV,B00004T8R2,5.0,2013-01,0,0,,136,all around great
AKWNK5NF7BYFA,B00004T8R2,5.0,2012-12,0,0,,42,Headphone for MP3 Player
A3SC91NJUK624,B00004T8R2,4.0,2010-05,1,1,1.0,154,nice 4 the price
A26UZ7UQWAHAVJ,B00004T8R2,5.0,2012-08,1,1,1.0,78,Excellent for the price
A1KLKPXJK0BRY3,B00004T8R2,5.0,2014-07,0,0,,30,You can get better. However
A214DG8Y09M3W9,B00004T8R2,4.0,2010-02,1,1,1.0,123,"For the price, great bet!"
A2XMUCJWMWFTDH,B00004T8R2,4.0,2013-12,0,0,,173,Purchased several of these over the years...
A2BJUIIQNFRLF9,B00004T8R2,5.0,2013-04,0,0,,21,Panasonic Headphones
AN9WEMSAAQ6GM,B00004T8R2,4.0,2011-09,1,1,1.0,187,"Great buy for the price, don't expect anything amazing."
A232X0D2CYSOG3,B00004T8R2,1.0,2014-06,0,0,,62,headphone jack too small
A2QA43U4AHHCC,B00004T8R2,3.0,2011-12,0,0,,21,Rather tight
AC972NOCNEICM,B00004T8R2,5.0,2012-04,0,0,,156,...Just Love My Headphones
A1BT9SD02Q6DO7,B00004T8R2,5.0,2012-12,0,0,,75,Work Great for teenager on computer
A2CJ4DLE8TWAGL,B00004T8R2,5.0,2013-11,0,0,,30,Decent Headset
A38YWVKHDGWXFF,B00004T8R2,5.0,2012-08,3,3,1.0,132,Great headphones!
A2CY10DLP6U5MH,B00004T8R2,4.0,2011-12,1,1,1.0,235,Wonderful surprise
A2G25VSOQ8CCGS,B00004T8R2,5.0,2011-07,0,0,,29,Excellent Value
A2F1V6JKYFP67M,B00004T8R2,2.0,2013-08,1,1,1.0,123,"Okay for the money, but spend a little more and get Koss KTXPRO1"
A3T6Z4XWXWGEEN,B00004T8R2,5.0,2014-02,1,1,1.0,73,"Excellent! Good lows, mids and bass"
A3TD773DK6D77R,B00004T8R2,5.0,2013-01,0,0,,31,great gift
A91BVZEDZYEWW,B00004T8R2,4.0,2013-10,0,0,,40,"Sound's fine, price is right."
A1TZ0VDFSS1Z4C,B00004T8R2,4.0,2013-02,0,0,,186,Pretty good sound - Great price!
A21YJPHV31QQ92,B00004T8R2,4.0,2012-05,0,0,,51,Headphones are a good value for the Money
A2OMG3GYEFXOC9,B00004T8R2,5.0,2012-01,0,0,,205,Panasonic RP-HT21 great VALUE !!!!!!
A1K3O5HTQ3CY0C,B00004T8R2,4.0,2011-01,1,1,1.0,137,"Works OK, good sound"
A1F7XETXDDGRBE,B00004T8R2,5.0,2014-03,0,0,,251,Wow.... better sound quality than my $100 headset!
A77R969THZFH7,B00004T8R2,2.0,2011-10,1,1,1.0,92,Good if ALL you want to hear is bass
A265AV8CSQZRRW,B00004T8R2,5.0,2012-08,0,0,,128,What A Pleasant Surprise!
A1XNZ5YOKS51G7,B00004T8R2,5.0,2010-08,3,4,0.75,169,Best $5 headphones I've ever owned
AFROGMQUUAQK2,B00004T8R2,5.0,2014-02,0,0,,21,"Light, inexpensive and sound great"
A3GTTII3IQTANG,B00004T8R2,5.0,2014-01,1,1,1.0,77,Excellent!
AWGXF4XREHKBR,B00004T8R2,5.0,2012-02,1,1,1.0,221,perfect for me
A1QIT9HX39HLI0,B00004T8R2,5.0,2014-05,0,0,,94,"For the money, these are the best headphones you're going to find."
A10JU0DFXS3WR8,B00004T8R2,5.0,2011-10,1,1,1.0,63,Great buy
A2VD05UT6B7RE6,B00004T8R2,5.0,2010-12,1,1,1.0,97,For the price they can't be beat.
A9JA9GJKHLHJ9,B00004T8R2,5.0,2012-05,0,0,,205,Great budget replacements for stock headphones.
A2ANKYHOZSYZ4Q,B00004T8R2,5.0,2010-10,0,0,,17,Awesome!!
A3EZVW0KD3EUA8,B00004T8R2,5.0,2010-10,0,0,,28,How can you beat it?
A19JO0D9LYFJZF,B00004T8R2,4.0,2008-02,1,2,0.5,138,Nice Surprise
A1JNMBNRE7AKR6,B00004T8R2,5.0,2011-09,0,0,,56,Great Value - Excellent Sound
AVL70UM8UXA3L,B00004T8R2,5.0,2013-12,1,1,1.0,21,Incredible value and sound reproduction
A344ITZYE55Q68,B00004T8R2,5.0,2011-11,1,1,1.0,90,Good Cheap Headphone
A2YHVZ52FRPAOR,B00004T8R2,3.0,2014-05,0,0,,29,"Low Priced, did the job and didn't last long"
AC1GUNT7IBLDH,B00004T8R2,5.0,2013-08,0,0,,53,Great sound for the price.
A30TX7RLZY0M0G,B00004T8R2,5.0,2012-12,1,1,1.0,51,Good Headphones!
A3GB11PXY2DW5R,B00004T8R2,5.0,2012-12,0,0,,283,Pleasantly suprised!!
AT28RL25Q2OLK,B00004T8R2,4.0,2013-11,1,1,1.0,314,Decent for Low Cost Alternative
AQLUYZ2DWKCDQ,B00004T8R2,5.0,2010-04,1,1,1.0,114,Been using them for about a week
A2JO8NBR9VJG6E,B00004T8R2,5.0,2013-03,0,0,,73,Quite decent headphones
ACRWKOL0WAT8M,B00004T8R2,4.0,2010-06,0,0,,42,Bargain!
AL47H8L17R0GG,B00004T8R2,5.0,2013-07,0,0,,46,Can't beat it for the price!!
AVW90M65ADTDM,B00004T8R2,4.0,2011-12,2,2,1.0,59,good for price
AOGUZNI7YCP4V,B00004T8R2,5.0,2012-12,0,0,,43,Lightweight Headphones Panasonic
A18H6KCOM1IPDZ,B00004T8R2,5.0,2011-09,1,1,1.0,296,Great Headphones!!!!!
A3OY03STLZCY1,B00004T8R2,3.0,2013-08,0,0,,43,They're $4
A2RMTTDT5Z6G86,B00004T8R2,5.0,2009-11,2,3,0.6667,92,Amazing Sound for the Price
A13H8Z0F3FJ5AO,B00004T8R2,3.0,2013-10,0,0,,33,Too basic
A1W18337L4X2LD,B00004T8R2,3.0,2014-01,0,0,,69,Panasonic headphones
A11D1KHM7DVOQK,B00004T8R2,2.0,2007-10,16,20,0.8,164,You Must Be Kidding Me...
A1J2ULAFZ7G74Z,B00004T8R2,5.0,2011-11,0,0,,34,Excellent value.
A2B5F8N1BO2CQA,B00004T8R2,5.0,2012-05,3,3,1.0,144,Ridiculously Low Price!
AW9QRZNFIT95F,B00004T8R2,4.0,2013-10,0,0,,28,No Volume control
A3HT7V9SDMR6U7,B00004T8R2,5.0,2012-08,1,1,1.0,118,Great Budget Headphones
A1X00K34LV0PBB,B00004T8R2,5.0,2013-03,0,0,,203,Great Basic Headphones
A1FVN80HHHR3RA,B00004T8R2,5.0,2011-01,10,11,0.9091,501,These things ROCK!!!
A3F85J4C6F7A7Z,B00004T8R2,4.0,2012-12,0,0,,128,Pretty good
A10DKG2D2J845R,B00004T8R2,5.0,2010-03,1,1,1.0,44,Can't Beat Em!
A3H0KNC7PKLXU7,B00004T8R2,1.0,2012-08,0,2,0.0,74,A Waste of Money
A17SJC2BPIF6RA,B00004T8R2,5.0,2011-11,0,0,,32,Excellent Products
A1IZIT95268N0V,B00004T8R2,5.0,2011-07,1,1,1.0,126,Love and lose 'em - buy 'em in bulk!
A3HFCOYO3TOZ24,B00004T8R2,5.0,2014-05,0,0,,34,Excellent quality
A3RC6GTUFKEY7Y,B00004T8R2,5.0,2010-12,1,1,1.0,37,Great Product !
ANL4KC4GZU82E,B00004T8R2,5.0,2014-01,0,0,,49,Really good sound good bargain price.
AM4M872Y7AEZL,B00004T8R2,4.0,2013-11,0,0,,41,Low-fi gem!
AQ2HWACJ2H08G,B00004T8R2,5.0,2013-01,0,0,,24,They work great - and cost little
APYJH0HLLK09U,B00004T8R2,5.0,2014-07,0,0,,66,Great headset for the price
A3MWMO2IOQDWBJ,B00004T8R2,4.0,2010-10,0,0,,47,Not bad at all for the price
A1CN7L05XSZMRX,B00004T8R2,5.0,2012-10,2,3,0.6667,135,Well worth buying a few at this price.
A1UOBB4DO4WB4S,B00004T8R2,5.0,2010-06,0,0,,70,Very Impressed.
A2LKNC4N87YVN0,B00004T8R2,5.0,2012-11,0,0,,42,wonderful value
A2BMRAASBON4Q8,B00004T8R2,5.0,2012-08,5,5,1.0,41,Excellent quality
A1XXFXNL0TDS5X,B00004T8R2,5.0,2012-07,0,0,,44,headphones for $4.47 that sound very good - great product
A1XZ16AFVCACUN,B00004T8R2,3.0,2011-01,1,2,0.5,30,Worth the low price but not a dime more.
ALA9EIJ7G1SCF,B00004T8R2,5.0,2013-07,0,0,,73,Astonishing sound quality for the price. Good old Panasonic.
AR07GW8Y7H1ZB,B00004T8R2,5.0,2012-07,0,0,,74,Surprisingly good headphones
A3J8A5L5AF5TX9,B00004T8R2,4.0,2010-11,0,0,,62,Good deal for decent headphones
A2N7PWCMIZHH9S,B00004T8R2,5.0,2013-10,0,0,,42,Great sound!
A29N6KX6PCN26H,B00004T8R2,5.0,2013-06,0,0,,41,very nice
A2YFS3AYX720ZX,B00004T8R2,5.0,2010-11,0,0,,163,Great for the Computer
A34P5X5GO870GJ,B00004T8R2,5.0,2011-09,0,0,,35,Everything you could expect from this budget and more
A2T1DD07FMCAKQ,B00004T8R2,4.0,2013-02,0,0,,63,Looking for low cost head sets this is a good deal.
A2PT4GUA0M95QE,B00004T8R2,5.0,2013-08,0,0,,67,Sleep on em
ARTOW7IV000K8,B00004T8R2,2.0,2013-11,0,2,0.0,29,Not good
A1E5M5Q3L9PCVV,B00004T8R2,5.0,2012-03,0,0,,44,good for kids too
A3RRQS6NNHDBDU,B00004T8R2,5.0,2013-02,1,1,1.0,171,Best headphones - exceeds cost - quality comparison
A2SJ3UV3NVZKG5,B00004T8R2,5.0,2011-10,0,0,,133,Great  Headphones!
A1Z2HOY56LNIQA,B00004T8R2,5.0,2011-03,0,0,,29,So Good To Hear IT All
A3UNURO1UUPCFA,B00004T8R2,5.0,2013-01,0,0,,29,Basic headphone but works fine
A2Y4N0IFVNNP46,B00004T8R2,5.0,2010-11,3,4,0.75,243,Outstanding VALUE and they get the job done
A2MQYBL04OEG6B,B00004T8R2,5.0,2012-04,0,0,,70,Awesome!
A3O10ZTQSU6RKX,B00004T8R2,3.0,2013-05,0,0,,63,earphones
A1E6YJH0YZYFU5,B00004T8R2,5.0,2012-05,3,3,1.0,70,"sound great, comfortable & durable"
A3DOG3PQ6UT7XT,B00004T8R2,5.0,2012-08,0,0,,120,It's what you're looking for
A22G1YTUVN14MN,B00004T8R2,5.0,2012-07,3,3,1.0,119,"Great value, good quality product"
A37WZJIGAQRPSL,B00004T8R2,5.0,2013-02,0,0,,28,Great
A26AY1BPGZ50AG,B00004T8R2,4.0,2014-04,0,0,,71,Good quality
A10RHYA8B2K9QT,B00004T8R2,5.0,2013-04,0,0,,22,Great price
A2VWHEZTQQU1U9,B00004T8R2,5.0,2013-02,0,0,,32,Talk about bang for the buck
A23UX0TM93QIQZ,B00004T8R2,1.0,2011-12,1,4,0.25,122,Great for the 8 months that they were alive
A2XR40GPJM6I6L,B00004T8R2,4.0,2014-06,0,0,,29,Panasonic Lightweight Headphones with XBS Port
A1H60O5I18S403,B00004T8R2,5.0,2013-05,0,0,,29,Panasonic RP-HT21 Lightweight Headphones with XBS Port
A32V4TT1ZJVY2G,B00004T8R2,5.0,2013-12,0,0,,158,"Good Quality, Lightweight, Low Price - Great Choice For Kids"
A37UU7LD4MWAJQ,B00004T8R2,5.0,2014-03,1,1,1.0,20,astounding bass
A153OJR22XJQF1,B00004T8R2,1.0,2014-05,0,0,,71,Junk
A3T6W3UKZBIUTB,B00004T8R2,4.0,2013-01,0,0,,39,Good but not great
ATFXPMUBXBQ99,B00004T8R2,5.0,2008-03,220,235,0.9362,315,Best headphones I have ever owned
A2UZAE40KB0DA9,B00004T8R2,5.0,2011-02,0,0,,58,What a deal!
ALHWZSTAELK9I,B00004T8R2,5.0,2013-04,0,0,,29,Great for first graders
A3IONEIQB9028N,B00004T8R2,5.0,2014-01,0,0,,69,"Great quality, comfort and price"
A3BJDNLXO9V10F,B00004T8R2,5.0,2010-02,1,1,1.0,19,High Quality Cheap headphones
ATCBM6W5YELBY,B00004T8R2,5.0,2014-02,1,1,1.0,22,Super
A2P6FU1HQ1OFAP,B00004T8R2,5.0,2013-10,0,0,,38,Lightweight Headphones but a heavyweight when it comes to performance
A5RX8JTDW08PT,B00004T8R2,5.0,2012-12,1,1,1.0,32,the sound is perfect
A3G8PHTYONNTQM,B00004T8R2,5.0,2013-02,0,0,,72,Cheap and Effective!
ATACHC51UNRMG,B00004T8R2,5.0,2012-08,0,0,,45,Great headphones for the price
A3J2N3MC99CLB3,B00004T8R2,4.0,2009-06,7,8,0.875,150,"Good for the price, but..."
A3HUK2D3SNXHMR,B00004T8R2,3.0,2011-10,0,0,,151,Lightweight Panasonic headphones
A1FNVTIU6Q062Z,B00004T8R2,4.0,2014-06,0,0,,93,Works for me
A3FL5F9G2X4M4U,B00004T8R2,5.0,2014-03,0,0,,31,Love it
A3AK2R0N3CKTUP,B00004T8R2,2.0,2014-03,0,1,0.0,86,was good now fragile
A2J4GBHSDLP4DF,B00004T8R2,5.0,2013-01,0,0,,35,Works great
A2EAW9C31JE4L6,B00004T8R2,5.0,2014-06,0,0,,22,I have them on now!
A1UJHREZ7T91J5,B00004T8R2,5.0,2013-04,0,0,,73,"Great, inexpensive set of headphones"
A3T7V207KRDE2O,B00004T8R2,5.0,2012-04,0,0,,41,Best headphones I've ever had
A2EPL9FTJEUSZV,B00004T8R2,4.0,2013-04,0,0,,43,Good Product
A3I4LKBE81T7QC,B00004T8R2,5.0,2013-07,0,0,,40,Nice!
A5MHDBJKXP2ZJ,B00004T8R2,5.0,2012-10,0,0,,94,If I could give them 10 stars I would
A1Q9KLJSSM8RS6,B00004T8R2,5.0,2013-04,0,0,,34,Great for the price
A39KES33IH1GXR,B00004T8R2,3.0,2013-05,0,0,,91,"for $4.50, you can't get a better headphone than this but uncomfortable to wear."
AW7KZSHZBK75S,B00004T8R2,5.0,2013-12,0,0,,65,Just what the doctor ordered :)
A31L967UMFOLPT,B00004T8R2,3.0,2014-03,0,0,,22,The price is good
A2UH53Z5LKV0BI,B00004T8R2,5.0,2009-03,1,1,1.0,22,As Advetised
A1JEXR3E3E8T2G,B00004T8R2,5.0,2006-03,558,574,0.9721,136,Best Bang For Your Buck
AT961EZ6E5L0A,B00004T8R2,5.0,2014-06,0,0,,36,My favorite
A2XHRN1WV0B6MV,B00004T8R2,4.0,2010-04,1,1,1.0,95,"Impressive for Price, Better than Stock Earbuds"
A2SONKFWNN2R2R,B00004T8R2,5.0,2012-08,0,0,,20,Best Bargain in Town
A3FHMNZ3V6LJU7,B00004T8R2,5.0,2014-05,0,0,,58,Greatest value for the price I can find
A3PNHNCDRNJYUX,B00004T8R2,5.0,2014-01,0,0,,21,Price!
A1Y0OMDO1NIKOT,B00004T8R2,4.0,2011-05,0,0,,215,VERY GOOD SOUND QUALITY BUT THEY SLIP OFF OF HEAD
A3A59WOOIH35HF,B00004T8R2,5.0,2012-11,0,1,0.0,29,perfect for the price
A3K6NC9PYFGJ2H,B00004T8R2,5.0,2013-09,0,0,,21,Nice product
A3FS3FJPD3RJTD,B00004T8R2,2.0,2014-06,0,0,,91,Poor Panasonics . . . .
A38DL9ER9ZHC9P,B00004T8R2,5.0,2014-04,0,0,,208,"Inexpensive, decent sounding headphones"
A22QIJY2CB21MV,B00004T8R2,2.0,2011-12,2,2,1.0,57,too big for my head
ANI33HTQH0SG2,B00004T8R2,5.0,2011-11,0,0,,51,They FIT!
A2LYK1AGZ4U9L8,B00004T8R2,4.0,2010-11,0,0,,212,"Very nice for the price, but not ideal for gym"
A3EQRG0AYCU91N,B00004T8R2,5.0,2013-10,0,0,,24,Nice Sound
ARBA3PVDL118W,B00004T8R2,3.0,2012-04,1,1,1.0,93,"You get what you pay for - a good thing, for the right price."
A2E81T06VRM5LY,B00004T8R2,1.0,2014-07,0,0,,72,fold it up and tape it in position to work for her but after a couple fixes I just bought her some better ones. She likes the ne
AJL9UH9G5AC9P,B00004T8R2,4.0,2014-06,0,0,,31,Lightweight with excellent sound
AN4IXSXAL4L5Z,B00004T8R2,4.0,2012-09,0,0,,21,Sound quality is good for the price.
A2SNID1IYR1TBU,B00004T8R2,5.0,2014-01,0,0,,30,Great set.
A21ZZUXAM2PUCA,B00004T8R2,3.0,2012-12,0,0,,37,Good cheapys.
AN9CP6J4JF91X,B00004T8R2,4.0,2014-06,1,1,1.0,172,"Good, but could be improved"
AFWU5UXKHJI29,B00004T8R2,5.0,2014-03,0,0,,20,earphones
A3CELQN8FLDW0Y,B00004T8R2,3.0,2014-03,0,1,0.0,28,fine
A16KIQ83QUDL68,B00004T8R2,4.0,2008-07,9,10,0.9,133,Smoothest Bass I've EVER heard from a lightweight headphone!
A19RRN85DY4SB2,B00004T8R2,5.0,2012-10,0,0,,36,Great headphone
A21O3NIG8WX0X4,B00004T8R2,5.0,2014-06,0,0,,32,Nice
A35PIXLJIUTKZN,B00004T8R2,5.0,2010-08,1,1,1.0,159,Sound as good as Sennheisers with 100x more comfort
A36FLCHRBNUUCV,B00004T8R2,5.0,2011-01,0,0,,120,GREAT  ...(so I've heard!) ... as best I can remember
A24HQQ50SO3A0O,B00004T8R2,5.0,2013-05,0,0,,69,Best Bang For Your Buck!
A3I1E3B371G9AD,B00004T8R2,5.0,2014-04,0,0,,27,nice headset
A391RJ8646SYY1,B00004T8R2,3.0,2014-03,1,2,0.5,30,You get what you pay for
A3EPCX4M6IKD85,B00004T8R2,3.0,2014-06,0,0,,73,"Sound is nice, but design is poor"
A20NUW4T1DB7UQ,B00004T8R2,4.0,2010-07,0,0,,25,"An excellent value, but..."
A145LBW8ZHF0TW,B00004T8R2,5.0,2008-12,0,0,,15,"GREAT SOUND, GREAT FIT, GREAT PRICE"
A1GE51A2O3NM3W,B00004T8R2,5.0,2014-06,0,0,,86,A suberb pair of headphones considering the price
AHXWPY977L7VF,B00004T8R2,3.0,2014-05,0,0,,26,Super cheap and lightweight
A29CT3MXKBWVQ6,B00004T8R2,4.0,2013-09,1,1,1.0,31,Nice!
AXKVDODFCKHYJ,B00004T8R2,3.0,2013-04,0,0,,28,worth the low price; sound fine; not very comfortable
A6T02WJLLG3X6,B00004T8R2,5.0,2013-05,0,0,,20,Third time buying this headphone.
A17IVNVGY54H15,B00004T8R2,5.0,2014-03,0,0,,78,wonderful! wonderful!
A365PBEOWM7EI7,B00004T8R2,4.0,2014-04,0,0,,59,good value product
A23W4SGMFMSE5N,B00004T8R2,3.0,2012-03,0,2,0.0,384,"If your search was ""folding headphones"" in electronics, relevance, keep looking!  These DO NOT FOLD!"
A25SJLO22V5GXO,B00004T8R2,5.0,2013-07,0,0,,34,Surprisingly good.
A2RTUZEUT87V92,B00004T8R2,1.0,2013-04,1,7,0.1429,54,light headphone
A2L6U1XA9WQR2M,B00004T8R2,5.0,2014-02,0,0,,27,Nice headphones
A2O6AAW9WZ1XJB,B00004T8R2,5.0,2012-01,2,2,1.0,131,A good budget headphone with specific uses
A13VCBOZ3ZG2UV,B00004T8R2,5.0,2012-09,1,1,1.0,76,Cheap and very good quality
AF877B2COG8Y7,B00004T8R2,5.0,2010-08,0,0,,33,Good headphone for price
A1C47EO3P9UKXJ,B00004T8R2,5.0,2013-07,0,0,,41,Great headphones
A3S5USAAZE6029,B00004T8R2,5.0,2011-10,0,0,,57,An Unbelievable Bargain
A3MH75XEELHGY0,B00004T8R2,4.0,2013-01,0,0,,40,Good for the price
ABQ5R03J5G6RB,B00004T8R2,5.0,2012-02,0,0,,43,Great Product...
A3CPX9XWN4ZAFK,B00004T8R2,5.0,2012-01,1,1,1.0,42,GREAT for the price
ALXIRSNGIYHRY,B00004T8R2,3.0,2013-10,0,0,,35,Fits nice on the head
A29YS5OVDXOJVL,B00004T8R2,5.0,2014-03,3,3,1.0,21,Great sound for price
A2MYX5ZQDAZH2Z,B00004T8R2,5.0,2013-02,0,0,,90,Surprisingly good for the money
A1KY771GFD2Z63,B00004T8R2,4.0,2013-06,0,0,,31,Good for portable DVD Player
AYMDZIOGLRS4Y,B00004T8R2,5.0,2013-03,0,0,,21,PANASONIC RP-HT21 LIGHT WEIGHT HEADPHONES
A3A4PWZFZU29MW,B00004T8R2,3.0,2011-08,0,0,,24,ok
A2P9W6KDKYFSXO,B00004T8R2,4.0,2014-04,0,0,,81,great value!
A15ESHE412BUGE,B00004T8R2,5.0,2012-03,0,0,,142,Good Sound for Price
AOW5OPZTW1C28,B00004T8R2,4.0,2014-05,0,0,,26,"Nice sound, a tad big for a woman's head"
A2YA8HT95FIXB8,B00004T8R2,4.0,2011-09,1,1,1.0,100,Decent for the price
ACLU576JJXM93,B00004T8R2,4.0,2013-04,0,0,,39,"Great sound, a little uncomfortable."
A2K3H7TWURVJSX,B00004T8R2,5.0,2014-06,0,0,,28,great bass
A18X6ZT4AEYVKB,B00004T8R2,2.0,2013-01,0,0,,24,meh
A347LTN4RU2FL1,B00004T8R2,5.0,2013-01,0,0,,25,"Good sound, great price."
A1CN4JZZTW31JK,B00004T8R2,5.0,2012-01,2,2,1.0,86,Best budget headphone ever
A3O8QKI08JRNL,B00004T8R2,5.0,2012-03,0,0,,26,Good sound.
A3JRAKUG0TB81C,B00004TBBA,5.0,2000-12,6,6,1.0,172,Clearly the best video card till now
A1N2D7LLBAY25B,B00004TBBA,3.0,2001-01,0,0,,486,A fair card
AX8SWWB9837TA,B00004TBBA,5.0,2000-10,12,12,1.0,316,I am Very Happy I Bought This Card and Not a GeForce2
A1435P5AMCPB3X,B00004TBBA,5.0,2006-12,0,0,,105,the last in a line of legends
A2JAB206O2PG9J,B00004TBBA,5.0,2000-05,93,106,0.8774,219,Damn fine piece of hardware.
A2M7NKO97UIVAH,B00004TBBA,5.0,2000-09,8,8,1.0,383,Believe the hype.
A2U889P9EBQD3,B00004TBBA,5.0,2012-05,0,0,,122,Epic for its time!
A33BVOFXW2WA8M,B00004TBBA,5.0,2001-01,0,0,,175,Clockwork!
ANS1JBFLGILMF,B00004TBBA,5.0,2000-09,0,1,0.0,214,VooDoo5500 - is it worth it????
A1F3BUDAE2HVK0,B00004TBLW,5.0,2013-09,0,0,,43,A great pair of binoculars at a fantastic price!
A3R10ZQFP45LYT,B00004TBLW,4.0,2013-09,0,0,,31,Nice and inexpensive
A1FM50L5NH0OWE,B00004TBLW,4.0,2013-10,0,0,,25,Good Enough
A3UNGIF5G9RMCN,B00004TBLW,5.0,2010-01,30,32,0.9375,174,Good deal for the price.
A3HCZTTUH3CW9Z,B00004TBLW,5.0,2014-01,0,0,,60,Great binoculars for the money
A309PFW8T6DMMZ,B00004TBLW,5.0,2012-12,0,0,,50,These are great! And easy to use. They look like a quality pair.
A10TTUZKZRCT44,B00004TBLW,5.0,2011-09,2,2,1.0,52,Great Compact Binoc
A1QHJJSS7YNUYW,B00004TBLW,4.0,2013-11,0,0,,65,Very good entry level binoculars
A25789FH7X4BMI,B00004TBLW,5.0,2014-07,0,0,,57,... cruise to Alaska for sightseeing and they are very easy to use
A1NP3RUUZSMR8J,B00004TBLW,5.0,2014-02,0,0,,55,Well worth the money...
A2EAFOKLI536FJ,B00004TBLW,4.0,2013-04,0,0,,68,"Good binocs, optics"
ATA1ENQCHVZVV,B00004TBLW,5.0,2013-07,0,0,,41,I See Them Now
A2EQVLY0BKQINM,B00004TBLW,5.0,2014-05,0,0,,38,Easy focus with just one finger
A91K5V1GJ9ASA,B00004TBLW,5.0,2014-01,0,0,,51,Great Value For The Price!
A1PSVZBM894R5H,B00004TBLW,5.0,2009-08,150,159,0.9434,199,Pretty good for their price
AT9TLGZ5UHY0C,B00004TBLW,5.0,2014-06,0,0,,23,Bought these for whale watching in Hawaii! They are great....
AJPKDAFL8B7MO,B00004TBLW,4.0,2013-04,0,0,,80,Great for My Announcer Duties
A379D24QUVV1X3,B00004TBLW,5.0,2013-06,0,0,,29,Re:  Bought for Vacation
A2Y3J7LJSOSN9G,B00004TBLW,4.0,2013-12,0,0,,223,Heavy weight quality feeling binoculars
AWPRJUXW39ZYC,B00004TBLW,5.0,2014-04,0,0,,23,Good Product
A2HOI48JK8838M,B00004TBLW,3.0,2014-06,1,1,1.0,61,They're OK
A1OAE2FSDZAXTL,B00004TBLW,5.0,2011-10,2,2,1.0,126,Big Bang for the Buck
A1DKICE5Z4EQNR,B00004TBLW,5.0,2010-11,10,12,0.8333,106,Excellent and good value too
A2FM9BOFK3RS94,B00004TBLW,5.0,2014-02,0,0,,20,Good Binocs
A50ZGWCM3RXW1,B00004TBLW,4.0,2013-11,0,0,,27,"Light, easy to adjust"
A3U525HTP9WZX5,B00004TBLW,5.0,2014-02,1,1,1.0,33,Good little binocs
A1JAY1EEQ2E60H,B00004TBLW,5.0,2011-10,6,6,1.0,116,Great for the price!!
A28X0LT2100RL1,B00004TBLW,2.0,2014-06,1,1,1.0,91,Poor quality control
A1QK91G8NM5XI1,B00004TBLW,2.0,2014-04,2,2,1.0,101,Flimsy
A3RBGEV4IHL1XM,B00004TBLW,5.0,2012-12,0,0,,49,Excellent Binoculars
A34818POYHM1GD,B00004TBLW,5.0,2014-02,0,0,,29,Better then I remember
A2U1Y4U4HXJ9QP,B00004TBLW,4.0,2014-05,0,0,,41,Good trainers
A137OOBMF8P43D,B00004TBLW,5.0,2012-04,3,3,1.0,27,Not a Bird Watcher
A2WER72RHDWH0I,B00004TBLW,2.0,2013-04,0,3,0.0,20,Not enough magnification.
ATKBLA1K7BYE8,B00004TBLW,5.0,2013-09,0,0,,63,Jimbos Farm NC Binoculars
A1DPUZDTVNJUMX,B00004TBLW,5.0,2013-02,0,0,,43,Cheap binoculars
ALHX1KDNFZX40,B00004TBLW,3.0,2013-12,0,0,,33,You can't go wrong with Bushnell
A3EZHN2I12T5XF,B00004TBLW,3.0,2013-11,0,0,,87,a little heavy
A2KZXS3L7C975N,B00004TBLW,5.0,2013-06,0,0,,21,Very good
ATOGPZKOA5QKQ,B00004TBLW,3.0,2013-08,0,0,,47,The lens covers are loose and never stay in place!
A3PQBXEJX8WZ14,B00004TBLW,5.0,2013-06,0,0,,44,great binos
A3P2TXT2WDMZR6,B00004TBLW,5.0,2014-05,0,0,,54,Perfect
A20GQ8NXD8TQUG,B00004TBLW,4.0,2013-05,5,5,1.0,40,Great binoculars! Easy to focus.
A313DADVI76HKM,B00004TBLW,4.0,2013-07,0,0,,72,Great for backyard bird watching!
A36DNPFCX8A0Q3,B00004TBLW,5.0,2014-03,0,0,,74,"Simple, clear, crisp image"
A21QQB0GM1B9BS,B00004TBLW,5.0,2013-09,0,0,,42,Awesome for viewing whales
AVZDJYULA3P3M,B00004TBLW,5.0,2012-12,0,0,,34,love em
A3PVOKGXUM0QUJ,B00004TBLW,2.0,2013-04,1,2,0.5,60,Good deal but bad equipment
A2IWFH4JINUQC3,B00004TBLW,4.0,2013-12,1,1,1.0,87,Very Nice product.
A2CBYGMX1S6KS6,B00004TBLW,5.0,2012-05,2,2,1.0,47,Excellence at a good price
A2H0734J35EB5Q,B00004TBLW,5.0,2013-05,0,0,,92,EXCELLENT!!!!
A1QP9QVNM4OMWR,B00004TBLW,5.0,2014-01,1,1,1.0,56,The best for bird photography and other uses
AQBNT8J46B726,B00004TBLW,5.0,2014-07,0,0,,37,Great value!
AN9TUUCDXX6SO,B00004TBLW,4.0,2013-07,1,1,1.0,53,Bushnell Falcon 7 x 35 Binoculars
A1ZDA6FK1313QJ,B00004TBLW,4.0,2013-12,0,0,,46,VERY GOOD FOR TRAVEL ON ALASKA'S SCENERIES
A37JWH7Y3AGPKH,B00004TBLW,5.0,2013-11,0,0,,29,Racoon spotter
A4RQ2TQJVJ58Q,B00004TBLW,5.0,2014-06,1,1,1.0,47,Excellent for the purpose
A1RMTJ6SNY7A6O,B00004TBLW,5.0,2013-05,0,0,,73,Bushnell Falcon Binoculars
A1JETHCL85UIBW,B00004TCTK,3.0,2001-06,5,13,0.3846,53,NOT SO INTUITIVE CAMERA WITH A BATTERY FETISH
A3TRPVAGT3NWBS,B00004TCTK,5.0,2001-01,18,18,1.0,220,The Best Little Digital Camera Out There
A3MFEMJQQJDWMS,B00004TCTK,5.0,2002-06,0,0,,55,An excellent little camera...
A33UIQMVOBGFS8,B00004TCTK,5.0,2000-12,2,4,0.5,40,FANTASTIC CAMERA - TINY AND EASY TO USE!
A1DARGMU0J830E,B00004TCTK,5.0,2001-12,4,4,1.0,242,Amazing deal
AJA31UYVQP4UI,B00004TCTK,5.0,2000-08,33,62,0.5323,41,Scarey Quaility!
A3INN916E4VION,B00004TCTK,4.0,2000-11,49,54,0.9074,94,Great Camera - bad battery
A1GY1HIA0XKF2G,B00004TDL2,5.0,2000-09,32,34,0.9412,284,Jornada 548 replaces Visor Deluxe
A3I1BJIFFM4S21,B00004TDL2,5.0,2000-11,149,149,1.0,1089,Absolutely Fantastic -continues to surprise me
A3S8HHQBEEGN7P,B00004TDL2,3.0,2001-07,13,16,0.8125,256,Pocket PCs and Palms Too Big
A23SB6VGGB9E8U,B00004TDL2,5.0,2001-06,3,4,0.75,147,A Great Machine
A1T9YSDAYS097M,B00004TDL2,5.0,2001-04,4,5,0.8,151,Everything You Want
A3O4F0C47C2FEY,B00004TDL2,4.0,2001-02,13,15,0.8667,191,Why buy Jornada 458 instead iPaq ?
A3A276HARIYM4Y,B00004TDL2,2.0,2000-05,19,48,0.3958,107,It all depends on what you what......
AL5BBGTUH8AL6,B00004TDL2,5.0,2000-12,4,5,0.8,91,Best PDA
AYQ6GWCSVVYW8,B00004TDL2,1.0,2001-01,23,31,0.7419,245,After The WOW Factor Ends.................
A2BDT8C8FGPNF4,B00004TDL2,5.0,2001-01,24,25,0.96,304,Very Impressed! It got me to migrate from a Palm V
A2H5N8YQ50U3CJ,B00004TDL2,5.0,2002-03,11,11,1.0,190,It works for me.
A22LE2JAII1U84,B00004TDL2,5.0,2001-06,0,0,,144,Wonderful gear!!!
A1H2V4OF8BZ4FC,B00004TDL2,5.0,2001-10,0,0,,34,Much rugged than the iPaq
ARXU3FESTWMJJ,B00004TDL2,4.0,2000-09,75,80,0.9375,966,"Not a bad choice if you want CE, but could be even better."
A3ESX9NVYHRQD9,B00004TDL2,4.0,2000-05,22,24,0.9167,74,Better then the Palm (V) - Almost Right
A2L9O39O92M77C,B00004TDL2,4.0,2002-01,9,9,1.0,510,"A good PDA, if you can stand the size."
A34VCCL1YO6D0I,B00004TDL2,4.0,2001-06,10,11,0.9091,295,My Pick in the Pocket PC Arena
A1SAQB40R8C44A,B00004TDL2,2.0,2000-05,25,32,0.7812,388,"I really wanted to like this device, BUT....."
A26FYKG5LAHRUH,B00004TDL2,4.0,2001-04,7,8,0.875,170,Most bang for the buck
A231WM2Z2JL0U3,B00004TDL2,3.0,2002-03,2,4,0.5,173,Not for the faint-hearted.....
A1G18MU8RQQ4GY,B00004TDL2,5.0,2000-10,61,64,0.9531,377,Love it.
A3URVWPFJOHT72,B00004TDL2,4.0,2001-01,27,28,0.9643,529,"Good for Microsoft fans, but pricey"
A2XYGJ7FAK0QR7,B00004TDL2,4.0,2001-12,13,13,1.0,437,Revolutionized my life
A2Y6IDYSDC9QTY,B00004TDLD,4.0,2013-01,0,0,,50,Xmas Present for 4 yr old Twin boys
A1T1YSCDW0PD25,B00004TDLD,5.0,2011-09,0,0,,90,Fun & educational
A3UW23DBF2KHWC,B00004TDLD,5.0,2013-10,1,1,1.0,93,Provides lot of fun and excitement while in same time helps preschool kids learning math...
A1MV4UAKFMA51Y,B00004TDLD,5.0,2013-01,0,0,,43,Cute!
A2XQW1K6ALWSMZ,B00004TDLD,5.0,2013-03,0,0,,24,Perfect for Kindergarteners!
A2W0GY64CJSV5D,B00004TDLD,5.0,2011-10,23,26,0.8846,95,Great learning game
A1URZMYX7LYOGI,B00004TDLD,5.0,2012-02,0,0,,39,great game that our kids really enjoy
AM78WFHEBDBGM,B00004TDLD,5.0,2013-02,0,0,,69,cute game...
AQL1IWD29ISFD,B00004TDLD,5.0,2013-06,0,0,,73,Great Game!
A3LVDB70Z5ZNP,B00004TDLD,5.0,2013-12,0,0,,86,A fun way to practice addition & subtraction
A3SE4NU7AGO47Q,B00004TDLD,5.0,2014-03,0,0,,53,What fun for a math lab!
AUQ222SF27VCL,B00004TDLD,5.0,2010-08,135,145,0.931,556,Elegantly simple fun that isn't boring to play
A3OEGVSXY0Y07W,B00004TDLD,5.0,2013-10,0,0,,65,Very cute math game
A1IH9D4IINKH2M,B00004TDLD,5.0,2013-11,0,0,,104,Favorite quick game!
A3FOOF7Q2GUMXX,B00004TDLD,5.0,2013-12,0,0,,68,Great fun for learning addition and subtraction.
A38IPXVQFX7KBP,B00004TDLD,5.0,2012-12,0,0,,103,My son loves it! Me too!
AXHZ3GKG02IQY,B00004TDLD,5.0,2011-01,0,0,,21,4 Year Old Loves this Game!
A1POFVVXUZR3IQ,B00004TDLD,5.0,2011-09,4,5,0.8,279,A great game to teach young children the concepts of addition and subtraction
A2P533MRZ7JB2Y,B00004TDMX,5.0,2000-12,4,4,1.0,136,"For those who want to work, not play"
A3IBOQ8R44YG9L,B00004TDMX,3.0,2000-12,42,46,0.913,292,A few things to consider vs. Palm IIIxe
A1VFIY34F94XHY,B00004TDMX,5.0,2000-09,6,7,0.8571,130,I love this thing!
A1UK24C5XO8UKI,B00004TDMX,4.0,2000-12,3,3,1.0,157,Great For First Time User
A259MPG6SOL02P,B00004TDMX,3.0,2001-02,15,15,1.0,189,O/S Not Upgradable
AV0D9NPLN8BIL,B00004TDMX,5.0,2000-06,252,258,0.9767,384,"Not only better than WinCE, it's better than Palm"
AT28RL25Q2OLK,B00004TDMX,5.0,2000-07,13,13,1.0,168,Great way to avoid Win CE Devices
AS6OC9WIHIQU0,B00004TDMX,5.0,2000-11,23,24,0.9583,122,Cool Tool
A1JJOV69MAU2J2,B00004TDMX,4.0,2001-10,10,11,0.9091,531,The best PDA for the price...
A2VN72NFU33MO8,B00004TDMX,4.0,2000-08,0,0,,115,Why wait for 3Com
A2YSEA25OUUR6X,B00004TDN0,5.0,2001-09,1,1,1.0,176,Work and Play-all in one
A328Z8A4GQWOQI,B00004TDN0,5.0,2000-06,0,0,,38,nice gadget
AC5AGZTLM3QO,B00004TDN0,5.0,2001-11,10,10,1.0,128,Buy one now!
A8HZL68EGLI18,B00004TDN0,5.0,2000-07,0,0,,239,Simply the best PDA available until the next Handpsring PDA
ADOD2HZ0YM7HC,B00004TDN0,5.0,2000-11,2,3,0.6667,154,A savior for the disorganized...
A26D3NDNGDLIC4,B00004TDN0,4.0,2000-07,3,4,0.75,230,All I expected
A3FTI86WAVJOLG,B00004TDN0,5.0,2000-05,86,88,0.9773,362,A solid piece of engineering w/ quite a future
A12RHMNTCAV5Z7,B00004TDN0,3.0,2001-05,11,11,1.0,218,A joy to use but a bit delicate for the task at hand
A2Q8J8IL6V9M5T,B00004TDN0,4.0,2001-03,1,2,0.5,205,Good but not great
A39Q5JH09VUMR5,B00004TDN0,5.0,2002-01,4,4,1.0,114,"Simple, inexpensive, GREAT"
A2KFWHHUFVKFXZ,B00004TDN0,5.0,2000-09,6,7,0.8571,107,The best money I ever spent...
A1X696GX2VPV5C,B00004TDN0,5.0,2001-12,1,1,1.0,110,Easy to use
A2M0ZILSGJQS4,B00004TDN0,5.0,2000-11,4,4,1.0,150,Better than the Palm...
A1IANEBSMVGHS9,B00004TDN0,3.0,2001-06,7,7,1.0,317,"Very good, but... I ended up selling it!"
A6FIAB28IS79,B00004TDN0,5.0,2001-12,23,24,0.9583,304,The Inescapable Choice.
A1JJOV69MAU2J2,B00004TDN0,4.0,2001-08,6,10,0.6,268,The best price/performance PDA
AP6X4IJR5H92P,B00004TDN0,5.0,2000-07,0,0,,204,A redundant fragment of praise!
AJTYN2L8T5FER,B00004TDN0,5.0,2000-09,3,7,0.4286,55,Best Gadget EVER!!!
AOCH3ON3BIM7O,B00004TDN2,5.0,2001-07,10,10,1.0,263,This will change the way you do everything!
A17MR3U4MPW65C,B00004TDN2,5.0,2000-06,8,9,0.8889,177,Great start in the PDA market
AUCF61BNJ5ZX7,B00004TDN2,5.0,2014-06,0,0,,28,Good
A2AFT2VCH2S01B,B00004TDN2,3.0,2000-12,27,27,1.0,531,Not as nice as the Palm
ACRHIAZZ8WFDF,B00004TDN2,5.0,2001-12,3,4,0.75,55,Great Deal
A3FTI86WAVJOLG,B00004TDN2,5.0,2000-05,216,230,0.9391,326,A solid decision (graphite is probably the way to go)
A259MPG6SOL02P,B00004TDN2,3.0,2001-02,16,16,1.0,165,O/S Not upgradable
A2U6LD5AY97MJR,B00004TDN2,5.0,2000-10,12,14,0.8571,86,Easy Setup; Easy Conversion
A211RZCTZCNLZK,B00004TDN2,5.0,2002-01,3,4,0.75,53,Not bad at all
A3EPOKANU798QW,B00004TDN2,5.0,2003-05,5,6,0.8333,190,"Excelent PDA well worth the price, although..."
A1MJMYLRTZ76ZX,B00004TDN2,5.0,2000-07,126,127,0.9921,625,Best Value in a PDA
A1IANEBSMVGHS9,B00004TDN2,3.0,2001-06,0,0,,314,"Very good, but... I ended up selling it!"
AQ6XS10RR7CE0,B00004TDN2,4.0,2001-07,1,4,0.25,95,"ok, but"
A2S3CS0WLR616U,B00004TDN2,5.0,2002-02,1,1,1.0,154,Great buy for the money
A1JXTW4HW1DZN2,B00004TDN2,5.0,2000-06,27,28,0.9643,212,The Last PDA you'll buy for a few years...
A2B7BUH8834Y6M,B00004TDN2,4.0,2002-02,14,15,0.9333,562,Fantastic alternative to Palm!
A1JJOV69MAU2J2,B00004TDN2,4.0,2001-11,81,81,1.0,568,A steal at this price!
A260ZC4PRM3Z7V,B00004TDN2,4.0,2000-07,11,12,0.9167,112,What They Don't Advertise!
A3K2BEZXDWOC3L,B00004TDN2,5.0,2000-10,5,10,0.5,22,Excellent PDA!
A2P2FU0YG5IEYI,B00004TDN2,5.0,2000-06,0,0,,36,Great Product
A5RIO7FOCJVAL,B00004TDN4,5.0,2004-02,0,0,,922,HIGHLY recommended for those who value their handheld data
AMG7EQW81MG58,B00004TDN4,5.0,2003-04,0,0,,20,nice tool
ABAW1TNE54PJ8,B00004TDN4,5.0,2001-03,3,3,1.0,125,One oopsie and this will save your life!
A17MR3U4MPW65C,B00004TDN4,5.0,2000-06,22,22,1.0,78,"Simple, easy backup; great if you don't sync to a PC"
A8HZL68EGLI18,B00004TDN4,5.0,2000-11,56,56,1.0,215,The ideal Visor travel companion
A26D3NDNGDLIC4,B00004TDN4,4.0,2000-07,9,10,0.9,87,It saved my data already
A3CRQJ402U1G0J,B00004TDN4,5.0,2000-12,16,16,1.0,154,Travel away from your PC Worry Free...Amazing.
AHXGALGGZ9ND4,B00004TDN4,5.0,2001-07,1,1,1.0,60,A must have
A2XCALYSPH9WUV,B00004TDN4,4.0,2001-08,6,7,0.8571,119,"Easy and quick, but all or nothing."
A1PA728IKLN8SI,B00004TDN4,5.0,2001-05,10,11,0.9091,184,A must have for any Visor owner
AN30G4IKL1BMZ,B00004TDN4,5.0,2001-05,2,2,1.0,82,Cheap affordable protection.
A2OBHC9ED59WO1,B00004TDN4,5.0,2001-08,1,1,1.0,157,Essential accessory
A3UZLX3C5FLLUH,B00004TDN4,5.0,2000-06,22,24,0.9167,91,If you had to buy one accessory for the Visor...
A230OZ6DNS1SWC,B00004TDN7,3.0,2011-05,1,1,1.0,29,Ok to use for fun
A3J979TOP4933X,B00004TDN7,5.0,2001-03,7,9,0.7778,98,The most fun module ever
A213UFMBOI3IUF,B00004TDN7,4.0,2000-07,84,88,0.9545,275,Think of it as a digital &quot;Polaroid&quot; with free film!
A1PWQRQY0K6GWP,B00004TDN7,4.0,2001-08,8,9,0.8889,140,Visor Fun from IDEO
A26D3NDNGDLIC4,B00004TDN7,3.0,2000-07,61,64,0.9531,193,"Fun toy, but..."
A3A95AGMVFVNAH,B00004TDN7,3.0,2013-02,1,1,1.0,25,Quirkey but fun
A3HGKWTC8QAI60,B00004TDN7,4.0,2001-01,10,11,0.9091,115,eyemodule rocks!
A1WBEIH7Z37LN9,B00004TDN7,4.0,2002-06,5,5,1.0,157,"It's great for what it is, just don't expect photo-quality"
A1L2OPQR7TTEY9,B00004TDN7,5.0,2001-11,7,7,1.0,175,Does what it does nicely!
A3HIWWY0ZDLOJG,B00004TDRH,1.0,2008-12,2,7,0.2857,28,Not powerful
A1LAAZUR8YFRW8,B00004TDRH,5.0,2014-06,0,0,,37,Best Batteries!
A2DVQ6P0I1UUYH,B00004TDRH,2.0,2014-05,0,0,,34,Energizer E90BP-2
A20FMZR1LNNYJS,B00004TDRH,5.0,2011-03,1,1,1.0,20,long lasting batteries
A100WO06OQR8BQ,B00004TDRH,5.0,2011-08,0,0,,81,Good Service
A2F3Q2C4S0TUH5,B00004TDRH,5.0,2014-06,0,0,,54,N battery
A1I090FC32L88Q,B00004TDRH,5.0,2013-07,0,1,0.0,19,Great
A1RYHZGUQ705BR,B00004TDRH,3.0,2014-01,0,0,,32,This is a real tiny battery
A3THJLGG03GA3S,B00004TDRH,5.0,2011-05,2,2,1.0,32,Lasts long in clocks
A1Z6TERCYMMECJ,B00004TDRH,5.0,2010-08,2,2,1.0,23,great all around
A9MF6OT936TOB,B00004TDSA,5.0,2013-07,0,0,,20,very good
A3C1GV89DSSCEB,B00004TDSA,5.0,2000-06,4,7,0.5714,64,Two Batteries in a package a GREAT idea!
A38EHG0M5YL5YQ,B00004TDSA,3.0,2013-03,1,1,1.0,49,Lithium Photo Battery
A1EBGQUBPD16Y0,B00004TDSA,5.0,2012-11,0,0,,23,Good price
APCX388F6CFFA,B00004TDSA,5.0,2013-02,0,0,,21,Good price
AWUBTQZOBGFKK,B00004TDSA,5.0,2013-06,0,0,,26,Good service
A4RC4IF81L71H,B00004TDSA,5.0,2012-07,0,0,,20,just as expected
A1PYTLRARR1W0K,B00004TDSA,5.0,2014-04,0,0,,39,Batteries
A3BOPY9EERVP3G,B00004TDSA,5.0,2012-08,0,0,,28,Seem to work great
A98VFCJP80FD5,B00004TDSA,3.0,2014-06,0,0,,45,Questionable
A352L9PCDDK7NE,B00004TDSC,5.0,2013-05,0,0,,20,Used in our wireless motion detector alarm
A37F1PDYYBKLGD,B00004TDSC,5.0,2012-01,1,1,1.0,30,Great deal on Energizer #123 batteries
A2GW1F1LPHQOZA,B00004TDSC,5.0,2008-06,5,6,0.8333,59,great battery!
A2I5M1X863QB8L,B00004TDSC,5.0,2011-12,0,0,,52,Using these for smoke alarm
A1MSEO4MD7ZT33,B00004TDSC,5.0,2013-03,0,0,,21,good batteries
A1JT0IN757D4J2,B00004TDSC,4.0,2011-03,1,2,0.5,78,Recieved was not what was shown in pict.
AM9Z8Y09D2KHG,B00004TDSC,3.0,2013-04,0,0,,21,Good
A1OKPC1K12YZEP,B00004TDSC,5.0,2013-01,0,0,,31,Great price and Long Shelf Life
A3GMRYV7VAYK5Q,B00004TDSC,2.0,2013-03,0,0,,139,Be careful who you order from
A3PDU0KJO6QKYW,B00004TDSC,5.0,2014-02,0,0,,33,Energizer camera battery
A2WROWUBLQ9GZZ,B00004TDSC,5.0,2014-03,1,1,1.0,54,Great for guitar players.
A3SO2AGQXXL8LC,B00004TDSC,5.0,2013-03,0,0,,21,energizer el-123apb-2 3 volt lithium battery
A1L4BY5GG3U3LX,B00004TDSC,3.0,2013-01,0,0,,20,Bulk packaging
A2A1LYCNNE9WES,B00004TDSC,5.0,2012-08,0,0,,26,GREAT
A1WLP6S3L9V3VL,B00004TDSC,5.0,2014-03,0,0,,30,Batteries for Smoke Detector
A3D6ITN1HM1FQG,B00004TDSC,1.0,2003-02,5,13,0.3846,83,"Battery may be great, but beware when you order it"
A37PHA4BWQ4XB9,B00004TDSC,5.0,2013-07,0,0,,109,Great price
A1IWR4YH4ZA9BM,B00004TDSC,5.0,2013-09,0,0,,25,Yes
AWBZAHKAN64CO,B00004TDSC,5.0,2011-10,0,0,,23,Great Price!
ALUNVOQRXOZIA,B00004TDWY,5.0,2001-01,9,9,1.0,109,The perfect match for the Visor Platinum
AOCH3ON3BIM7O,B00004TDWY,3.0,2001-07,3,4,0.75,77,"Good for some, but not for me."
A8HZL68EGLI18,B00004TDWY,5.0,2000-07,0,0,,163,"A perfect combination of protection, function, and size"
A26D3NDNGDLIC4,B00004TDWY,3.0,2000-07,5,5,1.0,80,"A little tight, but the leather smells good"
A1VFIY34F94XHY,B00004TDWY,4.0,2000-09,15,17,0.8824,132,"A nice, dedicated case for the Handspring Visor."
ACRHIAZZ8WFDF,B00004TDWY,5.0,2001-12,2,2,1.0,115,Great Wallet Replacement
A3FTI86WAVJOLG,B00004TDWY,5.0,2000-05,135,138,0.9783,238,The best case
A1NOWEOLKMRRXM,B00004TDWY,2.0,2000-09,5,9,0.5556,121,I DON'T FIND THIS TO BE A WELL MADE CASE...
A2MAXHANV8EETT,B00004TEN2,3.0,2001-02,6,7,0.8571,123,Excellent product once installed.
A1JSO7PPEA0W72,B00004TEN2,5.0,2000-09,43,45,0.9556,159,Blows away serial transfers
AVJT1MBYL5QZJ,B00004TEN2,4.0,2002-07,0,0,,59,Another Quality viking product
A3S0Z7UOTUIP9R,B00004TEN2,5.0,2001-07,6,13,0.4615,204,"Look, at the tech info!"
A2TH825DJHB3P1,B00004TEN2,5.0,2002-01,0,0,,13,Fine product!
A20GQIUFA2LJ9C,B00004TEN2,1.0,2002-02,0,0,,64,Not worth the money or the hassle....
A1XPRBIGV1SR9,B00004TEN2,1.0,2001-03,4,4,1.0,79,Quality Control Problem
A1IT7KPZW9DY05,B00004TEN2,5.0,2002-03,2,2,1.0,230,Should be Standard Equipment!
A3TIJC6L8USJ6Q,B00004TEN2,5.0,2002-06,1,1,1.0,91,Fastest Way to Upload Photos &amp; Download MP3s
A3UZ17HANZ9F1E,B00004TEN2,5.0,2001-07,6,6,1.0,131,Very good !
A1MZ2BJHUSTW0W,B00004TEN2,5.0,2001-11,3,3,1.0,50,Viking USB CF Reader
A2BGZ52M908MJY,B00004TEN2,5.0,2001-02,10,10,1.0,53,"Super fast, super easy"
A1EAY9UVLFSBYL,B00004TEN2,5.0,2001-06,1,2,0.5,75,Works great!
A24KM9R4RYUAG4,B00004TEN2,5.0,2001-08,12,12,1.0,118,Not Your Daddy's Oldsmobile
A3TPM2VJA0X1Y2,B00004TEN2,5.0,2001-05,1,2,0.5,39,"Great product, works flawlessly"
A1GFB47CXP4LKR,B00004TEN2,5.0,2001-08,2,2,1.0,108,A needed accessory for CF cards.
A1X696GX2VPV5C,B00004TEN2,1.0,2003-02,2,3,0.6667,80,Good that it's been discontinued
AA4O1ZUMQ6IGG,B00004TEN2,4.0,2002-01,4,4,1.0,138,"Great product - WinME users, read here!"
A3AAP038P5FGSN,B00004TEN2,4.0,2002-11,0,0,,29,excellent
A2G2QNKDL1Y6AC,B00004TEN2,4.0,2000-11,33,35,0.9429,179,Pretty much an essential tool
A1ERWR5A8OVLDH,B00004TEN2,5.0,2001-06,4,4,1.0,119,Works like a charm
A6ZPLVAUQ6695,B00004TEN2,5.0,2000-07,17,19,0.8947,159,plug-and-play with USB Macintosh
A1GNSLNCXXG2HE,B00004TEN2,2.0,2002-07,2,2,1.0,63,Beware the Blue Screen of Death
A231WM2Z2JL0U3,B00004TEN2,5.0,2001-07,8,12,0.6667,152,Still simply perfect.
A2GDYTF1TU1GJT,B00004TEN2,1.0,2001-03,20,21,0.9524,129,Windows ME users beware!
A24HNXH032I6ST,B00004TEN2,5.0,2001-03,4,5,0.8,104,Works as advertised
A22B72SJ9IDUQW,B00004TEN2,4.0,2002-01,0,0,,50,Easy to setup and use
A15KFU3ZSAOUG0,B00004TEN2,5.0,2001-12,2,2,1.0,22,XP compatable
A25HBO5V8S8SEA,B00004TENT,5.0,2004-11,5,5,1.0,202,How many pictures will it store?
A2PYS280Q1UH7V,B00004TENT,5.0,2001-06,3,3,1.0,50,Excellent value!
A2KVMXLAVXYXBE,B00004TENT,5.0,2002-12,1,1,1.0,101,Great Price - Great Card
A3GFQHHVMEAIO,B00004TENT,5.0,2001-07,9,11,0.8182,149,Who could ask for more?
A1IT7KPZW9DY05,B00004TENT,5.0,2002-03,6,6,1.0,148,Great with the Olympus 3040
A3TIJC6L8USJ6Q,B00004TENT,5.0,2001-04,2,4,0.5,123,I Can't Believe It!
A3WFZDDG0JPK5,B00004TENT,5.0,2001-08,0,1,0.0,54,Gotta have it
A3UBI8XEO26P2C,B00004TENT,5.0,2003-01,1,1,1.0,31,Great for taking more photos without running out of space.
A3KZXERLMGYHP8,B00004TENT,5.0,2000-12,19,19,1.0,49,Viking 64MB SmartMedia Card for my Olympus D490Z
A2JT5X557H8JWX,B00004TENT,5.0,2002-06,0,0,,72,Works just fine
A20DHT8BPBOCP8,B00004TENT,5.0,2001-12,0,0,,54,Very nice add on.
A3ISID2L2BJF5N,B00004TENT,5.0,2001-08,2,2,1.0,93,Used with a Rio 500 player
A31PDR78F1MNDI,B00004TENT,5.0,2002-11,0,0,,51,Great bang for the buck
A2CYA3J5K1ZYJ6,B00004TENT,5.0,2001-11,1,2,0.5,47,Excellent Product - Price a little high
A1J1XPQP1K4PLL,B00004TEUK,1.0,2006-06,4,6,0.6667,291,"Cheap crap (better than expensive crap, though)"
A3GBOCNEQ8AAP4,B00004TEUK,4.0,2004-12,0,0,,287,Very decent worldwide vcr
A3MQ672FYFNM7B,B00004TEUK,4.0,2000-12,132,134,0.9851,195,Worldwide VCR
A3D2VIUT2HWP0Z,B00004TEUK,5.0,2004-10,6,6,1.0,156,excellent Player; Superb in its simplicity.
A33IJGLTVS5MDS,B00004TEUK,5.0,2005-11,5,5,1.0,172,After all these years
A326F2HO1FPAPB,B00004TEUK,5.0,2003-12,3,4,0.75,91,Brilliant
A3PIVKCLKIAHHT,B00004TF4V,5.0,2000-12,13,13,1.0,131,The &quot;Laptop Killer&quot; gets even better
A182YOL7ZA0PGK,B00004TF4V,5.0,2000-09,40,40,1.0,211,Preferred over the Stowaway
A1K77RMH56CQVC,B00004TF4V,4.0,2005-10,0,0,,221,"Great keyboard for small hands, TakeNote word processor a plus"
A3FTI86WAVJOLG,B00004TF4V,5.0,2000-05,97,102,0.951,69,Pretty small keys
A304AY9M0FAI3Y,B00004TF4V,5.0,2002-07,4,4,1.0,289,Very pleased
A3WFZDDG0JPK5,B00004TH2W,5.0,2001-08,8,8,1.0,146,"A good value, with good features"
A1QFMC6B2O1QMG,B00004TH2W,4.0,2001-03,3,5,0.6,160,Long way to get there!
A1RPTVW5VEOSI,B00004TH2W,5.0,2000-10,241,243,0.9918,610,An excellent value in a general purpose digital
A1E71PU53N45Y0,B00004TH2W,5.0,2000-06,162,164,0.9878,632,Good Value in this Entry-Level USB Digital Camera
A24HNXH032I6ST,B00004TH2W,4.0,2001-03,1,2,0.5,192,A best buy item
A2TH825DJHB3P1,B00004TH2X,2.0,2002-01,6,7,0.8571,82,Ok but not fine!
A1AUYEJD621EHQ,B00004TH2X,5.0,2002-05,1,1,1.0,222,"""Real world"" excellence"
A1L65N1MS8WRGZ,B00004TH2X,5.0,2000-06,32,32,1.0,652,Digital photography is really here now!
A7NZKPZBCYBV9,B00004TH2X,3.0,2000-11,5,6,0.8333,237,Not Win95 compatible
A1OO1DO6DNG0IP,B00004TH2X,3.0,2002-08,2,2,1.0,117,Great Camera when it Decides to Work
AVGNO39FVLP3F,B00004TH2X,5.0,2001-12,3,3,1.0,250,A constant companion
A1HCMIM33ZPNWR,B00004TH9M,5.0,2012-07,1,1,1.0,417,"Amazing Camera, Just Amazing!"
A2ML7WMTUSADPA,B00004TH9M,4.0,2012-08,0,0,,90,Eye control - overrated
A3EKNB6HM09LN8,B00004TH9M,5.0,2008-06,0,0,,228,Great for those who still want to shoot some film from time to time!
A234GO3KZYKKTE,B00004TH9M,3.0,2001-12,3,4,0.75,328,great quirky confusing
A1I4CSPYVVDOR3,B00004TH9M,4.0,2008-07,0,0,,231,film isnt dead
ABUPXRSDJLOCP,B00004TH9M,1.0,2013-12,0,0,,28,Product not in functioning condition.
A18U8ASOYBRF53,B00004TH9M,5.0,2000-10,0,0,,176,I'm in love
A3C0H04U0QRNGO,B00004THCX,5.0,2012-12,0,1,0.0,20,Nice midrange lens
AY8Q1X7G96HV5,B00004THCX,4.0,2000-11,5,14,0.3571,55,Canon's EF 28-80mm f/3.5-5.6 II Lens...
A3HTOR3A84JAM0,B00004THCX,2.0,2013-01,0,0,,38,Works okay..
A12N7MLCZZ797E,B00004THCX,5.0,2013-09,0,0,,30,Excellent Equipment
A28ZNQA9A9VZNQ,B00004THCX,5.0,2013-07,2,2,1.0,207,Better experience with this lens than most
A11Y89064TEGQ8,B00004THCX,5.0,2014-04,1,1,1.0,30,For grandson
A3CVMCBTBQ7R79,B00004THCX,4.0,2013-06,0,0,,48,Nice Lens
AFTMJLMVGC26P,B00004THCX,2.0,2014-05,0,0,,58,soft....soft
A1D75IF0B4H4L,B00004THCX,5.0,2010-10,22,22,1.0,444,A Diamond in the Rough: A Good Affordable Tool When Used To Advantage
A1C82BC5GNABOA,B00004THCY,3.0,2014-04,1,1,1.0,251,Lens holds a special place in my heart
AY8Q1X7G96HV5,B00004THCY,3.0,2000-11,9,14,0.6429,72,Canon's EF 35-80mm f/4-5.6 III...
ARHH1P2PLAFSJ,B00004THCY,3.0,2013-07,1,2,0.5,124,Not really worth the money unless...
AFR82BF45HYSU,B00004THCY,5.0,2012-09,1,2,0.5,38,Francisco L. Saprissa
A1NMV4MGCEHLZS,B00004THCY,4.0,2012-04,2,2,1.0,119,Cheap but pretty good
AAKI8WZID60DS,B00004THCY,4.0,2013-01,0,1,0.0,91,Low price but it works
AA9FDKGOIAYH3,B00004THCY,4.0,2000-10,21,22,0.9545,95,"Small, Fast, but a little limited"
A2EVFD5C3NFKPU,B00004THCY,5.0,2013-04,0,0,,21,great lens!
AVDW3OAVWWE05,B00004THCY,4.0,2013-12,0,0,,75,Canon EF 35-80mm. F/4-5-6III Lens
AULFLNWJP1QXY,B00004THCY,2.0,2007-01,31,35,0.8857,195,Disposable Kit Lens
A19Q4JC53BX7KB,B00004THCZ,5.0,2014-07,0,0,,20,Perfect add-on lens for Canon EOS Rebel T3!!!
AASSDFY9K6G2T,B00004THCZ,3.0,2006-04,1556,1591,0.978,508,Is this lens as bad as some people say it is?
A2IYOX0G607ZKS,B00004THCZ,5.0,2013-05,1,1,1.0,147,Great Lens if used correctly with manual settings
AP66WW9URQDDD,B00004THCZ,3.0,2011-05,0,2,0.0,125,Can do without it
A3TIWRAKFP7LMA,B00004THCZ,5.0,2012-01,2,2,1.0,114,Incredibly Useful Tool
A35JHHE1NW0DIK,B00004THCZ,3.0,2011-07,3,3,1.0,168,get something else if you can
AEQO36Q7H1RV,B00004THCZ,5.0,2012-02,0,0,,36,very good for the price
AR4K3SYUFBP4G,B00004THCZ,4.0,2011-11,0,0,,21,Canon Zoom lens
A2989GGNNTCGZU,B00004THCZ,5.0,2013-05,0,0,,66,Quick shipment.  I give 5 stars by the price vs value
A2AWP1RAJ2GOGE,B00004THCZ,5.0,2013-02,0,0,,30,Great Lens! Worth the money and great price!
A3AT8MXBJ8ZWEK,B00004THCZ,5.0,2014-06,0,0,,34,Perfect
AFC1I1MPDJXTL,B00004THCZ,5.0,2013-08,0,0,,35,Excellent addition
A1SLK8FRYWEISP,B00004THCZ,5.0,2014-07,0,0,,18,... was my first telephoto lens and I got some great pictures with it
A116JE9WSXSETB,B00004THCZ,5.0,2009-07,5,5,1.0,185,Great lens for the price!!
AQ06TH8QPIEN5,B00004THCZ,5.0,2013-01,0,0,,70,Value for Money!
A2E95ZZNAQ24GS,B00004THCZ,4.0,2007-09,1,1,1.0,46,Very good long distance lens for the price
A2DY4K74PF6JST,B00004THCZ,4.0,2010-11,0,0,,21,Great for a cheap zoom lens
A35TJIUIJDKJ7A,B00004THCZ,3.0,2013-10,1,1,1.0,85,Canon EF 75-300mm
A3UA33R5UOA8RC,B00004THCZ,2.0,2005-10,46,50,0.92,341,Canon failed in this one!
AMGN9031D8VKI,B00004THCZ,5.0,2013-07,0,0,,21,A++++
A2WKTACW026L63,B00004THCZ,4.0,2008-05,2,2,1.0,115,Useful Zoom Lens for Most outdoors events
A20YIDMSMXPS3E,B00004THCZ,5.0,2014-03,1,1,1.0,23,Great lens!
A3F81TPV4IQ2BG,B00004THCZ,5.0,2013-02,0,0,,34,lanes is awesome
A2XMAO31ZFZVIW,B00004THCZ,3.0,2012-12,2,2,1.0,90,good quality missing and important feature
A1D678H20KE69R,B00004THCZ,4.0,2011-12,0,0,,83,Fast Shipping before Christmas!!!
A203Q1G7IMYOVY,B00004THCZ,4.0,2014-02,1,1,1.0,32,OK
ALC7DRPKTFF67,B00004THCZ,4.0,2013-08,0,1,0.0,29,It works just fine
A4TH1G4MV3VLM,B00004THCZ,3.0,2011-12,1,1,1.0,132,"You get what you pay for, but that's not such a horrible thing."
A35HR13MDW19RP,B00004THCZ,5.0,2010-06,0,0,,310,Very good lens
ASGL4FBI6GZW0,B00004THCZ,5.0,2012-09,0,0,,179,Novice Photographer - Starter Telephoto Zoom
A3P4YPMCWTDPA7,B00004THCZ,5.0,2014-07,0,0,,17,Every wildlife photographer needs one in the bag
A35667Y9Y4EBLE,B00004THCZ,5.0,2013-06,0,0,,20,zoom lens
AVATJWYV4L8T9,B00004THCZ,5.0,2012-12,0,0,,20,Great Lens
A29QYVLSXFQ9HB,B00004THCZ,5.0,2013-01,0,0,,23,GREAT Deal
A3BOVI9G971LA7,B00004THCZ,3.0,2007-05,18,18,1.0,162,Entry level telephoto lens
A26BZ1I78GIPUK,B00004THCZ,5.0,2013-04,0,0,,58,Wish come true...
A25TFVJ6B9U1NU,B00004THCZ,5.0,2012-10,0,0,,21,quality
A2HMF8ZR67BNZS,B00004THCZ,5.0,2010-01,3,3,1.0,67,Canon Lens
A3ASFGE40HGXFD,B00004THCZ,2.0,2008-05,1,3,0.3333,60,"Not sharp, Slow aperture and Slow focus"
A2GKF3Q0YG4XS5,B00004THCZ,5.0,2014-06,0,0,,21,Takes a beautiful photo
A21CL3NXLUNU9E,B00004THCZ,4.0,2009-11,1,4,0.25,76,Great Buy
AS5NJXTCU9LX8,B00004THCZ,5.0,2013-05,0,0,,26,Great Lens for the Price
AR0SWMNTBFXU7,B00004THCZ,5.0,2013-03,0,0,,30,Amazing For It's Price!
A1Z4930RTKRTKV,B00004THCZ,3.0,2005-09,13,16,0.8125,140,Nice Lens...
A3FQOR3G5Y7UZ,B00004THCZ,3.0,2010-12,1,4,0.25,161,t&eacute;rmino medio
A1LXE1JF4B4KQ4,B00004THCZ,5.0,2012-10,1,1,1.0,95,I really like it a lot
AIWTLY316LPR4,B00004THCZ,3.0,2011-03,0,1,0.0,23,The Canon EF 75-300MM zoom lens
A1MM1QVMHQGTZ,B00004THCZ,4.0,2006-04,23,26,0.8846,150,Great lense on a budget
A3G2AAMHUT1N1U,B00004THCZ,4.0,2011-11,1,1,1.0,59,Good lens
AY8Q1X7G96HV5,B00004THCZ,4.0,2000-11,42,85,0.4941,191,Canon's EF 75-300mm f/4-5.6 III USM...
A4WEZJOIZIV4U,B00004THCZ,4.0,2014-01,4,4,1.0,407,A great telephoto lens for beginners BUT more advanced photographers might want others.
A1C5WS021EL3WO,B00004THCZ,4.0,2013-03,1,1,1.0,37,Hold Steady!
A21HD9LIRFID71,B00004THCZ,3.0,2007-01,10,10,1.0,154,not bad but clearly entry-level
A3DMARFI3FQRJ9,B00004THCZ,5.0,2014-03,0,0,,22,Great
A1TFUS11C1J4F5,B00004THCZ,4.0,2013-11,0,0,,22,Alright
A3GN5NR7GDB3DE,B00004THCZ,4.0,2013-06,0,0,,28,Great lens
A1KYIYS7EGCTOF,B00004THCZ,5.0,2013-01,0,3,0.0,30,Seems like great lense
A1Y4G3WZ321YAE,B00004THCZ,5.0,2012-02,3,3,1.0,58,Love it! Best for outdoors
APSEERGKRFATE,B00004THCZ,5.0,2013-01,0,0,,43,good canon lens
AJZR37LXKSI7P,B00004THCZ,5.0,2012-11,0,0,,26,Great zoom
A329X6LME4DZ9,B00004THCZ,5.0,2012-06,0,0,,97,I like it
AXLQP6J93X2NQ,B00004THCZ,4.0,2006-04,47,49,0.9592,224,Great Value ...
AFMVQ27SB2N8U,B00004THCZ,2.0,2011-05,2,3,0.6667,61,"Go for the 55-250 IS, for a little more money it delivers much better results"
A1NBYDWT892WMS,B00004THCZ,4.0,2007-11,3,4,0.75,145,Great Lens for the Price!!!
A1XU4L0QTHU93T,B00004THCZ,4.0,2007-11,0,0,,15,Nice daytime lens
A13OR6VTA2EBH9,B00004THCZ,5.0,2010-07,0,1,0.0,16,Canon Telephoto lens
A32YRGGWZ56OCS,B00004THCZ,3.0,2013-10,0,3,0.0,33,It' Ok
A28FSKNDEGW9EM,B00004THCZ,5.0,2014-01,0,0,,23,Excellent - Great Quality
AXYIDAFJ8KCDM,B00004THCZ,4.0,2012-12,1,1,1.0,30,basic tele lens
A17Z0LVY96TO53,B00004THCZ,3.0,2010-11,1,1,1.0,196,EF 75-300mm F4-5.6
A9Q66U9SCV3Q9,B00004THCZ,5.0,2006-08,12,13,0.9231,232,Great fun for an Amteur!
A1D34RQ7RIERSY,B00004THCZ,4.0,2014-02,0,0,,51,Over all very good!
AIDSW2EQR47D6,B00004THCZ,5.0,2012-08,1,1,1.0,70,I like!
A3R42MDM98MW2Q,B00004THCZ,4.0,2007-04,4,5,0.8,36,Canon EF 75-300mm
A78J38NU18DDZ,B00004THCZ,4.0,2012-07,0,0,,36,Great Value
A1FW5ROF3LQC9Q,B00004THCZ,5.0,2013-04,1,2,0.5,51,"Not a camera connoisseur, but great lens."
AP547LW4G32Q1,B00004THCZ,4.0,2012-12,0,0,,20,cheap but good
A2IMZNPSJGB2HQ,B00004THCZ,3.0,2006-08,1,1,1.0,104,"Ok for the money, but there are better options..."
APHS8MGWHWJH7,B00004THCZ,2.0,2012-03,0,0,,121,Cheap works ok until it breaks
A314GYAJRTK8Y7,B00004THCZ,4.0,2013-02,0,0,,35,good lens
A10LSISVUDS2GH,B00004THCZ,5.0,2013-08,0,1,0.0,20,Zoomy
A1XLUNECWHYP6N,B00004THCZ,3.0,2009-03,0,0,,22,Should have kept saving $$
ANWDT4Q6RAJRV,B00004THCZ,3.0,2013-01,0,0,,53,Its a good starter lens
A39C3BAC8J9KVA,B00004THCZ,4.0,2009-01,4,6,0.6667,200,Excellent Value
A2YXYJ4JJC5BQB,B00004THCZ,1.0,2010-10,1,4,0.25,113,Waste of money
A372X2HNH627N1,B00004THCZ,5.0,2013-10,0,0,,92,Reach out to someone
A3LO3M39AF1HXI,B00004THCZ,4.0,2013-09,1,1,1.0,129,"Great as a step up from the 18-55mm ""kit lens"""
A1P6FGVEYCS4FQ,B00004THCZ,5.0,2013-03,0,0,,84,The picture quality is fabulous.
AM583EZIQ9YO5,B00004THCZ,4.0,2014-02,1,1,1.0,21,great lens for the price
A8OU2FHE8QWFS,B00004THCZ,5.0,2000-10,60,66,0.9091,168,Makes every photo look like a prizewinner
A2O9BLNNEAH7JI,B00004THCZ,4.0,2013-04,0,0,,23,Functions as expected
AHKZMAV762S4E,B00004THCZ,3.0,2011-09,0,2,0.0,37,Good for the price
A1W5ERSUQ9RX8F,B00004THCZ,5.0,2008-12,0,0,,15,Canon lens
A2UQK3DAZ8NO2T,B00004THCZ,3.0,2006-06,10,10,1.0,226,"Good, average telephoto zoom."
AF8XXTXR6MNL4,B00004THCZ,3.0,2009-01,3,3,1.0,97,move up one more small notch
A35K21L7HIH76Q,B00004THCZ,5.0,2005-08,38,41,0.9268,202,EXCELLENT LENS/VALUE FOR THE $$$$$$$$$$$$$
A1B6O7SAIYG2N0,B00004THCZ,5.0,2006-02,0,0,,38,Great for the Price
A24O7WFLDZG8EN,B00004THCZ,3.0,2014-03,1,2,0.5,49,Slow lense
A3I9HER2MU2OML,B00004THCZ,5.0,2013-03,0,0,,50,Canon EF 75-300mm f/4-5.6III Telephoto Zoom lens
A17FYFDILT57M0,B00004THCZ,4.0,2011-02,13,13,1.0,217,A great purchase for the novice
AEX6CQEO3QZ4M,B00004THCZ,1.0,2010-06,2,5,0.4,130,Worst lenses ever
A8AK2HEXCZN4Q,B00004THCZ,5.0,2013-02,0,0,,107,Great cheap lens
A3DXRN8UPJ6W2N,B00004THCZ,5.0,2012-06,0,0,,46,Great Lens
A1VMDYBJRZ0M12,B00004THCZ,3.0,2012-07,0,0,,91,it's ok
A2ZRYWFYQBVOQ2,B00004THCZ,4.0,2013-01,0,0,,56,Bundle this with a tripod.
A7J1N0NCJEDFI,B00004THCZ,5.0,2013-02,0,0,,41,Exactly what I wanted
A2JQZ1WA1UEQWK,B00004THCZ,5.0,2005-06,4,5,0.8,67,great lens
A35T95CVL2QB9O,B00004THCZ,5.0,2014-02,0,0,,46,Love the quality and results
A31P3WRM4BRRAV,B00004THCZ,4.0,2011-04,2,2,1.0,108,Not a bad deal for the money.
A1D0ZQA3MD7VLG,B00004THCZ,3.0,2011-09,0,3,0.0,27,useless without a tripod
A39DPQ464LPGVP,B00004THCZ,2.0,2009-01,0,0,,101,Poor image quality
ATTFTGJKCAHV,B00004THCZ,5.0,2011-11,0,1,0.0,39,75-300 cannon lens
A1IU7S4HCK1XK0,B00004THCZ,3.0,2013-12,2,2,1.0,253,"Meh (or in more technical terms, cheap lens, soft focus, slow)"
AND41V9HNRA0X,B00004THCZ,5.0,2013-08,0,1,0.0,20,Inexpensive and works great
A28KIQ00R1B50X,B00004THCZ,2.0,2011-06,0,0,,153,"It's not a good lens, but a good value for a beginner."
A3TLV6X0NJV934,B00004THCZ,4.0,2014-02,2,2,1.0,50,"great lens, but I wish it had Image Stabilization"
A2EBEC60QO7QGW,B00004THCZ,5.0,2007-08,3,3,1.0,47,great lens for the money
A3L7TRIJ13ROR3,B00004THCZ,5.0,2014-03,0,0,,37,Canon EF 75-300mm f/4-5.6 III Telephoto Zoom Lens for Canon SLR Cameras
A23VGBG17K5NJ3,B00004THCZ,3.0,2006-01,11,12,0.9167,238,"Pay for cheap, get cheap..."
AONVF6RGZHT0E,B00004THCZ,5.0,2013-02,0,0,,28,Awesome for the price.
A1LCOMU8L6C05Z,B00004THCZ,5.0,2013-01,0,0,,71,I love this lens
A1SMCTGDM2LK7X,B00004THCZ,5.0,2013-07,0,0,,19,Lens
A2P0HSG8FQUO76,B00004THCZ,5.0,2012-10,1,1,1.0,26,Fantastic!!
A24G8O1KZ911TW,B00004THCZ,5.0,2011-04,1,1,1.0,77,Great starter telephoto
A2VB5FKZMKLVPV,B00004THCZ,5.0,2014-06,1,1,1.0,45,Works very well for me!!
A34NI8DC5AAE2W,B00004THCZ,4.0,2013-06,0,0,,309,Decent Portrait Lens and Telephoto; great addition to your kit if on a budget
A196D8WNI6JXBZ,B00004THCZ,4.0,2014-02,0,0,,28,"Nice zoom lens, came on time, well packaged"
A1CAP5AJ7JMHKS,B00004THCZ,4.0,2010-05,0,0,,18,Great lens.
A20ZDV9ZEESN5K,B00004THCZ,5.0,2004-02,30,33,0.9091,135,Great value
A2JAUEU9WI3D95,B00004THCZ,5.0,2013-05,0,0,,26,Good price for this lens.
A32OKDKPS1DAO6,B00004THCZ,5.0,2012-12,0,0,,22,Works as described
A37D0RO6MQ230W,B00004THCZ,5.0,2011-09,1,1,1.0,22,Work for me. Very sharp
A9V1ACRKPKQWT,B00004THCZ,2.0,2011-01,1,3,0.3333,87,To old for today's cameras
A5KMMY627T3W,B00004THCZ,5.0,2008-10,13,14,0.9286,275,Undeserved negativity.
A32OOHIQN9GFMH,B00004THCZ,4.0,2009-06,1,5,0.2,66,pretty good for the money
A33US71RSEBUSC,B00004THCZ,4.0,2007-12,4,4,1.0,192,"Good Value, poor sharpness."
A3V7Y6EPPSN6HZ,B00004THCZ,5.0,2013-04,1,1,1.0,255,Very satisfied
A1OV3CJD0MFYTU,B00004THCZ,5.0,2013-04,0,0,,27,Good Extension
A3PJHDLQBKM4PL,B00004THCZ,5.0,2013-08,0,0,,20,Great investment
AN2Y0K0LM7IGF,B00004THCZ,5.0,2014-06,0,0,,78,Great addition for my cannon
A2ZY56ETQFB9L8,B00004THCZ,5.0,2011-05,2,2,1.0,97,Great versatile lens!
A13P1SRWGJTBSO,B00004THCZ,5.0,2013-09,0,1,0.0,25,Great for backyard shots
A3XL1ZRLXVZM8,B00004THCZ,5.0,2008-02,0,1,0.0,52,Fun lens!
A2R81A5S1AJC3F,B00004THCZ,3.0,2006-07,6,6,1.0,94,A nice thrifty choice.
APVLFUAI3IDF7,B00004THCZ,4.0,2008-02,1,2,0.5,36,linhminy
A1ILS0R3USIU9O,B00004THCZ,5.0,2013-09,0,0,,79,Does what it's supposed to do
A1MC53GFOTUSAB,B00004THCZ,5.0,2013-12,0,1,0.0,38,Canon EF 75-300mm f/4-5.6 III USM Telephoto Zoom Lens for Canon SLR Camera
A32R2880NCFLGR,B00004THCZ,5.0,2013-12,1,1,1.0,31,Great Lens
A2TLDIYYGLF0G,B00004THCZ,2.0,2013-03,0,0,,22,"For a lens that has been around for a while, no focus at infinity"
A1977GWEGAYE2N,B00004THCZ,3.0,2006-08,8,9,0.8889,195,Pretty slow.
ARXU3FESTWMJJ,B00004THCZ,2.0,2008-01,19,22,0.8636,203,"Not recommended, there are better lenses even in this price range."
ALS5SVPGWX1S6,B00004THCZ,3.0,2008-11,3,4,0.75,175,"great value, but you will desire more shortly"
A2EQPRSBX2R6ES,B00004THCZ,4.0,2008-11,3,3,1.0,61,"A little slow, but worth the money"
A1F2QYMDONSF7I,B00004THCZ,4.0,2002-12,32,33,0.9697,102,Useful zoom lens
A3JU243J8NU729,B00004THCZ,3.0,2007-02,15,15,1.0,131,Depends on your expertise and budget.
A3445SRT7KJ6FN,B00004THCZ,5.0,2014-02,1,1,1.0,31,Good lens for the price
AV1B3S6ONDIWL,B00004THCZ,4.0,2014-03,1,1,1.0,80,i like it
A3QO3RJHS5O468,B00004THCZ,2.0,2013-03,1,1,1.0,70,Not what I expected
A2I9HGYUMH5H4Y,B00004THCZ,4.0,2014-03,0,0,,96,"Good ""kit"" Quality Lens"
A2GGKJ318HO2GE,B00004THCZ,3.0,2005-06,17,18,0.9444,427,Good Price - Fair Optics - Limited Performance
A1PR7UDVQ8QSFF,B00004THCZ,4.0,2014-02,4,4,1.0,856,Best telephoto lens for beginner/intermediate photographers
A3DRT9IRH63ZHB,B00004THCZ,4.0,2006-01,20,20,1.0,186,Nice Lens for the Price if Stopped Down
A1KI5B6SW3GUBY,B00004THCZ,5.0,2013-01,0,1,0.0,20,lens
A262G6Q4J29VPD,B00004THCZ,5.0,2013-02,1,1,1.0,99,Love this lens!
A3LA9S2FF04OGJ,B00004THCZ,4.0,2012-12,0,0,,32,Canon EF-300 Telephoto Lens
A10KI8CUGFN14O,B00004THCZ,5.0,2007-01,3,4,0.75,49,Good telephoto lens for starters
A1LUQ4UWRA1REZ,B00004THCZ,5.0,2010-02,6,7,0.8571,91,This lens has been perfect for me
A2XDJAEWOYWEYA,B00004THCZ,3.0,2010-03,0,0,,72,Could be better
AA9FDKGOIAYH3,B00004THCZ,4.0,2000-10,49,52,0.9423,62,great lens with few problems
A3KGQOLVUA7DV8,B00004THCZ,4.0,2013-02,0,0,,24,Gift
AEESSZ8F5S7X6,B00004THCZ,3.0,2012-10,0,0,,48,Alright for the price
AZZA7IQWTXCH3,B00004THCZ,2.0,2010-08,0,0,,181,Only good if this is all you can afford
A18UVDQMISP7YA,B00004THCZ,3.0,2013-05,0,0,,53,Great for the price
A2VZRPRIOAYJEV,B00004THCZ,5.0,2013-01,0,0,,22,Yay! Finally
A27QJSPXDC0982,B00004THCZ,4.0,2013-01,0,0,,41,great lens
A23COTZ159C7E5,B00004THCZ,4.0,2014-02,1,1,1.0,68,I really wanted a 300mm but couldn't afford one.
A1P2V821D899GB,B00004THCZ,4.0,2008-04,1,3,0.3333,36,A touch on the heavy side
A2V142MS1OHRFZ,B00004THCZ,5.0,2013-06,0,0,,48,Great lens!
A2O0OMNWUPRF59,B00004THCZ,4.0,2009-04,3,3,1.0,65,Canon EF 75-300mm f/4-5.6 III Telephoto Zoom Lens for Canon SLR Cameras
A3BI9UH1SCIQG9,B00004THCZ,4.0,2011-06,0,1,0.0,36,Great Zoom on a 1.6x and full frame....
A354OVU5DU050Q,B00004THCZ,5.0,2007-05,15,15,1.0,120,Great lens for the money.
A3355TU2GYGQQ3,B00004THCZ,5.0,2008-06,5,5,1.0,119,Great! -This lens took action shots.
A36FRBJ4QO0RQ3,B00004THCZ,5.0,2013-12,0,0,,23,Great price on great lens.
A5MCDQ60DWUEV,B00004THCZ,4.0,2011-07,2,2,1.0,152,"Decent Lens, not great though."
A2ZWHO87S7L5DA,B00004THCZ,3.0,2013-12,2,2,1.0,40,unsteady hand be aware
A35EXMSN4DPU9I,B00004THCZ,3.0,2007-12,3,3,1.0,102,Long Focal Length on the Cheap
A11312A9J5RL9J,B00004THCZ,5.0,2010-12,1,1,1.0,60,Great price for a Great Lens
A16NHVBIU3VE4B,B00004THCZ,3.0,2010-12,6,6,1.0,299,A good lens when limits are understood
A2VPSHOKIKSLJY,B00004THCZ,2.0,2010-11,0,0,,118,Not bad for a novice user
ABPI1E6Y8FNAB,B00004THCZ,4.0,2011-12,0,0,,26,Bought this 3 years ago
AIAN4QGC6X2U9,B00004THCZ,4.0,2013-01,0,0,,58,Difference in the lenses
A3IDFHUI53L11Y,B00004THCZ,4.0,2007-06,7,7,1.0,229,"Good for the price, but....."
A1Z3LA4T9GJM5R,B00004THCZ,5.0,2013-04,1,1,1.0,35,A good zoom lens
AM7BCX3ZCQ70V,B00004THCZ,1.0,2004-11,47,58,0.8103,73,Just awful.  Skip this lens.
AQD4Y38IFTXEA,B00004THCZ,5.0,2007-08,2,3,0.6667,39,Great for the Price!
A1Y363HWR2D0B7,B00004THCZ,5.0,2013-03,0,0,,27,"Good Quality, Great Price"
ACC5EUH4URLUU,B00004THCZ,5.0,2012-09,0,0,,20,Great  zoom
AJOA5W5YFUCCV,B00004THCZ,4.0,2014-02,0,0,,39,A Good Beginning Telephoto Lens
A19VCE46OWKKLP,B00004THCZ,5.0,2013-08,0,0,,24,Nice lens for the price
A3KNDQ98179AHY,B00004THCZ,2.0,2007-03,6,7,0.8571,155,Worth every penny
A31FHQVCAND5TD,B00004THCZ,5.0,2014-03,0,0,,60,Perfect sports starter lens
A2PZ3URE2O6S8G,B00004THCZ,3.0,2009-09,5,6,0.8333,485,"Not good for Aviation photos, but might be ok for portraits"
A42D8DYQ7EVJT,B00004THCZ,5.0,2013-02,0,1,0.0,56,Awesome product and price!!!
A1HSM98KUGTHNY,B00004THCZ,4.0,2014-03,0,1,0.0,65,good lens
A17OOVKR08H7FR,B00004THCZ,4.0,2012-06,0,0,,58,-Nice Little Lens-
A25SMO52DJBB1Y,B00004THCZ,5.0,2011-06,1,1,1.0,177,Very good lens kit.
A3C2P53X7OVOKX,B00004THCZ,5.0,2011-08,2,2,1.0,44,Great lens
AGEVDBT717WU2,B00004THCZ,4.0,2009-09,1,1,1.0,27,image stabilization
AE3B4JNHK2AWA,B00004THCZ,5.0,2013-04,0,0,,22,Works great
A1M03LEAHM933E,B00004THCZ,5.0,2012-12,0,0,,44,Excellent
A1ZZR25X0CNOJX,B00004THCZ,5.0,2012-12,1,2,0.5,213,Works great!
A1NY3TMEB8KEW2,B00004THCZ,5.0,2009-06,0,2,0.0,97,Great Deal on Camera Lense
A17ZGZHO81XVC2,B00004THCZ,5.0,2010-10,0,0,,26,"Good Deal, nice lens"
A2U4Z76U7DF68,B00004THCZ,4.0,2007-12,0,0,,65,Good Lens
A1AM1RHN5GXOOG,B00004THCZ,5.0,2012-11,3,3,1.0,100,Love this lens
A2N0UGB60G110F,B00004THCZ,5.0,2013-04,0,0,,20,great lens
A1AUBZQQ1AWSP9,B00004THCZ,5.0,2008-02,0,0,,20,Great Lense for Low Price!
AA75INOMAHULX,B00004THCZ,5.0,2013-09,0,0,,20,Cannon Lense
AUDW7XTPPD79T,B00004THCZ,5.0,2014-07,0,0,,7,great lens
AO8IMELSF9A7F,B00004THCZ,5.0,2014-06,0,0,,346,Value
A3PHHFN21LG8L,B00004THCZ,5.0,2013-06,0,0,,58,Just what I was looking for.
A3M26CG1IIP9MX,B00004THCZ,5.0,2009-01,0,2,0.0,68,I like it
A2FE3EQGIYQTLG,B00004THCZ,4.0,2013-03,1,1,1.0,57,Very nice lens
A3Q6IF3UZ6T1X8,B00004THCZ,5.0,2008-10,0,2,0.0,91,Love it!
AEJN0RZCBNXTA,B00004THCZ,5.0,2013-11,0,0,,25,Yes..Yes..Yes!!!
A38ONUWY6M0KZU,B00004THCZ,4.0,2013-05,0,0,,48,"If I took more pictuers, I'd probably give it a 5*"
A2YVLGHD3YK5M,B00004THCZ,5.0,2008-12,0,0,,83,canon ef 75-300mm telephoto zoom lens
A3BQPLQONW58RK,B00004THCZ,5.0,2009-02,35,36,0.9722,429,A Telephoto zoom lens to begin your journey in DSLR photography
A2QVVJUAHMMFQU,B00004THCZ,3.0,2013-02,2,2,1.0,44,Better options exist
A2QLJA07RV41US,B00004THCZ,4.0,2011-11,4,4,1.0,187,Great for someone who doesn't know better
A3BHPD32RSZJQX,B00004THCZ,5.0,2013-04,1,1,1.0,227,Almost Did Not Buy Because of Negative Reviews.
A34WYT35SQGBH3,B00004THCZ,5.0,2012-01,0,0,,23,love it
A2BUPVAQ8NN7EU,B00004THCZ,1.0,2005-09,16,29,0.5517,221,Poor quality
A2QB3BKGDVG6DX,B00004THD4,3.0,2010-08,6,7,0.8571,95,380ex is great as a fill flash
A17GV9STD2PEMQ,B00004THD4,5.0,2013-04,13,13,1.0,74,Great Flash for my Rebel T3 DSLR
A3SMN4GQEQBCJ5,B00004THD4,4.0,2001-12,16,16,1.0,169,A great mid level flash for the EOS system
ACDHUPAMZR7DC,B00004THD4,5.0,2013-12,0,0,,48,nice flash
A2U4Z76U7DF68,B00004THD4,3.0,2011-04,3,4,0.75,174,Using 380EX with my Rebel XTi
A1Y09QLADQYQJG,B00004THDE,5.0,2013-02,2,2,1.0,60,Excellent!
A3H78NCT3DJMY2,B00004THDE,5.0,2000-09,57,61,0.9344,114,Oh.....My.....God!
AJ4R2PH6G98ND,B00004THDE,4.0,2011-03,1,1,1.0,84,Great but could use a little upgrade
A2E3CXT3CJDCUC,B00004THDE,5.0,2002-04,21,22,0.9545,74,Get these binoculars...
A3U9RATIL4DAB2,B00004THDE,5.0,2009-11,8,8,1.0,172,"Beautiful Optics, Excellent Performance"
A3NO2DP8NTQ3E7,B00004THDE,5.0,2007-12,5,9,0.5556,153,CANON; The products and the service.
A312JTRQVEA4G7,B00004THDE,2.0,2011-03,16,21,0.7619,323,Two optical defects and a design flaw
A32AKKZRP848H8,B00004THDE,5.0,2000-09,27,28,0.9643,201,Almost a hand-held telescope
AKEF85M7R9RGK,B00004THDE,5.0,2012-01,3,3,1.0,94,None better!
A20DHSLIR6QPO0,B00004THDE,4.0,2011-12,2,2,1.0,412,Initial thoughts
A3DMK9OFGHKA8U,B00004THDE,5.0,2007-02,27,30,0.9,157,The best high powered binoculars for handheld use.
A2EPAYUAQ8P78W,B00004THDE,5.0,2006-01,34,36,0.9444,198,Just as I expected...
A1WVS59FQETT75,B00004THDE,5.0,2014-07,0,0,,51,Simply Amazing
A3BHLQE9PAJI0,B00004THDE,5.0,2014-05,2,2,1.0,441,Hand Held Happiness
A29Q4R53TBNAYR,B00004THDE,3.0,2011-04,7,9,0.7778,31,Missing Common Sense Parts
A231WM2Z2JL0U3,B00004THDE,5.0,2001-05,30,31,0.9677,106,This will float your boat.
A3TU618RIP1SGL,B00004THDE,5.0,2010-07,0,0,,208,I love these binoculars!
A2DU3ID6V8TCW6,B00004THDE,5.0,2009-03,10,10,1.0,89,Awesome
A2DVPGMT4IU827,B00004THDE,5.0,2007-04,21,22,0.9545,189,Excellent For Daytime And Astronomy
A2SEEDV7NNPIBG,B00004THDE,4.0,2007-01,20,21,0.9524,121,IS makes a world of difference!
A3U760Q06JVW92,B00004THDE,5.0,2000-11,10,32,0.3125,304,Suitable for bird-watching and 18x magnification not 50x
A17HMM1M7T9PJ1,B00004THDE,4.0,2008-06,47,47,1.0,513,"Great, But Not My Favorite Canon IS Binoculars"
AS21S3XF7XEG1,B00004THDE,5.0,2011-10,5,5,1.0,73,Owned a pair for 3 years now
A338WMJ8QUF79,B00004THDE,3.0,2011-08,4,4,1.0,121,The Eye Cups are TERRIBLE....
APTTY8AYIJRXG,B00004THM6,4.0,2013-07,0,0,,45,"great for zooming, bad for low light."
A3C0H04U0QRNGO,B00004THM6,5.0,2012-12,1,1,1.0,20,Great starter lens.
AY8Q1X7G96HV5,B00004THM6,4.0,2000-11,22,41,0.5366,167,Canon's EF 80-200mm f/4.5-5.6 II...
A1NBYDWT892WMS,B00004THM6,5.0,2007-10,3,3,1.0,170,Great Little Zoom Lens (extremely light)!!!
A37YBFELWPSCLB,B00004THM6,4.0,2012-11,1,1,1.0,62,Great for portraits
A1L21TBR5TJ21T,B00004THM6,4.0,2007-12,2,2,1.0,280,Middle of the road lens...
AA9FDKGOIAYH3,B00004THM6,4.0,2000-10,43,43,1.0,147,Good starter zoom at a great price
A1E9RGETV1X5LK,B00004THM6,3.0,2012-05,1,1,1.0,70,Canon EF80-200mm f4.5-5.6 II
A3BO1VM9CSCWW1,B00004THM6,4.0,2005-03,6,6,1.0,68,Perspective of a casual photographer
A12UQZS58C1DQ6,B00004THM7,5.0,2013-12,0,0,,38,Worth every dollar.
AJLUJQ4CWUEIR,B00004THM7,5.0,2005-03,11,11,1.0,71,Wireless E-TTL
A28DFWTBTUDAJJ,B00004THM7,5.0,2003-08,2,8,0.25,24,550 EX Canon Flash
AOCOIFM61SA7F,B00004THM7,5.0,2013-09,1,1,1.0,21,Works very well
A3735ONQL764JD,B00004THM7,5.0,2014-06,0,0,,123,Excellent Speedlite  Prior Model and alot like its successor the 580ex.
A2BFQZMGDGXC2M,B00004THM7,4.0,2004-11,38,38,1.0,425,"Expensive but worth it, especially for eos digital rebel"
A13B39ZS8W9SQO,B00004THM7,5.0,2004-08,29,29,1.0,294,Excellent flash (though soon obsolete)
A1LAGLKT5I2ME0,B00004TJ0L,5.0,2010-06,0,0,,50,very nice and cheap
A387C579TCK3BG,B00004TJ0L,4.0,2009-09,0,0,,21,Good inexpensive cleaner for photographers.
A9Y5O2R4D6EH5,B00004TJ0L,4.0,2006-12,6,6,1.0,74,This and a good dust blower for DSLR
APHPXV5RY2SDP,B00004TJ0L,5.0,2011-12,0,0,,28,Great Pen
A2BGZ52M908MJY,B00004TJ0L,5.0,2001-02,14,18,0.7778,42,Great compact cleaning pen
A321QMD4CPT21S,B00004TJ0L,4.0,2006-02,0,3,0.0,14,Useful and convenient
A1ES9IQ5EZ4XQF,B00004TJ0L,5.0,2012-04,0,0,,23,Take anywhere lens AND camera=equipment.
AVFB9B931P1CJ,B00004TJ0L,4.0,2010-02,0,0,,46,Indespensable
A3IZXJRV8RHUQC,B00004TJ0L,5.0,2007-07,0,0,,107,Works great!
A3OFI1JD2KA9WD,B00004TJ0L,5.0,2010-10,0,0,,134,This thing works better than expected.
A1NI52A6BBZSZO,B00004TJ0L,3.0,2007-05,4,4,1.0,75,"Sima Lens Pen, not exactly what I expected"
A3KFLKO5MSTRCZ,B00004TJ0L,5.0,2012-02,0,0,,44,Works great
A38SN37XVGG1R7,B00004TJ0L,5.0,2010-08,0,0,,24,Nice addition for the camera
AZZR8DUVE5L8O,B00004TJ0L,5.0,2007-07,0,0,,55,Works Great!
A99C0X6M72RM3,B00004TJ0L,4.0,2007-01,4,4,1.0,59,Excellent and compact lens cleaner
A3OXHLG6DIBRW8,B00004TJ7O,5.0,2009-09,1,1,1.0,277,Going On 9 Years - Highly Recommended!
A3759SJ9AA9QVU,B00004TJ7O,5.0,2012-09,0,0,,49,satisfaction
A3U38OLADLTYTW,B00004TJ7O,5.0,2013-12,1,1,1.0,117,best camera i owned years ago
A3RRHP4XAI4KUI,B00004TJ7O,5.0,2005-04,1,1,1.0,43,Outstanding value
A3KA40XY9YRJR2,B00004TJ7O,5.0,2006-11,1,1,1.0,93,6 years and going
A1XX37HBK45UG8,B00004TJ7O,5.0,2000-12,57,58,0.9828,244,You can't get a better bargain right now.
AQSW6WDVCJGB8,B00004TJ7O,5.0,2006-07,2,2,1.0,46,"GREAT CAMERA, Last forever!"
A8PLLO3D3VCTH,B00004TJ7O,5.0,2003-02,3,3,1.0,62,Workhorse!
AB10W5FUXWAJ,B00004TJ7O,4.0,2000-10,49,52,0.9423,120,Nice camera - a little expensive
A208OZ5XMMPKGS,B00004TJ7O,5.0,2001-02,46,46,1.0,493,What are you waiting for?
A36XQ1OK9UUSB0,B00004TJ7O,5.0,2001-06,32,34,0.9412,318,Great Pics !!!! Excellent Camera !
A1VUCCLEP5OADL,B00004TJ7S,4.0,2009-11,1,2,0.5,24,Good Film Camera
A12I3HHLUD6WY9,B00004TJ7S,5.0,2010-09,4,4,1.0,221,One Tough Camera
AQ64NMZDUVYN7,B00004TJ7S,5.0,2012-12,1,1,1.0,53,GREAT 35MM!
A2NSR2R4M8CWC2,B00004TJ7S,5.0,2009-06,10,10,1.0,180,This camera has a secret advantage over any digital slr
A2OAJN06TQ9KAT,B00004TJ7S,5.0,2012-06,2,2,1.0,53,A photographer's best pal
A1HRYC60VTMYC0,B00004TKVD,4.0,2009-01,1,1,1.0,64,Great for the price and size
AZSH7IFNZR62F,B00004TKVD,4.0,2013-05,1,1,1.0,171,ok portable cb
A2ZH26QW2ZPK2C,B00004TKVD,4.0,2007-01,50,53,0.9434,189,Very functional hand-held CB
A3LBEV0UWH9V2G,B00004TKVD,3.0,2014-03,0,0,,200,"Can't tell yet, I guess."
APDFEF98QERT4,B00004TKVD,5.0,2012-12,3,3,1.0,73,Great portable CB!
A2L5NKHS28Z6D9,B00004TKVD,3.0,2013-10,0,1,0.0,22,"it works, but you better be close"
A3O9CEWSECCH78,B00004TKVD,4.0,2013-11,0,1,0.0,94,Works well for my excavating company.
AMYQVXWY2MIFK,B00004TKVD,5.0,2014-01,0,0,,57,Good quality
A3N3HVST9WIHZR,B00004TKVD,3.0,2014-05,0,0,,78,Ok.
A1BJUMKKRLK9XX,B00004TKVD,4.0,2010-02,41,44,0.9318,91,Identical to the ROAD TRIP model but lacks magnetic antenna
A3ELMB2P2QFT7U,B00004TKVD,5.0,2009-06,4,5,0.8,86,great with the right setup
A3E9VBNS25Z9FI,B00004TKVD,4.0,2007-07,4,5,0.8,102,Decent for occasional road trip use
A1XTMFRRN9DPK2,B00004TKVD,4.0,2013-01,0,2,0.0,31,It gets out
A2JTL1WA0R3J3V,B00004TKVD,5.0,2007-07,6,7,0.8571,74,Very Pleased
A1N0CTKU6VZPIT,B00004TKVD,4.0,2010-11,16,18,0.8889,23,Love it
A2N1GE2B8QXK08,B00004TKVD,5.0,2012-06,5,6,0.8333,72,A waki talki on steroids
A3LIQUWLYJKN3N,B00004TKVD,1.0,2012-06,2,9,0.2222,23,CB
AFV0UZAXA95TL,B00004TKVD,5.0,2014-03,0,0,,22,it works.
AEC0I4XOMJJ72,B00004TKVD,3.0,2011-10,17,17,1.0,143,"40 feet maybe, not 4 miles"
A2DCZF2RN31FNK,B00004TKVD,5.0,2014-02,2,3,0.6667,52,Great low range handheld
A14MDHUI5P0029,B00004TKVD,5.0,2013-10,0,1,0.0,55,"These are a exellent hand held CB, I like the weather channels on it too. Terry Sauers owner Mid-Michigan Pilot Car Group"
A1ANK8ZVPWIL1P,B00004TKVD,5.0,2014-03,0,0,,38,Awsome Item
A1F81SAQBP04IW,B00004TL5Q,5.0,2004-07,1,2,0.5,11,Awesome w/ ipaq 1910
A2UFC4VCQXX4F,B00004TL5Q,5.0,2002-03,2,2,1.0,100,great product!
AOCH3ON3BIM7O,B00004TL5Q,5.0,2002-03,4,4,1.0,139,AWESOME! - &quot;Poor Man's Laptop!&quot;
A39FOHN4RAHGB6,B00004TL5Q,5.0,2007-08,0,0,,92,"Easy to use, makes a palm a laptop"
A8HZL68EGLI18,B00004TL5Q,4.0,2000-07,52,54,0.963,202,"Fantastic product, but at a price"
A2ZL75KJU11RLO,B00004TL5Q,5.0,2002-07,1,1,1.0,77,A must have for any PDA
AVB1BHAHK1YH0,B00004TL5Q,1.0,2005-07,7,7,1.0,107,Caveat Emptor
A2OZDMW87K5XSO,B00004TL5Q,5.0,2003-01,0,0,,47,Cool little gizmo!
A1JUJGHMNIUSWR,B00004TL5Q,2.0,2003-09,0,0,,413,Does not work on Casio E200 or E125
A3FTI86WAVJOLG,B00004TL5Q,5.0,2000-05,24,26,0.9231,122,"Flexible, and Comfortable"
A3EPOKANU798QW,B00004TL5Q,5.0,2003-05,1,1,1.0,86,Techno-Origami at its finest!
ALRBBAELSG0X6,B00004TL5Q,5.0,2001-03,9,9,1.0,412,Stowaway in use everywhere. In use at school It's awesome!
AR3ECVXFV9VRJ,B00004TL5Q,4.0,2002-06,9,9,1.0,274,Almost perfect.
A304AY9M0FAI3Y,B00004TL5Q,3.0,2002-07,0,2,0.0,165,Good as long as it works
A2XCALYSPH9WUV,B00004TL5Q,5.0,2001-08,1,1,1.0,78,Makes a hand held more like a laptop
A2B7BUH8834Y6M,B00004TL5Q,5.0,2001-08,41,43,0.9535,235,You've GOT TO HAVE THIS
AN30G4IKL1BMZ,B00004TL5Q,5.0,2001-05,0,0,,107,"Very easy to use and fold, wonderful!"
A2OBHC9ED59WO1,B00004TL5Q,5.0,2001-12,13,13,1.0,292,Convert your palmtop Visor into a desktop: 5 Reasons to buy
ABKHKGA3OVZ05,B00004TL5Q,1.0,2004-09,11,12,0.9167,95,Don't waste your money
AJTYN2L8T5FER,B00004TL5Q,5.0,2002-05,1,1,1.0,40,Great!
A1NOWEOLKMRRXM,B00004TL5Q,4.0,2002-06,2,2,1.0,266,Very good overall...few *techy* issues with it
A17MR3U4MPW65C,B00004TL5W,4.0,2000-06,10,11,0.9091,90,Handy way to sync without a cradle
A2AFT2VCH2S01B,B00004TL5W,5.0,2000-12,11,12,0.9167,322,Get one if you travel--nice little cable
A3FTI86WAVJOLG,B00004TL5W,5.0,2000-07,8,9,0.8889,145,A traveling MUST have
A3CRQJ402U1G0J,B00004TL5W,4.0,2001-06,0,0,,91,Handspring Mobility at its best.
AJTYN2L8T5FER,B00004TL5W,1.0,2001-03,1,15,0.0667,73,Good Concept... If it only would work.
A2SKHEHJ4TM1LE,B00004TRD9,5.0,2000-12,1,2,0.5,43,Way Cool!
A1RMT8M3X6SYFN,B00004TRD9,2.0,2009-07,1,1,1.0,362,"Blow The Dust Off, First. . ."
A3S87ZOPB3UM9N,B00004TRD9,5.0,2000-11,7,8,0.875,502,Works great and I have no idea what I'm doing
AS269J1OGZT1V,B00004TRD9,5.0,2000-07,8,8,1.0,122,Really The Easiest Solution for Home Nets and Cable Modems
A1M542G46C8C7N,B00004TRD9,5.0,2001-02,5,5,1.0,169,Simply works and does its job.  Even a newbie can use
A3H1NI0FSDFMWX,B00004TRD9,4.0,2002-01,2,2,1.0,124,"Great for workgroups, little trickier with domains"
A3UJQN65YXBL50,B00004TRD9,5.0,2001-10,1,2,0.5,30,"Very easy to setup, highly recommended"
A1MJWOYNJSZPPJ,B00004TRD9,5.0,2002-03,3,4,0.75,69,Can't beat this device
ACBBEVVSNJ32F,B00004TRD9,1.0,2001-02,8,12,0.6667,177,garbage
A138B0GK83O33R,B00004TRD9,5.0,2001-11,0,0,,44,A great product! - Delivers exactly what is promised
AQ6XS10RR7CE0,B00004TRD9,4.0,2000-11,3,4,0.75,54,works great with @home
ANTGGAQYPSWHF,B00004TRD9,4.0,2000-12,2,2,1.0,58,Good enough for my home network
A39FKRQK3E8VZQ,B00004TRD9,5.0,2001-08,0,0,,58,Worked right out of the box!
A34VCCL1YO6D0I,B00004TRD9,5.0,2000-12,34,34,1.0,265,Best Consumer line of routers on the market today!
ATW2I5S6S2PFA,B00004TS16,5.0,2002-01,23,23,1.0,396,"Great camera, but some cons."
A11D3W4CFYZNHM,B00004TS16,4.0,2001-11,0,0,,382,Need a tiny camera? Need  a Tough Camera? This is the one
ALUV2YKWZENKK,B00004TS16,4.0,2002-07,0,0,,149,"pics a little dark,"
A213UFMBOI3IUF,B00004TS16,4.0,2000-11,34,37,0.9189,318,Smallest digital camera which is any good - &amp; waterproof!
A3TRPVAGT3NWBS,B00004TS16,5.0,2001-06,12,12,1.0,318,The Perfect Camera for &quot;Fun Photos&quot;
A321UWX6A3K66B,B00004TS16,5.0,2000-10,46,47,0.9787,102,Excellent for travel
AD3PVF4GNKD4I,B00004TS16,5.0,2000-10,50,50,1.0,133,Too cute for words
A11HV501OX9MNV,B00004TS16,4.0,2004-12,4,4,1.0,462,One of the better *compact* cameras for beginners
A3EJDV2RTFROU4,B00004TS16,4.0,2001-02,7,9,0.7778,388,Canon Digital Elph
A25C1PGDWZ5G3V,B00004TS16,3.0,2010-08,0,3,0.0,39,Now what did I do with this camera
A2GBHZL855WFH3,B00004TS16,5.0,2000-06,25,28,0.8929,55,Amazing
AIU8YRECU4HZ4,B00004TS16,5.0,2001-09,8,10,0.8,77,size matters
A5JLAU2ARJ0BO,B00004TS16,5.0,2001-01,17,18,0.9444,248,No longer a skeptic
ATWGAAUYYLACR,B00004TS16,5.0,2001-02,23,23,1.0,327,Dynamite comes in small packages...
A8EDTKSPOMRWK,B00004TS16,5.0,2001-05,29,29,1.0,593,The &quot;take everywhere&quot; 2.1 megapixel choice
A1EARN5PUVIF1S,B00004TS16,5.0,2000-07,63,64,0.9844,461,The World's Smallest and Cutest Digital Camera
A3FTI86WAVJOLG,B00004TS16,5.0,2000-08,99,102,0.9706,662,Who says size doesn't matter!
A3NU7HS5TUSU74,B00004TS16,5.0,2000-07,31,32,0.9688,270,"Small, delightful and well-designed"
A3MOYH4ZADV478,B00004TS16,5.0,2001-01,2,2,1.0,112,Did I say I would never lug a camera around again?
A3GAEVQR5F9Q9J,B00004TS16,5.0,2002-02,4,4,1.0,121,Get it
ACD8ZMA7CXVF1,B00004TS16,5.0,2001-11,8,8,1.0,136,Point-and-click ease with an attitude
A105GWGM7PDAI2,B00004TS16,5.0,2002-05,0,1,0.0,164,Small For A Reason
A31BD4RXCON7QO,B00004TS16,5.0,2009-10,0,0,,78,My first digital camera
A33ENNU5G60VIH,B00004TS16,5.0,2002-02,3,3,1.0,107,This camera is F'n Mint!
AH8NYD41MAT61,B00004TS16,4.0,2000-11,31,31,1.0,128,Nifty point and click camera
A32UT0N3BGO8KN,B00004TS16,5.0,2000-09,25,27,0.9259,137,My favorite toy!
A2DN7RUNX06BZ1,B00004TS16,5.0,2000-09,10,10,1.0,147,slick little digicam
A3VW47C62Q0RML,B00004TS16,5.0,2000-09,50,51,0.9804,172,Excellent package.  Everything is in this tiny camera.
A26FYKG5LAHRUH,B00004TS16,5.0,2001-04,8,10,0.8,169,Simply the best
A3IQEPONXLFJ9A,B00004TS16,5.0,2001-03,4,6,0.6667,96,Extremely cool.
A231WM2Z2JL0U3,B00004TS16,5.0,2000-11,33,33,1.0,263,"Four Months, Zero Problems; Price break too!"
A1FGL6IPRPCR9J,B00004TS16,5.0,2001-07,4,5,0.8,146,Alot in a small camera
A3N0U283FPLHGD,B00004TS16,5.0,2002-05,0,1,0.0,23,I love this Camera
A3GB92BPDHSAOA,B00004TS16,5.0,2001-01,29,30,0.9667,218,Most practical camera
AHY2KG32696ES,B00004TS16,4.0,2001-03,19,21,0.9048,424,not bad--for better quality pics get 3.1Mpix or higher
AFFQ5K0IT2H0L,B00004TS16,4.0,2001-07,7,7,1.0,191,A great little digital camera!
A2H2VSTCFJMMTP,B00004TS16,4.0,2000-11,10,12,0.8333,245,Happyt together
A268WAQS5WNMGJ,B00004TS16,4.0,2000-12,12,14,0.8571,124,This is the one to get
A2R6F8XP2DL6RC,B00004TS16,4.0,2002-07,2,2,1.0,199,Gone but not forgotten
A19Y5TZ03B0Z7C,B00004TS39,5.0,2001-02,20,20,1.0,33,Perfect size for CDs
A28Y587UOB6VCS,B00004TS39,5.0,2011-01,0,0,,33,"Quality product, easy to use"
A2BAKWNFT9N7L5,B00004TS39,5.0,2007-03,4,4,1.0,21,Labeling Tape
A8LEFDO3AKIJP,B00004TS39,4.0,2013-06,0,0,,59,Great for small items -- toddler lunch tupperwares
A3VD9J3FIVJTF2,B00004TS39,3.0,2007-08,2,4,0.5,60,Brother P-Touch Tape can be cranky
A18AW14NE61NOT,B00004TS39,5.0,2011-09,0,0,,37,Great price & work well
A2FB4H1WFR1GDL,B00004TS39,5.0,2014-04,0,0,,31,Perfect size for CD jewel cases
A2G88IFSSK591Y,B00004TS39,5.0,2009-09,1,1,1.0,74,Wow.
AWBZAHKAN64CO,B00004TS39,5.0,2009-03,0,0,,17,good product at a good price!
ACT1EPHFS9E7V,B00004TS39,5.0,2013-11,0,0,,20,perfect
A1SIX968W2WNZM,B00004TS3B,5.0,2004-02,5,5,1.0,52,Now..if it would GLOW in the dark.....
A2YA6QX577CK8Q,B00004TS3B,5.0,2011-01,0,0,,29,Does the job.
A1IWMPKH1ELQQP,B00004TS3B,5.0,2010-10,0,0,,24,RELIABLE and the label LASTS
A2UZOEYWC4H6R4,B00004TS3B,3.0,2008-11,1,1,1.0,60,Not very crisp...
A2M2LMZMDFI35Y,B00004TS3B,5.0,2011-03,0,0,,30,Excellent product but not on Red
A1QLQFG062ZA3R,B00004TS3D,5.0,2013-12,0,0,,35,Durable
A2J1DWBCD63Q54,B00004TS3D,4.0,2008-11,0,0,,17,works as described
A1UVUFYKDK4N41,B00004TS3D,4.0,2007-02,2,5,0.4,113,I like the wider tape!
A40U43VX39NR9,B00004TS3D,5.0,2014-03,0,0,,37,P-Touch label cartridge
AMO1CR5KN8T4P,B00004TS3D,5.0,2013-08,0,0,,21,Hard to find
A2YW6XOID7GV6G,B00004TS3P,4.0,2013-03,1,1,1.0,112,TZ or TZE IN OLDER MACHINES
A4O7NPE5C5DS9,B00004TS3P,5.0,2014-07,0,0,,14,Five Stars
A1V5UCC82BEETQ,B00004TS3P,5.0,2013-08,0,0,,37,Hard to find color combination - great price!
A1IWMPKH1ELQQP,B00004TS3P,5.0,2010-10,1,1,1.0,22,RELIABLE
A3J7XPPQH4W2O3,B00004TS3P,5.0,2013-04,0,0,,21,Good price
A3A57GX8FJ4QNQ,B00004TS3P,4.0,2013-12,0,0,,86,It is a label that goes in a brother label printer and it works... not much else to say...
AASSDFY9K6G2T,B00004TVSP,5.0,2009-07,17,17,1.0,1385,Second best manual flash on the market
ALICSOW9JNXCD,B00004TVSP,5.0,2009-02,4,4,1.0,204,Dedicated Work Horse!!!
A3T0MOVJN9OPVB,B00004TVSP,5.0,2010-10,1,1,1.0,125,Work horse of a flash
A3RCEXV5769SG8,B00004TVSP,5.0,2010-09,0,0,,26,5 stars for the power
A3GBDJVNX84IKD,B00004TVSP,5.0,2011-12,1,1,1.0,250,"BOTH A LEGEND AND AN OL' FAITHFUL, ALWAYS READY FOR YOU!"
AJXQR3WH2GB63,B00004TVSP,5.0,2011-11,1,1,1.0,100,Great Flash
A1F9X6Z1EGWMNI,B00004TVSP,5.0,2008-06,2,2,1.0,90,Vivitar
A2ZPDPOF7M2PKN,B00004TVSP,1.0,2014-05,0,0,,72,Don't Do It
AVKN56YCOTI2W,B00004TVSP,1.0,2009-07,2,4,0.5,89,"Stay away, this is not your father's Vivitar"
A2XEW6HJK34RXU,B00004TVSP,5.0,2009-07,0,0,,34,Excellent flash
A30W19TNWBB6SH,B00004TVSP,5.0,2010-05,0,0,,22,For the strobist on a budget
A2QHNWXQ4CU2J3,B00004TVSP,4.0,2008-09,0,0,,29,gets the job done
A286412C4WR3J9,B00004TVSP,5.0,2010-05,0,0,,109,IT'S A WINNER
A2S3I1ELT364CQ,B00004TVSP,2.0,2013-04,0,1,0.0,88,Automatic means that it will work fine without a camera
AII45TUQ5UKPS,B00004TVSP,4.0,2010-08,0,0,,314,Inexpensive-- not cheap!
A2LT6YBLXOV3YD,B00004TVSP,4.0,2009-10,1,2,0.5,189,Great powerfull flash
A38X3FR7G0B6EN,B00004TVSP,4.0,2014-03,0,0,,56,Good Flash
A4Q1AC81B9TO4,B00004TVSP,4.0,2014-03,0,0,,22,Vivitar 285 HV Flash
A2WTKMK08CVXB0,B00004TVSP,4.0,2013-03,0,0,,56,Great MANUAL flash unit
A2MCZOZ2X2ZQYK,B00004TVSP,5.0,2007-11,101,101,1.0,459,Vivitar 285HV or Sunpak 383 Super? Your Choice
A1X0QMZ0M21J9U,B00004TVSP,1.0,2010-11,0,7,0.0,52,not for all cameras
AS7J4952JB5XR,B00004TVSP,5.0,2013-10,1,1,1.0,138,"Low tech, high quality.  Two (or four) should be in every photographers gear cache."
A3GYWZE27QBMY7,B00004TVSP,5.0,2014-06,0,0,,24,Highly Recommend!!
A14G7W2YFFNM43,B00004TVSP,1.0,2012-08,1,5,0.2,83,It is not worthy the money.
A1UHTJ2NZ0IYJH,B00004TVSP,4.0,2011-07,0,0,,80,Great value manual flash unit.
AKAW7SD0O63C2,B00004TVSP,5.0,2007-06,1,1,1.0,66,Great Product
AE68I04K30VHS,B00004TVSP,3.0,2008-01,11,14,0.7857,186,"Nice flash, warranty service a bit of a pain..."
AC6YL9O8P14E8,B00004TVSP,5.0,2010-12,1,1,1.0,89,"Exellent!  ""and cheap"""
A51JHQZ0NEWA4,B00004TVSP,4.0,2012-01,1,1,1.0,281,Great Low Cost Flash For Manual Setup
A3I6EKL5ISK5JF,B00004TVSP,5.0,2011-11,1,1,1.0,117,great flash
A1A23C8SJI7OCV,B00004TVSP,5.0,2011-03,0,0,,57,VIVITAR 285HV
A1GBU479WXR7UG,B00004TVSP,5.0,2012-05,1,1,1.0,123,Best Buy
A1ZXMMQPYC3Z9I,B00004TVSP,2.0,2010-07,5,7,0.7143,221,Caution high trigger voltage!  CHECK YOUR CAMERA SPEC.
A1XWGTKBH3GGXP,B00004TVSP,4.0,2009-11,0,0,,42,Vivitar Flash
A1I1ZGZUDM326L,B00004TVSP,2.0,2008-11,38,40,0.95,288,solid work horse with a gotcha
ABUIRVLVTPFTZ,B00004TVSP,5.0,2013-01,2,2,1.0,59,Very professional
A2CVWNQMZYG1E,B00004TVSP,4.0,2013-04,1,1,1.0,129,Love this Flash.
A3MGIOWRRMULJY,B00004TVSP,5.0,2010-11,4,4,1.0,85,Just what I needed and like everybody said- work horse
A2CSUA388LZ26O,B00004TVSP,4.0,2009-02,4,4,1.0,237,Nice little flash for the money
A3IC2ZFYBA39KJ,B00004TVSP,5.0,2012-10,2,2,1.0,44,Vivitar strobe
AFBHHGKL81PDH,B00004TVSP,5.0,2008-08,2,2,1.0,61,Good old school still is the best
A2J2YV329EVMNA,B00004TVSP,4.0,2011-12,2,2,1.0,281,"Good, but a couple caveats"
A1F5ME1J70I0W6,B00004TVSP,5.0,2009-09,0,1,0.0,96,"Just now getting used to it, but so far so good"
A1DCN0NZO7E2C,B00004TVSP,5.0,2013-03,2,2,1.0,25,Excellent manual flash
A1IG7GSIP42RDJ,B00004TVSP,5.0,2011-04,1,1,1.0,51,The return of the manual flash.
A28QRX1HWDLNL1,B00004TVSP,5.0,2011-01,2,2,1.0,108,Great Flash
A2TLISI5OZ83UK,B00004TVSP,4.0,2009-11,3,4,0.75,510,Very Good Flash
A2FUD7TNC8HRYG,B00004TVSP,5.0,2013-01,2,2,1.0,41,"One of the best flashes ever made, powerful and professional"
A2SIYIHLRRM7J1,B00004TVSP,5.0,2008-05,3,3,1.0,354,"Just got it, but so far so good! (Works on Canon 300D!)"
AG1CBEN65QI9W,B00004TVSP,5.0,2010-04,0,0,,91,A reliable and affordable flash
A9EDWX9SR4XT6,B00004TVSP,5.0,2011-09,1,1,1.0,67,"Powerfull, durable inexpensive flash"
A3B86XJSLQSSJH,B00004TWLY,5.0,2014-07,0,0,,15,Five Stars
A33ZDZUEF1GXXA,B00004TWLY,5.0,2013-01,3,3,1.0,20,worked great. Expiration date was not an issue. Completely satisfied
A3PCA3O8PO6F7B,B00004TWLY,5.0,2013-02,0,0,,77,"Able to leap tall buildings at a single bound, more powerful than a locomotive and faster than a speeding bullet."
A28LXIZQOEQ6KY,B00004TWLY,5.0,2010-08,27,29,0.931,257,"Expired, but still some of the best multipurpose color film ever."
A3SP5OZ25GTBIH,B00004TWLY,5.0,2012-07,0,1,0.0,23,film!
A2I7955ZFHEGUB,B00004TWLY,3.0,2012-12,0,1,0.0,31,The best price and performance for the money
A17WPU84HJCK4S,B00004TWLY,5.0,2011-03,3,4,0.75,26,top of the line
A21MJJDFBNUJ3L,B00004TWLY,5.0,2010-01,0,0,,111,The Infidel Dog's Review of 35mm 4-pk Color Fujifilm
A1JZJFVE1K61LU,B00004TWLY,5.0,2012-04,0,0,,60,Great Quality just like in Japan.
A305EHGTB1OGTA,B00004TWLY,4.0,2012-11,0,0,,45,Film is not Super HQ Speed
A1BFNBD9CPHHSW,B00004TWLY,4.0,2012-05,3,3,1.0,34,Fuji is great but....
A3F4VCTXZZ449P,B00004TWLY,5.0,2013-03,0,1,0.0,35,Worked great
A1NTD0TGF56T85,B00004TWLY,3.0,2013-01,0,0,,25,not packaged as I expected
A3GKY17CHGC5OT,B00004TWLY,5.0,2007-09,0,2,0.0,61,Just Good Film!
A2WZRBFLJESCSH,B00004TWM0,5.0,2013-08,5,6,0.8333,269,Lost Art.
AY8Q1X7G96HV5,B00004TWM0,4.0,2000-11,8,13,0.6154,60,"Fuji Film - Oversaturated Colours Are Great, Sometimes..."
A1Z54EM24Y40LL,B00004TWM0,5.0,2004-07,7,7,1.0,96,Awesome film!
A3M6L86GPYG0A9,B00004TWM0,5.0,2005-08,13,13,1.0,118,"Rich colors, especially for landscapes"
A1SX9PHJWTDMF9,B00004TWM0,5.0,2011-11,3,6,0.5,89,A Good Fast Film
A33N08AT51YRK0,B00004TWM0,5.0,2010-12,5,5,1.0,122,Fine Grain? How about no grain!
A2H1ZKAQN0B49Z,B00004TWM0,5.0,2013-06,1,1,1.0,22,They are great!
A28IAZZI0SNRMW,B00004TWM0,5.0,2013-07,2,2,1.0,34,Great Deal
AUUV3XDYB16X5,B00004TWM0,5.0,2013-02,2,2,1.0,54,nice film.
A2QGQ5KO0RRENL,B00004TWM0,5.0,2013-12,1,1,1.0,62,"Great color, low grain"
AWKQGHK4122WI,B00004TWM0,3.0,2013-02,3,3,1.0,18,It worked
AS8C336DDLSO4,B00004TWM0,4.0,2009-01,5,5,1.0,223,Solid film
A1LR13XK9SU73G,B00004TWM0,3.0,2013-04,0,1,0.0,42,Bad roll encountered
A15ZZDKRKP7L4R,B00004TWM0,5.0,2006-01,8,8,1.0,92,Best 800 Speed Film on the Market
A2BH53SGUYGXQE,B00004TWM0,5.0,2013-02,1,1,1.0,20,Ordinarily great!
A3PUCUV4ORFEAJ,B00004TWM3,5.0,2014-07,0,0,,10,Wonderful film!
A2LO26RUD8RCXH,B00004TWM3,1.0,2012-08,2,2,1.0,23,Not As Pictured - Was Not In Orginal Fuji Packaging
A1R19YYR5OR26T,B00004TWM3,4.0,2012-10,2,2,1.0,57,great if you still need it
A1MJMYLRTZ76ZX,B00004TWM3,5.0,2001-08,8,9,0.8889,263,Excellent performance
A2AP059CCLBWPU,B00004TWM3,5.0,2013-12,0,0,,40,Say Cheese!
A1M26RAR1R86S4,B00004TWM3,5.0,2014-05,0,0,,23,Trusty and reliable.
A38QEATH3NODFM,B00004TWM3,5.0,2007-02,1,1,1.0,90,"Comparable with the Kodak, and save a bit"
A323304W2UIUTX,B00004TWM6,5.0,2014-01,0,0,,26,Quality Underwater Photography for the Amateur
A10MVAVRS0Y91,B00004TWM6,4.0,2013-07,0,0,,47,I like them
A22QTBGOS7C3FL,B00004TWM6,5.0,2008-03,18,19,0.9474,155,I went snorkeling and it worked great.
ASGG9KYGIIDGO,B00004TWM6,5.0,2013-02,0,0,,31,used these before and well worth it
A3OYXL97N0ATAT,B00004TWM6,4.0,2014-05,0,0,,22,it's waterproof. it's a camera!
A7T9AXIM5XG3E,B00004TWM6,5.0,2010-01,0,0,,21,Great deal
A2D2AORHOMU0CV,B00004TWM6,5.0,2013-01,0,0,,22,fun fun fun
A3C25PH9AWIHKO,B00004TWM6,3.0,2012-05,1,1,1.0,185,"Ok, average or slightly below average photos"
A32LY2NXFZD2J7,B00004TWM6,1.0,2013-10,0,0,,37,Waste of money...terrible camera
A2J52UTHU107PQ,B00004TWM6,5.0,2012-05,1,2,0.5,45,Works for me!
A167VTVMWP0BW8,B00004TWM6,5.0,2013-08,1,1,1.0,27,worked great
A3BB2RC775TBZ1,B00004TWM6,5.0,2014-03,0,0,,21,gift
A2OYSRFTFIJSE,B00004TWM6,4.0,2014-06,0,0,,23,Great price
A37FCNU3EY6LZM,B00004TWM6,4.0,2013-08,0,0,,58,waterproof camera!
A1SUJD55AUD0S7,B00004TWM6,4.0,2013-01,0,0,,40,Don't discard the rubber band!!
A10M0GF5ZFODYU,B00004TWM6,2.0,2011-06,1,1,1.0,79,Fujifilm underwater film camera
A3T1LD0C65QCWK,B00004TWM6,5.0,2003-05,31,36,0.8611,150,Sensational little disposable -- BUY IT!
A1RLSO6B5APQH4,B00004TWM6,4.0,2013-05,0,0,,22,Water
A2RB7KPCTJEP4Z,B00004TWM6,4.0,2005-01,6,8,0.75,143,Better than the Alternatives
A16II8I82LUNW,B00004TWM6,3.0,2013-07,1,1,1.0,60,USE THIS CHEAP CAMERA ON THE BEACH & IN WATER
A13SAVYJLEH4D1,B00004TWM6,4.0,2013-03,0,0,,62,You get what you pay for....
A1MFVAHTT2BHM0,B00004TWM6,3.0,2010-01,4,4,1.0,143,"Pale, washed out colors"
A1UEYVSBWUNOGZ,B00004TWM6,5.0,2014-02,0,0,,26,Great pictures
A2CI4FAG7AVRVA,B00004TWM6,4.0,2013-04,0,0,,63,Possibly better than the photographer...
A2GOWDUXFP5P18,B00004TWM6,5.0,2012-08,0,0,,90,Fun great pics (see posted pics above)
A20OQMLRFNZADL,B00004TWM6,3.0,2012-06,0,0,,52,"OK underwater shots, but are very grainy"
AON4TXVOSYDHL,B00004TWM6,5.0,2009-10,2,2,1.0,184,Picture postcards
A2XLEVG4HE14CQ,B00004TWM6,2.0,2010-03,1,2,0.5,55,Good unless it breaks
A3YJX1TWOHVDA,B00004TWM6,3.0,2006-11,2,2,1.0,163,decent all around temporary camera
A3HDSPFMOCEUTA,B00004TWM6,1.0,2013-12,0,1,0.0,53,Broke while underwater
AWPODHOB4GFWL,B00004TWM6,5.0,2008-06,4,5,0.8,103,Finally!
A3IULQ4N5W3G93,B00004TWM6,3.0,2012-12,1,1,1.0,89,"Worked well, but when you factor in cost of processing, might not be worth it"
A2E8OEDYD88CN0,B00004TWM6,1.0,2014-03,1,1,1.0,25,did not work
A1FLK39UE4Q0UW,B00004TWM6,1.0,2014-04,4,5,0.8,36,Horror. The Horror.
A3PAR3GOF45UEM,B00004TWM6,5.0,2013-04,1,1,1.0,74,decent pix
ACR4A8H4J7YNA,B00004TWM6,5.0,2013-12,0,0,,23,perfect
A6MB1MKAGJ3G4,B00004TWM6,4.0,2012-09,1,1,1.0,191,Does what it's supposed to
A3P8ZDHC7XSKSE,B00004TWM6,1.0,2013-04,0,0,,44,leaked
A3CW2UZMZ4I0MI,B00004TWM6,3.0,2012-10,0,0,,140,Disappointing Picture Quality
A3NNNU01JEZDUC,B00004TWM6,1.0,2010-09,3,4,0.75,39,"might be ok underwater, otherwise... no"
A1LCLRSPWAMYLE,B00004TWM6,1.0,2014-02,0,1,0.0,29,Case was cracked
AT4AV7XIQDKQP,B00004TWM6,1.0,2012-11,0,0,,85,"almost useless, not good underwater"
A974M938BZ9HE,B00004TWM6,1.0,2014-07,0,0,,75,"Trash, move on."
A29XKP2TLNL7V,B00004TWM6,5.0,2014-07,0,0,,10,Perfect
A3L8CZT6T4K4PC,B00004TWM6,3.0,2014-04,0,0,,96,You get what you pay for
AZIQ99PTUQ3PJ,B00004TWM6,5.0,2013-06,0,0,,49,love it!!
A1H1WE211BQL7F,B00004TWM6,2.0,2012-10,0,0,,39,not impressed
AG6TX1ZJHLMO7,B00004TWM6,5.0,2009-11,2,2,1.0,146,Does a great job
A1QVS34FWGRAVG,B00004TWVY,5.0,2013-05,0,0,,45,A good reliable tape.
A2MF5NKKRVRZTJ,B00004TWVY,5.0,2013-06,0,0,,33,Amazing
A3014KJFHAIMGP,B00004TWVY,5.0,2009-08,5,5,1.0,59,quick shipping - no problems with tapes.
A27DUWMSKPPGLT,B00004TWVY,5.0,2014-02,0,0,,71,Good quality VCR tapes at a good price!
A118A49ORGNEUM,B00004TWVY,5.0,2007-10,5,5,1.0,36,TDK Tape Review
A2MGJ33YCV2DJM,B00004TWVY,5.0,2014-03,0,0,,29,Good Buy
A3O3BZP8IM8SP0,B00004TWVY,4.0,2014-04,0,0,,31,OK
A3DWLI9VIYXI16,B00004TWVY,4.0,2003-11,1,1,1.0,114,Good tapes but don't buy online
A2R6RA8FRBS608,B00004TWVY,5.0,2007-12,14,15,0.9333,397,all right by me !!!
A3FY3S8KMC5X82,B00004TWVY,5.0,2012-05,0,0,,37,BRAND NEW TDK VHS TAPES
A1XLLEHKFY3TN2,B00004TWVY,5.0,2012-11,0,0,,40,TDK VIDEO TAPES
A380W12QEPG2BO,B00004TWVY,5.0,2013-02,0,0,,26,save those fave shows
A23205H9PLIOC0,B00004TWVY,5.0,2010-07,6,6,1.0,156,Excellent tapes
A29Y0RIJ23SDQW,B00004TWVY,5.0,2013-04,0,0,,22,Always the best tapes
A1AOM32TWI2BN9,B00004TX68,5.0,2003-12,78,79,0.9873,291,Perfect fit for a Canon Powershot A80
A2NX6MFZP8TM6S,B00004TX68,5.0,2007-01,0,0,,45,Best camera bag I've ever owned!
AM004PHO6F3FZ,B00004TX68,5.0,2003-03,12,12,1.0,108,A perfect fit
A2N07D07YVB08S,B00004TX68,5.0,2007-07,0,0,,111,Handy Camera Bag
A7LUFZI7XDT9Z,B00004TX68,5.0,2001-08,4,4,1.0,56,Also purchased for the A20
AGX7PLR4MIZHR,B00004TX68,5.0,2001-06,12,12,1.0,179,Better than the original
AWCWQ5N8EB1XW,B00004TX6Z,5.0,2010-02,0,0,,222,Topload Mini Bag
AD1QSUQBQ7PS7,B00004TX6Z,5.0,2013-02,0,0,,22,Fits fine
A3K04GHJ88XQR8,B00004TX6Z,5.0,2009-10,1,1,1.0,104,Nice pack
A1RQWM3PIX7XS4,B00004TX6Z,4.0,2007-11,2,2,1.0,94,Snug Bag.
A1TWM78I835NGZ,B00004TX6Z,5.0,2008-05,2,2,1.0,241,Great mini-bag
A1GPS8D0AWIEG8,B00004TX6Z,5.0,2010-09,0,0,,36,Great little bag!
A2I2DE1DJUVQOO,B00004TX6Z,5.0,2010-04,1,1,1.0,58,Great fit for Fuji HS10 and HS20
ARSW44J26H0WY,B00004TX6Z,5.0,2008-01,1,1,1.0,30,Great little bag to carry a camera and a few little items
A13DDUENBR1CW8,B00004TX6Z,5.0,2013-02,0,0,,31,Nice little bag
A3UJDNT32ZJEF,B00004TX6Z,5.0,2008-05,4,4,1.0,140,Very compact camera bag
A12Q2ZZJFKNQ4S,B00004TX6Z,4.0,2010-04,1,1,1.0,45,Works for T2i
A14VMJEA22VY1A,B00004TX6Z,4.0,2007-03,15,16,0.9375,31,"Neat little holster, not quite big enough for Nikon 18-200mm VR"
ADAAXJNRTTX0D,B00004TX6Z,5.0,2002-06,11,11,1.0,71,Good bag for the price
AU8E774SC8TWK,B00004TX6Z,5.0,2008-06,14,14,1.0,130,Fits XSI/450D nicely
A1FPSSELKQNTK4,B00004TX6Z,5.0,2008-07,2,2,1.0,29,Perfect Fit
A2VI9F9LH3117S,B00004TX6Z,5.0,2004-07,7,7,1.0,141,Great case for Konica Minolta A2
A2812T15HPAR06,B00004TX6Z,5.0,2009-12,1,1,1.0,55,"Great little bag, perffect size to carry around, love it."
A2HOZZLPREEY4G,B00004TX6Z,5.0,2010-05,1,1,1.0,21,Fits but a bit small for the Nikon D5000 w/ kit lens
A3SOLBOIBNYCCP,B00004TX6Z,5.0,2008-07,3,3,1.0,68,Good deal for a reasonable price
A3OIGUHVHZBKT4,B00004TX6Z,5.0,2010-07,1,1,1.0,55,Excellent product
A31E19FNC235UQ,B00004TX6Z,4.0,2008-06,2,3,0.6667,22,"Good bag, a little small."
A1LA4K5JF78BER,B00004TX6Z,5.0,2007-10,5,5,1.0,64,"Nice Case, Doesn't Quit Fit Nikon D80 With 18-200 VR Lens"
A1N798ZTE2S4F2,B00004TX6Z,5.0,2010-03,1,1,1.0,237,Good bag for small to medium sized DSLR
A3O1TDMJJOJFKG,B00004TX6Z,3.0,2008-01,1,1,1.0,36,OK if you only need to carry this camera.
AJB446EO96DUE,B00004TX6Z,5.0,2008-11,3,3,1.0,49,great series of bags for the lightweight shooter
AKQU6FNNO6MWR,B00004TX6Z,4.0,2008-09,1,1,1.0,32,A lot for little.
A1Y4EWMUTW73GD,B00004TX6Z,4.0,2009-12,0,0,,85,Good bag but needs pouches inside the front pocket
A3E0CXFVZHO626,B00004TX6Z,5.0,2008-11,2,2,1.0,29,Fits xti real well.
A1AKKYXG0Y0ULL,B00004TX6Z,5.0,2008-04,13,13,1.0,122,Best little SLR bag I've found
A2SD0UPTBP3T0F,B00004TX6Z,4.0,2010-03,3,3,1.0,373,Little snug for the Pentax K-x with 18-55
ACROMCL9HF767,B00004TX6Z,5.0,2009-06,2,2,1.0,76,Fits perfectly for my D40
A3A3F5N7NZCVMT,B00004TX6Z,5.0,2010-06,1,1,1.0,56,Fits everything I need
A3JSY3V8X43HUP,B00004TX6Z,5.0,2009-02,2,2,1.0,84,Nice compact bag
A35V32HZEGZH04,B00004TX6Z,5.0,2010-03,1,1,1.0,227,Very Versatile Valise
A1O7NN2SNJZ9XY,B00004TX6Z,5.0,2008-02,5,5,1.0,71,perfect for the D40 with either 18-55 or 55-200mm lenses
A1O229NVVDJUX2,B00004TX71,4.0,2009-12,4,4,1.0,323,Nicely fits the Canon 7D with the kit lens.
A13YHMQKJF3ZL5,B00004TX71,5.0,2010-06,0,0,,192,Nice bag for a compact DSLR and medium zoom
ALIE0DVM3I2R1,B00004TX71,4.0,2007-01,3,4,0.75,147,Perfect fit for my Nikon D50 and 18-200 VR
ADOBXF9W3UUKN,B00004TX71,4.0,2007-01,9,9,1.0,14,Nice Lil' Bag
A21BRJ72OZGU98,B00004TX71,5.0,2007-09,7,7,1.0,96,just right
A2MTPVXL6HD5VP,B00004TX71,3.0,2009-04,1,4,0.25,55,OK bag for camera with lens
A1BHRKM387NKXH,B00004TX71,5.0,2010-08,0,0,,157,Perfectly fits Nikon D300 with 18-200mm lens
A1TWM78I835NGZ,B00004TX71,5.0,2008-05,1,1,1.0,167,Great bag for my Fuji S9100
A2QOLHSESSJZWJ,B00004TX71,5.0,2008-01,9,9,1.0,109,Great bag when you don't want want to haul it all
A15QYHQH80W30L,B00004TX71,5.0,2008-02,3,3,1.0,29,Generous space and handy
A3E68EBGXTWDNP,B00004TX71,4.0,2008-03,1,2,0.5,64,not ready for pro dslrs
A18VT083FG5FLJ,B00004TX71,5.0,2006-08,16,16,1.0,115,Perfect bag for Nikon D-50
A3QJM92LOBZJ6P,B00004TX71,5.0,2007-11,6,6,1.0,201,Great little bag!
A2GLAFB46IUJP7,B00004TX71,5.0,2007-07,35,35,1.0,188,Excellent holster for use when backpacking
A14VMJEA22VY1A,B00004TX71,3.0,2007-03,53,61,0.8689,139,"Ok, but oversized"
AXQ9TA3XU93T2,B00004TX71,5.0,2010-01,3,3,1.0,151,NIKON D90 camera Bag
A3GZHI2Y4HNJMD,B00004TX71,5.0,2007-03,5,6,0.8333,174,Fits my D50 and accessories perfectly
A23JEB4NAIIH2P,B00004TX71,5.0,2010-02,0,0,,222,Great for light hiking when you travel light
A33YZNZIRA3H97,B00004TX71,5.0,2008-02,9,9,1.0,56,good fit for my Nikon D40 + 18-200 zoom lens
A3FDXCRC4LAOZP,B00004TX71,5.0,2010-06,0,0,,77,excellant protection for a good camera
A34AMRIGX4RVKU,B00004TX71,5.0,2010-05,0,0,,52,This bag is for Kodak Z980 too
A2Y9CTL628GL7K,B00004TX71,4.0,2009-08,3,3,1.0,718,Solid Bag at a Low Price
A2U3TXDWG3U3XS,B00004TX71,5.0,2010-10,0,0,,63,Does exactly what I bought it for.
A1I0ET8C0DHJ8G,B00004TX71,4.0,2010-03,0,0,,110,Good bag for the buck!
AJNNNF726KSEA,B00004TX71,5.0,2010-01,0,0,,166,My standard carry bag
AF89PY8OK1PV5,B00004TX71,5.0,2010-03,1,1,1.0,138,Soft Sided Camera Vault
A3TWHKALXTJ4EF,B00004TX71,4.0,2008-03,4,4,1.0,29,Roomy
AGTDTFUBMK88S,B00004TX71,4.0,2007-08,8,8,1.0,25,Measure you lens first
ALPK1S8OWXZST,B00004TX71,4.0,2010-02,1,1,1.0,118,good little bag
A2BH42X4GDFUAY,B00004TX71,4.0,2008-04,1,1,1.0,47,Good plain look camera bag
A1CCPHN8WYSN8O,B00004TX77,4.0,2008-09,2,2,1.0,62,zero pockets
A33YZNZIRA3H97,B00004TX77,5.0,2008-05,7,7,1.0,123,perfect fit for Nikon D40 with 18-200 zoom lens
A2B8GN9RVQ0EFA,B00004TX77,5.0,2006-01,10,10,1.0,32,Excellent day bag
A38AAY3HJVHZAU,B00004TX77,5.0,2013-02,0,0,,29,Lens side bags can be used for other things too
A3EPJSPH03AS29,B00004TX77,5.0,2009-11,0,0,,151,just what i wanted
A1OZOJ8YVQQZCS,B00004TX77,5.0,2008-06,6,6,1.0,167,Does what it's supposed to do.
A4L0UD2AWHART,B00004TX77,5.0,2009-10,0,0,,76,Great product for the hiking enthusiast
A2IA23HHLMUXA6,B00004TX77,2.0,2008-06,2,4,0.5,27,fine for a small camera
A3PDNV30IFOUBT,B00004TX7E,5.0,2007-03,2,2,1.0,47,Very good
AAJIGWE242MSN,B00004TX7E,4.0,2006-01,49,50,0.98,703,"The ""perfect"" backpack does not exist (for under $150)"
A1MJMYLRTZ76ZX,B00004TX7E,4.0,2001-02,9,11,0.8182,211,A good  choice
A2TJT33BAEDZVW,B00004TX7E,5.0,2009-10,0,0,,23,Awesome case
A1F9Z42CFF9IAY,B00004TX7E,4.0,2007-04,2,4,0.5,374,Great quality backpack but a bit expensive
A337XUY8HSGC33,B00004TY7F,5.0,2001-05,38,40,0.95,106,Handy little pod
AYB4ELCS5AM8P,B00004TY7F,5.0,2011-09,3,3,1.0,112,Very nice!
A5I75Q8VR91XE,B00004TY7F,5.0,2001-07,8,15,0.5333,35,Lightweight Champion
A3GVTK181RD96Y,B00004TY7F,4.0,2013-05,0,0,,37,Great light-weight option for the traveler
AUIRGT6DWUVD,B00004TY7F,5.0,2013-02,3,4,0.75,139,"Sturdy, quality for money"
A2EHRDDOVUN7PN,B00004TY7O,5.0,2010-02,3,3,1.0,107,A 'Little Monster' of a Tripod!!
AWB00UIW85BNV,B00004TY7O,4.0,2010-08,0,1,0.0,99,for photography more than video work
A2PN8S9QT7INHE,B00004TY7O,5.0,2011-01,0,0,,43,Perfect for my projector
A2E4JRA6MHBR4F,B00004TY7O,5.0,2009-04,4,5,0.8,20,GREAT! I LOVE IT!
A34NP9Q7KBGH63,B00004TY7O,2.0,2010-09,1,1,1.0,156,cheap cheap cheap...in a bad way
A2BGZ52M908MJY,B00004TY7O,5.0,2001-04,36,38,0.9474,97,Superb tripod for low shots
ASKH6TPNTTAFS,B00004TY7O,5.0,2009-08,3,3,1.0,76,"Little tripod, little price"
AE1A7BHJQ9LW2,B00004TY7O,4.0,2009-06,7,7,1.0,97,Great for Travel
AHR3LG5G9KQH,B00004TY7Q,4.0,2013-03,0,1,0.0,45,Handy Photo Stick ! ! !
A1AHYRIK9DX6NY,B00004TY7Q,5.0,2010-09,0,0,,299,Great value for tall people
A1B00KVE1YFKCR,B00004TY7Q,5.0,2006-03,9,9,1.0,471,My first (not-so-great) unipod
A1AM97PWBXRM6D,B00004TY7Q,4.0,2010-05,2,2,1.0,114,Worthwhile
A1ANPXJB9B0R5V,B00004TY7Q,5.0,2006-03,6,6,1.0,195,"Lightweight, Cost Effective Monopod"
ANZGC4YCEQC6W,B00004TYBM,5.0,2009-10,0,0,,49,This is a real good tripod - smooth and sturdy!
AS02U020MGBSV,B00004TYBM,4.0,2009-05,0,0,,79,Great video tripod for the price
A14FFSOOTP0FR,B00004TYBM,5.0,2013-01,1,1,1.0,116,Great product and extremely affordable
A11QDRK8G3TVP7,B00004TYBM,4.0,2013-10,2,2,1.0,216,Three issues short of perfect
A329P043ENCM1R,B00004TYBM,5.0,2014-05,0,0,,43,Perfect size for run-n-gun
A2VSE81NGRBMZ1,B00004TYBM,5.0,2013-10,1,1,1.0,20,great for travel
ATC79W2A44517,B00004TYBM,4.0,2010-01,0,0,,111,Fluid Head!
A9SSQJ46YXCHY,B00004TYBM,5.0,2014-02,0,0,,89,I love this tripod.
A351TM1V66NOEJ,B00004TYBM,5.0,2014-03,0,0,,22,Very sturdy video tripod.
AS5IJXFUJQX5G,B00004TYBM,4.0,2011-02,0,0,,100,Great tripod for the price.
ASHA8TXSJ1GRF,B00004TYBM,4.0,2008-02,3,3,1.0,71,Pretty nice... for the money
AHP139SLDRPIS,B00004TYBM,5.0,2006-01,51,53,0.9623,122,"For the price, this tripod is amazing"
A3S3Y3JYFY96WZ,B00004TYBM,5.0,2008-06,0,0,,145,Well worth the money.
A3K8IBV8V35G1H,B00004TYBM,3.0,2009-06,14,16,0.875,77,Broke at 6 months. Service Email Box Full.
A23K7QXXKSZ8D2,B00004TYBM,5.0,2013-01,1,1,1.0,55,I love it
AAYHXW1N151V4,B00004TYBM,4.0,2008-05,3,3,1.0,159,Great for the Price
A3V1DYN19UXF4F,B00004TYBM,5.0,2012-03,0,0,,114,GREAT fluid-movement tripod for the price
AA8RBTN3J2F5H,B00004TYBM,4.0,2010-06,0,0,,80,Tripod for camcorder
AE3PQYXY49FJB,B00004TYBM,2.0,2011-07,2,2,1.0,159,"Great, except for one stupid cheap part."
A3EPZNFF590EXL,B00004TYBM,5.0,2009-05,0,0,,77,Great video tripod
A2GT4B9RTOZJHW,B00004TYBM,5.0,2009-10,3,3,1.0,58,Great Quality and Functionality for the Price
A1P0KMRBCKB133,B00004TYBM,5.0,2012-05,0,0,,35,GREAT fluid head!
A34T45LDD85VZ7,B00004TZE5,5.0,2011-09,1,1,1.0,82,Storage to spare
AUITG1DJ3QUGK,B00004TZE5,3.0,2006-11,2,4,0.5,134,Not  par with otrher case logic products
AQE2B2QSZG0HY,B00004TZE5,5.0,2013-01,0,0,,20,Pleased
AWMFKTA75KJQB,B00004TZE5,5.0,2013-04,0,0,,34,hold everything
A3IXXABPCLE3UX,B00004TZE5,4.0,2008-04,0,0,,17,Good product
A3A0ULRM4SEHG3,B00004TZE5,5.0,2012-08,0,0,,28,Sturdy and Blends away in black interior of car
AXUY77QFQ14FY,B00004TZE5,5.0,2012-10,1,1,1.0,36,Great Product
AEW6F162PSLDH,B00004TZE5,5.0,2011-08,0,0,,40,Nylon CD Case
A1AK6D48SAUFWK,B00004TZF9,5.0,2013-11,0,0,,36,Great!
A2NEASNMHL1A4O,B00004TZF9,2.0,2013-12,1,1,1.0,54,Not good...
A3IYASOMZQO5PI,B00004TZF9,3.0,2014-04,0,0,,42,Does the job but kind of a pain
A29P65DEEZIEB0,B00004TZF9,5.0,2013-06,1,1,1.0,25,Just like the pic
A1N1VUJCILPR55,B00004TZF9,5.0,2014-06,0,0,,23,I love these things!
AECHEZNHB4NGA,B00004TZF9,5.0,2013-11,0,0,,21,Perfect for cords
AFUG91MG3OW6O,B00004TZF9,5.0,2007-12,8,10,0.8,57,Make your cables neater to clean your workspace
A1KHBL5M5UO0OH,B00004TZF9,5.0,2001-10,4,5,0.8,33,The Best Way to Wrap Cables
AMFFWASO0476G,B00004TZF9,5.0,2012-12,5,5,1.0,21,works great
A3IKZ15AVH556K,B00004TZF9,5.0,2013-09,0,0,,27,GREAT TO HAVE IN YOUR MAN OR GIRL CAVE
A3CFH7IL0GL187,B00004TZF9,4.0,2014-07,0,0,,32,Good
A24V0SRCB8XBAC,B00004TZF9,5.0,2014-02,0,0,,24,Good Product.
A1XP5GMAIXJ10A,B00004TZF9,5.0,2013-03,3,3,1.0,71,Great for a small bundle of wires such as iPad and iPhone cables.
AQRQFC49CR3YJ,B00004TZF9,5.0,2014-02,0,0,,42,Neat and easy - my wife loves the look
AM7IDMQK0MCGX,B00004TZF9,5.0,2014-06,0,0,,125,simple but effective
AUJWP901VCRQ9,B00004TZF9,4.0,2013-02,4,4,1.0,68,"Nicely designed, Easy to use"
A2VDJCGMWDY43P,B00004TZF9,3.0,2014-05,0,0,,62,Could be better
AQJWVL7YBSMOL,B00004TZF9,5.0,2013-10,0,0,,23,Perfect for my needs
AQIEN3BHQFFQ,B00004TZF9,4.0,2013-10,0,0,,47,Provide a neat cable wrap
A25QM6LQRU4BO,B00004TZF9,3.0,2014-04,1,1,1.0,38,OK if you are not going to be taking the ties on and off
A2AU3BJPWB4TT8,B00004TZF9,5.0,2012-08,3,3,1.0,45,Great Idea
A2T6E660Y0AXFQ,B00004TZF9,5.0,2014-03,0,0,,27,Very Useful
AP55R45MSCVQ7,B00004TZF9,5.0,2013-04,3,3,1.0,48,Happy
A1W9Z0FT00LC06,B00004TZF9,4.0,2013-05,0,1,0.0,36,its good but nothing great
A34HEHB3Z0YHO3,B00004TZF9,3.0,2013-12,1,2,0.5,38,Not quite what i expected.
AJX474LNBU6TX,B00004TZF9,4.0,2013-12,0,0,,97,"Fine, but for larger cables"
A2BCV9V0BLJ7RI,B00004TZF9,5.0,2013-11,0,0,,21,Perfect
A377WOEALNCQY4,B00004TZF9,2.0,2014-06,0,0,,44,Inferior to much cheaper Velcro version
A6X2M9YBL9OYY,B00004TZF9,3.0,2013-03,7,7,1.0,53,Equipment Tag
A2MLKJWU2K5SGP,B00004TZF9,4.0,2014-07,0,0,,33,These are a better way of securing cables than using a wire twister
A3JR1HTAZYM9K4,B00004TZFM,5.0,2014-05,0,0,,28,Recommend- great products
ALGDCIFQZYMH9,B00004TZFM,1.0,2007-10,46,50,0.92,77,What a RIPOFF!
A7Y64ICNNWLZ2,B00004TZFM,5.0,2011-04,0,1,0.0,54,Just like the ones that came with the binder.
A2N3PTK1ZZGHSJ,B00004TZFM,4.0,2011-05,0,1,0.0,30,DVD Refill Pages
A23GS2ACRISIER,B00004TZFM,5.0,2014-04,0,0,,21,Good buy
A3H0JGT2GLNX5Y,B00004TZFM,3.0,2013-07,0,0,,26,Does not fit any of my cases
A23P9INV8GRN48,B00004TZJI,4.0,2004-12,1,1,1.0,203,"great sound, great price"
A1OTANPNRO4UNJ,B00004TZJI,5.0,2006-11,0,0,,100,Replaced my wireless headphones
A1FA27A4WMCDZL,B00004TZJI,1.0,2007-05,0,5,0.0,51,When Good Headphones Go Bad
A27MW1FQ52O87S,B00004TZJI,5.0,2005-03,0,0,,181,Great headphones.
A1U074CMWNWS7W,B00004TZJI,5.0,2005-12,1,1,1.0,81,$40 Wonders
A2V2XRUGEYYCGG,B00004TZJI,5.0,2005-01,0,0,,417,Excellent for the price!
A1QLZMPVXL281Y,B00004TZJQ,3.0,2007-05,1,1,1.0,129,Good performance at a decent price...not the best if you travel a lot.
A3A73UQRD23GVC,B00004TZJQ,4.0,2013-04,0,0,,26,Good folding stereo headphones
A2STLT852H9K75,B00004TZJQ,3.0,2001-02,71,71,1.0,384,'Toy' factor not quite worth the price of admission.
A33775AIB1A664,B00004TZJQ,4.0,2002-11,10,10,1.0,238,A reasonable buy for the price
A6FIAB28IS79,B00004TZJQ,3.0,2004-02,14,14,1.0,143,Good idea imperfectly executed
A3MEIR72XKQY88,B00004TZJQ,5.0,2000-12,5,11,0.4545,239,Superb design! Affordable!
A1HHME9SRDVXWB,B00004U12J,5.0,2001-01,4,5,0.8,111,Top model for video amateurs
A28YEO2J0XTA41,B00004U12J,4.0,2001-11,3,3,1.0,168,nice but expensive
A1MWYPWY444AHF,B00004U12J,5.0,2000-12,27,29,0.931,329,Sony DCR-PC100 is fantastic.
A3KTWUXXB8KKC7,B00004U12J,3.0,2003-04,1,2,0.5,71,Lie about 1 Mega Pixel photos
A3U0GO1FYQ87FE,B00004U12J,5.0,2000-11,58,58,1.0,302,I love this handy-sized marvel
A1WVMDRJU19AFD,B00004U12J,4.0,2001-02,19,19,1.0,323,Sony Style!
A3V3JVJ9NJYBBI,B00004U12J,5.0,2000-07,58,63,0.9206,144,It will impress your neighbors!
ATOFTVML8LX4D,B00004U3AW,4.0,2000-12,63,65,0.9692,623,"Great all around digicam, and it's truly Mac compatible!"
A1C7E59Y13WKBL,B00004U3AW,4.0,2000-08,25,25,1.0,47,Great Camera but.....
AMKXRFHOQZCIQ,B00004U3AW,5.0,2000-10,42,43,0.9767,134,Delivers the goods
A352GZK70MPY2R,B00004U3AW,5.0,2005-04,0,0,,117,"Big & Old, but Great"
A204ETWOV23HO4,B00004U3AW,4.0,2000-08,48,49,0.9796,595,Amazing little digital camera
AL8JMMSDHTQLJ,B00004U3AW,4.0,2002-01,1,1,1.0,63,Great Camera
ABMZGK7Z5I9N0,B00004U3AW,5.0,2000-07,37,37,1.0,130,Snappin Fool
A19MNLXNDBHI54,B00004U3AW,5.0,2000-09,29,29,1.0,299,Sony Comes Through
A3U648J0AHF50K,B00004U3AW,5.0,2006-12,1,1,1.0,206,Excellent camera even years later!
AT8TIN5JKHO2V,B00004U47J,4.0,2007-06,12,14,0.8571,214,"The price, feature, and company is right!"
A3AD2Z84TP6P2S,B00004U47J,3.0,2007-01,7,8,0.875,49,Allright
A1JWSDDIH5Z7DV,B00004U47J,5.0,2002-07,123,127,0.9685,246,Lots of features and excellent sound.
A2TXTCIOBK1NMQ,B00004U47J,5.0,2012-05,0,0,,138,A great compact unit
AVUAK0N5NI9X2,B00004U47J,4.0,2006-12,1,1,1.0,42,COULD USE MORE VOLUME ... BUT
A3S5XXLY0HSRAR,B00004U47J,4.0,2007-01,5,5,1.0,40,Sony CFD-ZW755
A301OOJQXCXXO5,B00004U47J,5.0,2005-10,21,23,0.913,67,Great Sounding Stereo System!
ASL99TDING270,B00004U47J,2.0,2008-12,3,4,0.75,253,"radio is useless, CD player is dying."
A2ZRD6US50VB2E,B00004U47J,4.0,2011-03,1,1,1.0,89,Still happy
A1HH1DPK1ASVDN,B00004U47J,4.0,2011-02,4,6,0.6667,319,Now I Can 'Play Anything'!
A14SPNJ9UVG42,B00004U4MT,4.0,2008-06,2,2,1.0,48,All you need
AKYSM32DSG2TK,B00004U4MT,5.0,2002-06,14,15,0.9333,295,A very good product and a highly recommended buy
A1179AOJ8WJL5U,B00004U4MT,3.0,2002-10,5,10,0.5,90,Get the Case Logic CPS50
AAXG160ES9P7G,B00004U4MT,5.0,2004-01,14,15,0.9333,49,Fits The Kodak DX6440 Like a Glove
A1QXPDCEU0ZUE,B00004U4MT,5.0,2005-03,3,3,1.0,133,everything i need in one little case
A37KEW14MD925E,B00004U4MT,5.0,2007-08,0,0,,56,I love it!!
A1F1A0QQP2XVH5,B00004U4MT,5.0,2010-03,0,0,,24,Still great after six years!
A1GJ913L9IZR7G,B00004U4MT,5.0,2004-02,4,4,1.0,73,Great for HP Photosmarts
AKDTRP9QVHTCI,B00004U4MT,5.0,2001-11,3,4,0.75,33,Love the product
A189TQGLN9IERW,B00004U4MT,5.0,2006-09,2,2,1.0,54,Superbly does the job...
A36QDG8RP3T5AM,B00004U4MT,1.0,2004-12,5,10,0.5,35,I thought it would be nice...
A20H1M28WLI9J2,B00004U4S7,5.0,2008-10,0,0,,142,"Excellent Construction, Well Designed"
AXJU138LSIS2J,B00004U4S7,5.0,2008-07,0,0,,89,This is what I really needed
ATRSE31FLPUOP,B00004U4S7,4.0,2008-08,0,0,,66,"Big,big bag.."
ADALY60T9TBX2,B00004U4S7,3.0,2009-07,0,0,,146,Great for the price
A2Y870S7P44V4C,B00004U4S7,5.0,2004-06,11,11,1.0,384,Worth searching for!
A230F2ZKGFGY8A,B00004U5VM,5.0,2008-02,1,1,1.0,16,It is an old remote which is usable with Pentax DSLR's
A2WWF532XMFHRE,B00004U5VM,5.0,2008-02,8,8,1.0,34,Excelent small and helpfull. Price is just greate!
A1QWGPBP61DPQP,B00004U5VM,5.0,2008-07,2,2,1.0,219,Great for a K10d (also works for K5)
AY1WB9I0SE5US,B00004U5VM,5.0,2009-03,2,2,1.0,55,Very nise unit
A2UWPPU5GZLMQZ,B00004U5VM,5.0,2009-04,1,1,1.0,124,Super bargain
A31KBA8LLZIDS2,B00004U5VM,5.0,2008-10,1,1,1.0,53,Great value and function
A3A53X9NSO3M4Z,B00004U89W,5.0,2007-03,15,15,1.0,66,No need to spend hundreds
A3E6JBXN9KFHRX,B00004U89W,5.0,2009-05,0,0,,51,a very reasonably priced product that is well built
A1PACH221DODGO,B00004U89W,5.0,2007-08,1,1,1.0,66,Just what they ordered
ADQBX8UHKX7AJ,B00004U89W,4.0,2009-11,2,2,1.0,34,Great for a large flat panel TV
A1ETGPDALZIMVA,B00004U89W,5.0,2006-03,2,2,1.0,11,Glad I bought this item.
A2R5CUTW2NJ3G,B00004U89W,5.0,2005-08,2,3,0.6667,25,Great product fast delivery
A10Y058K7B96C6,B00004U89W,5.0,2009-03,2,2,1.0,230,"Excellent Solution, even for large LCD TVs"
AGQIQ1TEW7H5R,B00004U89W,5.0,2007-11,0,0,,61,It is nice when somebody creates a good product!
AWBUA3QUM6DRY,B00004U8B8,4.0,2007-09,1,1,1.0,45,Good basic P+S
A2C27IQUH9N1Z,B00004U8B8,4.0,2001-09,123,128,0.9609,287,a decent camera with exotic film demands
A2J9NEE5C5D2AU,B00004U8B8,5.0,2001-05,211,213,0.9906,382,very good optics for this price; average electronics
A1Z45DENVX2PQ1,B00004U8B8,5.0,2008-12,1,1,1.0,38,Canon Sure Shot 35mm
A3VYKXHQDICC6,B00004U8B8,4.0,2002-06,18,18,1.0,400,Great little camera...but
A1VMCMYWVQ6YBG,B00004U8B8,1.0,2003-11,1,2,0.5,52,Buy a Disposable over this
A3NYY0MCW3F36,B00004U8B8,1.0,2007-04,1,1,1.0,51,Poor picture quality
A1TR3G8YUR8QMG,B00004U8JS,3.0,2008-12,7,8,0.875,114,Read Product Description and You will Know
A1GE6AROZ4IEAJ,B00004U8JS,2.0,2007-09,11,12,0.9167,20,YOU GET WHAT YOU PAY FOR
A2RBX3L0OJSXN0,B00004U8JS,5.0,2013-06,2,3,0.6667,21,nice
A3U2L3V3MOEYLC,B00004U8JS,5.0,2009-03,0,0,,46,Great for my VOX Midland Radios
A2GML5RFMHMAYW,B00004U8JS,3.0,2013-04,0,0,,147,"functional, but a bad design"
A2SPV96SGOEO2,B00004U8JS,5.0,2013-09,1,1,1.0,100,Worked Fine - No Issues
A928NXDJXHVS8,B00004U8JS,1.0,2013-06,0,1,0.0,38,Plain Junk
A10LWFKVC21F82,B00004U8K4,3.0,2011-06,1,1,1.0,68,No Microphone Volume?
A19J4IR55H1NZI,B00004U8K4,2.0,2008-10,1,1,1.0,364,"Plantronics T20: 90% PERFECT, 10% DEADLY"
A3D4OB8I3HPULA,B00004U8K4,1.0,2010-08,0,0,,255,Doesn't do the job.
A1EC1IGNE6G5UP,B00004U8K4,2.0,2006-07,2,3,0.6667,85,"Good for listening, not for talking."
