asin,modeled_product_name,metadata_status,first_review_month,last_review_month
0528881469,Product 0528881469,metadata_not_joined,2010-09,2013-06
0594451647,Product 0594451647,metadata_not_joined,2014-01,2014-07
0594481813,Product 0594481813,metadata_not_joined,2013-05,2014-05
0972683275,Product 0972683275,metadata_not_joined,2008-02,2014-07
1400501466,Product 1400501466,metadata_not_joined,2011-12,2014-05
1400501520,Product 1400501520,metadata_not_joined,2012-12,2014-03
1400501776,Product 1400501776,metadata_not_joined,2012-04,2014-04
1400532620,Product 1400532620,metadata_not_joined,2010-07,2014-06
1400532655,Product 1400532655,metadata_not_joined,2010-11,2014-07
140053271X,Product 140053271X,metadata_not_joined,2011-07,2014-05
1400532736,Product 1400532736,metadata_not_joined,2012-09,2014-06
1400599997,Product 1400599997,metadata_not_joined,2009-12,2013-11
1400698987,Product 1400698987,metadata_not_joined,2013-05,2014-07
1400699169,Product 1400699169,metadata_not_joined,2013-05,2014-07
1615527613,Product 1615527613,metadata_not_joined,2012-08,2013-12
3744295508,Product 3744295508,metadata_not_joined,2010-05,2014-01
3930992868,Product 3930992868,metadata_not_joined,2010-12,2014-04
3936710058,Product 3936710058,metadata_not_joined,2012-12,2014-04
6301977173,Product 6301977173,metadata_not_joined,2000-05,2014-05
7214047977,Product 7214047977,metadata_not_joined,2012-12,2014-03
7507825604,Product 7507825604,metadata_not_joined,2012-03,2014-07
7799813393,Product 7799813393,metadata_not_joined,2012-08,2013-04
8862935293,Product 8862935293,metadata_not_joined,2010-07,2014-01
8862936826,Product 8862936826,metadata_not_joined,2010-11,2013-02
8918010656,Product 8918010656,metadata_not_joined,2014-02,2014-06
9043413585,Product 9043413585,metadata_not_joined,2009-01,2013-09
9573212900,Product 9573212900,metadata_not_joined,2009-08,2014-05
9573212919,Product 9573212919,metadata_not_joined,2010-03,2014-07
9575871979,Product 9575871979,metadata_not_joined,2007-10,2014-07
9625993428,Product 9625993428,metadata_not_joined,2010-04,2014-07
9862510447,Product 9862510447,metadata_not_joined,2010-08,2012-03
9876050621,Product 9876050621,metadata_not_joined,2014-03,2014-06
9888002198,Product 9888002198,metadata_not_joined,2010-01,2014-04
9966338926,Product 9966338926,metadata_not_joined,2013-02,2014-03
9966541551,Product 9966541551,metadata_not_joined,2014-01,2014-04
9966569863,Product 9966569863,metadata_not_joined,2013-10,2014-06
9966694544,Product 9966694544,metadata_not_joined,2013-05,2014-06
9981739588,Product 9981739588,metadata_not_joined,2010-05,2013-12
9983891204,Product 9983891204,metadata_not_joined,2010-05,2014-03
9983891212,Product 9983891212,metadata_not_joined,2010-03,2014-06
9984984354,Product 9984984354,metadata_not_joined,2010-06,2013-05
9984984362,Product 9984984362,metadata_not_joined,2010-12,2013-12
998498480X,Product 998498480X,metadata_not_joined,2010-03,2014-04
9985511476,Product 9985511476,metadata_not_joined,2012-10,2014-04
B000001OL6,Product B000001OL6,metadata_not_joined,2007-01,2013-09
B000001OM4,Product B000001OM4,metadata_not_joined,2005-08,2014-06
B000001OM5,Product B000001OM5,metadata_not_joined,2006-11,2014-07
B000001OMA,Product B000001OMA,metadata_not_joined,2009-10,2014-07
B000001OMI,Product B000001OMI,metadata_not_joined,2007-12,2014-06
B000001OMT,Product B000001OMT,metadata_not_joined,2007-07,2013-08
B000001OMZ,Product B000001OMZ,metadata_not_joined,2011-09,2014-06
B000001ON6,Product B000001ON6,metadata_not_joined,2008-09,2014-06
B000006OQ8,Product B000006OQ8,metadata_not_joined,2008-11,2013-11
B00000DM9W,Product B00000DM9W,metadata_not_joined,2003-06,2011-08
B00000DMA3,Product B00000DMA3,metadata_not_joined,2004-08,2009-11
B00000I9HE,Product B00000I9HE,metadata_not_joined,2012-03,2014-07
B00000I9HF,Product B00000I9HF,metadata_not_joined,2011-12,2014-06
B00000IGBF,Product B00000IGBF,metadata_not_joined,1999-11,2012-12
B00000J05A,Product B00000J05A,metadata_not_joined,1999-09,2001-07
B00000J060,Product B00000J060,metadata_not_joined,2000-09,2007-03
B00000J061,Product B00000J061,metadata_not_joined,2000-01,2014-06
B00000J08C,Product B00000J08C,metadata_not_joined,2000-06,2014-07
B00000J08Q,Product B00000J08Q,metadata_not_joined,2004-01,2013-06
B00000J0AR,Product B00000J0AR,metadata_not_joined,2003-02,2013-06
B00000J0D2,Product B00000J0D2,metadata_not_joined,2000-08,2013-08
B00000J0D5,Product B00000J0D5,metadata_not_joined,2000-07,2013-01
B00000J0D8,Product B00000J0D8,metadata_not_joined,2003-01,2007-03
B00000J0IX,Product B00000J0IX,metadata_not_joined,2000-01,2004-01
B00000J1E6,Product B00000J1E6,metadata_not_joined,2005-07,2013-07
B00000J1EJ,Product B00000J1EJ,metadata_not_joined,2001-11,2013-06
B00000J1EP,Product B00000J1EP,metadata_not_joined,2007-08,2014-07
B00000J1EQ,Product B00000J1EQ,metadata_not_joined,2011-08,2014-07
B00000J1F3,Product B00000J1F3,metadata_not_joined,2010-07,2014-04
B00000J1GA,Product B00000J1GA,metadata_not_joined,2000-01,2004-04
B00000J1QK,Product B00000J1QK,metadata_not_joined,2002-07,2014-04
B00000J1QR,Product B00000J1QR,metadata_not_joined,2010-02,2014-04
B00000J1SC,Product B00000J1SC,metadata_not_joined,2007-07,2014-07
B00000J1TX,Product B00000J1TX,metadata_not_joined,2001-06,2014-06
B00000J1U8,Product B00000J1U8,metadata_not_joined,2007-01,2014-07
B00000J1UA,Product B00000J1UA,metadata_not_joined,2009-05,2014-05
B00000J1UB,Product B00000J1UB,metadata_not_joined,2011-08,2013-08
B00000J1UQ,Product B00000J1UQ,metadata_not_joined,2009-01,2014-06
B00000J1UY,Product B00000J1UY,metadata_not_joined,2011-09,2013-11
B00000J1V3,Product B00000J1V3,metadata_not_joined,2006-12,2014-02
B00000J1V5,Product B00000J1V5,metadata_not_joined,2002-08,2014-07
B00000J1V7,Product B00000J1V7,metadata_not_joined,2008-01,2014-03
B00000J1V8,Product B00000J1V8,metadata_not_joined,2001-10,2014-05
B00000J3G3,Product B00000J3G3,metadata_not_joined,2003-10,2013-12
B00000J3GR,Product B00000J3GR,metadata_not_joined,2008-05,2014-03
B00000J3HB,Product B00000J3HB,metadata_not_joined,2000-01,2001-02
B00000J3II,Product B00000J3II,metadata_not_joined,1999-12,2014-06
B00000J3Q1,Product B00000J3Q1,metadata_not_joined,2000-01,2011-04
B00000J3Q7,Product B00000J3Q7,metadata_not_joined,1999-08,2014-05
B00000J3SA,Product B00000J3SA,metadata_not_joined,2001-03,2006-01
B00000J3UH,Product B00000J3UH,metadata_not_joined,2007-06,2011-12
B00000J3UJ,Product B00000J3UJ,metadata_not_joined,2008-02,2014-04
B00000J3WQ,Product B00000J3WQ,metadata_not_joined,2000-07,2014-06
B00000J40X,Product B00000J40X,metadata_not_joined,2000-08,2004-07
B00000J434,Product B00000J434,metadata_not_joined,1999-12,2009-05
B00000J47F,Product B00000J47F,metadata_not_joined,2000-06,2014-05
B00000J4CX,Product B00000J4CX,metadata_not_joined,2000-10,2013-11
B00000J4DV,Product B00000J4DV,metadata_not_joined,2007-08,2014-07
B00000J4EY,Product B00000J4EY,metadata_not_joined,2009-01,2014-06
B00000J4FS,Product B00000J4FS,metadata_not_joined,1999-07,2014-06
B00000J4GE,Product B00000J4GE,metadata_not_joined,2008-11,2014-07
B00000J4L8,Product B00000J4L8,metadata_not_joined,2000-03,2013-05
B00000J4LQ,Product B00000J4LQ,metadata_not_joined,1999-11,2013-05
B00000J4M9,Product B00000J4M9,metadata_not_joined,2000-09,2013-05
B00000J4VK,Product B00000J4VK,metadata_not_joined,2000-11,2010-08
B00000J4VL,Product B00000J4VL,metadata_not_joined,2001-06,2003-01
B00000J506,Product B00000J506,metadata_not_joined,2002-12,2013-08
B00000J579,Product B00000J579,metadata_not_joined,2000-09,2010-11
B00000J6WY,Product B00000J6WY,metadata_not_joined,2000-10,2014-04
B00000JBAH,Product B00000JBAH,metadata_not_joined,1999-11,2006-11
B00000JBAT,Product B00000JBAT,metadata_not_joined,1999-06,2001-07
B00000JBHE,Product B00000JBHE,metadata_not_joined,2000-01,2007-12
B00000JBHP,Product B00000JBHP,metadata_not_joined,2010-07,2014-06
B00000JBIA,Product B00000JBIA,metadata_not_joined,2000-02,2001-04
B00000JBJQ,Product B00000JBJQ,metadata_not_joined,2000-10,2014-04
B00000JBLJ,Product B00000JBLJ,metadata_not_joined,2000-02,2006-05
B00000JBRV,Product B00000JBRV,metadata_not_joined,2011-07,2014-05
B00000JBUI,Product B00000JBUI,metadata_not_joined,2000-05,2014-01
B00000JCT8,Product B00000JCT8,metadata_not_joined,2000-01,2014-06
B00000JCTO,Product B00000JCTO,metadata_not_joined,2001-02,2014-06
B00000JD34,Product B00000JD34,metadata_not_joined,2007-01,2014-03
B00000JD3C,Product B00000JD3C,metadata_not_joined,2009-01,2013-11
B00000JD3O,Product B00000JD3O,metadata_not_joined,2010-06,2013-08
B00000JD4T,Product B00000JD4T,metadata_not_joined,2000-05,2012-04
B00000JD4V,Product B00000JD4V,metadata_not_joined,1999-12,2013-09
B00000JDEL,Product B00000JDEL,metadata_not_joined,2000-07,2005-01
B00000JDF5,Product B00000JDF5,metadata_not_joined,2000-05,2014-07
B00000JDF6,Product B00000JDF6,metadata_not_joined,2001-09,2014-05
B00000JDF8,Product B00000JDF8,metadata_not_joined,2010-03,2014-04
B00000JDFI,Product B00000JDFI,metadata_not_joined,2000-06,2014-04
B00000JDGQ,Product B00000JDGQ,metadata_not_joined,2000-02,2001-09
B00000JDHV,Product B00000JDHV,metadata_not_joined,1999-10,2014-02
B00000JDK0,Product B00000JDK0,metadata_not_joined,2000-05,2012-08
B00000JF4M,Product B00000JF4M,metadata_not_joined,1999-12,2001-04
B00000JFE3,Product B00000JFE3,metadata_not_joined,1999-07,2005-05
B00000JFIF,Product B00000JFIF,metadata_not_joined,1999-11,2007-01
B00000JFMK,Product B00000JFMK,metadata_not_joined,1999-07,2002-10
B00000JGN9,Product B00000JGN9,metadata_not_joined,2001-02,2014-04
B00000JGNB,Product B00000JGNB,metadata_not_joined,2001-04,2008-11
B00000JHVP,Product B00000JHVP,metadata_not_joined,2000-04,2001-03
B00000JHWX,Product B00000JHWX,metadata_not_joined,1999-10,2000-11
B00000JI2C,Product B00000JI2C,metadata_not_joined,2000-06,2013-10
B00000JI2D,Product B00000JI2D,metadata_not_joined,2000-01,2014-01
B00000JI38,Product B00000JI38,metadata_not_joined,1999-08,2001-01
B00000JI48,Product B00000JI48,metadata_not_joined,2004-12,2014-07
B00000JI4F,Product B00000JI4F,metadata_not_joined,1999-12,2014-07
B00000JII6,Product B00000JII6,metadata_not_joined,2001-07,2008-04
B00000JMO4,Product B00000JMO4,metadata_not_joined,1999-07,2004-12
B00000JMRV,Product B00000JMRV,metadata_not_joined,2004-03,2010-10
B00000JMRX,Product B00000JMRX,metadata_not_joined,2000-02,2011-08
B00000JPPI,Product B00000JPPI,metadata_not_joined,2005-09,2014-05
B00000JSES,Product B00000JSES,metadata_not_joined,1999-10,2004-05
B00000JSGF,Product B00000JSGF,metadata_not_joined,1999-11,2003-11
B00000JXV3,Product B00000JXV3,metadata_not_joined,1999-10,2006-04
B00000JYLO,Product B00000JYLO,metadata_not_joined,2000-02,2013-01
B00000JYWQ,Product B00000JYWQ,metadata_not_joined,1999-10,2012-09
B00000K135,Product B00000K135,metadata_not_joined,2005-01,2014-07
B00000K13A,Product B00000K13A,metadata_not_joined,2004-03,2014-05
B00000K13I,Product B00000K13I,metadata_not_joined,2007-01,2014-05
B00000K13L,Product B00000K13L,metadata_not_joined,2004-11,2014-07
B00000K2YR,Product B00000K2YR,metadata_not_joined,2006-01,2014-07
B00000K2YV,Product B00000K2YV,metadata_not_joined,2007-03,2014-06
B00000K3RI,Product B00000K3RI,metadata_not_joined,1999-11,2013-06
B00000K3RK,Product B00000K3RK,metadata_not_joined,1999-12,2002-11
B00000K4KH,Product B00000K4KH,metadata_not_joined,2000-06,2014-06
B00000K4LF,Product B00000K4LF,metadata_not_joined,2002-04,2014-06
B00001MXYW,Product B00001MXYW,metadata_not_joined,2000-06,2004-10
B00001OPJ1,Product B00001OPJ1,metadata_not_joined,2000-06,2003-08
B00001OPJQ,Product B00001OPJQ,metadata_not_joined,2007-06,2013-11
B00001OPJV,Product B00001OPJV,metadata_not_joined,2007-01,2013-12
B00001OPJZ,Product B00001OPJZ,metadata_not_joined,2000-02,2009-04
B00001OWYM,Product B00001OWYM,metadata_not_joined,2007-01,2014-03
B00001OXQ9,Product B00001OXQ9,metadata_not_joined,2002-10,2014-07
B00001P4XA,Product B00001P4XA,metadata_not_joined,2000-06,2014-06
B00001P4XH,Product B00001P4XH,metadata_not_joined,2000-11,2014-07
B00001P4ZH,Product B00001P4ZH,metadata_not_joined,2000-07,2014-07
B00001P4ZR,Product B00001P4ZR,metadata_not_joined,2002-02,2014-06
B00001P505,Product B00001P505,metadata_not_joined,2000-07,2014-06
B00001P584,Product B00001P584,metadata_not_joined,2001-03,2014-05
B00001QEAE,Product B00001QEAE,metadata_not_joined,2000-02,2006-07
B00001QEMF,Product B00001QEMF,metadata_not_joined,1999-12,2014-07
B00001QHP5,Product B00001QHP5,metadata_not_joined,2000-05,2013-05
B00001RMCY,Product B00001RMCY,metadata_not_joined,2000-06,2014-02
B00001RME8,Product B00001RME8,metadata_not_joined,2000-04,2000-11
B00001U0AJ,Product B00001U0AJ,metadata_not_joined,2000-08,2005-05
B00001W0D4,Product B00001W0D4,metadata_not_joined,2003-10,2011-03
B00001W0D5,Product B00001W0D5,metadata_not_joined,2005-02,2011-03
B00001W0DC,Product B00001W0DC,metadata_not_joined,2005-07,2013-10
B00001W0DD,Product B00001W0DD,metadata_not_joined,2000-05,2014-04
B00001W0DG,Product B00001W0DG,metadata_not_joined,2003-01,2013-02
B00001W0DH,Product B00001W0DH,metadata_not_joined,2002-01,2014-05
B00001W0DI,Product B00001W0DI,metadata_not_joined,2000-05,2014-01
B00001W0EQ,Product B00001W0EQ,metadata_not_joined,2000-04,2014-07
B00001W0H1,Product B00001W0H1,metadata_not_joined,2011-09,2013-07
B00001WRSJ,Product B00001WRSJ,metadata_not_joined,2004-01,2014-07
B00001X5AL,Product B00001X5AL,metadata_not_joined,1999-12,2009-04
B00001YVG4,Product B00001YVG4,metadata_not_joined,2000-02,2009-09
B00001ZT4H,Product B00001ZT4H,metadata_not_joined,2003-07,2012-12
B00001ZWRV,Product B00001ZWRV,metadata_not_joined,2000-11,2013-08
B00001ZWTY,Product B00001ZWTY,metadata_not_joined,2004-04,2011-08
B00001ZWXA,Product B00001ZWXA,metadata_not_joined,2000-10,2014-07
B0000206CT,Product B0000206CT,metadata_not_joined,2000-06,2002-01
B000021YU8,Product B000021YU8,metadata_not_joined,1999-11,2009-05
B000021YUL,Product B000021YUL,metadata_not_joined,1999-11,2002-06
B000021YUO,Product B000021YUO,metadata_not_joined,2000-08,2008-06
B0000222MY,Product B0000222MY,metadata_not_joined,2000-01,2014-06
B0000225BA,Product B0000225BA,metadata_not_joined,2007-01,2012-05
B0000225BD,Product B0000225BD,metadata_not_joined,2004-01,2014-05
B0000226IH,Product B0000226IH,metadata_not_joined,2001-12,2014-05
B0000226L0,Product B0000226L0,metadata_not_joined,2000-01,2013-03
B0000226QJ,Product B0000226QJ,metadata_not_joined,2001-03,2009-07
B0000228GF,Product B0000228GF,metadata_not_joined,2000-05,2014-06
B0000228GG,Product B0000228GG,metadata_not_joined,2000-03,2011-05
B000023VUE,Product B000023VUE,metadata_not_joined,2001-05,2011-02
B000023VUL,Product B000023VUL,metadata_not_joined,2000-09,2003-03
B000023VW2,Product B000023VW2,metadata_not_joined,2001-07,2014-05
B000026D8E,Product B000026D8E,metadata_not_joined,2008-05,2014-02
B000028F42,Product B000028F42,metadata_not_joined,2000-11,2014-03
B00002EQCS,Product B00002EQCS,metadata_not_joined,2000-12,2014-07
B00002EQCW,Product B00002EQCW,metadata_not_joined,2000-07,2014-07
B00002JXFH,Product B00002JXFH,metadata_not_joined,1999-12,2007-07
B00002MZ8G,Product B00002MZ8G,metadata_not_joined,2000-05,2014-05
B00002N5E4,Product B00002N5E4,metadata_not_joined,2011-08,2014-03
B00002N7FQ,Product B00002N7FQ,metadata_not_joined,2011-03,2014-06
B00002NAXD,Product B00002NAXD,metadata_not_joined,2012-12,2014-01
B00002NDRF,Product B00002NDRF,metadata_not_joined,2011-02,2013-04
B00002NDRQ,Product B00002NDRQ,metadata_not_joined,2003-06,2014-07
B00002ST80,Product B00002ST80,metadata_not_joined,1999-11,2000-05
B00002SWHH,Product B00002SWHH,metadata_not_joined,1999-12,2002-07
B00002SWUE,Product B00002SWUE,metadata_not_joined,1999-11,2003-10
B000030068,Product B000030068,metadata_not_joined,2000-05,2013-10
B00003006E,Product B00003006E,metadata_not_joined,2000-10,2014-04
B00003006K,Product B00003006K,metadata_not_joined,2000-10,2014-01
B00003006R,Product B00003006R,metadata_not_joined,2000-08,2010-12
B0000300QN,Product B0000300QN,metadata_not_joined,1999-12,2014-07
B0000300QQ,Product B0000300QQ,metadata_not_joined,2000-05,2009-09
B0000303I7,Product B0000303I7,metadata_not_joined,2000-06,2014-03
B000031KIM,Product B000031KIM,metadata_not_joined,2000-05,2013-12
B000031WCH,Product B000031WCH,metadata_not_joined,2000-06,2008-07
B0000326O1,Product B0000326O1,metadata_not_joined,2001-07,2013-11
B0000326O3,Product B0000326O3,metadata_not_joined,2002-12,2011-06
B0000365CI,Product B0000365CI,metadata_not_joined,2000-04,2011-11
B000038AB2,Product B000038AB2,metadata_not_joined,1999-12,2012-11
B000038ABH,Product B000038ABH,metadata_not_joined,2000-01,2009-03
B00003CW9Q,Product B00003CW9Q,metadata_not_joined,2000-11,2014-05
B00003CWA6,Product B00003CWA6,metadata_not_joined,2005-05,2013-09
B00003CWC9,Product B00003CWC9,metadata_not_joined,2005-11,2011-12
B00003CWDG,Product B00003CWDG,metadata_not_joined,2006-05,2014-07
B00003CWDH,Product B00003CWDH,metadata_not_joined,2006-11,2014-06
B00003CWDK,Product B00003CWDK,metadata_not_joined,2007-10,2014-05
B00003CWDQ,Product B00003CWDQ,metadata_not_joined,2001-08,2014-07
B00003CWDU,Product B00003CWDU,metadata_not_joined,2006-07,2010-09
B00003CWDW,Product B00003CWDW,metadata_not_joined,2011-03,2014-05
B00003CWE5,Product B00003CWE5,metadata_not_joined,2003-02,2012-10
B00003CWEI,Product B00003CWEI,metadata_not_joined,2000-07,2013-07
B00003CWEX,Product B00003CWEX,metadata_not_joined,2000-09,2006-04
B00003CWFA,Product B00003CWFA,metadata_not_joined,2007-01,2014-05
B00003CWG2,Product B00003CWG2,metadata_not_joined,2000-08,2011-07
B00003CWG3,Product B00003CWG3,metadata_not_joined,2004-11,2007-12
B00003CWG4,Product B00003CWG4,metadata_not_joined,2004-03,2013-12
B00003ETSJ,Product B00003ETSJ,metadata_not_joined,2000-05,2003-12
B00003G1LP,Product B00003G1LP,metadata_not_joined,2000-09,2003-03
B00003G1RC,Product B00003G1RC,metadata_not_joined,2001-02,2002-03
B00003G1RE,Product B00003G1RE,metadata_not_joined,2001-02,2002-06
B00003G1RG,Product B00003G1RG,metadata_not_joined,2000-11,2013-01
B00003G1RJ,Product B00003G1RJ,metadata_not_joined,2001-04,2003-05
B00003GO0E,Product B00003GO0E,metadata_not_joined,2005-06,2012-11
B00003IEMD,Product B00003IEMD,metadata_not_joined,2001-12,2014-07
B00003OPEU,Product B00003OPEU,metadata_not_joined,2000-08,2003-01
B00003OPEV,Product B00003OPEV,metadata_not_joined,2000-01,2001-02
B00003WGP5,Product B00003WGP5,metadata_not_joined,2000-05,2014-03
B00003ZDJ7,Product B00003ZDJ7,metadata_not_joined,2001-03,2013-04
B0000488VI,Product B0000488VI,metadata_not_joined,2000-09,2002-12
B0000488VK,Product B0000488VK,metadata_not_joined,2000-09,2002-01
B00004L8IG,Product B00004L8IG,metadata_not_joined,2000-06,2014-04
B00004LC7Z,Product B00004LC7Z,metadata_not_joined,2000-04,2005-03
B00004NKHY,Product B00004NKHY,metadata_not_joined,2000-10,2012-03
B00004OCOX,Product B00004OCOX,metadata_not_joined,2000-03,2001-11
B00004R7OI,Product B00004R7OI,metadata_not_joined,2000-08,2004-03
B00004R8V6,Product B00004R8V6,metadata_not_joined,2000-04,2003-07
B00004R8VC,Product B00004R8VC,metadata_not_joined,2000-04,2010-08
B00004R8VE,Product B00004R8VE,metadata_not_joined,2000-05,2013-12
B00004R8VM,Product B00004R8VM,metadata_not_joined,2000-12,2003-06
B00004RC2D,Product B00004RC2D,metadata_not_joined,2000-03,2013-11
B00004RC2E,Product B00004RC2E,metadata_not_joined,2000-05,2004-05
B00004RC2G,Product B00004RC2G,metadata_not_joined,2000-04,2000-09
B00004RC2I,Product B00004RC2I,metadata_not_joined,2000-03,2014-01
B00004RD8K,Product B00004RD8K,metadata_not_joined,2000-05,2012-07
B00004RDL5,Product B00004RDL5,metadata_not_joined,2006-02,2013-02
B00004RDMR,Product B00004RDMR,metadata_not_joined,2000-07,2008-07
B00004RG6K,Product B00004RG6K,metadata_not_joined,2000-05,2005-03
B00004RIGR,Product B00004RIGR,metadata_not_joined,2001-06,2002-07
B00004RIPE,Product B00004RIPE,metadata_not_joined,2000-08,2014-07
B00004RIUB,Product B00004RIUB,metadata_not_joined,2000-08,2006-08
B00004RIUJ,Product B00004RIUJ,metadata_not_joined,2000-04,2001-12
B00004S9AK,Product B00004S9AK,metadata_not_joined,2000-04,2013-04
B00004SABB,Product B00004SABB,metadata_not_joined,2002-09,2014-07
B00004SABH,Product B00004SABH,metadata_not_joined,2003-05,2007-05
B00004SABJ,Product B00004SABJ,metadata_not_joined,2000-11,2014-07
B00004SB92,Product B00004SB92,metadata_not_joined,2000-04,2014-07
B00004SB94,Product B00004SB94,metadata_not_joined,2000-06,2013-12
B00004SB96,Product B00004SB96,metadata_not_joined,2001-01,2014-01
B00004SB98,Product B00004SB98,metadata_not_joined,2000-09,2012-01
B00004SB99,Product B00004SB99,metadata_not_joined,2000-06,2006-05
B00004SC3Y,Product B00004SC3Y,metadata_not_joined,2000-06,2003-02
B00004SCKA,Product B00004SCKA,metadata_not_joined,2000-09,2004-11
B00004SD87,Product B00004SD87,metadata_not_joined,2000-05,2013-02
B00004SD88,Product B00004SD88,metadata_not_joined,2001-01,2012-11
B00004SD89,Product B00004SD89,metadata_not_joined,2000-10,2006-04
B00004SGD3,Product B00004SGD3,metadata_not_joined,2000-04,2001-07
B00004SP9W,Product B00004SP9W,metadata_not_joined,2001-02,2014-03
B00004SPC0,Product B00004SPC0,metadata_not_joined,2000-10,2008-09
B00004SPUN,Product B00004SPUN,metadata_not_joined,2000-07,2003-01
B00004SQET,Product B00004SQET,metadata_not_joined,2009-01,2014-06
B00004SQGI,Product B00004SQGI,metadata_not_joined,2010-12,2013-12
B00004STHL,Product B00004STHL,metadata_not_joined,2000-06,2007-08
B00004STQK,Product B00004STQK,metadata_not_joined,2000-09,2003-10
B00004SU73,Product B00004SU73,metadata_not_joined,2000-08,2013-08
B00004SUG7,Product B00004SUG7,metadata_not_joined,2001-06,2010-01
B00004SV1W,Product B00004SV1W,metadata_not_joined,2000-04,2002-01
B00004SY4H,Product B00004SY4H,metadata_not_joined,2000-10,2014-07
B00004SY5G,Product B00004SY5G,metadata_not_joined,2002-03,2004-02
B00004SYB7,Product B00004SYB7,metadata_not_joined,2001-01,2011-09
B00004SYKO,Product B00004SYKO,metadata_not_joined,2007-09,2014-04
B00004SYNW,Product B00004SYNW,metadata_not_joined,2000-09,2003-05
B00004SYNX,Product B00004SYNX,metadata_not_joined,2000-06,2014-01
B00004SYVH,Product B00004SYVH,metadata_not_joined,2000-04,2001-02
B00004T0RC,Product B00004T0RC,metadata_not_joined,2000-08,2009-03
B00004T1XE,Product B00004T1XE,metadata_not_joined,2001-10,2014-07
B00004T1XK,Product B00004T1XK,metadata_not_joined,2007-08,2014-07
B00004T2LJ,Product B00004T2LJ,metadata_not_joined,2000-04,2001-11
B00004T8R2,Product B00004T8R2,metadata_not_joined,2003-09,2014-07
B00004TBBA,Product B00004TBBA,metadata_not_joined,2000-05,2012-05
B00004TBLW,Product B00004TBLW,metadata_not_joined,2009-08,2014-07
B00004TCTK,Product B00004TCTK,metadata_not_joined,2000-08,2002-06
B00004TDL2,Product B00004TDL2,metadata_not_joined,2000-05,2002-03
B00004TDLD,Product B00004TDLD,metadata_not_joined,2010-08,2014-03
B00004TDMX,Product B00004TDMX,metadata_not_joined,2000-06,2001-10
B00004TDN0,Product B00004TDN0,metadata_not_joined,2000-05,2002-01
B00004TDN2,Product B00004TDN2,metadata_not_joined,2000-05,2014-06
B00004TDN4,Product B00004TDN4,metadata_not_joined,2000-06,2004-02
B00004TDN7,Product B00004TDN7,metadata_not_joined,2000-07,2013-02
B00004TDRH,Product B00004TDRH,metadata_not_joined,2008-12,2014-06
B00004TDSA,Product B00004TDSA,metadata_not_joined,2000-06,2014-06
B00004TDSC,Product B00004TDSC,metadata_not_joined,2003-02,2014-03
B00004TDWY,Product B00004TDWY,metadata_not_joined,2000-05,2001-12
B00004TEN2,Product B00004TEN2,metadata_not_joined,2000-07,2003-02
B00004TENT,Product B00004TENT,metadata_not_joined,2000-12,2004-11
B00004TEUK,Product B00004TEUK,metadata_not_joined,2000-12,2006-06
B00004TF4V,Product B00004TF4V,metadata_not_joined,2000-05,2005-10
B00004TH2W,Product B00004TH2W,metadata_not_joined,2000-06,2001-08
B00004TH2X,Product B00004TH2X,metadata_not_joined,2000-06,2002-08
B00004TH9M,Product B00004TH9M,metadata_not_joined,2000-10,2013-12
B00004THCX,Product B00004THCX,metadata_not_joined,2000-11,2014-05
B00004THCY,Product B00004THCY,metadata_not_joined,2000-10,2014-04
B00004THCZ,Product B00004THCZ,metadata_not_joined,2000-10,2014-07
B00004THD4,Product B00004THD4,metadata_not_joined,2001-12,2013-12
B00004THDE,Product B00004THDE,metadata_not_joined,2000-09,2014-07
B00004THM6,Product B00004THM6,metadata_not_joined,2000-10,2013-07
B00004THM7,Product B00004THM7,metadata_not_joined,2003-08,2014-06
B00004TJ0L,Product B00004TJ0L,metadata_not_joined,2001-02,2012-04
B00004TJ7O,Product B00004TJ7O,metadata_not_joined,2000-10,2013-12
B00004TJ7S,Product B00004TJ7S,metadata_not_joined,2009-06,2012-12
B00004TKVD,Product B00004TKVD,metadata_not_joined,2007-01,2014-05
B00004TL5Q,Product B00004TL5Q,metadata_not_joined,2000-05,2007-08
B00004TL5W,Product B00004TL5W,metadata_not_joined,2000-06,2001-06
B00004TRD9,Product B00004TRD9,metadata_not_joined,2000-07,2009-07
B00004TS16,Product B00004TS16,metadata_not_joined,2000-06,2010-08
B00004TS39,Product B00004TS39,metadata_not_joined,2001-02,2014-04
B00004TS3B,Product B00004TS3B,metadata_not_joined,2004-02,2011-03
B00004TS3D,Product B00004TS3D,metadata_not_joined,2007-02,2014-03
B00004TS3P,Product B00004TS3P,metadata_not_joined,2010-10,2014-07
B00004TVSP,Product B00004TVSP,metadata_not_joined,2007-06,2014-06
B00004TWLY,Product B00004TWLY,metadata_not_joined,2007-09,2014-07
B00004TWM0,Product B00004TWM0,metadata_not_joined,2000-11,2013-12
B00004TWM3,Product B00004TWM3,metadata_not_joined,2001-08,2014-07
B00004TWM6,Product B00004TWM6,metadata_not_joined,2003-05,2014-07
B00004TWVY,Product B00004TWVY,metadata_not_joined,2003-11,2014-04
B00004TX68,Product B00004TX68,metadata_not_joined,2001-06,2007-07
B00004TX6Z,Product B00004TX6Z,metadata_not_joined,2002-06,2013-02
B00004TX71,Product B00004TX71,metadata_not_joined,2006-08,2010-10
B00004TX77,Product B00004TX77,metadata_not_joined,2006-01,2013-02
B00004TX7E,Product B00004TX7E,metadata_not_joined,2001-02,2009-10
B00004TY7F,Product B00004TY7F,metadata_not_joined,2001-05,2013-05
B00004TY7O,Product B00004TY7O,metadata_not_joined,2001-04,2011-01
B00004TY7Q,Product B00004TY7Q,metadata_not_joined,2006-03,2013-03
B00004TYBM,Product B00004TYBM,metadata_not_joined,2006-01,2014-05
B00004TZE5,Product B00004TZE5,metadata_not_joined,2006-11,2013-04
B00004TZF9,Product B00004TZF9,metadata_not_joined,2001-10,2014-07
B00004TZFM,Product B00004TZFM,metadata_not_joined,2007-10,2014-05
B00004TZJI,Product B00004TZJI,metadata_not_joined,2004-12,2007-05
B00004TZJQ,Product B00004TZJQ,metadata_not_joined,2000-12,2013-04
B00004U12J,Product B00004U12J,metadata_not_joined,2000-07,2003-04
B00004U3AW,Product B00004U3AW,metadata_not_joined,2000-07,2006-12
B00004U47J,Product B00004U47J,metadata_not_joined,2002-07,2012-05
B00004U4MT,Product B00004U4MT,metadata_not_joined,2001-11,2010-03
B00004U4S7,Product B00004U4S7,metadata_not_joined,2004-06,2009-07
B00004U5VM,Product B00004U5VM,metadata_not_joined,2008-02,2009-04
B00004U89W,Product B00004U89W,metadata_not_joined,2005-08,2009-11
B00004U8B8,Product B00004U8B8,metadata_not_joined,2001-05,2008-12
B00004U8JS,Product B00004U8JS,metadata_not_joined,2007-09,2013-09
B00004U8K4,Product B00004U8K4,metadata_not_joined,2006-07,2012-10
B00004U8LO,Product B00004U8LO,metadata_not_joined,2000-11,2002-12
B00004UDQ1,Product B00004UDQ1,metadata_not_joined,2000-08,2014-02
B00004UE2R,Product B00004UE2R,metadata_not_joined,2000-10,2004-08
B00004UFQJ,Product B00004UFQJ,metadata_not_joined,2006-06,2013-12
B00004UFQR,Product B00004UFQR,metadata_not_joined,2003-06,2010-05
B00004VUGJ,Product B00004VUGJ,metadata_not_joined,2001-01,2014-03
B00004VUM1,Product B00004VUM1,metadata_not_joined,2000-08,2001-11
B00004VUMF,Product B00004VUMF,metadata_not_joined,2002-11,2013-09
B00004VUMG,Product B00004VUMG,metadata_not_joined,2000-12,2011-03
B00004VVA4,Product B00004VVA4,metadata_not_joined,2002-11,2013-09
B00004VWM3,Product B00004VWM3,metadata_not_joined,2000-08,2006-01
B00004VX14,Product B00004VX14,metadata_not_joined,2002-07,2007-11
B00004VX15,Product B00004VX15,metadata_not_joined,2000-10,2014-06
B00004VX39,Product B00004VX39,metadata_not_joined,2001-10,2014-07
B00004VX3A,Product B00004VX3A,metadata_not_joined,2001-11,2013-06
B00004VX3T,Product B00004VX3T,metadata_not_joined,2000-10,2014-02
B00004VXN2,Product B00004VXN2,metadata_not_joined,2002-11,2014-01
B00004VXNF,Product B00004VXNF,metadata_not_joined,2007-01,2014-06
B00004VXNI,Product B00004VXNI,metadata_not_joined,2010-12,2014-04
B00004VXNY,Product B00004VXNY,metadata_not_joined,2007-10,2013-02
B00004VXO2,Product B00004VXO2,metadata_not_joined,2011-11,2014-07
B00004W3YK,Product B00004W3YK,metadata_not_joined,2000-08,2008-08
B00004W3YX,Product B00004W3YX,metadata_not_joined,2000-08,2012-12
B00004W3ZQ,Product B00004W3ZQ,metadata_not_joined,2008-08,2014-07
B00004WCBT,Product B00004WCBT,metadata_not_joined,2000-12,2003-04
B00004WCBU,Product B00004WCBU,metadata_not_joined,2001-05,2003-02
B00004WCCQ,Product B00004WCCQ,metadata_not_joined,2004-09,2014-03
B00004WCEY,Product B00004WCEY,metadata_not_joined,2006-07,2014-02
B00004WCFT,Product B00004WCFT,metadata_not_joined,2001-07,2014-07
B00004WCFY,Product B00004WCFY,metadata_not_joined,2006-11,2014-03
B00004WCG6,Product B00004WCG6,metadata_not_joined,2005-03,2012-01
B00004WCGC,Product B00004WCGC,metadata_not_joined,2006-08,2014-07
B00004WCGD,Product B00004WCGD,metadata_not_joined,2008-07,2014-05
B00004WCGF,Product B00004WCGF,metadata_not_joined,2002-12,2014-07
B00004WCI7,Product B00004WCI7,metadata_not_joined,2007-06,2014-07
B00004WCIA,Product B00004WCIA,metadata_not_joined,2000-11,2014-01
B00004WCIC,Product B00004WCIC,metadata_not_joined,2001-02,2014-07
B00004WCID,Product B00004WCID,metadata_not_joined,2001-06,2014-07
B00004WGNF,Product B00004WGNF,metadata_not_joined,2000-10,2008-12
B00004WHE5,Product B00004WHE5,metadata_not_joined,2000-08,2012-09
B00004WHEX,Product B00004WHEX,metadata_not_joined,2000-12,2014-04
B00004WHF1,Product B00004WHF1,metadata_not_joined,2000-09,2002-06
B00004WHF4,Product B00004WHF4,metadata_not_joined,2000-10,2006-01
B00004WHF9,Product B00004WHF9,metadata_not_joined,2000-09,2004-03
B00004WHFK,Product B00004WHFK,metadata_not_joined,2001-03,2010-01
B00004WHFL,Product B00004WHFL,metadata_not_joined,2001-03,2007-11
B00004WHFM,Product B00004WHFM,metadata_not_joined,2000-12,2002-09
B00004WHIL,Product B00004WHIL,metadata_not_joined,2000-08,2014-06
B00004WLJ2,Product B00004WLJ2,metadata_not_joined,2011-11,2014-05
B00004WLJ4,Product B00004WLJ4,metadata_not_joined,2009-05,2014-04
B00004WLJ5,Product B00004WLJ5,metadata_not_joined,2012-08,2014-07
B00004WLJ7,Product B00004WLJ7,metadata_not_joined,2012-08,2014-01
B00004WLJ8,Product B00004WLJ8,metadata_not_joined,2008-09,2013-10
B00004WLJ9,Product B00004WLJ9,metadata_not_joined,2009-05,2014-03
B00004WZON,Product B00004WZON,metadata_not_joined,2002-07,2010-04
B00004X036,Product B00004X036,metadata_not_joined,2001-01,2002-03
B00004X0ZG,Product B00004X0ZG,metadata_not_joined,2004-04,2012-12
B00004X0ZH,Product B00004X0ZH,metadata_not_joined,2002-01,2003-09
B00004X0ZI,Product B00004X0ZI,metadata_not_joined,2001-02,2011-02
B00004X0ZO,Product B00004X0ZO,metadata_not_joined,2000-10,2013-10
B00004X107,Product B00004X107,metadata_not_joined,2004-01,2014-02
B00004X109,Product B00004X109,metadata_not_joined,2001-09,2014-04
B00004X10B,Product B00004X10B,metadata_not_joined,2004-02,2014-07
B00004X10C,Product B00004X10C,metadata_not_joined,2003-10,2014-02
B00004XO1V,Product B00004XO1V,metadata_not_joined,2000-09,2003-04
B00004XOM3,Product B00004XOM3,metadata_not_joined,2001-08,2014-07
B00004XOND,Product B00004XOND,metadata_not_joined,2004-11,2013-08
B00004XONF,Product B00004XONF,metadata_not_joined,2001-04,2014-05
B00004XOYF,Product B00004XOYF,metadata_not_joined,2001-01,2009-03
B00004XRD3,Product B00004XRD3,metadata_not_joined,2001-04,2002-10
B00004XRDB,Product B00004XRDB,metadata_not_joined,2000-12,2010-12
B00004XRDM,Product B00004XRDM,metadata_not_joined,2004-10,2005-09
B00004XRDN,Product B00004XRDN,metadata_not_joined,2001-02,2010-02
B00004XRDO,Product B00004XRDO,metadata_not_joined,2001-01,2010-07
B00004XRED,Product B00004XRED,metadata_not_joined,2001-07,2013-05
B00004XSHN,Product B00004XSHN,metadata_not_joined,2000-11,2013-02
B00004Y2MM,Product B00004Y2MM,metadata_not_joined,2001-01,2014-03
B00004Y2US,Product B00004Y2US,metadata_not_joined,2007-01,2013-07
B00004Y2VS,Product B00004Y2VS,metadata_not_joined,2006-11,2013-12
B00004Y2VV,Product B00004Y2VV,metadata_not_joined,2011-10,2014-02
B00004Y2ZF,Product B00004Y2ZF,metadata_not_joined,2000-10,2014-01
B00004Y2ZX,Product B00004Y2ZX,metadata_not_joined,2001-05,2012-05
B00004Y3TO,Product B00004Y3TO,metadata_not_joined,2009-09,2014-02
B00004Y3UX,Product B00004Y3UX,metadata_not_joined,2007-05,2014-06
B00004Y3UY,Product B00004Y3UY,metadata_not_joined,2009-09,2014-02
B00004Y7CF,Product B00004Y7CF,metadata_not_joined,2001-03,2002-06
B00004Y7TC,Product B00004Y7TC,metadata_not_joined,2000-10,2003-09
B00004Y7TD,Product B00004Y7TD,metadata_not_joined,2000-11,2012-08
B00004YBVE,Product B00004YBVE,metadata_not_joined,2001-01,2003-12
B00004YBVF,Product B00004YBVF,metadata_not_joined,2001-12,2005-10
B00004YK2W,Product B00004YK2W,metadata_not_joined,2001-01,2007-03
B00004YKDQ,Product B00004YKDQ,metadata_not_joined,2001-01,2003-04
B00004YKDT,Product B00004YKDT,metadata_not_joined,2001-07,2009-04
B00004YKHT,Product B00004YKHT,metadata_not_joined,2000-10,2001-12
B00004YKNF,Product B00004YKNF,metadata_not_joined,2012-04,2014-05
B00004YMBK,Product B00004YMBK,metadata_not_joined,2000-10,2001-08
B00004YMBL,Product B00004YMBL,metadata_not_joined,2001-01,2012-12
B00004YMCA,Product B00004YMCA,metadata_not_joined,2007-11,2014-06
B00004YNWQ,Product B00004YNWQ,metadata_not_joined,2000-12,2013-04
B00004YRVY,Product B00004YRVY,metadata_not_joined,2000-10,2005-03
B00004YV85,Product B00004YV85,metadata_not_joined,2001-03,2002-12
B00004YZLV,Product B00004YZLV,metadata_not_joined,2001-01,2014-06
B00004YZLX,Product B00004YZLX,metadata_not_joined,2000-12,2013-11
B00004YZLY,Product B00004YZLY,metadata_not_joined,2004-06,2013-07
B00004YZLZ,Product B00004YZLZ,metadata_not_joined,2001-08,2013-10
B00004YZQ8,Product B00004YZQ8,metadata_not_joined,2001-09,2014-04
B00004Z0BN,Product B00004Z0BN,metadata_not_joined,2004-09,2014-04
B00004Z0BO,Product B00004Z0BO,metadata_not_joined,2002-12,2013-12
B00004Z0C7,Product B00004Z0C7,metadata_not_joined,2007-07,2014-07
B00004Z591,Product B00004Z591,metadata_not_joined,2006-05,2013-08
B00004Z5AX,Product B00004Z5AX,metadata_not_joined,2009-05,2014-03
B00004Z5BX,Product B00004Z5BX,metadata_not_joined,2010-04,2013-12
B00004Z5CQ,Product B00004Z5CQ,metadata_not_joined,2009-10,2014-06
B00004Z5D1,Product B00004Z5D1,metadata_not_joined,2003-01,2014-07
B00004Z5H3,Product B00004Z5H3,metadata_not_joined,2002-07,2014-07
B00004Z5IF,Product B00004Z5IF,metadata_not_joined,2010-06,2014-04
B00004Z5IU,Product B00004Z5IU,metadata_not_joined,2012-04,2013-07
B00004Z5IW,Product B00004Z5IW,metadata_not_joined,2005-10,2014-06
B00004Z5KA,Product B00004Z5KA,metadata_not_joined,2007-11,2014-05
B00004Z5KG,Product B00004Z5KG,metadata_not_joined,2012-08,2014-04
B00004Z5KH,Product B00004Z5KH,metadata_not_joined,2008-02,2014-04
B00004Z5KI,Product B00004Z5KI,metadata_not_joined,2010-09,2014-06
B00004Z5KZ,Product B00004Z5KZ,metadata_not_joined,2007-08,2014-06
B00004Z5L8,Product B00004Z5L8,metadata_not_joined,2002-10,2014-07
B00004Z5LJ,Product B00004Z5LJ,metadata_not_joined,2008-07,2014-05
B00004Z5LR,Product B00004Z5LR,metadata_not_joined,2007-02,2013-11
B00004Z5LZ,Product B00004Z5LZ,metadata_not_joined,2011-02,2014-07
B00004Z5M1,Product B00004Z5M1,metadata_not_joined,2002-06,2014-07
B00004Z5MG,Product B00004Z5MG,metadata_not_joined,2010-09,2014-06
B00004Z5NH,Product B00004Z5NH,metadata_not_joined,2012-06,2014-06
B00004Z5OP,Product B00004Z5OP,metadata_not_joined,2010-07,2013-09
B00004Z5P4,Product B00004Z5P4,metadata_not_joined,2006-08,2014-04
B00004Z5PY,Product B00004Z5PY,metadata_not_joined,2005-08,2014-07
B00004Z5QU,Product B00004Z5QU,metadata_not_joined,2002-08,2014-04
B00004Z5T2,Product B00004Z5T2,metadata_not_joined,2009-05,2013-12
B00004Z5UM,Product B00004Z5UM,metadata_not_joined,2008-11,2014-05
B00004Z5VB,Product B00004Z5VB,metadata_not_joined,2002-12,2014-06
B00004Z5VS,Product B00004Z5VS,metadata_not_joined,2007-07,2014-07
B00004Z5YQ,Product B00004Z5YQ,metadata_not_joined,2009-10,2014-02
B00004Z61H,Product B00004Z61H,metadata_not_joined,2008-11,2014-02
B00004Z62S,Product B00004Z62S,metadata_not_joined,2004-12,2014-04
B00004Z64Y,Product B00004Z64Y,metadata_not_joined,2003-10,2014-06
B00004Z668,Product B00004Z668,metadata_not_joined,2007-03,2012-11
B00004Z68P,Product B00004Z68P,metadata_not_joined,2005-03,2014-06
B00004Z6BJ,Product B00004Z6BJ,metadata_not_joined,2001-06,2012-12
B00004Z6GY,Product B00004Z6GY,metadata_not_joined,2008-12,2014-03
B00004Z6HJ,Product B00004Z6HJ,metadata_not_joined,2002-12,2014-06
B00004Z6HU,Product B00004Z6HU,metadata_not_joined,2009-05,2013-08
B00004Z6I3,Product B00004Z6I3,metadata_not_joined,2000-12,2005-05
B00004Z6JF,Product B00004Z6JF,metadata_not_joined,2009-01,2013-03
B00004Z6KW,Product B00004Z6KW,metadata_not_joined,2002-01,2013-09
B00004Z6M7,Product B00004Z6M7,metadata_not_joined,2009-01,2014-05
B00004Z6N6,Product B00004Z6N6,metadata_not_joined,2007-07,2014-03
B00004Z6ON,Product B00004Z6ON,metadata_not_joined,2006-08,2014-07
B00004Z6PI,Product B00004Z6PI,metadata_not_joined,2001-07,2002-06
B00004Z6PN,Product B00004Z6PN,metadata_not_joined,2004-06,2013-05
B00004Z6Q6,Product B00004Z6Q6,metadata_not_joined,2001-07,2014-06
B00004Z6R4,Product B00004Z6R4,metadata_not_joined,2007-01,2011-09
B00004Z6XS,Product B00004Z6XS,metadata_not_joined,2005-03,2014-07
B00004Z6Z4,Product B00004Z6Z4,metadata_not_joined,2007-01,2013-05
B00004Z78V,Product B00004Z78V,metadata_not_joined,2008-08,2014-04
B00004Z7A5,Product B00004Z7A5,metadata_not_joined,2003-09,2010-12
B00004Z7CQ,Product B00004Z7CQ,metadata_not_joined,2007-02,2013-12
B00004Z7F0,Product B00004Z7F0,metadata_not_joined,2005-10,2014-05
B00004Z7G9,Product B00004Z7G9,metadata_not_joined,2002-12,2014-04
B00004Z7H5,Product B00004Z7H5,metadata_not_joined,2004-01,2012-10
B00004Z7XX,Product B00004Z7XX,metadata_not_joined,2006-01,2013-12
B00004Z8BC,Product B00004Z8BC,metadata_not_joined,2008-03,2014-06
B00004Z8GN,Product B00004Z8GN,metadata_not_joined,2009-04,2013-07
B00004Z8HC,Product B00004Z8HC,metadata_not_joined,2011-06,2013-08
B00004Z8SC,Product B00004Z8SC,metadata_not_joined,2001-12,2014-06
B00004Z92Q,Product B00004Z92Q,metadata_not_joined,2000-11,2002-03
B00004Z9FF,Product B00004Z9FF,metadata_not_joined,2001-12,2004-02
B00004ZA7W,Product B00004ZA7W,metadata_not_joined,2001-05,2006-12
B00004ZB0V,Product B00004ZB0V,metadata_not_joined,2000-12,2007-02
B00004ZB57,Product B00004ZB57,metadata_not_joined,2000-10,2014-04
B00004ZC8N,Product B00004ZC8N,metadata_not_joined,2001-08,2014-03
B00004ZC8Y,Product B00004ZC8Y,metadata_not_joined,2002-05,2014-07
B00004ZC9B,Product B00004ZC9B,metadata_not_joined,2007-12,2014-05
B00004ZC9V,Product B00004ZC9V,metadata_not_joined,2001-02,2014-07
B00004ZC9Y,Product B00004ZC9Y,metadata_not_joined,2004-05,2014-07
B00004ZCA0,Product B00004ZCA0,metadata_not_joined,2001-02,2014-07
B00004ZCA5,Product B00004ZCA5,metadata_not_joined,2001-02,2014-05
B00004ZCAQ,Product B00004ZCAQ,metadata_not_joined,2007-05,2013-12
B00004ZCAT,Product B00004ZCAT,metadata_not_joined,2007-05,2014-06
B00004ZCB3,Product B00004ZCB3,metadata_not_joined,2009-05,2014-04
B00004ZCB4,Product B00004ZCB4,metadata_not_joined,2007-01,2014-04
B00004ZCC2,Product B00004ZCC2,metadata_not_joined,2001-02,2014-03
B00004ZCDD,Product B00004ZCDD,metadata_not_joined,2003-06,2014-06
B00004ZCFN,Product B00004ZCFN,metadata_not_joined,2012-11,2014-06
B00004ZCJE,Product B00004ZCJE,metadata_not_joined,2003-06,2014-07
B00004ZCK5,Product B00004ZCK5,metadata_not_joined,2007-05,2014-06
B00004ZCKL,Product B00004ZCKL,metadata_not_joined,2001-06,2012-05
B00004ZCKV,Product B00004ZCKV,metadata_not_joined,2001-01,2014-06
B00004ZCLV,Product B00004ZCLV,metadata_not_joined,2011-10,2014-03
B00004ZCNS,Product B00004ZCNS,metadata_not_joined,2001-02,2014-07
B00004ZCPG,Product B00004ZCPG,metadata_not_joined,2007-07,2009-01
B00004ZCPH,Product B00004ZCPH,metadata_not_joined,2007-09,2014-03
B00004ZD2X,Product B00004ZD2X,metadata_not_joined,2007-03,2014-05
B00004ZD2Y,Product B00004ZD2Y,metadata_not_joined,2008-03,2012-09
B00004ZD30,Product B00004ZD30,metadata_not_joined,2009-12,2013-09
B00004ZD32,Product B00004ZD32,metadata_not_joined,2001-10,2008-12
B00004ZDB1,Product B00004ZDB1,metadata_not_joined,2000-11,2013-09
B00004ZDBT,Product B00004ZDBT,metadata_not_joined,2013-06,2014-02
B00004ZEPB,Product B00004ZEPB,metadata_not_joined,2001-12,2013-02
B0000501T1,Product B0000501T1,metadata_not_joined,2007-09,2013-08
B00005045X,Product B00005045X,metadata_not_joined,2001-11,2012-12
B0000504DH,Product B0000504DH,metadata_not_joined,2001-02,2013-12
B000050AOO,Product B000050AOO,metadata_not_joined,2001-09,2002-02
B000050AQ7,Product B000050AQ7,metadata_not_joined,2001-03,2014-03
B000050AUJ,Product B000050AUJ,metadata_not_joined,2013-09,2014-03
B000050FH8,Product B000050FH8,metadata_not_joined,2001-04,2010-11
B000050LUE,Product B000050LUE,metadata_not_joined,2000-11,2003-01
B000050M6M,Product B000050M6M,metadata_not_joined,2003-01,2014-06
B000050MJF,Product B000050MJF,metadata_not_joined,2003-07,2013-11
B000050MN8,Product B000050MN8,metadata_not_joined,2001-01,2002-03
B000050MNA,Product B000050MNA,metadata_not_joined,2001-06,2004-08
B000050NON,Product B000050NON,metadata_not_joined,2001-01,2014-05
B000050NPX,Product B000050NPX,metadata_not_joined,2000-11,2013-11
B000050X97,Product B000050X97,metadata_not_joined,2001-01,2002-01
B000050XL7,Product B000050XL7,metadata_not_joined,2000-11,2002-06
B000050XPQ,Product B000050XPQ,metadata_not_joined,2000-11,2009-05
B000050YAP,Product B000050YAP,metadata_not_joined,2001-09,2004-06
B00005105L,Product B00005105L,metadata_not_joined,2008-07,2014-07
B00005105N,Product B00005105N,metadata_not_joined,2001-07,2014-03
B00005108H,Product B00005108H,metadata_not_joined,2003-01,2014-05
B00005108J,Product B00005108J,metadata_not_joined,2013-08,2014-06
B0000510C0,Product B0000510C0,metadata_not_joined,2007-02,2014-04
B0000510CF,Product B0000510CF,metadata_not_joined,2012-01,2013-10
B0000510EL,Product B0000510EL,metadata_not_joined,2010-12,2014-04
B0000510IA,Product B0000510IA,metadata_not_joined,2011-05,2014-06
B0000510R4,Product B0000510R4,metadata_not_joined,2011-07,2014-06
B0000510SS,Product B0000510SS,metadata_not_joined,2001-07,2014-02
B0000510T7,Product B0000510T7,metadata_not_joined,2007-01,2014-07
B0000510VF,Product B0000510VF,metadata_not_joined,2007-03,2014-01
B0000510YX,Product B0000510YX,metadata_not_joined,2013-02,2013-10
B0000510Z9,Product B0000510Z9,metadata_not_joined,2013-01,2014-03
B0000510ZO,Product B0000510ZO,metadata_not_joined,2008-09,2014-07
B00005110B,Product B00005110B,metadata_not_joined,2011-11,2014-04
B00005110L,Product B00005110L,metadata_not_joined,2013-01,2014-07
B00005111H,Product B00005111H,metadata_not_joined,2001-06,2009-03
B00005111L,Product B00005111L,metadata_not_joined,2009-08,2014-07
B00005111M,Product B00005111M,metadata_not_joined,2010-12,2014-07
B00005111T,Product B00005111T,metadata_not_joined,2011-01,2014-06
B000051123,Product B000051123,metadata_not_joined,2001-02,2008-02
B00005114Z,Product B00005114Z,metadata_not_joined,2007-01,2014-06
B00005115S,Product B00005115S,metadata_not_joined,2008-03,2014-07
B000051174,Product B000051174,metadata_not_joined,2010-03,2014-05
B000051189,Product B000051189,metadata_not_joined,2011-11,2014-05
B00005119M,Product B00005119M,metadata_not_joined,2009-09,2014-07
B0000511A8,Product B0000511A8,metadata_not_joined,2008-09,2014-06
B0000511BI,Product B0000511BI,metadata_not_joined,2011-12,2014-06
B0000511GQ,Product B0000511GQ,metadata_not_joined,2010-03,2014-07
B0000511LW,Product B0000511LW,metadata_not_joined,2008-04,2013-05
B0000511OJ,Product B0000511OJ,metadata_not_joined,2001-08,2008-07
B0000511T7,Product B0000511T7,metadata_not_joined,2008-02,2013-08
B0000511U7,Product B0000511U7,metadata_not_joined,2008-12,2014-07
B0000511X0,Product B0000511X0,metadata_not_joined,2009-11,2014-03
B0000511XL,Product B0000511XL,metadata_not_joined,2007-03,2014-06
B00005122S,Product B00005122S,metadata_not_joined,2007-09,2013-11
B00005125H,Product B00005125H,metadata_not_joined,2006-10,2009-01
B00005125T,Product B00005125T,metadata_not_joined,2008-08,2014-04
B000051299,Product B000051299,metadata_not_joined,2001-06,2014-07
B0000512C5,Product B0000512C5,metadata_not_joined,2008-07,2014-02
B0000512E1,Product B0000512E1,metadata_not_joined,2008-06,2014-03
B0000512E6,Product B0000512E6,metadata_not_joined,2001-07,2013-12
B0000512GH,Product B0000512GH,metadata_not_joined,2003-01,2014-01
B0000512LA,Product B0000512LA,metadata_not_joined,2008-11,2014-06
B0000512PH,Product B0000512PH,metadata_not_joined,2001-08,2013-04
B0000512QS,Product B0000512QS,metadata_not_joined,2003-11,2013-11
B0000512U1,Product B0000512U1,metadata_not_joined,2011-06,2014-06
B0000512US,Product B0000512US,metadata_not_joined,2007-11,2014-07
B0000512ZX,Product B0000512ZX,metadata_not_joined,2012-01,2013-12
B00005137P,Product B00005137P,metadata_not_joined,2002-06,2014-06
B00005138I,Product B00005138I,metadata_not_joined,2005-01,2014-01
B0000513FN,Product B0000513FN,metadata_not_joined,2008-09,2014-05
B0000513KE,Product B0000513KE,metadata_not_joined,2003-03,2008-12
B0000513O4,Product B0000513O4,metadata_not_joined,2008-07,2014-06
B0000513US,Product B0000513US,metadata_not_joined,2003-07,2014-05
B0000514G8,Product B0000514G8,metadata_not_joined,2005-11,2014-07
B0000514OG,Product B0000514OG,metadata_not_joined,2009-06,2014-03
B000051SD1,Product B000051SD1,metadata_not_joined,2004-02,2014-03
B000051SEN,Product B000051SEN,metadata_not_joined,2005-02,2014-05
B000051SFJ,Product B000051SFJ,metadata_not_joined,2003-10,2008-08
B000051SGX,Product B000051SGX,metadata_not_joined,2001-12,2014-03
B000051SHL,Product B000051SHL,metadata_not_joined,2001-06,2004-09
B000051SHR,Product B000051SHR,metadata_not_joined,2001-05,2014-02
B000051TOG,Product B000051TOG,metadata_not_joined,2001-02,2013-11
B000051WW9,Product B000051WW9,metadata_not_joined,2000-12,2007-05
B000051XHM,Product B000051XHM,metadata_not_joined,2000-12,2002-11
B000051YGF,Product B000051YGF,metadata_not_joined,2001-02,2002-03
B000051YGP,Product B000051YGP,metadata_not_joined,2001-02,2009-03
B000051ZOA,Product B000051ZOA,metadata_not_joined,2004-01,2014-06
B00005219A,Product B00005219A,metadata_not_joined,2000-12,2011-03
B00005219O,Product B00005219O,metadata_not_joined,2003-12,2013-02
B0000524OV,Product B0000524OV,metadata_not_joined,2000-11,2001-12
B000052WM4,Product B000052WM4,metadata_not_joined,2003-04,2013-05
B000053HBB,Product B000053HBB,metadata_not_joined,2005-01,2014-05
B000053HC5,Product B000053HC5,metadata_not_joined,2004-12,2014-06
B000053HGW,Product B000053HGW,metadata_not_joined,2001-04,2014-04
B000053HH5,Product B000053HH5,metadata_not_joined,2004-02,2014-06
B000053HHD,Product B000053HHD,metadata_not_joined,2005-11,2013-12
B00005444H,Product B00005444H,metadata_not_joined,2000-12,2002-01
B000055YX6,Product B000055YX6,metadata_not_joined,2004-08,2013-04
B000056B2J,Product B000056B2J,metadata_not_joined,2001-06,2001-08
B000056B8A,Product B000056B8A,metadata_not_joined,2001-07,2007-01
B000056I6K,Product B000056I6K,metadata_not_joined,2001-11,2014-05
B000056KBJ,Product B000056KBJ,metadata_not_joined,2002-09,2014-05
B000056KYO,Product B000056KYO,metadata_not_joined,2011-03,2014-07
B000056L2R,Product B000056L2R,metadata_not_joined,2001-06,2002-01
B000056Q1H,Product B000056Q1H,metadata_not_joined,2001-08,2010-03
B000056SJT,Product B000056SJT,metadata_not_joined,2003-09,2013-01
B000056SJU,Product B000056SJU,metadata_not_joined,2002-11,2003-12
B000056SSM,Product B000056SSM,metadata_not_joined,2001-03,2014-06
B000056ULH,Product B000056ULH,metadata_not_joined,2007-05,2014-06
B00005853W,Product B00005853W,metadata_not_joined,2001-03,2001-11
B00005853X,Product B00005853X,metadata_not_joined,2001-02,2013-11
B00005853Z,Product B00005853Z,metadata_not_joined,2001-02,2014-04
B00005854B,Product B00005854B,metadata_not_joined,2001-03,2014-02
B00005854E,Product B00005854E,metadata_not_joined,2002-01,2010-12
B00005854F,Product B00005854F,metadata_not_joined,2003-04,2014-05
B000058AKE,Product B000058AKE,metadata_not_joined,2002-09,2014-07
B000058BCO,Product B000058BCO,metadata_not_joined,2002-12,2012-04
B000058BCQ,Product B000058BCQ,metadata_not_joined,2002-05,2014-05
B000058BCR,Product B000058BCR,metadata_not_joined,2001-10,2013-03
B000058DRT,Product B000058DRT,metadata_not_joined,2003-06,2010-06
B000058E2B,Product B000058E2B,metadata_not_joined,2001-03,2013-12
B000058EGT,Product B000058EGT,metadata_not_joined,2001-05,2013-12
B000058TLP,Product B000058TLP,metadata_not_joined,2001-05,2001-11
B000059MSI,Product B000059MSI,metadata_not_joined,2001-03,2014-02
B000059TF8,Product B000059TF8,metadata_not_joined,2001-09,2006-10
B000059TGL,Product B000059TGL,metadata_not_joined,2002-01,2014-04
B000059Y4N,Product B000059Y4N,metadata_not_joined,2001-03,2011-12
B000059Z4M,Product B000059Z4M,metadata_not_joined,2005-04,2008-09
B000059ZYA,Product B000059ZYA,metadata_not_joined,2001-04,2007-01
B00005A1K1,Product B00005A1K1,metadata_not_joined,2002-12,2014-07
B00005A1KZ,Product B00005A1KZ,metadata_not_joined,2001-02,2012-08
B00005A3JA,Product B00005A3JA,metadata_not_joined,2001-03,2002-02
B00005A3MC,Product B00005A3MC,metadata_not_joined,2001-05,2002-02
B00005A9AU,Product B00005A9AU,metadata_not_joined,2005-04,2014-05
B00005A9AV,Product B00005A9AV,metadata_not_joined,2001-08,2014-06
B00005AAK8,Product B00005AAK8,metadata_not_joined,2001-10,2003-04
B00005AB9R,Product B00005AB9R,metadata_not_joined,2004-06,2014-06
B00005ABC5,Product B00005ABC5,metadata_not_joined,2006-08,2014-05
B00005ABC9,Product B00005ABC9,metadata_not_joined,2002-10,2013-03
B00005ABEC,Product B00005ABEC,metadata_not_joined,2001-11,2002-11
B00005AC8J,Product B00005AC8J,metadata_not_joined,2001-07,2009-05
B00005AC8W,Product B00005AC8W,metadata_not_joined,2001-06,2013-10
B00005AKV3,Product B00005AKV3,metadata_not_joined,2001-08,2002-06
B00005ALB1,Product B00005ALB1,metadata_not_joined,2001-04,2007-05
B00005AMDE,Product B00005AMDE,metadata_not_joined,2001-04,2003-02
B00005AQ53,Product B00005AQ53,metadata_not_joined,2007-09,2014-03
B00005AR4L,Product B00005AR4L,metadata_not_joined,2001-04,2012-05
B00005ARK3,Product B00005ARK3,metadata_not_joined,2001-04,2014-03
B00005ARK4,Product B00005ARK4,metadata_not_joined,2001-06,2006-11
B00005AT7Y,Product B00005AT7Y,metadata_not_joined,2001-05,2008-12
B00005ATMB,Product B00005ATMB,metadata_not_joined,2002-11,2014-07
B00005ATME,Product B00005ATME,metadata_not_joined,2006-12,2013-12
B00005ATMI,Product B00005ATMI,metadata_not_joined,2005-12,2014-07
B00005ATMK,Product B00005ATMK,metadata_not_joined,2002-11,2014-03
B00005ATYF,Product B00005ATYF,metadata_not_joined,2003-08,2011-11
B00005ATZK,Product B00005ATZK,metadata_not_joined,2001-11,2013-10
B00005ATZN,Product B00005ATZN,metadata_not_joined,2001-05,2002-03
B00005ATZO,Product B00005ATZO,metadata_not_joined,2001-06,2010-05
B00005AW1F,Product B00005AW1F,metadata_not_joined,2001-05,2002-08
B00005AW1H,Product B00005AW1H,metadata_not_joined,2001-07,2014-03
B00005AW1X,Product B00005AW1X,metadata_not_joined,2001-06,2005-02
B00005AWBJ,Product B00005AWBJ,metadata_not_joined,2001-05,2014-03
B00005AWCL,Product B00005AWCL,metadata_not_joined,2001-05,2002-06
B00005AXHW,Product B00005AXHW,metadata_not_joined,2005-02,2014-06
B00005AY7P,Product B00005AY7P,metadata_not_joined,2001-06,2003-04
B00005AY8Q,Product B00005AY8Q,metadata_not_joined,2001-11,2003-09
B00005AY8R,Product B00005AY8R,metadata_not_joined,2001-12,2002-11
B00005AY8T,Product B00005AY8T,metadata_not_joined,2002-01,2004-01
B00005B4BJ,Product B00005B4BJ,metadata_not_joined,2001-10,2014-04
B00005B4BW,Product B00005B4BW,metadata_not_joined,2000-03,2009-05
B00005B5DR,Product B00005B5DR,metadata_not_joined,2001-08,2003-01
B00005B6S5,Product B00005B6S5,metadata_not_joined,2002-03,2003-12
B00005B6S6,Product B00005B6S6,metadata_not_joined,2001-07,2009-09
B00005B6S7,Product B00005B6S7,metadata_not_joined,2001-08,2013-08
B00005B6S8,Product B00005B6S8,metadata_not_joined,2001-05,2013-11
B00005B6SC,Product B00005B6SC,metadata_not_joined,2001-08,2002-08
B00005B6TI,Product B00005B6TI,metadata_not_joined,2001-06,2005-07
B00005B6UF,Product B00005B6UF,metadata_not_joined,2001-07,2003-02
B00005B6YF,Product B00005B6YF,metadata_not_joined,2001-06,2002-08
B00005B70I,Product B00005B70I,metadata_not_joined,2001-05,2012-12
B00005B8HO,Product B00005B8HO,metadata_not_joined,2001-09,2013-03
B00005B8HU,Product B00005B8HU,metadata_not_joined,2001-11,2010-07
B00005B8M3,Product B00005B8M3,metadata_not_joined,2003-08,2014-05
B00005B8ME,Product B00005B8ME,metadata_not_joined,2001-11,2013-10
B00005B99R,Product B00005B99R,metadata_not_joined,2003-05,2013-07
B00005B9AC,Product B00005B9AC,metadata_not_joined,2001-09,2002-03
B00005B9AQ,Product B00005B9AQ,metadata_not_joined,2001-10,2009-04
B00005B9AS,Product B00005B9AS,metadata_not_joined,2002-03,2013-12
B00005B9W6,Product B00005B9W6,metadata_not_joined,2002-04,2014-03
B00005BAUL,Product B00005BAUL,metadata_not_joined,2001-09,2004-07
B00005BC0J,Product B00005BC0J,metadata_not_joined,2003-08,2014-07
B00005BC0K,Product B00005BC0K,metadata_not_joined,2002-02,2014-07
B00005BH30,Product B00005BH30,metadata_not_joined,2001-07,2014-04
B00005BMSN,Product B00005BMSN,metadata_not_joined,2003-12,2014-07
B00005I9PF,Product B00005I9PF,metadata_not_joined,2001-07,2002-01
B00005I9PG,Product B00005I9PG,metadata_not_joined,2001-08,2013-01
B00005I9PZ,Product B00005I9PZ,metadata_not_joined,2001-09,2002-03
B00005I9Q0,Product B00005I9Q0,metadata_not_joined,2001-11,2007-07
B00005I9QO,Product B00005I9QO,metadata_not_joined,2001-10,2008-03
B00005I9R4,Product B00005I9R4,metadata_not_joined,2001-11,2013-01
B00005I9RU,Product B00005I9RU,metadata_not_joined,2004-09,2014-06
B00005IA5C,Product B00005IA5C,metadata_not_joined,2001-09,2003-06
B00005ICD2,Product B00005ICD2,metadata_not_joined,2001-07,2006-10
B00005ICE0,Product B00005ICE0,metadata_not_joined,2002-05,2014-07
B00005ICE1,Product B00005ICE1,metadata_not_joined,2002-02,2004-11
B00005ICE3,Product B00005ICE3,metadata_not_joined,2001-12,2007-09
B00005ICLP,Product B00005ICLP,metadata_not_joined,2002-05,2014-05
B00005JAD8,Product B00005JAD8,metadata_not_joined,2004-03,2013-03
B00005JDDZ,Product B00005JDDZ,metadata_not_joined,2006-07,2014-07
B00005JJEO,Product B00005JJEO,metadata_not_joined,2002-04,2003-05
B00005K47X,Product B00005K47X,metadata_not_joined,2009-01,2014-07
B00005K4BJ,Product B00005K4BJ,metadata_not_joined,2004-01,2011-10
B00005K4PE,Product B00005K4PE,metadata_not_joined,2007-12,2014-05
B00005KB24,Product B00005KB24,metadata_not_joined,2001-08,2007-01
B00005KB2N,Product B00005KB2N,metadata_not_joined,2008-02,2013-06
B00005KK2Q,Product B00005KK2Q,metadata_not_joined,2001-10,2004-01
B00005LAC5,Product B00005LAC5,metadata_not_joined,2006-06,2014-02
B00005LACB,Product B00005LACB,metadata_not_joined,2005-01,2010-12
B00005LACI,Product B00005LACI,metadata_not_joined,2003-04,2013-12
B00005LB8P,Product B00005LB8P,metadata_not_joined,2001-06,2012-08
B00005LD4T,Product B00005LD4T,metadata_not_joined,2005-10,2013-12
B00005LD4W,Product B00005LD4W,metadata_not_joined,2006-03,2013-12
B00005LE6Z,Product B00005LE6Z,metadata_not_joined,2003-07,2014-06
B00005LE71,Product B00005LE71,metadata_not_joined,2009-01,2014-02
B00005LE72,Product B00005LE72,metadata_not_joined,2005-12,2014-03
B00005LE73,Product B00005LE73,metadata_not_joined,2007-09,2013-08
B00005LE74,Product B00005LE74,metadata_not_joined,2008-11,2014-01
B00005LE75,Product B00005LE75,metadata_not_joined,2004-07,2014-02
B00005LE76,Product B00005LE76,metadata_not_joined,2006-04,2014-02
B00005LE77,Product B00005LE77,metadata_not_joined,2005-02,2014-01
B00005LE7A,Product B00005LE7A,metadata_not_joined,2006-03,2013-06
B00005LE7M,Product B00005LE7M,metadata_not_joined,2009-07,2014-04
B00005LELD,Product B00005LELD,metadata_not_joined,2008-12,2014-07
B00005LEN4,Product B00005LEN4,metadata_not_joined,2004-11,2014-07
B00005LENC,Product B00005LENC,metadata_not_joined,2007-02,2014-03
B00005LENH,Product B00005LENH,metadata_not_joined,2010-07,2013-10
B00005LENK,Product B00005LENK,metadata_not_joined,2003-12,2013-01
B00005LENO,Product B00005LENO,metadata_not_joined,2005-02,2014-06
B00005LENR,Product B00005LENR,metadata_not_joined,2006-10,2014-07
B00005LENU,Product B00005LENU,metadata_not_joined,2009-01,2014-03
B00005LEOC,Product B00005LEOC,metadata_not_joined,2005-07,2014-03
B00005LEOD,Product B00005LEOD,metadata_not_joined,2007-06,2013-12
B00005LEOH,Product B00005LEOH,metadata_not_joined,2006-05,2014-06
B00005LEOI,Product B00005LEOI,metadata_not_joined,2009-08,2013-04
B00005LEOK,Product B00005LEOK,metadata_not_joined,2008-07,2014-01
B00005LEOM,Product B00005LEOM,metadata_not_joined,2005-07,2014-01
B00005LEOO,Product B00005LEOO,metadata_not_joined,2004-12,2014-04
B00005LEOR,Product B00005LEOR,metadata_not_joined,2006-06,2014-03
B00005LEOS,Product B00005LEOS,metadata_not_joined,2004-06,2014-03
B00005LLY4,Product B00005LLY4,metadata_not_joined,2001-11,2014-07
B00005LOIP,Product B00005LOIP,metadata_not_joined,2001-09,2011-09
B00005LP0X,Product B00005LP0X,metadata_not_joined,2009-05,2013-12
B00005LP56,Product B00005LP56,metadata_not_joined,2002-02,2014-06
B00005LVWB,Product B00005LVWB,metadata_not_joined,2001-07,2005-01
B00005LWLW,Product B00005LWLW,metadata_not_joined,2001-09,2008-11
B00005M00O,Product B00005M00O,metadata_not_joined,2001-10,2005-04
B00005M011,Product B00005M011,metadata_not_joined,2001-11,2011-06
B00005M1UY,Product B00005M1UY,metadata_not_joined,2001-10,2005-06
B00005MA7J,Product B00005MA7J,metadata_not_joined,2001-10,2012-12
B00005MA9V,Product B00005MA9V,metadata_not_joined,2001-07,2005-02
B00005MA9X,Product B00005MA9X,metadata_not_joined,2001-07,2010-02
B00005MAAR,Product B00005MAAR,metadata_not_joined,2001-07,2007-04
B00005MEN6,Product B00005MEN6,metadata_not_joined,2001-08,2013-07
B00005MEP4,Product B00005MEP4,metadata_not_joined,2007-01,2009-05
B00005MIS8,Product B00005MIS8,metadata_not_joined,2002-09,2014-01
B00005MIUN,Product B00005MIUN,metadata_not_joined,2002-03,2003-01
B00005ML58,Product B00005ML58,metadata_not_joined,2001-10,2003-04
B00005ML59,Product B00005ML59,metadata_not_joined,2001-09,2002-09
B00005ML7Q,Product B00005ML7Q,metadata_not_joined,2008-06,2014-07
B00005ML7T,Product B00005ML7T,metadata_not_joined,2002-09,2013-09
B00005MMCL,Product B00005MMCL,metadata_not_joined,2001-10,2002-12
B00005MNSR,Product B00005MNSR,metadata_not_joined,2001-12,2002-12
B00005MNSS,Product B00005MNSS,metadata_not_joined,2001-11,2004-12
B00005MO3L,Product B00005MO3L,metadata_not_joined,2009-11,2014-01
B00005MOM1,Product B00005MOM1,metadata_not_joined,2005-01,2013-03
B00005MOZG,Product B00005MOZG,metadata_not_joined,2003-12,2014-01
B00005N5WU,Product B00005N5WU,metadata_not_joined,2007-08,2014-03
B00005N5WV,Product B00005N5WV,metadata_not_joined,2007-07,2014-04
B00005N5WW,Product B00005N5WW,metadata_not_joined,2002-08,2014-07
B00005N5X2,Product B00005N5X2,metadata_not_joined,2007-01,2014-06
B00005N5X7,Product B00005N5X7,metadata_not_joined,2001-10,2003-04
B00005N5XN,Product B00005N5XN,metadata_not_joined,2004-06,2007-09
B00005N5XO,Product B00005N5XO,metadata_not_joined,2001-11,2002-12
B00005N6KF,Product B00005N6KF,metadata_not_joined,2001-11,2014-03
B00005N6KG,Product B00005N6KG,metadata_not_joined,2002-01,2014-07
B00005N6SF,Product B00005N6SF,metadata_not_joined,2010-01,2013-11
B00005NBIT,Product B00005NBIT,metadata_not_joined,2001-09,2013-12
B00005NBR6,Product B00005NBR6,metadata_not_joined,2001-09,2007-06
B00005NCWK,Product B00005NCWK,metadata_not_joined,2005-04,2014-06
B00005NCWM,Product B00005NCWM,metadata_not_joined,2006-11,2014-01
B00005NDKU,Product B00005NDKU,metadata_not_joined,2009-12,2014-06
B00005NDUP,Product B00005NDUP,metadata_not_joined,2001-09,2003-01
B00005NGQF,Product B00005NGQF,metadata_not_joined,2001-11,2003-03
B00005NGQS,Product B00005NGQS,metadata_not_joined,2001-10,2009-12
B00005NHAC,Product B00005NHAC,metadata_not_joined,2001-11,2009-03
B00005NHAK,Product B00005NHAK,metadata_not_joined,2001-12,2003-07
B00005NHGP,Product B00005NHGP,metadata_not_joined,2001-11,2014-07
B00005NHH8,Product B00005NHH8,metadata_not_joined,2001-12,2013-07
B00005NHHA,Product B00005NHHA,metadata_not_joined,2002-02,2002-12
B00005NIMH,Product B00005NIMH,metadata_not_joined,2001-12,2003-01
B00005NIMJ,Product B00005NIMJ,metadata_not_joined,2002-02,2014-07
B00005NIMN,Product B00005NIMN,metadata_not_joined,2006-04,2012-02
B00005NIMR,Product B00005NIMR,metadata_not_joined,2005-05,2014-07
B00005NIMU,Product B00005NIMU,metadata_not_joined,2004-08,2013-03
B00005NJEJ,Product B00005NJEJ,metadata_not_joined,2005-11,2014-05
B00005NK38,Product B00005NK38,metadata_not_joined,2001-09,2003-12
B00005NNDF,Product B00005NNDF,metadata_not_joined,2003-02,2013-03
B00005NOHQ,Product B00005NOHQ,metadata_not_joined,2001-11,2014-05
B00005NOKT,Product B00005NOKT,metadata_not_joined,2002-02,2008-04
B00005NPOB,Product B00005NPOB,metadata_not_joined,2011-12,2014-07
B00005NPPO,Product B00005NPPO,metadata_not_joined,2010-04,2014-06
B00005NPW8,Product B00005NPW8,metadata_not_joined,2012-03,2014-04
B00005NPWA,Product B00005NPWA,metadata_not_joined,2011-11,2014-03
B00005NPWI,Product B00005NPWI,metadata_not_joined,2008-12,2014-03
B00005NPWJ,Product B00005NPWJ,metadata_not_joined,2007-11,2014-05
B00005NPWK,Product B00005NPWK,metadata_not_joined,2008-01,2014-07
B00005NVBF,Product B00005NVBF,metadata_not_joined,2001-10,2010-04
B00005NVBT,Product B00005NVBT,metadata_not_joined,2001-10,2013-11
B00005NVPW,Product B00005NVPW,metadata_not_joined,2001-09,2003-03
B00005NWQN,Product B00005NWQN,metadata_not_joined,2001-11,2010-01
B00005NWR0,Product B00005NWR0,metadata_not_joined,2001-09,2003-03
B00005NWV1,Product B00005NWV1,metadata_not_joined,2004-07,2013-03
B00005NWVJ,Product B00005NWVJ,metadata_not_joined,2002-01,2009-01
B00005O021,Product B00005O021,metadata_not_joined,2001-10,2007-10
B00005O0IU,Product B00005O0IU,metadata_not_joined,2001-11,2002-09
B00005O70S,Product B00005O70S,metadata_not_joined,2001-09,2003-09
B00005O7MW,Product B00005O7MW,metadata_not_joined,2001-10,2003-06
B00005OAY3,Product B00005OAY3,metadata_not_joined,2001-11,2011-10
B00005OBDS,Product B00005OBDS,metadata_not_joined,2002-02,2006-08
B00005OBP2,Product B00005OBP2,metadata_not_joined,2001-12,2013-10
B00005OCWN,Product B00005OCWN,metadata_not_joined,2001-11,2013-04
B00005OCWO,Product B00005OCWO,metadata_not_joined,2001-09,2007-03
B00005OCWZ,Product B00005OCWZ,metadata_not_joined,2001-10,2002-01
B00005OLYD,Product B00005OLYD,metadata_not_joined,2003-03,2007-12
B00005OM4J,Product B00005OM4J,metadata_not_joined,2002-01,2011-02
B00005OMN0,Product B00005OMN0,metadata_not_joined,2001-12,2002-03
B00005OMZJ,Product B00005OMZJ,metadata_not_joined,2002-01,2010-04
B00005OMZN,Product B00005OMZN,metadata_not_joined,2002-08,2013-11
B00005OP2T,Product B00005OP2T,metadata_not_joined,2003-04,2006-12
B00005OP33,Product B00005OP33,metadata_not_joined,2004-08,2007-03
B00005OP36,Product B00005OP36,metadata_not_joined,2005-01,2010-06
B00005OQMO,Product B00005OQMO,metadata_not_joined,2001-11,2013-10
B00005OSUE,Product B00005OSUE,metadata_not_joined,2001-11,2002-06
B00005OT5X,Product B00005OT5X,metadata_not_joined,2007-09,2014-06
B00005OTG6,Product B00005OTG6,metadata_not_joined,2003-09,2014-07
B00005OUJW,Product B00005OUJW,metadata_not_joined,2001-12,2006-10
B00005Q4ZV,Product B00005Q4ZV,metadata_not_joined,2003-05,2014-07
B00005Q5U5,Product B00005Q5U5,metadata_not_joined,2001-09,2014-01
B00005Q5ZC,Product B00005Q5ZC,metadata_not_joined,2001-12,2009-06
B00005Q7DG,Product B00005Q7DG,metadata_not_joined,2001-11,2006-10
B00005Q7DI,Product B00005Q7DI,metadata_not_joined,2001-12,2006-08
B00005QBUU,Product B00005QBUU,metadata_not_joined,2003-04,2014-07
B00005QBV5,Product B00005QBV5,metadata_not_joined,2007-05,2014-02
B00005QCO1,Product B00005QCO1,metadata_not_joined,2001-11,2004-03
B00005QCT3,Product B00005QCT3,metadata_not_joined,2002-01,2008-06
B00005QCU3,Product B00005QCU3,metadata_not_joined,2001-12,2006-10
B00005QEYI,Product B00005QEYI,metadata_not_joined,2001-10,2014-05
B00005QFAF,Product B00005QFAF,metadata_not_joined,2005-06,2013-11
B00005QFYE,Product B00005QFYE,metadata_not_joined,2001-11,2007-01
B00005QFZF,Product B00005QFZF,metadata_not_joined,2001-11,2008-09
B00005QFZG,Product B00005QFZG,metadata_not_joined,2001-11,2003-12
B00005QI59,Product B00005QI59,metadata_not_joined,2001-12,2013-01
B00005QIPU,Product B00005QIPU,metadata_not_joined,2002-04,2006-01
B00005QIZ8,Product B00005QIZ8,metadata_not_joined,2006-11,2014-06
B00005QJCU,Product B00005QJCU,metadata_not_joined,2001-11,2013-03
B00005QSPX,Product B00005QSPX,metadata_not_joined,2002-05,2013-01
B00005QSQJ,Product B00005QSQJ,metadata_not_joined,2003-04,2009-07
B00005QSRF,Product B00005QSRF,metadata_not_joined,2002-08,2012-06
B00005QT5J,Product B00005QT5J,metadata_not_joined,2003-05,2005-02
B00005QVM6,Product B00005QVM6,metadata_not_joined,2002-10,2004-08
B00005QXWI,Product B00005QXWI,metadata_not_joined,2001-12,2007-10
B00005QXXM,Product B00005QXXM,metadata_not_joined,2004-02,2014-04
B00005QZ0H,Product B00005QZ0H,metadata_not_joined,2002-12,2008-04
B00005QZ0N,Product B00005QZ0N,metadata_not_joined,2005-12,2008-08
B00005R098,Product B00005R098,metadata_not_joined,2001-12,2013-09
B00005R5CC,Product B00005R5CC,metadata_not_joined,2002-06,2009-10
B00005R8PW,Product B00005R8PW,metadata_not_joined,2003-02,2004-10
B00005R8Q1,Product B00005R8Q1,metadata_not_joined,2002-07,2007-02
B00005RD8Q,Product B00005RD8Q,metadata_not_joined,2003-11,2012-09
B00005RI9I,Product B00005RI9I,metadata_not_joined,2002-12,2011-02
B00005RKSK,Product B00005RKSK,metadata_not_joined,2005-09,2014-02
B00005RKSO,Product B00005RKSO,metadata_not_joined,2007-03,2014-04
B00005RKSS,Product B00005RKSS,metadata_not_joined,2007-07,2013-11
B00005RKTC,Product B00005RKTC,metadata_not_joined,2008-02,2014-05
B00005RT00,Product B00005RT00,metadata_not_joined,2001-11,2003-04
B00005RZYY,Product B00005RZYY,metadata_not_joined,2010-03,2014-03
B00005S0M5,Product B00005S0M5,metadata_not_joined,2001-11,2014-04
B00005S8KM,Product B00005S8KM,metadata_not_joined,2002-07,2012-07
B00005S8KY,Product B00005S8KY,metadata_not_joined,2002-11,2004-12
B00005T380,Product B00005T380,metadata_not_joined,2004-01,2014-07
B00005T391,Product B00005T391,metadata_not_joined,2001-11,2003-10
B00005T39Y,Product B00005T39Y,metadata_not_joined,2002-10,2014-07
B00005T3A4,Product B00005T3A4,metadata_not_joined,2007-09,2009-03
B00005T3A9,Product B00005T3A9,metadata_not_joined,2002-03,2009-06
B00005T3BD,Product B00005T3BD,metadata_not_joined,2007-03,2014-07
B00005T3BF,Product B00005T3BF,metadata_not_joined,2008-03,2012-08
B00005T3BG,Product B00005T3BG,metadata_not_joined,2002-01,2014-03
B00005T3BP,Product B00005T3BP,metadata_not_joined,2004-02,2008-06
B00005T3C8,Product B00005T3C8,metadata_not_joined,2007-03,2014-05
B00005T3DP,Product B00005T3DP,metadata_not_joined,2001-11,2005-01
B00005T3DX,Product B00005T3DX,metadata_not_joined,2010-05,2013-06
B00005T3DY,Product B00005T3DY,metadata_not_joined,2012-12,2013-11
B00005T3EM,Product B00005T3EM,metadata_not_joined,2009-06,2014-04
B00005T3EV,Product B00005T3EV,metadata_not_joined,2009-05,2013-06
B00005T3EW,Product B00005T3EW,metadata_not_joined,2010-10,2012-04
B00005T3EY,Product B00005T3EY,metadata_not_joined,2011-10,2014-06
B00005T3EZ,Product B00005T3EZ,metadata_not_joined,2013-03,2014-05
B00005T3FD,Product B00005T3FD,metadata_not_joined,2005-03,2013-01
B00005T3FO,Product B00005T3FO,metadata_not_joined,2003-06,2009-05
B00005T3FP,Product B00005T3FP,metadata_not_joined,2004-10,2014-03
B00005T3FS,Product B00005T3FS,metadata_not_joined,2008-08,2013-07
B00005T3FX,Product B00005T3FX,metadata_not_joined,2007-11,2013-05
B00005T3G0,Product B00005T3G0,metadata_not_joined,2009-04,2014-07
B00005T3G5,Product B00005T3G5,metadata_not_joined,2011-01,2014-05
B00005T3G9,Product B00005T3G9,metadata_not_joined,2012-01,2014-03
B00005T3GB,Product B00005T3GB,metadata_not_joined,2009-09,2013-05
B00005T3GG,Product B00005T3GG,metadata_not_joined,2006-12,2014-06
B00005T3GH,Product B00005T3GH,metadata_not_joined,2010-11,2014-07
B00005T3H5,Product B00005T3H5,metadata_not_joined,2003-06,2014-02
B00005T3HJ,Product B00005T3HJ,metadata_not_joined,2002-01,2003-05
B00005T3JX,Product B00005T3JX,metadata_not_joined,2002-09,2007-01
B00005T3MW,Product B00005T3MW,metadata_not_joined,2002-11,2013-03
B00005T3N0,Product B00005T3N0,metadata_not_joined,2004-07,2014-06
B00005T3N3,Product B00005T3N3,metadata_not_joined,2006-11,2014-07
B00005T3ND,Product B00005T3ND,metadata_not_joined,2001-12,2013-01
B00005T3NH,Product B00005T3NH,metadata_not_joined,2003-04,2014-03
B00005T3Q2,Product B00005T3Q2,metadata_not_joined,2007-03,2014-05
B00005T3RC,Product B00005T3RC,metadata_not_joined,2002-06,2014-02
B00005T3SQ,Product B00005T3SQ,metadata_not_joined,2002-03,2009-11
B00005T3T6,Product B00005T3T6,metadata_not_joined,2002-01,2013-12
B00005T3TI,Product B00005T3TI,metadata_not_joined,2004-10,2013-01
B00005T3UD,Product B00005T3UD,metadata_not_joined,2009-02,2013-04
B00005T3UH,Product B00005T3UH,metadata_not_joined,2002-01,2009-10
B00005T3UR,Product B00005T3UR,metadata_not_joined,2008-05,2013-07
B00005T3VT,Product B00005T3VT,metadata_not_joined,2004-10,2014-03
B00005T3W4,Product B00005T3W4,metadata_not_joined,2002-01,2008-08
B00005T3W5,Product B00005T3W5,metadata_not_joined,2007-02,2013-11
B00005T3WF,Product B00005T3WF,metadata_not_joined,2002-02,2012-08
B00005T3XH,Product B00005T3XH,metadata_not_joined,2002-02,2014-03
B00005T3XR,Product B00005T3XR,metadata_not_joined,2004-03,2014-02
B00005T3Y4,Product B00005T3Y4,metadata_not_joined,2001-12,2003-11
B00005T3Y8,Product B00005T3Y8,metadata_not_joined,2002-04,2011-03
B00005T3Y9,Product B00005T3Y9,metadata_not_joined,2004-07,2009-10
B00005T3YL,Product B00005T3YL,metadata_not_joined,2011-03,2012-12
B00005T3Z7,Product B00005T3Z7,metadata_not_joined,2010-02,2014-05
B00005T3ZO,Product B00005T3ZO,metadata_not_joined,2008-10,2013-08
B00005T3ZP,Product B00005T3ZP,metadata_not_joined,2010-02,2013-03
B00005T3ZY,Product B00005T3ZY,metadata_not_joined,2007-01,2011-08
B00005T406,Product B00005T406,metadata_not_joined,2003-07,2014-06
B00005T408,Product B00005T408,metadata_not_joined,2004-01,2014-03
B00005T6GZ,Product B00005T6GZ,metadata_not_joined,2001-11,2013-07
B00005TQ08,Product B00005TQ08,metadata_not_joined,2002-01,2013-11
B00005TQ09,Product B00005TQ09,metadata_not_joined,2002-01,2004-07
B00005TQ0A,Product B00005TQ0A,metadata_not_joined,2001-12,2014-03
B00005TQ1Y,Product B00005TQ1Y,metadata_not_joined,2001-12,2014-07
B00005TQKQ,Product B00005TQKQ,metadata_not_joined,2006-08,2014-07
B00005U0HU,Product B00005U0HU,metadata_not_joined,2002-07,2009-06
B00005U21G,Product B00005U21G,metadata_not_joined,2007-01,2014-07
B00005U21H,Product B00005U21H,metadata_not_joined,2002-10,2014-01
B00005U23R,Product B00005U23R,metadata_not_joined,2006-02,2014-04
B00005U23U,Product B00005U23U,metadata_not_joined,2004-11,2014-02
B00005U23V,Product B00005U23V,metadata_not_joined,2004-10,2014-01
B00005U240,Product B00005U240,metadata_not_joined,2002-01,2006-03
B00005U243,Product B00005U243,metadata_not_joined,2001-12,2002-12
B00005U244,Product B00005U244,metadata_not_joined,2002-06,2014-01
B00005U7RW,Product B00005U7RW,metadata_not_joined,2002-08,2013-02
B00005UEA6,Product B00005UEA6,metadata_not_joined,2002-06,2010-12
B00005UK8T,Product B00005UK8T,metadata_not_joined,2003-01,2013-12
B00005UK8V,Product B00005UK8V,metadata_not_joined,2002-02,2013-04
B00005UK93,Product B00005UK93,metadata_not_joined,2002-04,2010-11
B00005UK9M,Product B00005UK9M,metadata_not_joined,2005-08,2013-07
B00005UK9P,Product B00005UK9P,metadata_not_joined,2003-09,2013-06
B00005UK9Y,Product B00005UK9Y,metadata_not_joined,2002-08,2006-04
B00005UKBD,Product B00005UKBD,metadata_not_joined,2001-12,2012-03
B00005UKBG,Product B00005UKBG,metadata_not_joined,2005-04,2014-05
B00005UKBT,Product B00005UKBT,metadata_not_joined,2003-03,2013-06
B00005UKBX,Product B00005UKBX,metadata_not_joined,2002-10,2011-04
B00005UKXL,Product B00005UKXL,metadata_not_joined,2002-05,2011-05
B00005ULPK,Product B00005ULPK,metadata_not_joined,2001-12,2010-08
B00005UOSN,Product B00005UOSN,metadata_not_joined,2001-12,2005-07
B00005UPF6,Product B00005UPF6,metadata_not_joined,2004-07,2011-09
B00005USA7,Product B00005USA7,metadata_not_joined,2004-10,2006-03
B00005V3DN,Product B00005V3DN,metadata_not_joined,2002-09,2008-01
B00005V51P,Product B00005V51P,metadata_not_joined,2010-02,2014-06
B00005V52C,Product B00005V52C,metadata_not_joined,2002-10,2014-04
B00005V5YP,Product B00005V5YP,metadata_not_joined,2002-01,2009-04
B00005V619,Product B00005V619,metadata_not_joined,2002-03,2013-05
B00005V63T,Product B00005V63T,metadata_not_joined,2002-01,2003-01
B00005V8Q8,Product B00005V8Q8,metadata_not_joined,2003-06,2012-12
B00005V8R8,Product B00005V8R8,metadata_not_joined,2005-10,2014-03
B00005V8S8,Product B00005V8S8,metadata_not_joined,2008-06,2014-03
B00005V9Q3,Product B00005V9Q3,metadata_not_joined,2002-11,2010-10
B00005V9Q4,Product B00005V9Q4,metadata_not_joined,2002-07,2004-10
B00005Y1S2,Product B00005Y1S2,metadata_not_joined,2002-03,2011-03
B00005Y1Z6,Product B00005Y1Z6,metadata_not_joined,2002-03,2011-11
B00005Y1Z7,Product B00005Y1Z7,metadata_not_joined,2002-03,2014-03
B00005Y3OM,Product B00005Y3OM,metadata_not_joined,2004-09,2014-07
B00005Y3V5,Product B00005Y3V5,metadata_not_joined,2002-02,2002-12
B00005Y3V6,Product B00005Y3V6,metadata_not_joined,2002-02,2003-01
B00005Y4QP,Product B00005Y4QP,metadata_not_joined,2002-08,2013-12
B00005Y6OR,Product B00005Y6OR,metadata_not_joined,2010-10,2014-05
B00005Y7DO,Product B00005Y7DO,metadata_not_joined,2003-02,2008-12
B00005Y7DP,Product B00005Y7DP,metadata_not_joined,2002-07,2012-02
B00005Y7DQ,Product B00005Y7DQ,metadata_not_joined,2002-03,2007-01
B00005YU7N,Product B00005YU7N,metadata_not_joined,2002-05,2006-08
B00005YV57,Product B00005YV57,metadata_not_joined,2011-11,2014-05
B00005YVPI,Product B00005YVPI,metadata_not_joined,2002-04,2013-12
B00005YXZE,Product B00005YXZE,metadata_not_joined,2002-05,2008-01
B00005Z24Y,Product B00005Z24Y,metadata_not_joined,2002-12,2014-02
B000060NXK,Product B000060NXK,metadata_not_joined,2009-10,2013-11
B000060OEO,Product B000060OEO,metadata_not_joined,2006-05,2013-12
B000062R4P,Product B000062R4P,metadata_not_joined,2004-06,2014-05
B000062STN,Product B000062STN,metadata_not_joined,2002-08,2013-02
B000062STR,Product B000062STR,metadata_not_joined,2002-05,2006-07
B000062STT,Product B000062STT,metadata_not_joined,2002-11,2008-01
B000062STU,Product B000062STU,metadata_not_joined,2002-05,2007-01
B000062SU0,Product B000062SU0,metadata_not_joined,2004-07,2005-04
B000062TTF,Product B000062TTF,metadata_not_joined,2002-03,2006-02
B000062VUO,Product B000062VUO,metadata_not_joined,2002-04,2014-07
B000062X36,Product B000062X36,metadata_not_joined,2002-09,2005-11
B000062YJY,Product B000062YJY,metadata_not_joined,2002-10,2013-01
B0000630TF,Product B0000630TF,metadata_not_joined,2002-08,2011-12
B0000630TK,Product B0000630TK,metadata_not_joined,2003-01,2013-11
B0000630TO,Product B0000630TO,metadata_not_joined,2002-03,2013-11
B0000630TQ,Product B0000630TQ,metadata_not_joined,2002-05,2007-03
B0000632FX,Product B0000632FX,metadata_not_joined,2002-05,2014-07
B0000632FZ,Product B0000632FZ,metadata_not_joined,2002-12,2011-09
B0000632G5,Product B0000632G5,metadata_not_joined,2008-08,2013-11
B0000632G7,Product B0000632G7,metadata_not_joined,2005-07,2011-08
B0000632GP,Product B0000632GP,metadata_not_joined,2006-04,2013-02
B0000632GX,Product B0000632GX,metadata_not_joined,2009-03,2013-08
B0000632H2,Product B0000632H2,metadata_not_joined,2007-11,2014-07
B0000632H5,Product B0000632H5,metadata_not_joined,2005-12,2007-02
B0000632H7,Product B0000632H7,metadata_not_joined,2004-10,2014-05
B0000632T3,Product B0000632T3,metadata_not_joined,2003-08,2013-04
B0000633DU,Product B0000633DU,metadata_not_joined,2002-04,2004-01
B0000633E0,Product B0000633E0,metadata_not_joined,2002-04,2003-04
B0000633EM,Product B0000633EM,metadata_not_joined,2002-06,2003-09
B0000633EO,Product B0000633EO,metadata_not_joined,2002-05,2004-12
B00006341G,Product B00006341G,metadata_not_joined,2005-08,2009-01
B00006343J,Product B00006343J,metadata_not_joined,2006-08,2011-04
B00006343K,Product B00006343K,metadata_not_joined,2008-02,2014-06
B00006343N,Product B00006343N,metadata_not_joined,2006-02,2013-06
B00006343O,Product B00006343O,metadata_not_joined,2009-01,2014-07
B00006343P,Product B00006343P,metadata_not_joined,2011-10,2013-12
B00006343W,Product B00006343W,metadata_not_joined,2008-03,2011-03
B00006345D,Product B00006345D,metadata_not_joined,2008-05,2014-01
B00006345I,Product B00006345I,metadata_not_joined,2004-10,2014-02
B00006346B,Product B00006346B,metadata_not_joined,2008-03,2013-12
B00006346W,Product B00006346W,metadata_not_joined,2008-09,2014-07
B0000634T4,Product B0000634T4,metadata_not_joined,2002-05,2003-08
B0000634T6,Product B0000634T6,metadata_not_joined,2005-07,2014-02
B000063574,Product B000063574,metadata_not_joined,2002-03,2005-04
B0000635UX,Product B0000635UX,metadata_not_joined,2002-07,2010-01
B00006364D,Product B00006364D,metadata_not_joined,2007-07,2014-01
B00006364I,Product B00006364I,metadata_not_joined,2005-08,2014-07
B00006364O,Product B00006364O,metadata_not_joined,2004-02,2006-05
B000063BGY,Product B000063BGY,metadata_not_joined,2002-05,2003-01
B000063CUL,Product B000063CUL,metadata_not_joined,2002-05,2012-08
B000063CWO,Product B000063CWO,metadata_not_joined,2002-05,2005-06
B000063CWP,Product B000063CWP,metadata_not_joined,2002-06,2007-01
B000063D6E,Product B000063D6E,metadata_not_joined,2002-03,2004-01
B000063EJW,Product B000063EJW,metadata_not_joined,2002-12,2013-05
B000063EKP,Product B000063EKP,metadata_not_joined,2002-03,2003-03
B000063EMD,Product B000063EMD,metadata_not_joined,2003-06,2014-02
B000063K77,Product B000063K77,metadata_not_joined,2005-02,2009-06
B000063S4I,Product B000063S4I,metadata_not_joined,2002-04,2003-06
B000063S4J,Product B000063S4J,metadata_not_joined,2002-05,2008-05
B000063SAS,Product B000063SAS,metadata_not_joined,2002-12,2013-12
B000063SNE,Product B000063SNE,metadata_not_joined,2002-10,2014-07
B000063TJY,Product B000063TJY,metadata_not_joined,2006-11,2014-04
B000063TMH,Product B000063TMH,metadata_not_joined,2002-09,2003-01
B000063UZW,Product B000063UZW,metadata_not_joined,2003-03,2014-06
B000063V7N,Product B000063V7N,metadata_not_joined,2002-05,2003-09
B000063VY6,Product B000063VY6,metadata_not_joined,2009-08,2013-03
B000063W8P,Product B000063W8P,metadata_not_joined,2004-10,2008-03
B000063W8S,Product B000063W8S,metadata_not_joined,2006-06,2010-08
B000063W8W,Product B000063W8W,metadata_not_joined,2006-01,2013-03
B000063W8X,Product B000063W8X,metadata_not_joined,2006-08,2013-06
B000063W8Z,Product B000063W8Z,metadata_not_joined,2002-08,2010-03
B000063W93,Product B000063W93,metadata_not_joined,2002-05,2007-08
B000063WPA,Product B000063WPA,metadata_not_joined,2002-06,2005-09
B000063WQ0,Product B000063WQ0,metadata_not_joined,2002-07,2010-07
B000063XJB,Product B000063XJB,metadata_not_joined,2002-06,2005-08
B000063Y73,Product B000063Y73,metadata_not_joined,2005-02,2014-02
B000063Y7E,Product B000063Y7E,metadata_not_joined,2002-04,2004-11
B000063Y7F,Product B000063Y7F,metadata_not_joined,2002-10,2011-10
B000063YA5,Product B000063YA5,metadata_not_joined,2003-02,2013-12
B00006412G,Product B00006412G,metadata_not_joined,2002-04,2007-08
B000064184,Product B000064184,metadata_not_joined,2003-03,2007-05
B000064189,Product B000064189,metadata_not_joined,2002-11,2004-05
B0000642RX,Product B0000642RX,metadata_not_joined,2002-06,2014-06
B0000643QX,Product B0000643QX,metadata_not_joined,2002-05,2002-10
B0000645C8,Product B0000645C8,metadata_not_joined,2002-04,2004-07
B0000645C9,Product B0000645C9,metadata_not_joined,2002-05,2011-06
B0000645RH,Product B0000645RH,metadata_not_joined,2005-09,2014-07
B00006484F,Product B00006484F,metadata_not_joined,2002-05,2004-04
B0000649F8,Product B0000649F8,metadata_not_joined,2005-08,2007-02
B0000658CD,Product B0000658CD,metadata_not_joined,2002-05,2004-10
B0000658CE,Product B0000658CE,metadata_not_joined,2002-06,2013-12
B0000658CG,Product B0000658CG,metadata_not_joined,2002-04,2008-08
B0000658CH,Product B0000658CH,metadata_not_joined,2002-07,2009-03
B0000658CI,Product B0000658CI,metadata_not_joined,2003-05,2007-05
B0000659A2,Product B0000659A2,metadata_not_joined,2002-07,2003-08
B0000659A7,Product B0000659A7,metadata_not_joined,2002-11,2013-11
B0000659TX,Product B0000659TX,metadata_not_joined,2005-02,2011-03
B0000659UN,Product B0000659UN,metadata_not_joined,2002-08,2006-06
B000065AGC,Product B000065AGC,metadata_not_joined,2002-10,2013-04
B000065BNZ,Product B000065BNZ,metadata_not_joined,2002-11,2012-09
B000065BP9,Product B000065BP9,metadata_not_joined,2002-09,2014-05
B000065BPA,Product B000065BPA,metadata_not_joined,2003-04,2011-09
B000065BPB,Product B000065BPB,metadata_not_joined,2002-09,2014-07
B000065BPC,Product B000065BPC,metadata_not_joined,2002-10,2014-05
B000065CE1,Product B000065CE1,metadata_not_joined,2002-04,2013-07
B000065CE2,Product B000065CE2,metadata_not_joined,2002-04,2013-06
B000065CEV,Product B000065CEV,metadata_not_joined,2009-07,2014-07
B000065DQ2,Product B000065DQ2,metadata_not_joined,2002-11,2013-12
B000065Q6B,Product B000065Q6B,metadata_not_joined,2008-06,2014-01
B000065UDU,Product B000065UDU,metadata_not_joined,2002-07,2014-04
B000065UTC,Product B000065UTC,metadata_not_joined,2002-07,2008-11
B000065UTR,Product B000065UTR,metadata_not_joined,2003-10,2010-10
B000065UWF,Product B000065UWF,metadata_not_joined,2002-07,2007-01
B000065UWN,Product B000065UWN,metadata_not_joined,2003-01,2007-01
B000065V15,Product B000065V15,metadata_not_joined,2002-05,2005-03
B0000665P3,Product B0000665P3,metadata_not_joined,2003-07,2010-01
B0000665P5,Product B0000665P5,metadata_not_joined,2003-05,2014-03
B0000665P7,Product B0000665P7,metadata_not_joined,2003-04,2008-07
B0000665UZ,Product B0000665UZ,metadata_not_joined,2011-10,2014-04
B0000665V1,Product B0000665V1,metadata_not_joined,2009-03,2014-06
B0000665V4,Product B0000665V4,metadata_not_joined,2010-02,2014-07
B0000665V6,Product B0000665V6,metadata_not_joined,2009-10,2014-07
B0000665V7,Product B0000665V7,metadata_not_joined,2007-02,2014-06
B0000667AP,Product B0000667AP,metadata_not_joined,2002-04,2010-07
B00006686A,Product B00006686A,metadata_not_joined,2004-10,2013-01
B00006686C,Product B00006686C,metadata_not_joined,2007-02,2013-11
B0000668YP,Product B0000668YP,metadata_not_joined,2003-02,2013-02
B0000668YX,Product B0000668YX,metadata_not_joined,2006-02,2014-07
B0000669BN,Product B0000669BN,metadata_not_joined,2002-06,2003-10
B000066AX5,Product B000066AX5,metadata_not_joined,2002-04,2013-08
B000066CCU,Product B000066CCU,metadata_not_joined,2002-12,2013-12
B000066E6Y,Product B000066E6Y,metadata_not_joined,2004-02,2014-07
B000066E70,Product B000066E70,metadata_not_joined,2002-12,2005-04
B000066EW5,Product B000066EW5,metadata_not_joined,2002-06,2006-04
B000066HO3,Product B000066HO3,metadata_not_joined,2002-08,2010-02
B000066HO4,Product B000066HO4,metadata_not_joined,2002-11,2011-12
B000066HOH,Product B000066HOH,metadata_not_joined,2002-06,2002-12
B000066JQU,Product B000066JQU,metadata_not_joined,2002-09,2008-05
B000066R6K,Product B000066R6K,metadata_not_joined,2004-09,2013-06
B000066R6M,Product B000066R6M,metadata_not_joined,2003-09,2014-07
B000066R6P,Product B000066R6P,metadata_not_joined,2002-06,2006-01
B000066SSZ,Product B000066SSZ,metadata_not_joined,2002-05,2006-04
B000066TPN,Product B000066TPN,metadata_not_joined,2002-08,2006-08
B000066TPO,Product B000066TPO,metadata_not_joined,2002-08,2013-06
B000067BEG,Product B000067BEG,metadata_not_joined,2002-08,2010-10
B000067DK0,Product B000067DK0,metadata_not_joined,2003-03,2006-02
B000067DKB,Product B000067DKB,metadata_not_joined,2002-07,2005-02
B000067DKI,Product B000067DKI,metadata_not_joined,2002-07,2011-10
B000067DUW,Product B000067DUW,metadata_not_joined,2002-07,2010-05
B000067FCS,Product B000067FCS,metadata_not_joined,2002-06,2011-01
B000067FOP,Product B000067FOP,metadata_not_joined,2009-05,2014-03
B000067G0J,Product B000067G0J,metadata_not_joined,2003-01,2014-07
B000067G0L,Product B000067G0L,metadata_not_joined,2002-05,2006-04
B000067G0N,Product B000067G0N,metadata_not_joined,2007-01,2013-12
B000067INH,Product B000067INH,metadata_not_joined,2012-10,2014-01
B000067O5G,Product B000067O5G,metadata_not_joined,2005-01,2014-07
B000067O78,Product B000067O78,metadata_not_joined,2011-04,2014-06
B000067O7K,Product B000067O7K,metadata_not_joined,2003-04,2013-04
B000067O7N,Product B000067O7N,metadata_not_joined,2005-03,2014-02
B000067O7T,Product B000067O7T,metadata_not_joined,2007-11,2014-06
B000067O7U,Product B000067O7U,metadata_not_joined,2007-07,2014-03
B000067O85,Product B000067O85,metadata_not_joined,2004-01,2008-09
B000067O87,Product B000067O87,metadata_not_joined,2005-04,2008-06
B000067O8H,Product B000067O8H,metadata_not_joined,2003-11,2013-09
B000067R8G,Product B000067R8G,metadata_not_joined,2002-07,2003-05
B000067RBT,Product B000067RBT,metadata_not_joined,2007-03,2014-07
B000067RC1,Product B000067RC1,metadata_not_joined,2012-02,2014-07
B000067RC2,Product B000067RC2,metadata_not_joined,2011-09,2014-06
B000067RC4,Product B000067RC4,metadata_not_joined,2007-02,2014-07
B000067RC5,Product B000067RC5,metadata_not_joined,2008-02,2014-07
B000067RCT,Product B000067RCT,metadata_not_joined,2010-11,2014-05
B000067RCU,Product B000067RCU,metadata_not_joined,2007-08,2013-12
B000067RE4,Product B000067RE4,metadata_not_joined,2011-05,2013-12
B000067REG,Product B000067REG,metadata_not_joined,2007-08,2014-07
B000067RFT,Product B000067RFT,metadata_not_joined,2011-10,2014-04
B000067RG5,Product B000067RG5,metadata_not_joined,2007-08,2014-03
B000067RHS,Product B000067RHS,metadata_not_joined,2011-01,2014-07
B000067RIV,Product B000067RIV,metadata_not_joined,2006-12,2011-12
B000067RJB,Product B000067RJB,metadata_not_joined,2009-03,2014-07
B000067RKF,Product B000067RKF,metadata_not_joined,2007-01,2013-06
B000067RLH,Product B000067RLH,metadata_not_joined,2003-10,2014-01
B000067RLZ,Product B000067RLZ,metadata_not_joined,2011-04,2014-01
B000067RM2,Product B000067RM2,metadata_not_joined,2009-07,2014-02
B000067RM3,Product B000067RM3,metadata_not_joined,2006-01,2013-02
B000067RM6,Product B000067RM6,metadata_not_joined,2006-01,2013-11
B000067RMT,Product B000067RMT,metadata_not_joined,2005-04,2014-03
B000067RMY,Product B000067RMY,metadata_not_joined,2010-11,2014-04
B000067RQ2,Product B000067RQ2,metadata_not_joined,2004-12,2014-02
B000067RR5,Product B000067RR5,metadata_not_joined,2012-12,2014-04
B000067RRQ,Product B000067RRQ,metadata_not_joined,2007-03,2014-02
B000067RRX,Product B000067RRX,metadata_not_joined,2011-03,2014-06
B000067RT6,Product B000067RT6,metadata_not_joined,2007-02,2014-07
B000067RUX,Product B000067RUX,metadata_not_joined,2005-02,2013-02
B000067RVJ,Product B000067RVJ,metadata_not_joined,2005-04,2014-05
B000067RVL,Product B000067RVL,metadata_not_joined,2007-11,2014-03
B000067RWK,Product B000067RWK,metadata_not_joined,2012-07,2013-12
B000067RWL,Product B000067RWL,metadata_not_joined,2007-03,2014-07
B000067S60,Product B000067S60,metadata_not_joined,2002-09,2014-07
B000067S9H,Product B000067S9H,metadata_not_joined,2007-07,2013-01
B000067SBB,Product B000067SBB,metadata_not_joined,2009-02,2013-03
B000067SBL,Product B000067SBL,metadata_not_joined,2006-01,2014-04
B000067SBN,Product B000067SBN,metadata_not_joined,2008-04,2013-12
B000067SC4,Product B000067SC4,metadata_not_joined,2006-11,2013-11
B000067SC5,Product B000067SC5,metadata_not_joined,2010-02,2014-02
B000067SCH,Product B000067SCH,metadata_not_joined,2008-02,2014-05
B000067SCY,Product B000067SCY,metadata_not_joined,2009-01,2013-12
B000067SEE,Product B000067SEE,metadata_not_joined,2009-06,2014-02
B000067SF5,Product B000067SF5,metadata_not_joined,2009-05,2014-03
B000067SG2,Product B000067SG2,metadata_not_joined,2008-03,2014-07
B000067SGI,Product B000067SGI,metadata_not_joined,2006-09,2014-06
B000067SL4,Product B000067SL4,metadata_not_joined,2009-08,2014-07
B000067SLX,Product B000067SLX,metadata_not_joined,2011-09,2014-07
B000067SLY,Product B000067SLY,metadata_not_joined,2009-12,2014-05
B000067SLZ,Product B000067SLZ,metadata_not_joined,2003-11,2014-02
B000067SMH,Product B000067SMH,metadata_not_joined,2006-06,2014-07
B000067SMP,Product B000067SMP,metadata_not_joined,2011-01,2014-03
B000067SNB,Product B000067SNB,metadata_not_joined,2006-02,2012-03
B000067SO3,Product B000067SO3,metadata_not_joined,2004-03,2014-05
B000067SO7,Product B000067SO7,metadata_not_joined,2007-11,2014-05
B000067SOH,Product B000067SOH,metadata_not_joined,2006-06,2014-07
B000067SOL,Product B000067SOL,metadata_not_joined,2008-08,2014-07
B000067SOY,Product B000067SOY,metadata_not_joined,2007-02,2014-01
B000067SP4,Product B000067SP4,metadata_not_joined,2008-06,2014-01
B000067SPL,Product B000067SPL,metadata_not_joined,2007-03,2014-03
B000067SPO,Product B000067SPO,metadata_not_joined,2007-11,2014-03
B000067SPP,Product B000067SPP,metadata_not_joined,2005-12,2013-11
B000067SPR,Product B000067SPR,metadata_not_joined,2007-10,2014-07
B000067SQP,Product B000067SQP,metadata_not_joined,2005-03,2012-12
B000067SR9,Product B000067SR9,metadata_not_joined,2010-02,2014-04
B000067SRA,Product B000067SRA,metadata_not_joined,2007-01,2014-07
B000067V08,Product B000067V08,metadata_not_joined,2003-02,2006-11
B000067V23,Product B000067V23,metadata_not_joined,2012-11,2014-06
B000067V62,Product B000067V62,metadata_not_joined,2003-11,2014-01
B000067V63,Product B000067V63,metadata_not_joined,2005-03,2014-01
B000067V8L,Product B000067V8L,metadata_not_joined,2008-01,2014-02
B000067VB7,Product B000067VB7,metadata_not_joined,2003-06,2014-01
B000067VBL,Product B000067VBL,metadata_not_joined,2002-11,2014-04
B000067VBM,Product B000067VBM,metadata_not_joined,2006-10,2014-04
B000067VC2,Product B000067VC2,metadata_not_joined,2009-12,2013-09
B000067VC3,Product B000067VC3,metadata_not_joined,2007-07,2014-06
B000067VC6,Product B000067VC6,metadata_not_joined,2011-03,2013-09
B0000683E1,Product B0000683E1,metadata_not_joined,2002-09,2003-06
B0000683E3,Product B0000683E3,metadata_not_joined,2003-06,2008-05
B000068BQJ,Product B000068BQJ,metadata_not_joined,2002-09,2014-03
B000068BRB,Product B000068BRB,metadata_not_joined,2002-06,2005-01
B000068BRE,Product B000068BRE,metadata_not_joined,2002-07,2006-02
B000068BSC,Product B000068BSC,metadata_not_joined,2004-11,2012-12
B000068CNM,Product B000068CNM,metadata_not_joined,2006-01,2014-05
B000068CNT,Product B000068CNT,metadata_not_joined,2006-01,2009-05
B000068CNU,Product B000068CNU,metadata_not_joined,2004-06,2011-02
B000068CS0,Product B000068CS0,metadata_not_joined,2002-08,2013-08
B000068DB8,Product B000068DB8,metadata_not_joined,2002-08,2005-03
B000068IDS,Product B000068IDS,metadata_not_joined,2010-01,2014-04
B000068IFM,Product B000068IFM,metadata_not_joined,2003-02,2014-02
B000068IGM,Product B000068IGM,metadata_not_joined,2002-08,2009-03
B000068IGO,Product B000068IGO,metadata_not_joined,2003-07,2013-10
B000068IGP,Product B000068IGP,metadata_not_joined,2002-10,2011-07
B000068IGQ,Product B000068IGQ,metadata_not_joined,2002-08,2011-09
B000068IKV,Product B000068IKV,metadata_not_joined,2003-04,2014-03
B000068ILF,Product B000068ILF,metadata_not_joined,2009-03,2014-04
B000068MGO,Product B000068MGO,metadata_not_joined,2002-12,2009-06
B000068MP2,Product B000068MP2,metadata_not_joined,2003-01,2013-10
B000068MP5,Product B000068MP5,metadata_not_joined,2002-09,2003-08
B000068MQU,Product B000068MQU,metadata_not_joined,2002-08,2012-07
B000068NXH,Product B000068NXH,metadata_not_joined,2013-04,2014-06
B000068NXI,Product B000068NXI,metadata_not_joined,2010-12,2014-03
B000068NYF,Product B000068NYF,metadata_not_joined,2007-02,2014-06
B000068NZK,Product B000068NZK,metadata_not_joined,2009-08,2014-07
B000068NZN,Product B000068NZN,metadata_not_joined,2011-07,2014-01
B000068O0U,Product B000068O0U,metadata_not_joined,2011-12,2014-07
B000068O16,Product B000068O16,metadata_not_joined,2010-07,2014-07
B000068O1A,Product B000068O1A,metadata_not_joined,2011-06,2014-07
B000068O1J,Product B000068O1J,metadata_not_joined,2011-06,2014-03
B000068O1M,Product B000068O1M,metadata_not_joined,2012-10,2014-05
B000068O33,Product B000068O33,metadata_not_joined,2007-01,2014-07
B000068O34,Product B000068O34,metadata_not_joined,2011-03,2014-07
B000068O37,Product B000068O37,metadata_not_joined,2010-08,2014-06
B000068O3C,Product B000068O3C,metadata_not_joined,2008-04,2014-07
B000068O3G,Product B000068O3G,metadata_not_joined,2009-12,2014-06
B000068O3J,Product B000068O3J,metadata_not_joined,2007-06,2014-01
B000068O3L,Product B000068O3L,metadata_not_joined,2011-02,2014-07
B000068O3S,Product B000068O3S,metadata_not_joined,2010-11,2014-06
B000068O3T,Product B000068O3T,metadata_not_joined,2008-04,2014-07
B000068O3V,Product B000068O3V,metadata_not_joined,2011-10,2014-02
B000068O40,Product B000068O40,metadata_not_joined,2009-08,2014-07
B000068O42,Product B000068O42,metadata_not_joined,2012-03,2014-07
B000068O44,Product B000068O44,metadata_not_joined,2012-09,2014-06
B000068O45,Product B000068O45,metadata_not_joined,2011-08,2014-03
B000068O48,Product B000068O48,metadata_not_joined,2011-08,2014-06
B000068O4C,Product B000068O4C,metadata_not_joined,2011-06,2014-07
B000068O4D,Product B000068O4D,metadata_not_joined,2010-08,2014-04
B000068O4E,Product B000068O4E,metadata_not_joined,2011-07,2014-05
B000068O4J,Product B000068O4J,metadata_not_joined,2011-01,2014-05
B000068O4N,Product B000068O4N,metadata_not_joined,2010-03,2014-06
B000068O4W,Product B000068O4W,metadata_not_joined,2007-03,2014-04
B000068O4Y,Product B000068O4Y,metadata_not_joined,2011-08,2014-07
B000068O51,Product B000068O51,metadata_not_joined,2012-04,2014-06
B000068O53,Product B000068O53,metadata_not_joined,2011-01,2014-07
B000068O54,Product B000068O54,metadata_not_joined,2010-12,2014-05
B000068O5C,Product B000068O5C,metadata_not_joined,2010-07,2014-03
B000068O5D,Product B000068O5D,metadata_not_joined,2010-09,2014-06
B000068O5F,Product B000068O5F,metadata_not_joined,2010-02,2014-02
B000068O5H,Product B000068O5H,metadata_not_joined,2011-04,2014-06
B000068O6B,Product B000068O6B,metadata_not_joined,2010-10,2014-06
B000068O6G,Product B000068O6G,metadata_not_joined,2011-04,2013-07
B000068OA6,Product B000068OA6,metadata_not_joined,2009-06,2013-12
B000068OB1,Product B000068OB1,metadata_not_joined,2011-08,2014-03
B000068ODT,Product B000068ODT,metadata_not_joined,2008-05,2014-03
B000068OEO,Product B000068OEO,metadata_not_joined,2009-04,2014-06
B000068OER,Product B000068OER,metadata_not_joined,2011-10,2014-07
B000068OFB,Product B000068OFB,metadata_not_joined,2014-01,2014-07
B000068OIR,Product B000068OIR,metadata_not_joined,2002-07,2003-03
B000068OJM,Product B000068OJM,metadata_not_joined,2002-07,2006-10
B000068P8R,Product B000068P8R,metadata_not_joined,2002-08,2014-07
B000068P8W,Product B000068P8W,metadata_not_joined,2006-12,2014-07
B000068PE8,Product B000068PE8,metadata_not_joined,2002-12,2004-12
B000068PJF,Product B000068PJF,metadata_not_joined,2004-02,2006-09
B000068QIT,Product B000068QIT,metadata_not_joined,2003-05,2013-11
B000068QIU,Product B000068QIU,metadata_not_joined,2002-12,2009-02
B000068TZ7,Product B000068TZ7,metadata_not_joined,2002-06,2003-04
B000068U1L,Product B000068U1L,metadata_not_joined,2002-12,2007-09
B000068U29,Product B000068U29,metadata_not_joined,2002-10,2007-03
B000068UXB,Product B000068UXB,metadata_not_joined,2002-12,2012-12
B000068UY6,Product B000068UY6,metadata_not_joined,2002-07,2010-11
B000068UY7,Product B000068UY7,metadata_not_joined,2002-07,2004-12
B000068UY8,Product B000068UY8,metadata_not_joined,2002-10,2010-12
B000068V7A,Product B000068V7A,metadata_not_joined,2008-04,2014-06
B000069092,Product B000069092,metadata_not_joined,2002-07,2012-02
B000069096,Product B000069096,metadata_not_joined,2002-08,2004-01
B000069106,Product B000069106,metadata_not_joined,2005-03,2014-04
B0000691IO,Product B0000691IO,metadata_not_joined,2002-07,2014-04
B0000691LX,Product B0000691LX,metadata_not_joined,2002-08,2002-12
B0000696HN,Product B0000696HN,metadata_not_joined,2002-11,2003-03
B000069AT6,Product B000069AT6,metadata_not_joined,2002-09,2009-03
B000069DOV,Product B000069DOV,metadata_not_joined,2005-08,2014-07
B000069E1H,Product B000069E1H,metadata_not_joined,2005-03,2014-07
B000069E1V,Product B000069E1V,metadata_not_joined,2004-11,2013-07
B000069E22,Product B000069E22,metadata_not_joined,2004-11,2009-12
B000069E2V,Product B000069E2V,metadata_not_joined,2006-02,2013-06
B000069EUW,Product B000069EUW,metadata_not_joined,2004-04,2014-07
B000069EUX,Product B000069EUX,metadata_not_joined,2006-11,2011-09
B000069EUZ,Product B000069EUZ,metadata_not_joined,2007-02,2013-12
B000069EV0,Product B000069EV0,metadata_not_joined,2004-09,2014-05
B000069J56,Product B000069J56,metadata_not_joined,2002-08,2013-03
B000069JWX,Product B000069JWX,metadata_not_joined,2003-03,2009-04
B000069K8N,Product B000069K8N,metadata_not_joined,2005-02,2011-05
B000069K8O,Product B000069K8O,metadata_not_joined,2004-08,2008-06
B000069K98,Product B000069K98,metadata_not_joined,2002-07,2014-06
B000069Z5H,Product B000069Z5H,metadata_not_joined,2002-08,2008-03
B000069Z5M,Product B000069Z5M,metadata_not_joined,2011-05,2013-12
B000069Z5U,Product B000069Z5U,metadata_not_joined,2003-05,2014-06
B00006A7AY,Product B00006A7AY,metadata_not_joined,2002-09,2005-02
B00006AE3K,Product B00006AE3K,metadata_not_joined,2003-05,2014-07
B00006AFD2,Product B00006AFD2,metadata_not_joined,2003-04,2005-07
B00006AG6C,Product B00006AG6C,metadata_not_joined,2006-07,2010-06
B00006AGRZ,Product B00006AGRZ,metadata_not_joined,2007-01,2014-06
B00006AL0S,Product B00006AL0S,metadata_not_joined,2002-10,2014-05
B00006ANXL,Product B00006ANXL,metadata_not_joined,2002-12,2005-12
B00006AVV3,Product B00006AVV3,metadata_not_joined,2002-08,2014-05
B00006B0QC,Product B00006B0QC,metadata_not_joined,2003-01,2012-05
B00006B1I7,Product B00006B1I7,metadata_not_joined,2002-12,2004-04
B00006B6BS,Product B00006B6BS,metadata_not_joined,2002-10,2009-09
B00006B6KN,Product B00006B6KN,metadata_not_joined,2002-09,2012-09
B00006B6PI,Product B00006B6PI,metadata_not_joined,2008-05,2013-10
B00006B6Q1,Product B00006B6Q1,metadata_not_joined,2007-01,2010-05
B00006B70R,Product B00006B70R,metadata_not_joined,2005-08,2013-11
B00006B70S,Product B00006B70S,metadata_not_joined,2008-06,2013-07
B00006B753,Product B00006B753,metadata_not_joined,2004-12,2010-07
B00006B780,Product B00006B780,metadata_not_joined,2007-05,2014-06
B00006B7CG,Product B00006B7CG,metadata_not_joined,2005-09,2013-07
B00006B7D8,Product B00006B7D8,metadata_not_joined,2006-11,2013-07
B00006B7DA,Product B00006B7DA,metadata_not_joined,2003-02,2014-07
B00006B7DB,Product B00006B7DB,metadata_not_joined,2003-08,2013-11
B00006B7HB,Product B00006B7HB,metadata_not_joined,2002-09,2014-04
B00006B7ML,Product B00006B7ML,metadata_not_joined,2011-01,2014-02
B00006B7R7,Product B00006B7R7,metadata_not_joined,2007-01,2008-12
B00006B7RK,Product B00006B7RK,metadata_not_joined,2007-09,2014-07
B00006B7RM,Product B00006B7RM,metadata_not_joined,2010-09,2013-11
B00006B7RQ,Product B00006B7RQ,metadata_not_joined,2010-08,2013-10
B00006B7RS,Product B00006B7RS,metadata_not_joined,2011-11,2014-02
B00006B7RT,Product B00006B7RT,metadata_not_joined,2012-11,2014-07
B00006B7SG,Product B00006B7SG,metadata_not_joined,2008-06,2014-06
B00006B7SK,Product B00006B7SK,metadata_not_joined,2008-06,2014-06
B00006B7T7,Product B00006B7T7,metadata_not_joined,2009-01,2014-04
B00006B7TF,Product B00006B7TF,metadata_not_joined,2010-01,2013-05
B00006B7TL,Product B00006B7TL,metadata_not_joined,2006-03,2008-03
B00006B7U9,Product B00006B7U9,metadata_not_joined,2006-07,2014-05
B00006B80L,Product B00006B80L,metadata_not_joined,2002-07,2009-12
B00006B80W,Product B00006B80W,metadata_not_joined,2006-07,2012-12
B00006B81D,Product B00006B81D,metadata_not_joined,2009-09,2014-07
B00006B81E,Product B00006B81E,metadata_not_joined,2008-07,2014-07
B00006B81I,Product B00006B81I,metadata_not_joined,2010-11,2014-05
B00006B81J,Product B00006B81J,metadata_not_joined,2007-08,2014-07
B00006B81M,Product B00006B81M,metadata_not_joined,2006-12,2014-03
B00006B820,Product B00006B820,metadata_not_joined,2006-07,2013-12
B00006B828,Product B00006B828,metadata_not_joined,2009-10,2014-07
B00006B82A,Product B00006B82A,metadata_not_joined,2013-01,2014-06
B00006B82N,Product B00006B82N,metadata_not_joined,2010-06,2014-04
B00006B83A,Product B00006B83A,metadata_not_joined,2005-02,2014-06
B00006B83E,Product B00006B83E,metadata_not_joined,2012-12,2014-05
B00006B83F,Product B00006B83F,metadata_not_joined,2005-09,2012-10
B00006B83L,Product B00006B83L,metadata_not_joined,2007-01,2014-06
B00006B85B,Product B00006B85B,metadata_not_joined,2003-04,2009-10
B00006B8BJ,Product B00006B8BJ,metadata_not_joined,2011-01,2014-07
B00006B8BN,Product B00006B8BN,metadata_not_joined,2012-02,2014-04
B00006B8BS,Product B00006B8BS,metadata_not_joined,2005-12,2014-07
B00006B8BY,Product B00006B8BY,metadata_not_joined,2011-04,2014-06
B00006B8C0,Product B00006B8C0,metadata_not_joined,2008-04,2014-07
B00006B8C2,Product B00006B8C2,metadata_not_joined,2005-08,2014-07
B00006B8C3,Product B00006B8C3,metadata_not_joined,2005-01,2013-10
B00006B8C5,Product B00006B8C5,metadata_not_joined,2010-03,2014-03
B00006B8CH,Product B00006B8CH,metadata_not_joined,2005-08,2014-01
B00006B8CM,Product B00006B8CM,metadata_not_joined,2011-04,2013-12
B00006B8D7,Product B00006B8D7,metadata_not_joined,2012-03,2014-06
B00006B8DA,Product B00006B8DA,metadata_not_joined,2002-10,2014-06
B00006B8DX,Product B00006B8DX,metadata_not_joined,2007-11,2014-02
B00006B8E3,Product B00006B8E3,metadata_not_joined,2011-12,2014-05
B00006B8EC,Product B00006B8EC,metadata_not_joined,2005-11,2014-06
B00006B8EH,Product B00006B8EH,metadata_not_joined,2006-03,2012-07
B00006B8EI,Product B00006B8EI,metadata_not_joined,2007-09,2010-10
B00006B8EN,Product B00006B8EN,metadata_not_joined,2007-01,2014-03
B00006B8EX,Product B00006B8EX,metadata_not_joined,2010-06,2013-11
B00006B8JX,Product B00006B8JX,metadata_not_joined,2009-09,2014-06
B00006B8K2,Product B00006B8K2,metadata_not_joined,2006-08,2014-07
B00006B8NS,Product B00006B8NS,metadata_not_joined,2003-05,2014-03
B00006B8PJ,Product B00006B8PJ,metadata_not_joined,2002-08,2012-01
B00006B8X6,Product B00006B8X6,metadata_not_joined,2007-11,2013-12
B00006B90H,Product B00006B90H,metadata_not_joined,2008-09,2013-02
B00006B91X,Product B00006B91X,metadata_not_joined,2008-01,2013-03
B00006B91Z,Product B00006B91Z,metadata_not_joined,2002-12,2014-01
B00006B92A,Product B00006B92A,metadata_not_joined,2011-02,2014-01
B00006B938,Product B00006B938,metadata_not_joined,2004-03,2014-04
B00006B9CN,Product B00006B9CN,metadata_not_joined,2002-10,2013-09
B00006B9CR,Product B00006B9CR,metadata_not_joined,2002-11,2014-07
B00006B9ES,Product B00006B9ES,metadata_not_joined,2002-10,2004-01
B00006B9GE,Product B00006B9GE,metadata_not_joined,2004-11,2007-07
B00006B9H6,Product B00006B9H6,metadata_not_joined,2008-01,2014-05
B00006B9H8,Product B00006B9H8,metadata_not_joined,2002-11,2014-05
B00006B9H9,Product B00006B9H9,metadata_not_joined,2002-08,2014-01
B00006B9HC,Product B00006B9HC,metadata_not_joined,2003-01,2013-06
B00006B9HK,Product B00006B9HK,metadata_not_joined,2003-11,2014-07
B00006B9HO,Product B00006B9HO,metadata_not_joined,2002-11,2014-01
B00006B9HP,Product B00006B9HP,metadata_not_joined,2002-08,2009-02
B00006B9HR,Product B00006B9HR,metadata_not_joined,2002-08,2004-06
B00006B9Q7,Product B00006B9Q7,metadata_not_joined,2002-12,2010-04
B00006B9QD,Product B00006B9QD,metadata_not_joined,2003-03,2013-11
B00006B9QE,Product B00006B9QE,metadata_not_joined,2003-04,2013-02
B00006B9QF,Product B00006B9QF,metadata_not_joined,2003-02,2013-05
B00006B9QG,Product B00006B9QG,metadata_not_joined,2002-12,2013-08
B00006B9QM,Product B00006B9QM,metadata_not_joined,2006-08,2014-07
B00006B9W2,Product B00006B9W2,metadata_not_joined,2011-10,2014-06
B00006B9W3,Product B00006B9W3,metadata_not_joined,2007-01,2014-06
B00006B9W9,Product B00006B9W9,metadata_not_joined,2008-08,2013-02
B00006B9WE,Product B00006B9WE,metadata_not_joined,2004-07,2013-12
B00006BA2C,Product B00006BA2C,metadata_not_joined,2003-09,2011-03
B00006BA9U,Product B00006BA9U,metadata_not_joined,2008-02,2014-06
B00006BADM,Product B00006BADM,metadata_not_joined,2002-12,2012-09
B00006BAKJ,Product B00006BAKJ,metadata_not_joined,2002-07,2007-03
B00006BAQC,Product B00006BAQC,metadata_not_joined,2002-10,2009-06
B00006BBA5,Product B00006BBA5,metadata_not_joined,2010-02,2013-11
B00006BBAB,Product B00006BBAB,metadata_not_joined,2009-04,2014-07
B00006BBAC,Product B00006BBAC,metadata_not_joined,2007-10,2014-07
B00006BBAD,Product B00006BBAD,metadata_not_joined,2007-01,2014-03
B00006BBAU,Product B00006BBAU,metadata_not_joined,2010-10,2013-07
B00006BBGS,Product B00006BBGS,metadata_not_joined,2010-10,2014-05
B00006BBK8,Product B00006BBK8,metadata_not_joined,2009-01,2013-04
B00006BMX5,Product B00006BMX5,metadata_not_joined,2003-01,2012-06
B00006BT1H,Product B00006BT1H,metadata_not_joined,2006-12,2013-12
B00006BXBS,Product B00006BXBS,metadata_not_joined,2005-01,2014-05
B00006CFDO,Product B00006CFDO,metadata_not_joined,2007-02,2014-03
B00006CJJV,Product B00006CJJV,metadata_not_joined,2003-09,2014-06
B00006CJKC,Product B00006CJKC,metadata_not_joined,2007-01,2014-04
B00006CXS8,Product B00006CXS8,metadata_not_joined,2002-08,2013-07
B00006D2L3,Product B00006D2L3,metadata_not_joined,2002-11,2005-05
B00006D2L7,Product B00006D2L7,metadata_not_joined,2003-03,2003-10
B00006D2LD,Product B00006D2LD,metadata_not_joined,2003-07,2014-01
B00006D2LG,Product B00006D2LG,metadata_not_joined,2004-02,2010-03
B00006DY6J,Product B00006DY6J,metadata_not_joined,2002-12,2014-06
B00006DY6M,Product B00006DY6M,metadata_not_joined,2002-12,2013-07
B00006ELLL,Product B00006ELLL,metadata_not_joined,2002-12,2008-08
B00006F2MW,Product B00006F2MW,metadata_not_joined,2002-11,2012-09
B00006FDR5,Product B00006FDR5,metadata_not_joined,2002-09,2003-10
B00006FDR8,Product B00006FDR8,metadata_not_joined,2002-09,2005-03
B00006FDRB,Product B00006FDRB,metadata_not_joined,2002-10,2006-01
B00006FMPE,Product B00006FMPE,metadata_not_joined,2002-11,2007-04
B00006FMPP,Product B00006FMPP,metadata_not_joined,2002-12,2007-03
B00006FROK,Product B00006FROK,metadata_not_joined,2002-12,2013-03
B00006FRUI,Product B00006FRUI,metadata_not_joined,2003-01,2010-12
B00006FXHQ,Product B00006FXHQ,metadata_not_joined,2003-04,2014-07
B00006FXR9,Product B00006FXR9,metadata_not_joined,2002-10,2014-02
B00006G2OJ,Product B00006G2OJ,metadata_not_joined,2002-11,2013-08
B00006G33L,Product B00006G33L,metadata_not_joined,2009-06,2013-02
B00006G33N,Product B00006G33N,metadata_not_joined,2006-03,2013-02
B00006GET1,Product B00006GET1,metadata_not_joined,2003-05,2014-04
B00006GF1G,Product B00006GF1G,metadata_not_joined,2006-10,2010-08
B00006GJT4,Product B00006GJT4,metadata_not_joined,2006-10,2011-07
B00006HCCK,Product B00006HCCK,metadata_not_joined,2002-10,2007-05
B00006HCCS,Product B00006HCCS,metadata_not_joined,2003-02,2005-02
B00006HCI3,Product B00006HCI3,metadata_not_joined,2003-09,2012-12
B00006HCIO,Product B00006HCIO,metadata_not_joined,2003-08,2007-08
B00006HCIX,Product B00006HCIX,metadata_not_joined,2002-11,2008-05
B00006HCJI,Product B00006HCJI,metadata_not_joined,2002-11,2008-08
B00006HMD8,Product B00006HMD8,metadata_not_joined,2002-10,2009-06
B00006HMGI,Product B00006HMGI,metadata_not_joined,2004-03,2014-03
B00006HMPG,Product B00006HMPG,metadata_not_joined,2002-10,2005-05
B00006HMPH,Product B00006HMPH,metadata_not_joined,2005-05,2012-10
B00006HMPJ,Product B00006HMPJ,metadata_not_joined,2002-10,2013-11
B00006HMPK,Product B00006HMPK,metadata_not_joined,2002-10,2014-06
B00006HMPN,Product B00006HMPN,metadata_not_joined,2003-01,2006-12
B00006HMQY,Product B00006HMQY,metadata_not_joined,2003-10,2009-07
B00006HMQZ,Product B00006HMQZ,metadata_not_joined,2005-05,2010-11
B00006HMR3,Product B00006HMR3,metadata_not_joined,2002-10,2004-04
B00006HNY1,Product B00006HNY1,metadata_not_joined,2006-11,2013-11
B00006HNZ1,Product B00006HNZ1,metadata_not_joined,2007-05,2013-02
B00006HO3O,Product B00006HO3O,metadata_not_joined,2003-11,2013-01
B00006HO3Z,Product B00006HO3Z,metadata_not_joined,2012-12,2013-05
B00006HO59,Product B00006HO59,metadata_not_joined,2007-10,2013-12
B00006HO6O,Product B00006HO6O,metadata_not_joined,2004-06,2009-01
B00006HOAE,Product B00006HOAE,metadata_not_joined,2005-07,2014-05
B00006HOAN,Product B00006HOAN,metadata_not_joined,2006-12,2014-03
B00006HOAO,Product B00006HOAO,metadata_not_joined,2006-12,2014-02
B00006HOAQ,Product B00006HOAQ,metadata_not_joined,2006-07,2014-04
B00006HOAS,Product B00006HOAS,metadata_not_joined,2007-08,2014-02
B00006HOE3,Product B00006HOE3,metadata_not_joined,2004-02,2014-01
B00006HOFR,Product B00006HOFR,metadata_not_joined,2010-08,2014-05
B00006HOGN,Product B00006HOGN,metadata_not_joined,2003-05,2006-05
B00006HOH7,Product B00006HOH7,metadata_not_joined,2010-03,2013-12
B00006HOIT,Product B00006HOIT,metadata_not_joined,2010-10,2013-08
B00006HOIW,Product B00006HOIW,metadata_not_joined,2010-07,2014-06
B00006HOKR,Product B00006HOKR,metadata_not_joined,2004-11,2014-07
B00006HOKW,Product B00006HOKW,metadata_not_joined,2004-09,2014-04
B00006HOL0,Product B00006HOL0,metadata_not_joined,2007-09,2014-01
B00006HOL1,Product B00006HOL1,metadata_not_joined,2003-12,2014-06
B00006HOL6,Product B00006HOL6,metadata_not_joined,2007-02,2009-06
B00006HOLO,Product B00006HOLO,metadata_not_joined,2003-10,2013-12
B00006HOMA,Product B00006HOMA,metadata_not_joined,2011-12,2014-05
B00006HOO1,Product B00006HOO1,metadata_not_joined,2003-07,2011-05
B00006HOZB,Product B00006HOZB,metadata_not_joined,2002-09,2014-04
B00006HPFH,Product B00006HPFH,metadata_not_joined,2008-08,2014-05
B00006HPIN,Product B00006HPIN,metadata_not_joined,2007-05,2014-03
B00006HQ25,Product B00006HQ25,metadata_not_joined,2004-06,2014-01
B00006HQ3B,Product B00006HQ3B,metadata_not_joined,2005-09,2008-07
B00006HQ55,Product B00006HQ55,metadata_not_joined,2004-10,2014-07
B00006HQR8,Product B00006HQR8,metadata_not_joined,2009-08,2014-07
B00006HQV5,Product B00006HQV5,metadata_not_joined,2011-09,2014-07
B00006HR5F,Product B00006HR5F,metadata_not_joined,2007-10,2014-03
B00006HRJR,Product B00006HRJR,metadata_not_joined,2003-02,2008-10
B00006HSBC,Product B00006HSBC,metadata_not_joined,2007-01,2014-03
B00006HSHI,Product B00006HSHI,metadata_not_joined,2011-01,2014-03
B00006HSHY,Product B00006HSHY,metadata_not_joined,2009-09,2014-03
B00006HSJF,Product B00006HSJF,metadata_not_joined,2007-02,2014-03
B00006HSK6,Product B00006HSK6,metadata_not_joined,2012-07,2014-03
B00006HSM1,Product B00006HSM1,metadata_not_joined,2010-06,2013-02
B00006HSM2,Product B00006HSM2,metadata_not_joined,2008-07,2014-07
B00006HSML,Product B00006HSML,metadata_not_joined,2007-02,2014-03
B00006HSYC,Product B00006HSYC,metadata_not_joined,2007-03,2014-05
B00006HTBR,Product B00006HTBR,metadata_not_joined,2012-06,2014-04
B00006HTFS,Product B00006HTFS,metadata_not_joined,2009-07,2013-03
B00006HTLY,Product B00006HTLY,metadata_not_joined,2010-11,2012-02
B00006HTTE,Product B00006HTTE,metadata_not_joined,2006-09,2014-04
B00006HU4Z,Product B00006HU4Z,metadata_not_joined,2009-09,2014-01
B00006HUAS,Product B00006HUAS,metadata_not_joined,2003-04,2013-08
B00006HUJU,Product B00006HUJU,metadata_not_joined,2008-06,2014-04
B00006HVLP,Product B00006HVLP,metadata_not_joined,2008-08,2014-07
B00006HVLW,Product B00006HVLW,metadata_not_joined,2007-05,2014-07
B00006HVT4,Product B00006HVT4,metadata_not_joined,2003-07,2014-07
B00006HVWL,Product B00006HVWL,metadata_not_joined,2008-01,2014-06
B00006HVZ7,Product B00006HVZ7,metadata_not_joined,2004-02,2013-07
B00006HW8A,Product B00006HW8A,metadata_not_joined,2004-11,2014-02
B00006HWX4,Product B00006HWX4,metadata_not_joined,2003-01,2012-08
B00006HX1V,Product B00006HX1V,metadata_not_joined,2008-01,2014-02
B00006HXAM,Product B00006HXAM,metadata_not_joined,2008-03,2014-02
B00006HXBG,Product B00006HXBG,metadata_not_joined,2005-12,2010-12
B00006HXF4,Product B00006HXF4,metadata_not_joined,2003-04,2013-08
B00006HXJ6,Product B00006HXJ6,metadata_not_joined,2003-10,2009-09
B00006HXLO,Product B00006HXLO,metadata_not_joined,2005-06,2014-07
B00006HXMP,Product B00006HXMP,metadata_not_joined,2006-01,2014-03
B00006HXMQ,Product B00006HXMQ,metadata_not_joined,2005-03,2013-12
B00006HXOG,Product B00006HXOG,metadata_not_joined,2003-03,2003-10
B00006HXRA,Product B00006HXRA,metadata_not_joined,2002-11,2003-05
B00006HXT9,Product B00006HXT9,metadata_not_joined,2007-01,2014-06
B00006HXZV,Product B00006HXZV,metadata_not_joined,2011-02,2014-05
B00006HY8N,Product B00006HY8N,metadata_not_joined,2003-05,2003-10
B00006HYAQ,Product B00006HYAQ,metadata_not_joined,2007-09,2014-04
B00006HYJ2,Product B00006HYJ2,metadata_not_joined,2002-11,2003-09
B00006HYJ3,Product B00006HYJ3,metadata_not_joined,2002-12,2006-12
B00006HYJ4,Product B00006HYJ4,metadata_not_joined,2003-01,2004-11
B00006HYJ5,Product B00006HYJ5,metadata_not_joined,2002-12,2013-01
B00006HYKM,Product B00006HYKM,metadata_not_joined,2002-11,2014-04
B00006HYM3,Product B00006HYM3,metadata_not_joined,2003-03,2005-07
B00006HYMK,Product B00006HYMK,metadata_not_joined,2002-12,2004-07
B00006HYP6,Product B00006HYP6,metadata_not_joined,2005-07,2013-12
B00006HYPD,Product B00006HYPD,metadata_not_joined,2003-01,2014-02
B00006HYPV,Product B00006HYPV,metadata_not_joined,2002-12,2014-07
B00006HYQA,Product B00006HYQA,metadata_not_joined,2007-01,2013-09
B00006HYUB,Product B00006HYUB,metadata_not_joined,2005-01,2011-08
B00006HYUC,Product B00006HYUC,metadata_not_joined,2003-10,2010-01
B00006HYWR,Product B00006HYWR,metadata_not_joined,2002-10,2007-08
B00006HYYH,Product B00006HYYH,metadata_not_joined,2002-12,2005-10
B00006HZ0K,Product B00006HZ0K,metadata_not_joined,2003-04,2013-12
B00006HZ0L,Product B00006HZ0L,metadata_not_joined,2002-10,2014-03
B00006HZ1R,Product B00006HZ1R,metadata_not_joined,2002-11,2010-05
B00006I51I,Product B00006I51I,metadata_not_joined,2008-12,2014-03
B00006I51S,Product B00006I51S,metadata_not_joined,2006-06,2013-04
B00006I52Z,Product B00006I52Z,metadata_not_joined,2005-09,2013-01
B00006I533,Product B00006I533,metadata_not_joined,2006-04,2013-09
B00006I539,Product B00006I539,metadata_not_joined,2003-05,2014-06
B00006I53A,Product B00006I53A,metadata_not_joined,2003-05,2014-06
B00006I53D,Product B00006I53D,metadata_not_joined,2010-07,2014-03
B00006I53Q,Product B00006I53Q,metadata_not_joined,2005-01,2014-03
B00006I53R,Product B00006I53R,metadata_not_joined,2007-12,2012-10
B00006I53S,Product B00006I53S,metadata_not_joined,2003-06,2014-07
B00006I53T,Product B00006I53T,metadata_not_joined,2005-04,2013-02
B00006I53V,Product B00006I53V,metadata_not_joined,2005-05,2014-05
B00006I53W,Product B00006I53W,metadata_not_joined,2005-07,2014-06
B00006I53X,Product B00006I53X,metadata_not_joined,2005-03,2014-05
B00006I53Z,Product B00006I53Z,metadata_not_joined,2007-11,2013-11
B00006I548,Product B00006I548,metadata_not_joined,2006-07,2014-03
B00006I560,Product B00006I560,metadata_not_joined,2005-11,2013-07
B00006I58S,Product B00006I58S,metadata_not_joined,2005-01,2014-01
B00006I5BG,Product B00006I5BG,metadata_not_joined,2007-03,2014-04
B00006I5BN,Product B00006I5BN,metadata_not_joined,2003-06,2012-03
B00006I5BQ,Product B00006I5BQ,metadata_not_joined,2008-05,2014-04
B00006I5BV,Product B00006I5BV,metadata_not_joined,2009-01,2013-10
B00006I5BW,Product B00006I5BW,metadata_not_joined,2007-08,2014-01
B00006I5EQ,Product B00006I5EQ,metadata_not_joined,2008-03,2012-12
B00006I5ER,Product B00006I5ER,metadata_not_joined,2008-03,2009-08
B00006I5FP,Product B00006I5FP,metadata_not_joined,2003-04,2004-10
B00006I5FQ,Product B00006I5FQ,metadata_not_joined,2003-02,2006-01
B00006I5GV,Product B00006I5GV,metadata_not_joined,2013-06,2014-06
B00006I5H5,Product B00006I5H5,metadata_not_joined,2006-04,2013-12
B00006I5I2,Product B00006I5I2,metadata_not_joined,2008-03,2014-05
B00006I5J4,Product B00006I5J4,metadata_not_joined,2008-07,2014-07
B00006I5J5,Product B00006I5J5,metadata_not_joined,2008-02,2014-02
B00006I5J7,Product B00006I5J7,metadata_not_joined,2008-01,2014-07
B00006I5JA,Product B00006I5JA,metadata_not_joined,2008-03,2014-06
B00006I5JC,Product B00006I5JC,metadata_not_joined,2007-05,2014-06
B00006I5JM,Product B00006I5JM,metadata_not_joined,2004-01,2013-06
B00006I5JN,Product B00006I5JN,metadata_not_joined,2005-11,2014-01
B00006I5JO,Product B00006I5JO,metadata_not_joined,2003-12,2013-11
B00006I5JT,Product B00006I5JT,metadata_not_joined,2003-11,2014-04
B00006I5JZ,Product B00006I5JZ,metadata_not_joined,2007-09,2012-08
B00006I5KQ,Product B00006I5KQ,metadata_not_joined,2005-05,2010-06
B00006I5L6,Product B00006I5L6,metadata_not_joined,2008-12,2013-08
B00006I5LB,Product B00006I5LB,metadata_not_joined,2008-12,2014-02
B00006I5O0,Product B00006I5O0,metadata_not_joined,2005-11,2013-01
B00006I5O1,Product B00006I5O1,metadata_not_joined,2007-05,2013-09
B00006I5O4,Product B00006I5O4,metadata_not_joined,2005-01,2007-05
B00006I5RA,Product B00006I5RA,metadata_not_joined,2004-12,2010-10
B00006I5SI,Product B00006I5SI,metadata_not_joined,2004-11,2014-05
B00006I5SQ,Product B00006I5SQ,metadata_not_joined,2003-12,2014-03
B00006I5TD,Product B00006I5TD,metadata_not_joined,2004-09,2011-04
B00006I5UH,Product B00006I5UH,metadata_not_joined,2007-04,2014-07
B00006I5VT,Product B00006I5VT,metadata_not_joined,2004-11,2012-03
B00006I5VX,Product B00006I5VX,metadata_not_joined,2006-09,2014-07
B00006I5WJ,Product B00006I5WJ,metadata_not_joined,2003-07,2014-06
B00006I5WP,Product B00006I5WP,metadata_not_joined,2008-11,2013-09
B00006I5WR,Product B00006I5WR,metadata_not_joined,2008-04,2011-10
B00006I5X6,Product B00006I5X6,metadata_not_joined,2006-11,2013-12
B00006I5XC,Product B00006I5XC,metadata_not_joined,2007-08,2014-04
B00006I601,Product B00006I601,metadata_not_joined,2002-11,2013-06
B00006IAAN,Product B00006IAAN,metadata_not_joined,2008-03,2014-07
B00006IBLQ,Product B00006IBLQ,metadata_not_joined,2008-09,2014-07
B00006ICIW,Product B00006ICIW,metadata_not_joined,2003-11,2014-07
B00006ICZI,Product B00006ICZI,metadata_not_joined,2009-02,2013-09
B00006ID3V,Product B00006ID3V,metadata_not_joined,2012-04,2014-02
B00006IJO4,Product B00006IJO4,metadata_not_joined,2002-10,2011-04
B00006IJO6,Product B00006IJO6,metadata_not_joined,2002-12,2012-09
B00006IJO7,Product B00006IJO7,metadata_not_joined,2003-02,2010-02
B00006IJX7,Product B00006IJX7,metadata_not_joined,2002-11,2013-11
B00006IR39,Product B00006IR39,metadata_not_joined,2002-11,2014-06
B00006IROV,Product B00006IROV,metadata_not_joined,2007-11,2012-05
B00006IRR4,Product B00006IRR4,metadata_not_joined,2002-12,2007-06
B00006IRR8,Product B00006IRR8,metadata_not_joined,2003-01,2014-02
B00006IRRY,Product B00006IRRY,metadata_not_joined,2009-02,2014-07
B00006IRS3,Product B00006IRS3,metadata_not_joined,2005-03,2014-06
B00006IRUL,Product B00006IRUL,metadata_not_joined,2003-04,2005-11
B00006IRW3,Product B00006IRW3,metadata_not_joined,2005-01,2012-02
B00006IRY8,Product B00006IRY8,metadata_not_joined,2002-11,2003-11
B00006IS4X,Product B00006IS4X,metadata_not_joined,2003-10,2014-06
B00006IS50,Product B00006IS50,metadata_not_joined,2006-02,2009-11
B00006IS65,Product B00006IS65,metadata_not_joined,2002-11,2008-12
B00006IS9M,Product B00006IS9M,metadata_not_joined,2004-01,2009-05
B00006IW1A,Product B00006IW1A,metadata_not_joined,2002-11,2005-10
B00006IW1X,Product B00006IW1X,metadata_not_joined,2003-06,2014-07
B00006J053,Product B00006J053,metadata_not_joined,2006-07,2013-05
B00006J054,Product B00006J054,metadata_not_joined,2004-03,2014-07
B00006J05Y,Product B00006J05Y,metadata_not_joined,2004-05,2014-04
B00006J07K,Product B00006J07K,metadata_not_joined,2007-07,2014-05
B00006J07O,Product B00006J07O,metadata_not_joined,2005-11,2014-04
B00006J099,Product B00006J099,metadata_not_joined,2005-05,2013-06
B00006J3IX,Product B00006J3IX,metadata_not_joined,2003-01,2006-05
B00006J6RN,Product B00006J6RN,metadata_not_joined,2002-10,2009-04
B00006JBJY,Product B00006JBJY,metadata_not_joined,2002-11,2008-07
B00006JHY2,Product B00006JHY2,metadata_not_joined,2003-09,2014-02
B00006JHZ0,Product B00006JHZ0,metadata_not_joined,2008-10,2014-05
B00006JHZ1,Product B00006JHZ1,metadata_not_joined,2007-03,2014-03
B00006JI5H,Product B00006JI5H,metadata_not_joined,2008-07,2014-07
B00006JI6E,Product B00006JI6E,metadata_not_joined,2006-05,2013-12
B00006JI6Q,Product B00006JI6Q,metadata_not_joined,2007-12,2014-03
B00006JI6U,Product B00006JI6U,metadata_not_joined,2003-07,2006-07
B00006JI6V,Product B00006JI6V,metadata_not_joined,2003-12,2006-12
B00006JI6X,Product B00006JI6X,metadata_not_joined,2005-03,2009-03
B00006JILC,Product B00006JILC,metadata_not_joined,2004-04,2012-12
B00006JILW,Product B00006JILW,metadata_not_joined,2004-06,2013-12
B00006JINY,Product B00006JINY,metadata_not_joined,2007-06,2014-06
B00006JIO1,Product B00006JIO1,metadata_not_joined,2008-11,2013-03
B00006JK36,Product B00006JK36,metadata_not_joined,2003-07,2008-10
B00006JK37,Product B00006JK37,metadata_not_joined,2002-09,2009-06
B00006JKW4,Product B00006JKW4,metadata_not_joined,2009-04,2010-09
B00006JKW5,Product B00006JKW5,metadata_not_joined,2004-10,2014-07
B00006JKWE,Product B00006JKWE,metadata_not_joined,2008-06,2013-04
B00006JKWX,Product B00006JKWX,metadata_not_joined,2004-05,2014-05
B00006JKWY,Product B00006JKWY,metadata_not_joined,2009-07,2013-01
B00006JKWZ,Product B00006JKWZ,metadata_not_joined,2011-01,2013-05
B00006JKXN,Product B00006JKXN,metadata_not_joined,2002-10,2005-10
B00006JLOS,Product B00006JLOS,metadata_not_joined,2003-03,2014-05
B00006JLOT,Product B00006JLOT,metadata_not_joined,2002-12,2009-01
B00006JM2X,Product B00006JM2X,metadata_not_joined,2002-12,2011-05
B00006JM6N,Product B00006JM6N,metadata_not_joined,2007-02,2014-07
B00006JN3G,Product B00006JN3G,metadata_not_joined,2004-02,2014-07
B00006JNCM,Product B00006JNCM,metadata_not_joined,2002-10,2010-08
B00006JNY3,Product B00006JNY3,metadata_not_joined,2007-02,2013-02
B00006JP23,Product B00006JP23,metadata_not_joined,2002-11,2012-12
B00006JP52,Product B00006JP52,metadata_not_joined,2009-02,2012-12
B00006JP5A,Product B00006JP5A,metadata_not_joined,2008-03,2014-03
B00006JP5G,Product B00006JP5G,metadata_not_joined,2004-02,2014-01
B00006JP5I,Product B00006JP5I,metadata_not_joined,2010-10,2014-03
B00006JP5M,Product B00006JP5M,metadata_not_joined,2005-04,2013-07
B00006JPA1,Product B00006JPA1,metadata_not_joined,2012-04,2014-07
B00006JPBY,Product B00006JPBY,metadata_not_joined,2006-07,2014-07
B00006JPD1,Product B00006JPD1,metadata_not_joined,2004-04,2014-03
B00006JPD9,Product B00006JPD9,metadata_not_joined,2008-07,2013-08
B00006JPDE,Product B00006JPDE,metadata_not_joined,2010-01,2014-07
B00006JPDF,Product B00006JPDF,metadata_not_joined,2007-09,2014-04
B00006JPDG,Product B00006JPDG,metadata_not_joined,2009-08,2014-07
B00006JPDI,Product B00006JPDI,metadata_not_joined,2003-03,2014-07
B00006JPEA,Product B00006JPEA,metadata_not_joined,2010-11,2014-07
B00006JPED,Product B00006JPED,metadata_not_joined,2006-10,2014-07
B00006JPER,Product B00006JPER,metadata_not_joined,2006-07,2014-07
B00006JPES,Product B00006JPES,metadata_not_joined,2007-01,2014-06
B00006JPET,Product B00006JPET,metadata_not_joined,2006-11,2014-03
B00006JPEV,Product B00006JPEV,metadata_not_joined,2008-04,2014-05
B00006JPF0,Product B00006JPF0,metadata_not_joined,2012-03,2014-05
B00006JPF3,Product B00006JPF3,metadata_not_joined,2010-06,2014-07
B00006JPF4,Product B00006JPF4,metadata_not_joined,2011-01,2014-03
B00006JPF8,Product B00006JPF8,metadata_not_joined,2005-03,2014-02
B00006JPFC,Product B00006JPFC,metadata_not_joined,2009-07,2013-03
B00006JPH3,Product B00006JPH3,metadata_not_joined,2010-10,2014-06
B00006JPHC,Product B00006JPHC,metadata_not_joined,2011-07,2014-07
B00006JPKA,Product B00006JPKA,metadata_not_joined,2006-04,2014-02
B00006JPKD,Product B00006JPKD,metadata_not_joined,2005-08,2013-02
B00006JPKE,Product B00006JPKE,metadata_not_joined,2011-03,2014-02
B00006JPNE,Product B00006JPNE,metadata_not_joined,2006-01,2014-01
B00006JPRM,Product B00006JPRM,metadata_not_joined,2008-06,2014-06
B00006JPRP,Product B00006JPRP,metadata_not_joined,2007-10,2014-05
B00006JPRQ,Product B00006JPRQ,metadata_not_joined,2009-03,2014-07
B00006JPTU,Product B00006JPTU,metadata_not_joined,2012-11,2014-07
B00006JPU2,Product B00006JPU2,metadata_not_joined,2004-01,2007-04
B00006JPWT,Product B00006JPWT,metadata_not_joined,2006-07,2014-04
B00006JPWW,Product B00006JPWW,metadata_not_joined,2007-11,2014-05
B00006JPWY,Product B00006JPWY,metadata_not_joined,2013-03,2013-10
B00006JPXS,Product B00006JPXS,metadata_not_joined,2010-01,2013-11
B00006JQ06,Product B00006JQ06,metadata_not_joined,2005-06,2014-07
B00006JQ4C,Product B00006JQ4C,metadata_not_joined,2009-01,2013-01
B00006JQ4I,Product B00006JQ4I,metadata_not_joined,2012-02,2014-04
B00006JQ5Y,Product B00006JQ5Y,metadata_not_joined,2006-01,2014-02
B00006JQ5Z,Product B00006JQ5Z,metadata_not_joined,2005-03,2013-12
B00006JQ62,Product B00006JQ62,metadata_not_joined,2005-10,2014-06
B00006JQ6B,Product B00006JQ6B,metadata_not_joined,2007-08,2009-01
B00006JQ6C,Product B00006JQ6C,metadata_not_joined,2008-02,2014-05
B00006JQ7D,Product B00006JQ7D,metadata_not_joined,2013-12,2014-06
B00006JQBU,Product B00006JQBU,metadata_not_joined,2007-10,2010-09
B00006JQKA,Product B00006JQKA,metadata_not_joined,2012-05,2014-07
B00006JQLD,Product B00006JQLD,metadata_not_joined,2004-01,2014-02
B00006JQLJ,Product B00006JQLJ,metadata_not_joined,2004-08,2013-12
B00006JQQ6,Product B00006JQQ6,metadata_not_joined,2003-05,2014-03
B00006JU62,Product B00006JU62,metadata_not_joined,2003-02,2014-06
B00006K0WO,Product B00006K0WO,metadata_not_joined,2006-12,2013-11
B00006K0WT,Product B00006K0WT,metadata_not_joined,2011-09,2013-12
B00006K16A,Product B00006K16A,metadata_not_joined,2003-01,2009-06
B00006KIYS,Product B00006KIYS,metadata_not_joined,2002-11,2014-02
B00006L3CM,Product B00006L3CM,metadata_not_joined,2004-04,2009-04
B00006L43O,Product B00006L43O,metadata_not_joined,2006-02,2012-01
B00006L4F1,Product B00006L4F1,metadata_not_joined,2010-07,2014-05
B00006L4FX,Product B00006L4FX,metadata_not_joined,2003-10,2014-05
B00006L4FY,Product B00006L4FY,metadata_not_joined,2003-02,2010-12
B00006L4XB,Product B00006L4XB,metadata_not_joined,2009-04,2014-03
B00006L7RT,Product B00006L7RT,metadata_not_joined,2004-07,2014-02
B00006L7RV,Product B00006L7RV,metadata_not_joined,2004-01,2014-04
B00006L7TT,Product B00006L7TT,metadata_not_joined,2003-04,2004-02
B00006L9CT,Product B00006L9CT,metadata_not_joined,2003-03,2003-08
B00006LHDV,Product B00006LHDV,metadata_not_joined,2007-03,2014-03
B00006LHDX,Product B00006LHDX,metadata_not_joined,2006-12,2013-08
B00006LHLC,Product B00006LHLC,metadata_not_joined,2003-08,2005-07
B00006LHO7,Product B00006LHO7,metadata_not_joined,2002-10,2004-02
B00006LHSL,Product B00006LHSL,metadata_not_joined,2003-11,2008-05
B00006LIN8,Product B00006LIN8,metadata_not_joined,2003-01,2007-12
B00006LIOM,Product B00006LIOM,metadata_not_joined,2004-08,2013-03
B00006LK1O,Product B00006LK1O,metadata_not_joined,2002-12,2011-08
B00006LK1Q,Product B00006LK1Q,metadata_not_joined,2002-12,2014-03
B00006LS92,Product B00006LS92,metadata_not_joined,2002-11,2003-04
B00006LSVL,Product B00006LSVL,metadata_not_joined,2009-04,2014-06
B00006LT11,Product B00006LT11,metadata_not_joined,2002-11,2006-03
B00006LU7J,Product B00006LU7J,metadata_not_joined,2002-12,2013-03
B00006LV79,Product B00006LV79,metadata_not_joined,2002-12,2013-11
B00006LVF3,Product B00006LVF3,metadata_not_joined,2009-10,2014-05
B00006MJFB,Product B00006MJFB,metadata_not_joined,2012-11,2014-06
B00006MJFL,Product B00006MJFL,metadata_not_joined,2009-02,2014-02
B00006OLCT,Product B00006OLCT,metadata_not_joined,2003-02,2009-12
B00006OX6B,Product B00006OX6B,metadata_not_joined,2007-07,2014-03
B00006OX8Q,Product B00006OX8Q,metadata_not_joined,2003-01,2013-07
B00006OX95,Product B00006OX95,metadata_not_joined,2003-01,2013-01
B00006RH5I,Product B00006RH5I,metadata_not_joined,2003-09,2014-06
B00006RHOD,Product B00006RHOD,metadata_not_joined,2003-11,2010-01
B00006RHZG,Product B00006RHZG,metadata_not_joined,2005-03,2014-03
B00006RSIZ,Product B00006RSIZ,metadata_not_joined,2002-11,2006-06
B00006RSJ1,Product B00006RSJ1,metadata_not_joined,2002-11,2003-05
B00006RSK5,Product B00006RSK5,metadata_not_joined,2002-12,2003-12
B00006RSQU,Product B00006RSQU,metadata_not_joined,2010-09,2014-04
B00006RU4L,Product B00006RU4L,metadata_not_joined,2003-01,2003-10
B00006RVNC,Product B00006RVNC,metadata_not_joined,2006-11,2010-11
B00006RVNE,Product B00006RVNE,metadata_not_joined,2012-01,2014-03
B00006RVNH,Product B00006RVNH,metadata_not_joined,2004-10,2014-03
B00006RVNQ,Product B00006RVNQ,metadata_not_joined,2006-05,2014-02
B00006RVNS,Product B00006RVNS,metadata_not_joined,2007-11,2013-03
B00006RVNU,Product B00006RVNU,metadata_not_joined,2009-02,2009-09
B00006RVNW,Product B00006RVNW,metadata_not_joined,2005-02,2013-10
B00006RVO1,Product B00006RVO1,metadata_not_joined,2009-07,2014-02
B00006RVPG,Product B00006RVPG,metadata_not_joined,2003-11,2005-03
B00006RVPW,Product B00006RVPW,metadata_not_joined,2005-09,2014-07
B00006RVQK,Product B00006RVQK,metadata_not_joined,2003-01,2011-04
B00006RVTR,Product B00006RVTR,metadata_not_joined,2007-04,2013-06
B00006RVVG,Product B00006RVVG,metadata_not_joined,2008-06,2010-07
B00006RYUX,Product B00006RYUX,metadata_not_joined,2002-12,2003-08
B00006RZ25,Product B00006RZ25,metadata_not_joined,2009-04,2011-11
B00006SIJQ,Product B00006SIJQ,metadata_not_joined,2003-04,2009-02
B00006SKKD,Product B00006SKKD,metadata_not_joined,2003-01,2003-10
B00006SNZN,Product B00006SNZN,metadata_not_joined,2007-06,2014-04
B00006TWL6,Product B00006TWL6,metadata_not_joined,2003-03,2005-08
B00006WNKR,Product B00006WNKR,metadata_not_joined,2006-06,2014-03
B00006Y0CW,Product B00006Y0CW,metadata_not_joined,2003-07,2006-10
B00006Y0DQ,Product B00006Y0DQ,metadata_not_joined,2003-01,2004-01
B00006YZ3Y,Product B00006YZ3Y,metadata_not_joined,2004-05,2014-06
B00007056H,Product B00007056H,metadata_not_joined,2002-11,2014-07
B00007058Y,Product B00007058Y,metadata_not_joined,2002-12,2012-12
B00007079A,Product B00007079A,metadata_not_joined,2005-02,2013-12
B000070G4C,Product B000070G4C,metadata_not_joined,2013-02,2014-03
B000071A7U,Product B000071A7U,metadata_not_joined,2002-11,2006-01
B000071AAB,Product B000071AAB,metadata_not_joined,2008-07,2013-11
B000071NY3,Product B000071NY3,metadata_not_joined,2003-01,2011-01
B0000721Z0,Product B0000721Z0,metadata_not_joined,2007-11,2013-12
B000075AEV,Product B000075AEV,metadata_not_joined,2003-04,2013-11
B000075ANQ,Product B000075ANQ,metadata_not_joined,2008-03,2013-05
B000075B9J,Product B000075B9J,metadata_not_joined,2011-01,2014-03
B000075BAZ,Product B000075BAZ,metadata_not_joined,2008-01,2013-11
B000075UZ7,Product B000075UZ7,metadata_not_joined,2003-05,2014-07
B000076WEX,Product B000076WEX,metadata_not_joined,2005-05,2008-01
B0000775AA,Product B0000775AA,metadata_not_joined,2002-12,2013-11
B000077W17,Product B000077W17,metadata_not_joined,2007-05,2013-07
B000077X5L,Product B000077X5L,metadata_not_joined,2003-05,2014-05
B000077XII,Product B000077XII,metadata_not_joined,2003-04,2008-02
B0000787NW,Product B0000787NW,metadata_not_joined,2004-02,2008-08
B0000789GA,Product B0000789GA,metadata_not_joined,2002-11,2007-03
B0000789GC,Product B0000789GC,metadata_not_joined,2002-11,2006-05
B000078CQQ,Product B000078CQQ,metadata_not_joined,2004-12,2009-02
B000078QJ1,Product B000078QJ1,metadata_not_joined,2004-07,2011-06
B000078WG6,Product B000078WG6,metadata_not_joined,2003-03,2005-12
B00007AKAZ,Product B00007AKAZ,metadata_not_joined,2003-12,2013-11
B00007AKBB,Product B00007AKBB,metadata_not_joined,2004-10,2007-10
B00007AKC1,Product B00007AKC1,metadata_not_joined,2003-03,2013-10
B00007AKDL,Product B00007AKDL,metadata_not_joined,2010-07,2014-05
B00007AKDP,Product B00007AKDP,metadata_not_joined,2003-01,2013-12
B00007AP2O,Product B00007AP2O,metadata_not_joined,2007-09,2014-07
B00007B4DM,Product B00007B4DM,metadata_not_joined,2006-09,2014-05
B00007B6L5,Product B00007B6L5,metadata_not_joined,2003-01,2005-10
B00007B6RX,Product B00007B6RX,metadata_not_joined,2003-01,2004-07
B00007B8SN,Product B00007B8SN,metadata_not_joined,2003-10,2012-03
B00007BI0H,Product B00007BI0H,metadata_not_joined,2002-12,2004-01
B00007BKU6,Product B00007BKU6,metadata_not_joined,2003-01,2008-06
B00007CJLC,Product B00007CJLC,metadata_not_joined,2006-11,2014-05
B00007CJMS,Product B00007CJMS,metadata_not_joined,2002-11,2003-11
B00007CW52,Product B00007CW52,metadata_not_joined,2010-12,2014-03
B00007CW54,Product B00007CW54,metadata_not_joined,2009-12,2013-11
B00007DN1E,Product B00007DN1E,metadata_not_joined,2003-11,2012-12
B00007DT9H,Product B00007DT9H,metadata_not_joined,2003-03,2004-01
B00007DTDB,Product B00007DTDB,metadata_not_joined,2003-03,2013-11
B00007DTDX,Product B00007DTDX,metadata_not_joined,2007-05,2008-10
B00007DWE5,Product B00007DWE5,metadata_not_joined,2012-03,2014-06
B00007DWEA,Product B00007DWEA,metadata_not_joined,2009-12,2013-11
B00007DX3I,Product B00007DX3I,metadata_not_joined,2003-02,2005-08
B00007E7C8,Product B00007E7C8,metadata_not_joined,2003-10,2014-07
B00007E7I7,Product B00007E7I7,metadata_not_joined,2007-02,2012-02
B00007E7JU,Product B00007E7JU,metadata_not_joined,2004-07,2014-07
B00007E7K0,Product B00007E7K0,metadata_not_joined,2009-04,2014-06
B00007E7K1,Product B00007E7K1,metadata_not_joined,2006-09,2014-06
B00007E7K9,Product B00007E7K9,metadata_not_joined,2006-04,2014-07
B00007E7NH,Product B00007E7NH,metadata_not_joined,2004-05,2014-05
B00007E7QS,Product B00007E7QS,metadata_not_joined,2007-01,2014-07
B00007E7QU,Product B00007E7QU,metadata_not_joined,2006-06,2013-07
B00007E7RF,Product B00007E7RF,metadata_not_joined,2007-02,2014-02
B00007E7RG,Product B00007E7RG,metadata_not_joined,2007-03,2014-01
B00007E7UN,Product B00007E7UN,metadata_not_joined,2005-04,2014-04
B00007E809,Product B00007E809,metadata_not_joined,2007-04,2014-04
B00007E80N,Product B00007E80N,metadata_not_joined,2006-07,2014-01
B00007E816,Product B00007E816,metadata_not_joined,2007-02,2014-05
B00007E845,Product B00007E845,metadata_not_joined,2006-01,2008-06
B00007E89K,Product B00007E89K,metadata_not_joined,2005-06,2014-07
B00007E8AB,Product B00007E8AB,metadata_not_joined,2007-08,2013-05
B00007E8D1,Product B00007E8D1,metadata_not_joined,2004-12,2010-08
B00007E8D2,Product B00007E8D2,metadata_not_joined,2005-03,2014-07
B00007E8YT,Product B00007E8YT,metadata_not_joined,2002-12,2004-05
B00007EDLW,Product B00007EDLW,metadata_not_joined,2009-01,2013-12
B00007EDM0,Product B00007EDM0,metadata_not_joined,2002-11,2008-03
B00007EDM8,Product B00007EDM8,metadata_not_joined,2004-01,2014-07
B00007EDY5,Product B00007EDY5,metadata_not_joined,2008-11,2014-04
B00007EDYD,Product B00007EDYD,metadata_not_joined,2011-11,2014-05
B00007EDYY,Product B00007EDYY,metadata_not_joined,2008-04,2014-06
B00007EDZ7,Product B00007EDZ7,metadata_not_joined,2007-12,2014-02
B00007EDZG,Product B00007EDZG,metadata_not_joined,2005-01,2014-07
B00007EE00,Product B00007EE00,metadata_not_joined,2006-12,2014-03
B00007EMD2,Product B00007EMD2,metadata_not_joined,2003-01,2003-07
B00007F8UQ,Product B00007F8UQ,metadata_not_joined,2003-01,2014-06
B00007FGU7,Product B00007FGU7,metadata_not_joined,2007-02,2014-07
B00007FGUC,Product B00007FGUC,metadata_not_joined,2007-09,2013-08
B00007FGUD,Product B00007FGUD,metadata_not_joined,2007-02,2013-07
B00007FGUE,Product B00007FGUE,metadata_not_joined,2008-04,2013-10
B00007FGUF,Product B00007FGUF,metadata_not_joined,2007-11,2014-07
B00007FH2V,Product B00007FH2V,metadata_not_joined,2006-07,2013-03
B00007FH7O,Product B00007FH7O,metadata_not_joined,2009-08,2014-05
B00007FHDP,Product B00007FHDP,metadata_not_joined,2009-11,2014-06
B00007FHDR,Product B00007FHDR,metadata_not_joined,2010-10,2014-03
B00007FKBG,Product B00007FKBG,metadata_not_joined,2011-05,2014-03
B00007FRXY,Product B00007FRXY,metadata_not_joined,2002-11,2003-09
B00007FS1O,Product B00007FS1O,metadata_not_joined,2003-02,2013-07
B00007FS5R,Product B00007FS5R,metadata_not_joined,2003-01,2013-04
B00007FSB9,Product B00007FSB9,metadata_not_joined,2003-02,2014-04
B00007FV2Z,Product B00007FV2Z,metadata_not_joined,2003-03,2013-04
B00007FWP2,Product B00007FWP2,metadata_not_joined,2006-08,2014-07
B00007G360,Product B00007G360,metadata_not_joined,2003-07,2012-03
B00007G9J5,Product B00007G9J5,metadata_not_joined,2005-11,2008-12
B00007GPI1,Product B00007GPI1,metadata_not_joined,2002-12,2010-10
B00007GQLS,Product B00007GQLS,metadata_not_joined,2005-07,2014-06
B00007GQLT,Product B00007GQLT,metadata_not_joined,2006-08,2013-08
B00007GQLU,Product B00007GQLU,metadata_not_joined,2004-12,2014-07
B00007GWBV,Product B00007GWBV,metadata_not_joined,2005-01,2013-12
B00007GWC6,Product B00007GWC6,metadata_not_joined,2005-08,2013-08
B00007GWC8,Product B00007GWC8,metadata_not_joined,2010-10,2013-02
B00007H08Z,Product B00007H08Z,metadata_not_joined,2003-06,2009-06
B00007I409,Product B00007I409,metadata_not_joined,2005-12,2014-02
B00007I6FO,Product B00007I6FO,metadata_not_joined,2008-02,2013-03
B00007IFDR,Product B00007IFDR,metadata_not_joined,2007-05,2014-07
B00007IFED,Product B00007IFED,metadata_not_joined,2006-11,2014-07
B00007IFJY,Product B00007IFJY,metadata_not_joined,2005-10,2012-12
B00007IFKY,Product B00007IFKY,metadata_not_joined,2003-04,2013-09
B00007IFMJ,Product B00007IFMJ,metadata_not_joined,2003-03,2014-02
B00007ISWA,Product B00007ISWA,metadata_not_joined,2003-07,2014-06
B00007J8SC,Product B00007J8SC,metadata_not_joined,2005-03,2009-10
B00007JDR0,Product B00007JDR0,metadata_not_joined,2004-09,2014-04
B00007JDRS,Product B00007JDRS,metadata_not_joined,2009-11,2013-11
B00007JDRV,Product B00007JDRV,metadata_not_joined,2003-04,2013-11
B00007JO1D,Product B00007JO1D,metadata_not_joined,2004-12,2014-02
B00007JO2V,Product B00007JO2V,metadata_not_joined,2011-06,2013-10
B00007JO36,Product B00007JO36,metadata_not_joined,2013-03,2014-01
B00007JO8C,Product B00007JO8C,metadata_not_joined,2003-02,2004-03
B00007K3A3,Product B00007K3A3,metadata_not_joined,2003-02,2006-09
B00007K7JE,Product B00007K7JE,metadata_not_joined,2007-05,2014-02
B00007KDVI,Product B00007KDVI,metadata_not_joined,2003-01,2014-07
B00007KDVJ,Product B00007KDVJ,metadata_not_joined,2003-02,2013-11
B00007KDVK,Product B00007KDVK,metadata_not_joined,2003-01,2014-06
B00007KDX5,Product B00007KDX5,metadata_not_joined,2003-04,2010-04
B00007KDX6,Product B00007KDX6,metadata_not_joined,2004-10,2014-04
B00007KFT2,Product B00007KFT2,metadata_not_joined,2004-07,2010-02
B00007KJWO,Product B00007KJWO,metadata_not_joined,2003-02,2008-08
B00007KLI4,Product B00007KLI4,metadata_not_joined,2003-01,2005-06
B00007KVHZ,Product B00007KVHZ,metadata_not_joined,2004-01,2007-06
B00007KVKI,Product B00007KVKI,metadata_not_joined,2011-11,2014-05
B00007KWRC,Product B00007KWRC,metadata_not_joined,2007-01,2013-07
B00007KWRD,Product B00007KWRD,metadata_not_joined,2009-08,2014-06
B00007L6D3,Product B00007L6D3,metadata_not_joined,2004-09,2009-11
B00007L6I5,Product B00007L6I5,metadata_not_joined,2003-09,2013-04
B00007L9UC,Product B00007L9UC,metadata_not_joined,2007-09,2014-05
B00007LAYN,Product B00007LAYN,metadata_not_joined,2003-11,2014-04
B00007LB2N,Product B00007LB2N,metadata_not_joined,2003-06,2009-10
B00007LI9D,Product B00007LI9D,metadata_not_joined,2005-12,2014-07
B00007LTAQ,Product B00007LTAQ,metadata_not_joined,2004-04,2013-11
B00007LTB6,Product B00007LTB6,metadata_not_joined,2003-11,2014-06
B00007LTBA,Product B00007LTBA,metadata_not_joined,2003-08,2011-10
B00007LTBI,Product B00007LTBI,metadata_not_joined,2003-12,2008-01
B00007LV61,Product B00007LV61,metadata_not_joined,2007-01,2014-01
B00007M1TZ,Product B00007M1TZ,metadata_not_joined,2003-09,2014-07
B00007MMNS,Product B00007MMNS,metadata_not_joined,2003-04,2009-06
B000083CUA,Product B000083CUA,metadata_not_joined,2003-03,2013-07
B000083CUF,Product B000083CUF,metadata_not_joined,2007-12,2012-11
B000083DY0,Product B000083DY0,metadata_not_joined,2003-03,2006-07
B000083EAB,Product B000083EAB,metadata_not_joined,2012-12,2014-05
B000083EAI,Product B000083EAI,metadata_not_joined,2003-03,2010-03
B000083GPS,Product B000083GPS,metadata_not_joined,2005-12,2014-01
B000083JZ0,Product B000083JZ0,metadata_not_joined,2008-09,2014-06
B000083JZG,Product B000083JZG,metadata_not_joined,2008-05,2010-12
B000083JZH,Product B000083JZH,metadata_not_joined,2008-09,2012-05
B000083K0O,Product B000083K0O,metadata_not_joined,2008-02,2013-09
B000083K5N,Product B000083K5N,metadata_not_joined,2005-06,2010-06
B000083K9F,Product B000083K9F,metadata_not_joined,2003-05,2013-02
B000083KIH,Product B000083KIH,metadata_not_joined,2008-08,2014-07
B000084FD3,Product B000084FD3,metadata_not_joined,2005-03,2013-12
B000084FD5,Product B000084FD5,metadata_not_joined,2003-05,2011-05
B000085BBN,Product B000085BBN,metadata_not_joined,2003-05,2004-05
B000085BCX,Product B000085BCX,metadata_not_joined,2004-06,2010-09
B000085BD7,Product B000085BD7,metadata_not_joined,2003-01,2006-08
B000085BD8,Product B000085BD8,metadata_not_joined,2003-02,2014-03
B000085BDB,Product B000085BDB,metadata_not_joined,2007-03,2014-06
B000085OXN,Product B000085OXN,metadata_not_joined,2004-07,2010-12
B000085ZKV,Product B000085ZKV,metadata_not_joined,2003-06,2014-07
B000086EYG,Product B000086EYG,metadata_not_joined,2008-05,2014-06
B000086TLD,Product B000086TLD,metadata_not_joined,2003-03,2012-11
B000087BHV,Product B000087BHV,metadata_not_joined,2003-01,2003-08
B000087BV9,Product B000087BV9,metadata_not_joined,2003-03,2004-12
B000087BWL,Product B000087BWL,metadata_not_joined,2003-04,2013-03
B000087BX8,Product B000087BX8,metadata_not_joined,2003-05,2008-08
B000087BXC,Product B000087BXC,metadata_not_joined,2003-04,2012-07
B000087BXU,Product B000087BXU,metadata_not_joined,2003-07,2007-10
B000087HCP,Product B000087HCP,metadata_not_joined,2003-11,2013-09
B000087HWM,Product B000087HWM,metadata_not_joined,2003-04,2011-09
B000087KY5,Product B000087KY5,metadata_not_joined,2003-04,2003-09
B000087KY8,Product B000087KY8,metadata_not_joined,2003-04,2009-04
B000087KYH,Product B000087KYH,metadata_not_joined,2003-06,2013-12
B000087L9H,Product B000087L9H,metadata_not_joined,2003-09,2007-03
B000087LCG,Product B000087LCG,metadata_not_joined,2003-06,2013-04
B000087LI2,Product B000087LI2,metadata_not_joined,2003-10,2007-08
B000087LIG,Product B000087LIG,metadata_not_joined,2003-04,2007-02
B000087NBU,Product B000087NBU,metadata_not_joined,2007-09,2014-06
B000087NBV,Product B000087NBV,metadata_not_joined,2010-08,2014-04
B000087NBW,Product B000087NBW,metadata_not_joined,2007-08,2014-07
B000087R8F,Product B000087R8F,metadata_not_joined,2010-04,2013-12
B000087ZQC,Product B000087ZQC,metadata_not_joined,2003-06,2007-11
B000088NO8,Product B000088NO8,metadata_not_joined,2003-12,2014-07
B000088UNJ,Product B000088UNJ,metadata_not_joined,2003-11,2014-07
B000088USR,Product B000088USR,metadata_not_joined,2003-04,2009-07
B000088USX,Product B000088USX,metadata_not_joined,2003-09,2008-10
B0000898TE,Product B0000898TE,metadata_not_joined,2003-07,2008-01
B0000899VM,Product B0000899VM,metadata_not_joined,2003-07,2012-08
B0000899YJ,Product B0000899YJ,metadata_not_joined,2003-08,2004-08
B0000899ZA,Product B0000899ZA,metadata_not_joined,2004-10,2012-07
B0000899ZB,Product B0000899ZB,metadata_not_joined,2003-10,2014-03
B0000899ZC,Product B0000899ZC,metadata_not_joined,2003-05,2013-07
B0000899ZD,Product B0000899ZD,metadata_not_joined,2003-07,2014-05
B0000899ZE,Product B0000899ZE,metadata_not_joined,2003-06,2008-07
B000089GLB,Product B000089GLB,metadata_not_joined,2007-11,2013-05
B000089GN2,Product B000089GN2,metadata_not_joined,2003-06,2013-11
B000089GN3,Product B000089GN3,metadata_not_joined,2003-07,2013-07
B000089GN4,Product B000089GN4,metadata_not_joined,2003-04,2014-04
B000089JKR,Product B000089JKR,metadata_not_joined,2004-10,2013-11
B00008A6CC,Product B00008A6CC,metadata_not_joined,2003-08,2006-10
B00008AIVB,Product B00008AIVB,metadata_not_joined,2006-12,2010-09
B00008AOKJ,Product B00008AOKJ,metadata_not_joined,2010-04,2014-06
B00008AOKK,Product B00008AOKK,metadata_not_joined,2010-07,2012-07
B00008AWKZ,Product B00008AWKZ,metadata_not_joined,2007-09,2014-06
B00008AWL0,Product B00008AWL0,metadata_not_joined,2005-08,2013-12
B00008AWL2,Product B00008AWL2,metadata_not_joined,2008-05,2014-07
B00008AYBE,Product B00008AYBE,metadata_not_joined,2004-11,2014-01
B00008AYBF,Product B00008AYBF,metadata_not_joined,2004-02,2013-06
B00008AYBH,Product B00008AYBH,metadata_not_joined,2011-09,2014-06
B00008AZ71,Product B00008AZ71,metadata_not_joined,2003-05,2005-03
B00008BFJM,Product B00008BFJM,metadata_not_joined,2005-03,2007-12
B00008BFJW,Product B00008BFJW,metadata_not_joined,2005-03,2013-03
B00008BNZ3,Product B00008BNZ3,metadata_not_joined,2004-06,2012-12
B00008BO8M,Product B00008BO8M,metadata_not_joined,2007-01,2014-05
B00008CLZS,Product B00008CLZS,metadata_not_joined,2003-05,2012-09
B00008CQJO,Product B00008CQJO,metadata_not_joined,2004-09,2013-12
B00008DHSN,Product B00008DHSN,metadata_not_joined,2006-04,2012-05
B00008DSRF,Product B00008DSRF,metadata_not_joined,2003-06,2006-04
B00008ELLN,Product B00008ELLN,metadata_not_joined,2004-10,2009-06
B00008EM7U,Product B00008EM7U,metadata_not_joined,2005-03,2014-07
B00008EM7V,Product B00008EM7V,metadata_not_joined,2004-01,2013-07
B00008GT9Y,Product B00008GT9Y,metadata_not_joined,2003-02,2003-07
B00008I8OP,Product B00008I8OP,metadata_not_joined,2003-04,2006-03
B00008I9ID,Product B00008I9ID,metadata_not_joined,2003-07,2006-06
B00008I9K8,Product B00008I9K8,metadata_not_joined,2003-06,2014-02
B00008I9K9,Product B00008I9K9,metadata_not_joined,2003-04,2014-02
B00008IHOZ,Product B00008IHOZ,metadata_not_joined,2003-05,2013-08
B00008IHP3,Product B00008IHP3,metadata_not_joined,2003-09,2005-03
B00008IHP6,Product B00008IHP6,metadata_not_joined,2003-06,2009-05
B00008IHQO,Product B00008IHQO,metadata_not_joined,2003-08,2010-05
B00008IHTY,Product B00008IHTY,metadata_not_joined,2003-06,2011-01
B00008IHU2,Product B00008IHU2,metadata_not_joined,2003-07,2013-03
B00008IOEJ,Product B00008IOEJ,metadata_not_joined,2003-04,2007-07
B00008IOUE,Product B00008IOUE,metadata_not_joined,2010-01,2013-09
B00008IOX9,Product B00008IOX9,metadata_not_joined,2005-08,2014-05
B00008IP4W,Product B00008IP4W,metadata_not_joined,2003-04,2006-08
B00008IP5F,Product B00008IP5F,metadata_not_joined,2003-02,2010-04
B00008IP5H,Product B00008IP5H,metadata_not_joined,2003-08,2009-03
B00008IP5I,Product B00008IP5I,metadata_not_joined,2003-05,2004-12
B00008IP5R,Product B00008IP5R,metadata_not_joined,2003-06,2004-04
B00008IP5S,Product B00008IP5S,metadata_not_joined,2003-06,2003-12
B00008J639,Product B00008J639,metadata_not_joined,2003-05,2011-11
B00008J6VW,Product B00008J6VW,metadata_not_joined,2003-04,2011-07
B00008JOM4,Product B00008JOM4,metadata_not_joined,2011-09,2014-04
B00008JOMD,Product B00008JOMD,metadata_not_joined,2006-12,2014-05
B00008K4BD,Product B00008K4BD,metadata_not_joined,2003-04,2011-09
B00008KA66,Product B00008KA66,metadata_not_joined,2006-12,2014-03
B00008KA6Z,Product B00008KA6Z,metadata_not_joined,2009-11,2014-03
B00008KIVO,Product B00008KIVO,metadata_not_joined,2003-05,2005-12
B00008KWWF,Product B00008KWWF,metadata_not_joined,2004-06,2014-07
B00008KX13,Product B00008KX13,metadata_not_joined,2006-11,2014-07
B00008L3HH,Product B00008L3HH,metadata_not_joined,2003-03,2012-08
B00008L3HI,Product B00008L3HI,metadata_not_joined,2003-08,2009-03
B00008L3HY,Product B00008L3HY,metadata_not_joined,2003-04,2006-06
B00008L3IS,Product B00008L3IS,metadata_not_joined,2008-05,2014-07
B00008L3IT,Product B00008L3IT,metadata_not_joined,2012-12,2014-02
B00008L3IV,Product B00008L3IV,metadata_not_joined,2008-12,2014-05
B00008L42X,Product B00008L42X,metadata_not_joined,2008-03,2014-03
B00008LUMV,Product B00008LUMV,metadata_not_joined,2003-09,2005-02
B00008MZ0B,Product B00008MZ0B,metadata_not_joined,2003-05,2009-12
B00008N6RV,Product B00008N6RV,metadata_not_joined,2003-08,2006-03
B00008N6VM,Product B00008N6VM,metadata_not_joined,2003-03,2005-10
B00008N6X2,Product B00008N6X2,metadata_not_joined,2004-01,2009-02
B00008N6X4,Product B00008N6X4,metadata_not_joined,2003-11,2007-05
B00008N6Y8,Product B00008N6Y8,metadata_not_joined,2013-04,2014-07
B00008N6Y9,Product B00008N6Y9,metadata_not_joined,2012-11,2014-03
B00008N9M7,Product B00008N9M7,metadata_not_joined,2003-11,2014-07
B00008NG6N,Product B00008NG6N,metadata_not_joined,2004-11,2012-12
B00008NG7N,Product B00008NG7N,metadata_not_joined,2007-06,2014-07
B00008NJEP,Product B00008NJEP,metadata_not_joined,2004-05,2014-06
B00008NNY0,Product B00008NNY0,metadata_not_joined,2003-05,2013-08
B00008NUZ1,Product B00008NUZ1,metadata_not_joined,2004-07,2012-12
B00008NV1P,Product B00008NV1P,metadata_not_joined,2006-01,2012-03
B00008O0P3,Product B00008O0P3,metadata_not_joined,2003-07,2008-12
B00008O35T,Product B00008O35T,metadata_not_joined,2003-07,2011-02
B00008O35W,Product B00008O35W,metadata_not_joined,2003-08,2009-02
B00008O35Y,Product B00008O35Y,metadata_not_joined,2003-06,2008-09
B00008O393,Product B00008O393,metadata_not_joined,2007-05,2011-06
B00008OE43,Product B00008OE43,metadata_not_joined,2003-04,2013-09
B00008OE46,Product B00008OE46,metadata_not_joined,2003-05,2013-05
B00008OE5G,Product B00008OE5G,metadata_not_joined,2003-03,2014-02
B00008OE5I,Product B00008OE5I,metadata_not_joined,2003-04,2013-10
B00008OE6F,Product B00008OE6F,metadata_not_joined,2007-03,2014-03
B00008OE6I,Product B00008OE6I,metadata_not_joined,2003-03,2013-12
B00008OOWC,Product B00008OOWC,metadata_not_joined,2003-11,2014-07
B00008OT2G,Product B00008OT2G,metadata_not_joined,2003-04,2014-06
B00008OTDY,Product B00008OTDY,metadata_not_joined,2007-08,2009-09
B00008OTE2,Product B00008OTE2,metadata_not_joined,2008-01,2010-02
B00008OX0U,Product B00008OX0U,metadata_not_joined,2004-10,2012-12
B00008PVXA,Product B00008PVXA,metadata_not_joined,2003-07,2012-07
B00008PVXB,Product B00008PVXB,metadata_not_joined,2003-09,2006-03
B00008PXC0,Product B00008PXC0,metadata_not_joined,2009-01,2014-04
B00008QWWF,Product B00008QWWF,metadata_not_joined,2003-07,2013-07
B00008R9MM,Product B00008R9MM,metadata_not_joined,2012-08,2014-05
B00008RHA3,Product B00008RHA3,metadata_not_joined,2003-05,2008-04
B00008RS97,Product B00008RS97,metadata_not_joined,2003-10,2006-04
B00008RUJM,Product B00008RUJM,metadata_not_joined,2003-04,2008-09
B00008RW87,Product B00008RW87,metadata_not_joined,2004-02,2004-11
B00008RW8B,Product B00008RW8B,metadata_not_joined,2003-06,2009-02
B00008RW8L,Product B00008RW8L,metadata_not_joined,2003-08,2014-04
B00008SB1D,Product B00008SB1D,metadata_not_joined,2003-09,2011-08
B00008SCFL,Product B00008SCFL,metadata_not_joined,2003-05,2014-07
B00008SCFU,Product B00008SCFU,metadata_not_joined,2004-07,2014-04
B00008SJX3,Product B00008SJX3,metadata_not_joined,2003-06,2005-03
B00008T1TZ,Product B00008T1TZ,metadata_not_joined,2009-09,2014-06
B00008UA3C,Product B00008UA3C,metadata_not_joined,2003-04,2013-03
B00008UA9I,Product B00008UA9I,metadata_not_joined,2003-11,2013-06
B00008UAIO,Product B00008UAIO,metadata_not_joined,2007-08,2014-06
B00008US79,Product B00008US79,metadata_not_joined,2007-04,2011-12
B00008V3DR,Product B00008V3DR,metadata_not_joined,2010-01,2014-01
B00008V3EE,Product B00008V3EE,metadata_not_joined,2003-11,2014-07
B00008V6JO,Product B00008V6JO,metadata_not_joined,2005-10,2013-11
B00008V6NI,Product B00008V6NI,metadata_not_joined,2003-06,2009-09
B00008V6NJ,Product B00008V6NJ,metadata_not_joined,2003-09,2005-02
B00008VE1B,Product B00008VE1B,metadata_not_joined,2006-06,2012-10
B00008VEK8,Product B00008VEK8,metadata_not_joined,2003-12,2012-12
B00008VEKC,Product B00008VEKC,metadata_not_joined,2003-05,2007-01
B00008VELA,Product B00008VELA,metadata_not_joined,2008-01,2012-12
B00008VF4A,Product B00008VF4A,metadata_not_joined,2009-05,2013-08
B00008VF4L,Product B00008VF4L,metadata_not_joined,2003-08,2012-08
B00008VF4P,Product B00008VF4P,metadata_not_joined,2012-09,2014-03
B00008VF5W,Product B00008VF5W,metadata_not_joined,2006-08,2013-12
B00008VF63,Product B00008VF63,metadata_not_joined,2004-04,2014-01
B00008VF6F,Product B00008VF6F,metadata_not_joined,2006-08,2014-07
B00008VF77,Product B00008VF77,metadata_not_joined,2006-11,2009-03
B00008VF7L,Product B00008VF7L,metadata_not_joined,2012-03,2013-10
B00008VF8V,Product B00008VF8V,metadata_not_joined,2004-12,2013-08
B00008VF91,Product B00008VF91,metadata_not_joined,2005-03,2013-04
B00008VFBE,Product B00008VFBE,metadata_not_joined,2008-08,2014-06
B00008VFCS,Product B00008VFCS,metadata_not_joined,2003-06,2007-01
B00008VFCU,Product B00008VFCU,metadata_not_joined,2003-12,2005-05
B00008VFCW,Product B00008VFCW,metadata_not_joined,2004-08,2010-08
B00008VGRC,Product B00008VGRC,metadata_not_joined,2004-01,2011-03
B00008VIWY,Product B00008VIWY,metadata_not_joined,2004-05,2013-04
B00008VIX0,Product B00008VIX0,metadata_not_joined,2003-10,2013-11
B00008VIX2,Product B00008VIX2,metadata_not_joined,2004-04,2014-06
B00008VSKH,Product B00008VSKH,metadata_not_joined,2007-04,2013-01
B00008VSKL,Product B00008VSKL,metadata_not_joined,2009-09,2012-12
B00008VSKT,Product B00008VSKT,metadata_not_joined,2010-12,2014-02
B00008VSL3,Product B00008VSL3,metadata_not_joined,2004-08,2011-03
B00008VSL4,Product B00008VSL4,metadata_not_joined,2007-01,2009-08
B00008VSLA,Product B00008VSLA,metadata_not_joined,2006-09,2012-12
B00008VSLB,Product B00008VSLB,metadata_not_joined,2007-04,2013-11
B00008VWOJ,Product B00008VWOJ,metadata_not_joined,2004-11,2014-07
B00008W2LC,Product B00008W2LC,metadata_not_joined,2012-11,2014-04
B00008W7LL,Product B00008W7LL,metadata_not_joined,2003-05,2005-04
B00008W7LN,Product B00008W7LN,metadata_not_joined,2005-09,2008-03
B00008W7LS,Product B00008W7LS,metadata_not_joined,2004-02,2014-07
B00008W81P,Product B00008W81P,metadata_not_joined,2004-05,2014-02
B00008W880,Product B00008W880,metadata_not_joined,2003-12,2007-02
B00008WFVI,Product B00008WFVI,metadata_not_joined,2003-04,2012-07
B00008WFVL,Product B00008WFVL,metadata_not_joined,2003-11,2011-05
B00008WIX2,Product B00008WIX2,metadata_not_joined,2003-09,2012-08
B00008WIX3,Product B00008WIX3,metadata_not_joined,2005-12,2014-07
B00008WIX5,Product B00008WIX5,metadata_not_joined,2009-03,2014-07
B00008WM59,Product B00008WM59,metadata_not_joined,2003-05,2006-03
B00008WM9J,Product B00008WM9J,metadata_not_joined,2003-12,2013-09
B00008WMBT,Product B00008WMBT,metadata_not_joined,2003-07,2012-05
B00008X5DC,Product B00008X5DC,metadata_not_joined,2004-10,2014-01
B00008X5DD,Product B00008X5DD,metadata_not_joined,2007-11,2014-07
B00008X5DE,Product B00008X5DE,metadata_not_joined,2008-01,2014-07
B00008X5DF,Product B00008X5DF,metadata_not_joined,2005-07,2013-07
B00008X5E8,Product B00008X5E8,metadata_not_joined,2010-12,2013-01
B00008XETK,Product B00008XETK,metadata_not_joined,2003-05,2007-05
B00008XETL,Product B00008XETL,metadata_not_joined,2005-02,2014-05
B00008XETO,Product B00008XETO,metadata_not_joined,2003-06,2014-04
B00008XKYO,Product B00008XKYO,metadata_not_joined,2006-01,2014-01
B00008XKYP,Product B00008XKYP,metadata_not_joined,2004-08,2007-05
B00008XL1I,Product B00008XL1I,metadata_not_joined,2003-06,2004-03
B00008XOH6,Product B00008XOH6,metadata_not_joined,2006-06,2014-02
B00008XOHI,Product B00008XOHI,metadata_not_joined,2003-05,2011-07
B00008XOJC,Product B00008XOJC,metadata_not_joined,2003-07,2009-02
B00008XOK8,Product B00008XOK8,metadata_not_joined,2004-05,2012-07
B00008XOLT,Product B00008XOLT,metadata_not_joined,2003-09,2012-08
B00008XOMX,Product B00008XOMX,metadata_not_joined,2006-02,2013-05
B00008XONR,Product B00008XONR,metadata_not_joined,2006-01,2014-01
B00008XONS,Product B00008XONS,metadata_not_joined,2006-09,2010-10
B00008XP0A,Product B00008XP0A,metadata_not_joined,2005-08,2010-05
B00008XY4D,Product B00008XY4D,metadata_not_joined,2003-11,2014-06
B00008XY4E,Product B00008XY4E,metadata_not_joined,2003-09,2014-02
B00008Y0S8,Product B00008Y0S8,metadata_not_joined,2013-10,2014-04
B00008Y0SS,Product B00008Y0SS,metadata_not_joined,2010-10,2014-04
B00008Y0TM,Product B00008Y0TM,metadata_not_joined,2010-07,2014-06
B00008Y0UM,Product B00008Y0UM,metadata_not_joined,2007-02,2012-04
B00008Y0VN,Product B00008Y0VN,metadata_not_joined,2004-11,2014-07
B00008Y0VU,Product B00008Y0VU,metadata_not_joined,2004-07,2014-07
B00008Y1BX,Product B00008Y1BX,metadata_not_joined,2003-06,2014-07
B00008Y1VP,Product B00008Y1VP,metadata_not_joined,2003-05,2003-12
B00008Y1VU,Product B00008Y1VU,metadata_not_joined,2004-07,2009-04
B00008YMEV,Product B00008YMEV,metadata_not_joined,2005-03,2013-12
B00008Z1AA,Product B00008Z1AA,metadata_not_joined,2005-12,2010-07
B00008Z1PF,Product B00008Z1PF,metadata_not_joined,2006-11,2014-04
B00008Z1PR,Product B00008Z1PR,metadata_not_joined,2012-01,2014-06
B00008Z1PS,Product B00008Z1PS,metadata_not_joined,2010-09,2014-04
B00008Z1PT,Product B00008Z1PT,metadata_not_joined,2005-07,2014-02
B00008Z1QE,Product B00008Z1QE,metadata_not_joined,2005-01,2013-07
B00008Z1QF,Product B00008Z1QF,metadata_not_joined,2005-07,2013-12
B00008Z1QG,Product B00008Z1QG,metadata_not_joined,2006-03,2013-05
B00008Z1QI,Product B00008Z1QI,metadata_not_joined,2003-11,2014-05
B00008Z1QJ,Product B00008Z1QJ,metadata_not_joined,2008-06,2013-08
B00008ZGSD,Product B00008ZGSD,metadata_not_joined,2009-09,2014-05
B00008ZGSO,Product B00008ZGSO,metadata_not_joined,2004-04,2013-12
B00008ZGSQ,Product B00008ZGSQ,metadata_not_joined,2004-06,2012-03
B00008ZLBD,Product B00008ZLBD,metadata_not_joined,2006-09,2014-07
B00008ZLHA,Product B00008ZLHA,metadata_not_joined,2005-07,2011-06
B00008ZLHG,Product B00008ZLHG,metadata_not_joined,2003-06,2014-04
B00008ZOYE,Product B00008ZOYE,metadata_not_joined,2003-04,2009-09
B00008ZPEA,Product B00008ZPEA,metadata_not_joined,2008-09,2013-12
B00008ZPED,Product B00008ZPED,metadata_not_joined,2006-04,2014-05
B00008ZPHW,Product B00008ZPHW,metadata_not_joined,2003-12,2012-12
B00008ZPJP,Product B00008ZPJP,metadata_not_joined,2004-01,2014-01
B00008ZPJQ,Product B00008ZPJQ,metadata_not_joined,2005-01,2012-11
B00008ZPJU,Product B00008ZPJU,metadata_not_joined,2003-07,2014-03
B00008ZPN3,Product B00008ZPN3,metadata_not_joined,2003-12,2014-07
B00008ZPNA,Product B00008ZPNA,metadata_not_joined,2011-08,2014-04
B00008ZPNR,Product B00008ZPNR,metadata_not_joined,2003-08,2013-07
B000090169,Product B000090169,metadata_not_joined,2005-11,2014-02
B000090W7B,Product B000090W7B,metadata_not_joined,2006-01,2014-01
B000090W8L,Product B000090W8L,metadata_not_joined,2009-01,2014-03
B000092M1T,Product B000092M1T,metadata_not_joined,2005-01,2014-03
B000092OWG,Product B000092OWG,metadata_not_joined,2003-08,2010-05
B000092TR5,Product B000092TR5,metadata_not_joined,2008-08,2014-01
B000092TS9,Product B000092TS9,metadata_not_joined,2009-10,2014-02
B000092TT0,Product B000092TT0,metadata_not_joined,2007-07,2014-07
B000092WYB,Product B000092WYB,metadata_not_joined,2005-02,2012-06
B000092YOU,Product B000092YOU,metadata_not_joined,2006-01,2013-12
B000092YPH,Product B000092YPH,metadata_not_joined,2008-09,2014-04
B000092YPL,Product B000092YPL,metadata_not_joined,2007-08,2013-02
B000092YPO,Product B000092YPO,metadata_not_joined,2003-05,2006-05
B000092YPR,Product B000092YPR,metadata_not_joined,2003-11,2014-07
B000092YPY,Product B000092YPY,metadata_not_joined,2005-09,2007-09
B000092YQK,Product B000092YQK,metadata_not_joined,2007-03,2011-06
B000092YQW,Product B000092YQW,metadata_not_joined,2003-09,2013-11
B00009329J,Product B00009329J,metadata_not_joined,2009-08,2014-05
B0000932A9,Product B0000932A9,metadata_not_joined,2007-01,2014-07
B0000936B6,Product B0000936B6,metadata_not_joined,2005-03,2013-10
B000093IRC,Product B000093IRC,metadata_not_joined,2003-10,2005-11
B000093IRD,Product B000093IRD,metadata_not_joined,2003-12,2005-03
B000093IRE,Product B000093IRE,metadata_not_joined,2004-10,2014-07
B000093IRS,Product B000093IRS,metadata_not_joined,2004-02,2005-02
B000093KZE,Product B000093KZE,metadata_not_joined,2013-06,2014-06
B000093LX5,Product B000093LX5,metadata_not_joined,2004-05,2011-09
B000093S2G,Product B000093S2G,metadata_not_joined,2003-12,2013-05
B000093S8Z,Product B000093S8Z,metadata_not_joined,2009-08,2014-07
B000093UDP,Product B000093UDP,metadata_not_joined,2007-12,2013-10
B000093UDQ,Product B000093UDQ,metadata_not_joined,2005-08,2014-07
B000093UDS,Product B000093UDS,metadata_not_joined,2008-06,2013-07
B000093UPO,Product B000093UPO,metadata_not_joined,2009-04,2014-04
B000093US1,Product B000093US1,metadata_not_joined,2003-07,2007-07
B000093US3,Product B000093US3,metadata_not_joined,2003-09,2006-02
B000093US4,Product B000093US4,metadata_not_joined,2003-06,2009-04
B000093USF,Product B000093USF,metadata_not_joined,2003-12,2007-02
B000094AE4,Product B000094AE4,metadata_not_joined,2008-07,2014-06
B000094CCK,Product B000094CCK,metadata_not_joined,2004-03,2013-03
B000094FV6,Product B000094FV6,metadata_not_joined,2003-07,2014-06
B000094Q77,Product B000094Q77,metadata_not_joined,2004-04,2013-07
B0000952XU,Product B0000952XU,metadata_not_joined,2003-10,2008-02
B0000952XX,Product B0000952XX,metadata_not_joined,2007-02,2014-07
B000095IMS,Product B000095IMS,metadata_not_joined,2004-04,2013-10
B000095ISG,Product B000095ISG,metadata_not_joined,2003-05,2013-02
B000095JBE,Product B000095JBE,metadata_not_joined,2008-03,2013-06
B000095S9G,Product B000095S9G,metadata_not_joined,2006-03,2010-03
B000095S9H,Product B000095S9H,metadata_not_joined,2007-01,2013-07
B000095S9N,Product B000095S9N,metadata_not_joined,2006-01,2011-10
B000095S9V,Product B000095S9V,metadata_not_joined,2003-11,2013-08
B000095SA6,Product B000095SA6,metadata_not_joined,2007-02,2014-06
B000095SB3,Product B000095SB3,metadata_not_joined,2005-07,2009-12
B000095SB4,Product B000095SB4,metadata_not_joined,2004-06,2014-06
B000095SB6,Product B000095SB6,metadata_not_joined,2003-10,2013-05
B000095SG3,Product B000095SG3,metadata_not_joined,2003-07,2013-06
B000096B01,Product B000096B01,metadata_not_joined,2005-04,2014-05
B000096QNW,Product B000096QNW,metadata_not_joined,2003-07,2011-10
B000097O5F,Product B000097O5F,metadata_not_joined,2006-04,2014-06
B000098PUF,Product B000098PUF,metadata_not_joined,2004-03,2010-05
B000098VQS,Product B000098VQS,metadata_not_joined,2004-06,2008-01
B000098XIJ,Product B000098XIJ,metadata_not_joined,2004-03,2014-03
B0000990ZZ,Product B0000990ZZ,metadata_not_joined,2009-10,2014-07
B000099103,Product B000099103,metadata_not_joined,2004-11,2010-06
B00009965D,Product B00009965D,metadata_not_joined,2003-12,2012-08
B000099679,Product B000099679,metadata_not_joined,2003-07,2004-06
B0000996B9,Product B0000996B9,metadata_not_joined,2004-12,2011-03
B0000996BA,Product B0000996BA,metadata_not_joined,2006-02,2014-05
B0000996BH,Product B0000996BH,metadata_not_joined,2004-04,2010-11
B0000996BL,Product B0000996BL,metadata_not_joined,2003-12,2014-03
B0000996BN,Product B0000996BN,metadata_not_joined,2003-12,2014-02
B0000996BO,Product B0000996BO,metadata_not_joined,2010-11,2013-11
B0000996BZ,Product B0000996BZ,metadata_not_joined,2004-07,2013-06
B000099SGU,Product B000099SGU,metadata_not_joined,2004-05,2010-04
B00009ADEW,Product B00009ADEW,metadata_not_joined,2007-02,2013-11
B00009APBW,Product B00009APBW,metadata_not_joined,2004-02,2008-07
B00009APTK,Product B00009APTK,metadata_not_joined,2004-01,2013-02
B00009APTT,Product B00009APTT,metadata_not_joined,2003-10,2007-01
B00009B59S,Product B00009B59S,metadata_not_joined,2009-05,2014-04
B00009B8H6,Product B00009B8H6,metadata_not_joined,2011-03,2014-02
B00009EFQT,Product B00009EFQT,metadata_not_joined,2008-08,2014-03
B00009EFR2,Product B00009EFR2,metadata_not_joined,2010-08,2014-05
B00009EFR4,Product B00009EFR4,metadata_not_joined,2004-02,2014-02
B00009EHJV,Product B00009EHJV,metadata_not_joined,2004-10,2014-07
B00009ETKX,Product B00009ETKX,metadata_not_joined,2004-08,2007-11
B00009J5VX,Product B00009J5VX,metadata_not_joined,2003-05,2008-04
B00009J5W0,Product B00009J5W0,metadata_not_joined,2003-05,2011-06
B00009K3QQ,Product B00009K3QQ,metadata_not_joined,2008-09,2014-07
B00009K7E3,Product B00009K7E3,metadata_not_joined,2006-05,2014-04
B00009K7ES,Product B00009K7ES,metadata_not_joined,2003-07,2003-10
B00009KAPW,Product B00009KAPW,metadata_not_joined,2003-12,2013-06
B00009KAPX,Product B00009KAPX,metadata_not_joined,2003-10,2014-04
B00009KCJ2,Product B00009KCJ2,metadata_not_joined,2010-10,2014-04
B00009KH5P,Product B00009KH5P,metadata_not_joined,2005-11,2014-03
B00009KH5Q,Product B00009KH5Q,metadata_not_joined,2003-09,2007-08
B00009KH63,Product B00009KH63,metadata_not_joined,2003-08,2014-07
B00009KHGB,Product B00009KHGB,metadata_not_joined,2008-02,2014-03
B00009KIYL,Product B00009KIYL,metadata_not_joined,2005-06,2013-01
B00009KIYM,Product B00009KIYM,metadata_not_joined,2004-08,2013-06
B00009KO0B,Product B00009KO0B,metadata_not_joined,2005-08,2014-02
B00009KO14,Product B00009KO14,metadata_not_joined,2004-02,2011-11
B00009KP31,Product B00009KP31,metadata_not_joined,2003-09,2010-03
B00009KP3I,Product B00009KP3I,metadata_not_joined,2007-05,2014-01
B00009KP3L,Product B00009KP3L,metadata_not_joined,2011-10,2014-06
B00009KXA3,Product B00009KXA3,metadata_not_joined,2003-09,2013-03
B00009KYCN,Product B00009KYCN,metadata_not_joined,2008-08,2014-06
B00009L1RI,Product B00009L1RI,metadata_not_joined,2003-09,2007-05
B00009L1UX,Product B00009L1UX,metadata_not_joined,2008-01,2011-04
B00009L1V5,Product B00009L1V5,metadata_not_joined,2003-10,2006-08
B00009L1V7,Product B00009L1V7,metadata_not_joined,2006-09,2010-01
B00009L7MI,Product B00009L7MI,metadata_not_joined,2006-01,2012-12
B00009LI55,Product B00009LI55,metadata_not_joined,2003-12,2014-01
B00009LI6N,Product B00009LI6N,metadata_not_joined,2004-06,2010-12
B00009M6TG,Product B00009M6TG,metadata_not_joined,2005-03,2014-05
B00009MDBQ,Product B00009MDBQ,metadata_not_joined,2006-03,2014-07
B00009MDBY,Product B00009MDBY,metadata_not_joined,2004-01,2004-12
B00009MF82,Product B00009MF82,metadata_not_joined,2007-03,2013-12
B00009MF83,Product B00009MF83,metadata_not_joined,2006-06,2013-11
B00009MJK7,Product B00009MJK7,metadata_not_joined,2006-03,2013-04
B00009MJKB,Product B00009MJKB,metadata_not_joined,2008-09,2014-01
B00009MK3T,Product B00009MK3T,metadata_not_joined,2004-11,2014-04
B00009MK5M,Product B00009MK5M,metadata_not_joined,2005-12,2014-07
B00009MK9S,Product B00009MK9S,metadata_not_joined,2006-08,2012-04
B00009MKHA,Product B00009MKHA,metadata_not_joined,2006-11,2013-12
B00009MVJM,Product B00009MVJM,metadata_not_joined,2012-09,2014-03
B00009MVK7,Product B00009MVK7,metadata_not_joined,2010-06,2014-07
B00009N6VJ,Product B00009N6VJ,metadata_not_joined,2010-10,2014-02
B00009N6VK,Product B00009N6VK,metadata_not_joined,2008-08,2014-02
B00009N6VQ,Product B00009N6VQ,metadata_not_joined,2004-01,2013-10
B00009N7CK,Product B00009N7CK,metadata_not_joined,2003-08,2012-11
B00009NFEP,Product B00009NFEP,metadata_not_joined,2003-06,2004-09
B00009NQQ6,Product B00009NQQ6,metadata_not_joined,2009-09,2013-12
B00009OYA1,Product B00009OYA1,metadata_not_joined,2008-11,2013-07
B00009P2YQ,Product B00009P2YQ,metadata_not_joined,2008-10,2014-04
B00009PGTC,Product B00009PGTC,metadata_not_joined,2003-12,2005-11
B00009PLIM,Product B00009PLIM,metadata_not_joined,2005-01,2012-11
B00009PRYY,Product B00009PRYY,metadata_not_joined,2006-12,2014-06
B00009PUM0,Product B00009PUM0,metadata_not_joined,2003-07,2006-12
B00009PZX6,Product B00009PZX6,metadata_not_joined,2007-04,2014-05
B00009Q39V,Product B00009Q39V,metadata_not_joined,2005-05,2007-09
B00009Q96Z,Product B00009Q96Z,metadata_not_joined,2003-09,2006-03
B00009Q97G,Product B00009Q97G,metadata_not_joined,2007-02,2011-04
B00009Q989,Product B00009Q989,metadata_not_joined,2003-07,2005-01
B00009QOQB,Product B00009QOQB,metadata_not_joined,2009-05,2014-05
B00009QORF,Product B00009QORF,metadata_not_joined,2011-01,2014-04
B00009QORL,Product B00009QORL,metadata_not_joined,2006-06,2014-07
B00009QOS3,Product B00009QOS3,metadata_not_joined,2005-12,2013-02
B00009QOTA,Product B00009QOTA,metadata_not_joined,2011-12,2014-07
B00009QOU5,Product B00009QOU5,metadata_not_joined,2007-02,2014-07
B00009QOW4,Product B00009QOW4,metadata_not_joined,2011-08,2014-06
B00009QOWW,Product B00009QOWW,metadata_not_joined,2006-01,2014-07
B00009QP2H,Product B00009QP2H,metadata_not_joined,2010-01,2014-03
B00009QSET,Product B00009QSET,metadata_not_joined,2003-09,2011-11
B00009R6A5,Product B00009R6A5,metadata_not_joined,2008-01,2012-09
B00009R6AV,Product B00009R6AV,metadata_not_joined,2007-10,2014-06
B00009R6AY,Product B00009R6AY,metadata_not_joined,2010-08,2014-06
B00009R6BK,Product B00009R6BK,metadata_not_joined,2007-07,2013-11
B00009R6CO,Product B00009R6CO,metadata_not_joined,2006-08,2013-05
B00009R6FJ,Product B00009R6FJ,metadata_not_joined,2006-07,2009-03
B00009R6FQ,Product B00009R6FQ,metadata_not_joined,2007-12,2010-04
B00009R6FV,Product B00009R6FV,metadata_not_joined,2005-08,2014-07
B00009R6GE,Product B00009R6GE,metadata_not_joined,2007-01,2014-06
B00009R6H2,Product B00009R6H2,metadata_not_joined,2009-02,2014-07
B00009R6HB,Product B00009R6HB,metadata_not_joined,2008-12,2012-10
B00009R6IA,Product B00009R6IA,metadata_not_joined,2005-12,2011-04
B00009R6IM,Product B00009R6IM,metadata_not_joined,2009-05,2013-12
B00009R6J7,Product B00009R6J7,metadata_not_joined,2006-04,2013-02
B00009R6JP,Product B00009R6JP,metadata_not_joined,2007-10,2014-04
B00009R6JT,Product B00009R6JT,metadata_not_joined,2006-11,2014-06
B00009R6K1,Product B00009R6K1,metadata_not_joined,2008-07,2014-05
B00009R6K7,Product B00009R6K7,metadata_not_joined,2007-01,2014-06
B00009R6KK,Product B00009R6KK,metadata_not_joined,2009-03,2014-04
B00009R6KN,Product B00009R6KN,metadata_not_joined,2009-09,2014-06
B00009R6LM,Product B00009R6LM,metadata_not_joined,2007-06,2014-07
B00009R6LN,Product B00009R6LN,metadata_not_joined,2009-07,2014-03
B00009R6LU,Product B00009R6LU,metadata_not_joined,2007-01,2014-04
B00009R6M3,Product B00009R6M3,metadata_not_joined,2011-08,2014-05
B00009R6ME,Product B00009R6ME,metadata_not_joined,2005-10,2014-01
B00009R6MK,Product B00009R6MK,metadata_not_joined,2005-09,2009-05
B00009R6N0,Product B00009R6N0,metadata_not_joined,2005-12,2014-05
B00009R6N3,Product B00009R6N3,metadata_not_joined,2006-06,2013-02
B00009R6NZ,Product B00009R6NZ,metadata_not_joined,2004-12,2014-04
B00009R6OO,Product B00009R6OO,metadata_not_joined,2005-11,2013-10
B00009R6PV,Product B00009R6PV,metadata_not_joined,2009-05,2014-05
B00009R6PX,Product B00009R6PX,metadata_not_joined,2011-07,2014-05
B00009R6Q2,Product B00009R6Q2,metadata_not_joined,2008-01,2014-02
B00009R6Q7,Product B00009R6Q7,metadata_not_joined,2010-07,2013-02
B00009R6Q8,Product B00009R6Q8,metadata_not_joined,2008-02,2014-03
B00009R6QC,Product B00009R6QC,metadata_not_joined,2006-11,2014-01
B00009R6QD,Product B00009R6QD,metadata_not_joined,2007-05,2014-04
B00009R6QP,Product B00009R6QP,metadata_not_joined,2006-06,2009-06
B00009R6RB,Product B00009R6RB,metadata_not_joined,2008-02,2010-11
B00009R6SD,Product B00009R6SD,metadata_not_joined,2010-06,2013-03
B00009R6TA,Product B00009R6TA,metadata_not_joined,2005-04,2014-07
B00009R6TB,Product B00009R6TB,metadata_not_joined,2003-07,2010-12
B00009R6TL,Product B00009R6TL,metadata_not_joined,2007-06,2013-09
B00009R6UA,Product B00009R6UA,metadata_not_joined,2007-10,2014-07
B00009R6UC,Product B00009R6UC,metadata_not_joined,2005-06,2014-05
B00009R6UF,Product B00009R6UF,metadata_not_joined,2006-02,2012-12
B00009R6UI,Product B00009R6UI,metadata_not_joined,2006-07,2014-07
B00009R6UJ,Product B00009R6UJ,metadata_not_joined,2006-09,2014-07
B00009R6UU,Product B00009R6UU,metadata_not_joined,2006-02,2014-06
B00009R6UV,Product B00009R6UV,metadata_not_joined,2008-03,2013-11
B00009R6UX,Product B00009R6UX,metadata_not_joined,2008-07,2014-05
B00009R6V0,Product B00009R6V0,metadata_not_joined,2006-01,2014-06
B00009R6V1,Product B00009R6V1,metadata_not_joined,2009-12,2014-06
B00009R6VO,Product B00009R6VO,metadata_not_joined,2005-02,2014-07
B00009R6VS,Product B00009R6VS,metadata_not_joined,2008-05,2013-12
B00009R6VU,Product B00009R6VU,metadata_not_joined,2006-03,2014-01
B00009R6VZ,Product B00009R6VZ,metadata_not_joined,2005-08,2014-07
B00009R6WG,Product B00009R6WG,metadata_not_joined,2007-04,2013-01
B00009R6WK,Product B00009R6WK,metadata_not_joined,2006-09,2013-12
B00009R6WL,Product B00009R6WL,metadata_not_joined,2005-09,2013-12
B00009R6WN,Product B00009R6WN,metadata_not_joined,2006-01,2014-07
B00009R6WO,Product B00009R6WO,metadata_not_joined,2004-10,2014-07
B00009R6WT,Product B00009R6WT,metadata_not_joined,2004-12,2014-05
B00009R6WU,Product B00009R6WU,metadata_not_joined,2004-11,2014-06
B00009R6WW,Product B00009R6WW,metadata_not_joined,2006-02,2014-06
B00009R6WY,Product B00009R6WY,metadata_not_joined,2006-01,2014-06
B00009R6X0,Product B00009R6X0,metadata_not_joined,2005-10,2013-10
B00009R6X4,Product B00009R6X4,metadata_not_joined,2006-11,2011-12
B00009R6YZ,Product B00009R6YZ,metadata_not_joined,2007-02,2014-04
B00009R72R,Product B00009R72R,metadata_not_joined,2007-04,2014-06
B00009R76N,Product B00009R76N,metadata_not_joined,2012-03,2014-07
B00009R7BI,Product B00009R7BI,metadata_not_joined,2007-03,2014-02
B00009R7E0,Product B00009R7E0,metadata_not_joined,2011-01,2014-07
B00009R7EB,Product B00009R7EB,metadata_not_joined,2008-02,2013-12
B00009R7RJ,Product B00009R7RJ,metadata_not_joined,2008-06,2014-07
B00009R7S2,Product B00009R7S2,metadata_not_joined,2007-02,2014-01
B00009R7UH,Product B00009R7UH,metadata_not_joined,2011-09,2014-06
B00009R7VN,Product B00009R7VN,metadata_not_joined,2009-07,2014-01
B00009R7ZL,Product B00009R7ZL,metadata_not_joined,2010-03,2014-07
B00009R85Z,Product B00009R85Z,metadata_not_joined,2007-01,2012-02
B00009R864,Product B00009R864,metadata_not_joined,2006-12,2011-02
B00009R86L,Product B00009R86L,metadata_not_joined,2007-12,2014-06
B00009R86M,Product B00009R86M,metadata_not_joined,2005-03,2009-01
B00009R86N,Product B00009R86N,metadata_not_joined,2008-04,2013-12
B00009R86Q,Product B00009R86Q,metadata_not_joined,2004-12,2011-02
B00009R877,Product B00009R877,metadata_not_joined,2010-04,2013-10
B00009R87A,Product B00009R87A,metadata_not_joined,2008-03,2013-01
B00009R87T,Product B00009R87T,metadata_not_joined,2009-03,2014-02
B00009R886,Product B00009R886,metadata_not_joined,2009-07,2014-07
B00009R88K,Product B00009R88K,metadata_not_joined,2006-11,2012-04
B00009R88X,Product B00009R88X,metadata_not_joined,2007-06,2013-06
B00009R896,Product B00009R896,metadata_not_joined,2007-02,2014-04
B00009R897,Product B00009R897,metadata_not_joined,2009-02,2011-10
B00009R898,Product B00009R898,metadata_not_joined,2008-07,2012-11
B00009R89A,Product B00009R89A,metadata_not_joined,2007-04,2011-05
B00009R89C,Product B00009R89C,metadata_not_joined,2007-03,2013-11
B00009R89E,Product B00009R89E,metadata_not_joined,2007-02,2013-10
B00009R89G,Product B00009R89G,metadata_not_joined,2007-06,2011-06
B00009R89I,Product B00009R89I,metadata_not_joined,2006-11,2010-11
B00009R89L,Product B00009R89L,metadata_not_joined,2005-06,2014-07
B00009R89T,Product B00009R89T,metadata_not_joined,2007-07,2014-03
B00009R89V,Product B00009R89V,metadata_not_joined,2010-03,2013-10
B00009R8A1,Product B00009R8A1,metadata_not_joined,2009-08,2014-04
B00009R8AI,Product B00009R8AI,metadata_not_joined,2006-01,2013-11
B00009R8AS,Product B00009R8AS,metadata_not_joined,2009-12,2011-05
B00009R8AT,Product B00009R8AT,metadata_not_joined,2010-09,2013-12
B00009R8B9,Product B00009R8B9,metadata_not_joined,2007-12,2010-02
B00009R8CV,Product B00009R8CV,metadata_not_joined,2008-10,2014-07
B00009R8CX,Product B00009R8CX,metadata_not_joined,2007-04,2013-06
B00009R8D3,Product B00009R8D3,metadata_not_joined,2009-10,2014-01
B00009R8D5,Product B00009R8D5,metadata_not_joined,2010-05,2013-01
B00009R8DD,Product B00009R8DD,metadata_not_joined,2007-01,2014-05
B00009R8EK,Product B00009R8EK,metadata_not_joined,2010-12,2014-05
B00009R8ES,Product B00009R8ES,metadata_not_joined,2006-08,2013-11
B00009R8EU,Product B00009R8EU,metadata_not_joined,2009-09,2013-12
B00009R8EY,Product B00009R8EY,metadata_not_joined,2007-01,2009-01
B00009R8FE,Product B00009R8FE,metadata_not_joined,2005-03,2013-06
B00009R8GT,Product B00009R8GT,metadata_not_joined,2004-09,2014-06
B00009R8I4,Product B00009R8I4,metadata_not_joined,2008-02,2014-03
B00009R8I9,Product B00009R8I9,metadata_not_joined,2008-12,2013-02
B00009R8NY,Product B00009R8NY,metadata_not_joined,2011-11,2013-11
B00009R8RS,Product B00009R8RS,metadata_not_joined,2006-02,2013-10
B00009R8ST,Product B00009R8ST,metadata_not_joined,2007-12,2014-01
B00009R8T5,Product B00009R8T5,metadata_not_joined,2009-08,2014-05
B00009R8VM,Product B00009R8VM,metadata_not_joined,2008-04,2014-01
B00009R8W7,Product B00009R8W7,metadata_not_joined,2013-01,2014-03
B00009R8WQ,Product B00009R8WQ,metadata_not_joined,2008-10,2014-03
B00009R8ZW,Product B00009R8ZW,metadata_not_joined,2009-07,2014-06
B00009R90A,Product B00009R90A,metadata_not_joined,2007-08,2014-05
B00009R90C,Product B00009R90C,metadata_not_joined,2010-06,2014-05
B00009R90I,Product B00009R90I,metadata_not_joined,2011-10,2014-01
B00009R90O,Product B00009R90O,metadata_not_joined,2007-11,2014-06
B00009R90P,Product B00009R90P,metadata_not_joined,2011-10,2014-06
B00009R94Q,Product B00009R94Q,metadata_not_joined,2007-05,2014-05
B00009R95Y,Product B00009R95Y,metadata_not_joined,2011-12,2014-05
B00009R96B,Product B00009R96B,metadata_not_joined,2009-12,2013-10
B00009R96C,Product B00009R96C,metadata_not_joined,2008-07,2014-07
B00009R96W,Product B00009R96W,metadata_not_joined,2007-02,2013-03
B00009R970,Product B00009R970,metadata_not_joined,2011-10,2014-06
B00009R97A,Product B00009R97A,metadata_not_joined,2008-01,2013-02
B00009R97B,Product B00009R97B,metadata_not_joined,2009-01,2013-08
B00009R97U,Product B00009R97U,metadata_not_joined,2008-06,2013-12
B00009R98A,Product B00009R98A,metadata_not_joined,2006-12,2014-06
B00009R98B,Product B00009R98B,metadata_not_joined,2007-07,2014-04
B00009R98X,Product B00009R98X,metadata_not_joined,2011-06,2013-08
B00009R98Y,Product B00009R98Y,metadata_not_joined,2007-02,2013-07
B00009R996,Product B00009R996,metadata_not_joined,2007-08,2014-01
B00009R9A1,Product B00009R9A1,metadata_not_joined,2007-03,2014-07
B00009R9A3,Product B00009R9A3,metadata_not_joined,2007-08,2014-05
B00009R9BF,Product B00009R9BF,metadata_not_joined,2012-07,2014-04
B00009R9BJ,Product B00009R9BJ,metadata_not_joined,2008-09,2014-01
B00009R9BP,Product B00009R9BP,metadata_not_joined,2012-04,2014-01
B00009R9BT,Product B00009R9BT,metadata_not_joined,2009-07,2014-04
B00009R9BV,Product B00009R9BV,metadata_not_joined,2010-01,2014-04
B00009R9CT,Product B00009R9CT,metadata_not_joined,2009-09,2013-12
B00009R9CZ,Product B00009R9CZ,metadata_not_joined,2007-05,2013-10
B00009R9D5,Product B00009R9D5,metadata_not_joined,2007-07,2013-02
B00009R9E1,Product B00009R9E1,metadata_not_joined,2007-05,2014-02
B00009R9E2,Product B00009R9E2,metadata_not_joined,2008-01,2013-05
B00009R9E3,Product B00009R9E3,metadata_not_joined,2008-04,2013-09
B00009R9EB,Product B00009R9EB,metadata_not_joined,2008-08,2014-07
B00009R9EO,Product B00009R9EO,metadata_not_joined,2007-03,2014-07
B00009R9EP,Product B00009R9EP,metadata_not_joined,2005-08,2010-11
B00009R9EQ,Product B00009R9EQ,metadata_not_joined,2007-02,2014-01
B00009R9FJ,Product B00009R9FJ,metadata_not_joined,2007-08,2013-02
B00009RA5Z,Product B00009RA5Z,metadata_not_joined,2009-04,2014-04
B00009RA60,Product B00009RA60,metadata_not_joined,2007-04,2014-07
B00009RDIF,Product B00009RDIF,metadata_not_joined,2007-04,2014-06
B00009RL1W,Product B00009RL1W,metadata_not_joined,2003-08,2013-10
B00009RL1X,Product B00009RL1X,metadata_not_joined,2003-07,2013-09
B00009RL1Y,Product B00009RL1Y,metadata_not_joined,2003-08,2004-08
B00009RTBX,Product B00009RTBX,metadata_not_joined,2003-11,2005-01
B00009RU8K,Product B00009RU8K,metadata_not_joined,2007-01,2009-12
B00009RUCH,Product B00009RUCH,metadata_not_joined,2005-09,2014-07
B00009RUEM,Product B00009RUEM,metadata_not_joined,2008-10,2013-07
B00009RUFZ,Product B00009RUFZ,metadata_not_joined,2006-06,2013-03
B00009U0XI,Product B00009U0XI,metadata_not_joined,2003-10,2013-12
B00009UH9P,Product B00009UH9P,metadata_not_joined,2007-02,2013-12
B00009UHCI,Product B00009UHCI,metadata_not_joined,2012-01,2014-07
B00009UHCJ,Product B00009UHCJ,metadata_not_joined,2012-11,2014-04
B00009UHCV,Product B00009UHCV,metadata_not_joined,2007-06,2013-09
B00009UHFI,Product B00009UHFI,metadata_not_joined,2008-02,2014-07
B00009UHGF,Product B00009UHGF,metadata_not_joined,2008-12,2014-04
B00009UHH2,Product B00009UHH2,metadata_not_joined,2012-01,2014-03
B00009UHHW,Product B00009UHHW,metadata_not_joined,2011-08,2014-02
B00009UHJ9,Product B00009UHJ9,metadata_not_joined,2010-08,2014-02
B00009UHJS,Product B00009UHJS,metadata_not_joined,2010-10,2014-03
B00009UHK2,Product B00009UHK2,metadata_not_joined,2009-12,2014-07
B00009UHKW,Product B00009UHKW,metadata_not_joined,2009-03,2014-05
B00009UHRE,Product B00009UHRE,metadata_not_joined,2009-02,2014-07
B00009UHRI,Product B00009UHRI,metadata_not_joined,2011-01,2014-07
B00009UHXR,Product B00009UHXR,metadata_not_joined,2003-06,2014-03
B00009UHYC,Product B00009UHYC,metadata_not_joined,2005-01,2014-06
B00009UHYQ,Product B00009UHYQ,metadata_not_joined,2007-03,2013-10
B00009UI03,Product B00009UI03,metadata_not_joined,2007-08,2014-03
B00009USW3,Product B00009USW3,metadata_not_joined,2005-03,2014-04
B00009UT18,Product B00009UT18,metadata_not_joined,2006-12,2014-02
B00009UT1Q,Product B00009UT1Q,metadata_not_joined,2007-10,2013-07
B00009UT1V,Product B00009UT1V,metadata_not_joined,2005-09,2013-03
B00009UT1Z,Product B00009UT1Z,metadata_not_joined,2009-06,2014-03
B00009UT28,Product B00009UT28,metadata_not_joined,2004-05,2014-07
B00009UT3F,Product B00009UT3F,metadata_not_joined,2004-06,2014-05
B00009UT5X,Product B00009UT5X,metadata_not_joined,2011-10,2014-05
B00009UT6L,Product B00009UT6L,metadata_not_joined,2007-12,2014-03
B00009UT9B,Product B00009UT9B,metadata_not_joined,2007-02,2014-07
B00009UTBY,Product B00009UTBY,metadata_not_joined,2011-02,2013-12
B00009UTCA,Product B00009UTCA,metadata_not_joined,2007-11,2014-05
B00009UTCD,Product B00009UTCD,metadata_not_joined,2007-04,2014-04
B00009UTD7,Product B00009UTD7,metadata_not_joined,2006-01,2014-05
B00009UTDL,Product B00009UTDL,metadata_not_joined,2008-01,2012-12
B00009UTHM,Product B00009UTHM,metadata_not_joined,2006-12,2013-11
B00009UTK0,Product B00009UTK0,metadata_not_joined,2005-02,2014-05
B00009UTL1,Product B00009UTL1,metadata_not_joined,2009-01,2014-06
B00009UTL9,Product B00009UTL9,metadata_not_joined,2010-03,2014-07
B00009UTLM,Product B00009UTLM,metadata_not_joined,2006-11,2014-06
B00009UTLU,Product B00009UTLU,metadata_not_joined,2004-11,2014-05
B00009UTOF,Product B00009UTOF,metadata_not_joined,2009-05,2013-08
B00009UTQ8,Product B00009UTQ8,metadata_not_joined,2010-12,2014-06
B00009UTQD,Product B00009UTQD,metadata_not_joined,2009-05,2014-05
B00009UTQK,Product B00009UTQK,metadata_not_joined,2006-10,2014-06
B00009UTRR,Product B00009UTRR,metadata_not_joined,2004-10,2014-06
B00009UTRW,Product B00009UTRW,metadata_not_joined,2005-10,2011-11
B00009UTVO,Product B00009UTVO,metadata_not_joined,2006-11,2014-01
B00009UTWA,Product B00009UTWA,metadata_not_joined,2006-03,2014-02
B00009UTWB,Product B00009UTWB,metadata_not_joined,2006-12,2014-05
B00009UTWC,Product B00009UTWC,metadata_not_joined,2006-08,2013-04
B00009UTYE,Product B00009UTYE,metadata_not_joined,2007-01,2014-04
B00009UTZ9,Product B00009UTZ9,metadata_not_joined,2008-04,2013-10
B00009UTZA,Product B00009UTZA,metadata_not_joined,2007-12,2014-07
B00009UTZJ,Product B00009UTZJ,metadata_not_joined,2008-06,2014-06
B00009UU18,Product B00009UU18,metadata_not_joined,2007-05,2013-08
B00009UU26,Product B00009UU26,metadata_not_joined,2006-05,2014-04
B00009UU27,Product B00009UU27,metadata_not_joined,2008-12,2014-07
B00009UU2F,Product B00009UU2F,metadata_not_joined,2007-09,2013-12
B00009UU2H,Product B00009UU2H,metadata_not_joined,2008-03,2014-03
B00009UU2J,Product B00009UU2J,metadata_not_joined,2007-09,2014-06
B00009UU2P,Product B00009UU2P,metadata_not_joined,2009-06,2012-12
B00009UU2Q,Product B00009UU2Q,metadata_not_joined,2009-06,2014-05
B00009UVPN,Product B00009UVPN,metadata_not_joined,2010-01,2014-04
B00009V2OV,Product B00009V2OV,metadata_not_joined,2007-10,2013-01
B00009V2PG,Product B00009V2PG,metadata_not_joined,2005-11,2011-06
B00009V2S5,Product B00009V2S5,metadata_not_joined,2010-08,2013-08
B00009V2W9,Product B00009V2W9,metadata_not_joined,2005-06,2013-08
B00009V2XX,Product B00009V2XX,metadata_not_joined,2010-04,2013-04
B00009V330,Product B00009V330,metadata_not_joined,2010-01,2013-09
B00009V332,Product B00009V332,metadata_not_joined,2010-01,2014-07
B00009V38V,Product B00009V38V,metadata_not_joined,2006-10,2009-12
B00009V39M,Product B00009V39M,metadata_not_joined,2006-03,2013-04
B00009V39N,Product B00009V39N,metadata_not_joined,2010-07,2014-01
B00009V3C4,Product B00009V3C4,metadata_not_joined,2010-12,2014-06
B00009V3C5,Product B00009V3C5,metadata_not_joined,2013-02,2013-09
B00009V3CG,Product B00009V3CG,metadata_not_joined,2010-01,2013-12
B00009V3CH,Product B00009V3CH,metadata_not_joined,2010-06,2014-05
B00009V3L6,Product B00009V3L6,metadata_not_joined,2004-07,2005-10
B00009V3RP,Product B00009V3RP,metadata_not_joined,2007-12,2014-06
B00009V3S8,Product B00009V3S8,metadata_not_joined,2012-02,2014-05
B00009V4G2,Product B00009V4G2,metadata_not_joined,2007-11,2014-05
B00009V4G7,Product B00009V4G7,metadata_not_joined,2008-09,2013-03
B00009V4G9,Product B00009V4G9,metadata_not_joined,2008-05,2014-06
B00009V6QT,Product B00009V6QT,metadata_not_joined,2009-12,2014-03
B00009V6U0,Product B00009V6U0,metadata_not_joined,2007-07,2014-03
B00009V7MU,Product B00009V7MU,metadata_not_joined,2003-12,2006-07
B00009VQA2,Product B00009VQA2,metadata_not_joined,2006-05,2014-06
B00009VQE5,Product B00009VQE5,metadata_not_joined,2008-05,2014-01
B00009VQG6,Product B00009VQG6,metadata_not_joined,2005-07,2014-05
B00009VQJ7,Product B00009VQJ7,metadata_not_joined,2009-10,2014-07
B00009VQJZ,Product B00009VQJZ,metadata_not_joined,2006-07,2014-05
B00009VS6P,Product B00009VS6P,metadata_not_joined,2003-11,2012-12
B00009VSBE,Product B00009VSBE,metadata_not_joined,2003-09,2013-07
B00009VSG6,Product B00009VSG6,metadata_not_joined,2003-08,2009-07
B00009VSIM,Product B00009VSIM,metadata_not_joined,2003-08,2013-08
B00009VT1T,Product B00009VT1T,metadata_not_joined,2003-07,2012-09
B00009W2GI,Product B00009W2GI,metadata_not_joined,2010-05,2014-05
B00009W3BQ,Product B00009W3BQ,metadata_not_joined,2008-06,2014-04
B00009W3BW,Product B00009W3BW,metadata_not_joined,2010-12,2014-06
B00009W3CU,Product B00009W3CU,metadata_not_joined,2004-05,2014-06
B00009W3DV,Product B00009W3DV,metadata_not_joined,2009-02,2014-03
B00009W3E2,Product B00009W3E2,metadata_not_joined,2009-03,2014-07
B00009W3F3,Product B00009W3F3,metadata_not_joined,2008-06,2014-02
B00009W3FR,Product B00009W3FR,metadata_not_joined,2009-06,2014-07
B00009W3G3,Product B00009W3G3,metadata_not_joined,2003-12,2006-06
B00009W3HS,Product B00009W3HS,metadata_not_joined,2013-01,2014-01
B00009W3IN,Product B00009W3IN,metadata_not_joined,2006-11,2010-01
B00009W3TV,Product B00009W3TV,metadata_not_joined,2009-06,2014-02
B00009W3TW,Product B00009W3TW,metadata_not_joined,2010-01,2014-04
B00009W3TY,Product B00009W3TY,metadata_not_joined,2007-01,2014-07
B00009W3TZ,Product B00009W3TZ,metadata_not_joined,2007-12,2014-02
B00009W3U2,Product B00009W3U2,metadata_not_joined,2007-08,2011-12
B00009W3U4,Product B00009W3U4,metadata_not_joined,2008-05,2012-04
B00009W3U5,Product B00009W3U5,metadata_not_joined,2007-01,2013-02
B00009W3U9,Product B00009W3U9,metadata_not_joined,2008-03,2013-06
B00009W3UD,Product B00009W3UD,metadata_not_joined,2007-01,2014-01
B00009W3UF,Product B00009W3UF,metadata_not_joined,2006-09,2012-07
B00009W42U,Product B00009W42U,metadata_not_joined,2008-03,2013-04
B00009W42Y,Product B00009W42Y,metadata_not_joined,2006-10,2009-11
B00009W44B,Product B00009W44B,metadata_not_joined,2005-09,2013-07
B00009W5FF,Product B00009W5FF,metadata_not_joined,2003-06,2013-12
B00009W5KJ,Product B00009W5KJ,metadata_not_joined,2010-06,2014-04
B00009W5QJ,Product B00009W5QJ,metadata_not_joined,2007-02,2013-05
B00009W5QS,Product B00009W5QS,metadata_not_joined,2007-02,2010-01
B00009W8XH,Product B00009W8XH,metadata_not_joined,2005-09,2014-06
B00009WBYI,Product B00009WBYI,metadata_not_joined,2007-02,2013-04
B00009WBYJ,Product B00009WBYJ,metadata_not_joined,2006-05,2014-07
B00009WBYK,Product B00009WBYK,metadata_not_joined,2011-03,2014-03
B00009WBYL,Product B00009WBYL,metadata_not_joined,2004-09,2014-07
B00009WC1T,Product B00009WC1T,metadata_not_joined,2009-07,2013-01
B00009WC22,Product B00009WC22,metadata_not_joined,2008-06,2013-12
B00009WDU1,Product B00009WDU1,metadata_not_joined,2012-09,2014-05
B00009WDU5,Product B00009WDU5,metadata_not_joined,2007-02,2012-09
B00009WN9P,Product B00009WN9P,metadata_not_joined,2004-02,2013-02
B00009WO2M,Product B00009WO2M,metadata_not_joined,2004-04,2009-07
B00009WO51,Product B00009WO51,metadata_not_joined,2005-09,2014-07
B00009WO6D,Product B00009WO6D,metadata_not_joined,2009-09,2014-05
B00009WQS1,Product B00009WQS1,metadata_not_joined,2006-08,2014-07
B00009X3QP,Product B00009X3QP,metadata_not_joined,2003-12,2011-06
B00009X3RN,Product B00009X3RN,metadata_not_joined,2005-09,2008-10
B00009X3RO,Product B00009X3RO,metadata_not_joined,2012-05,2014-04
B00009X3S2,Product B00009X3S2,metadata_not_joined,2009-02,2013-06
B00009X3UA,Product B00009X3UA,metadata_not_joined,2009-04,2014-05
B00009X3UU,Product B00009X3UU,metadata_not_joined,2009-05,2014-07
B00009X3UV,Product B00009X3UV,metadata_not_joined,2011-06,2014-07
B00009X3V8,Product B00009X3V8,metadata_not_joined,2008-02,2014-07
B00009X45Q,Product B00009X45Q,metadata_not_joined,2005-08,2010-11
B00009X6PH,Product B00009X6PH,metadata_not_joined,2003-12,2014-05
B00009X6PT,Product B00009X6PT,metadata_not_joined,2003-11,2005-10
B00009X75L,Product B00009X75L,metadata_not_joined,2007-10,2014-04
B00009X7VE,Product B00009X7VE,metadata_not_joined,2003-08,2008-01
B00009XFVK,Product B00009XFVK,metadata_not_joined,2011-12,2013-08
B00009XFVN,Product B00009XFVN,metadata_not_joined,2006-06,2014-01
B00009XNUU,Product B00009XNUU,metadata_not_joined,2005-07,2009-04
B00009XOMO,Product B00009XOMO,metadata_not_joined,2008-09,2014-05
B00009XT3H,Product B00009XT3H,metadata_not_joined,2008-07,2014-07
B00009XV2K,Product B00009XV2K,metadata_not_joined,2011-10,2013-10
B00009XV3M,Product B00009XV3M,metadata_not_joined,2009-06,2014-05
B00009XV40,Product B00009XV40,metadata_not_joined,2007-01,2013-03
B00009XV7A,Product B00009XV7A,metadata_not_joined,2006-09,2014-06
B00009XV7B,Product B00009XV7B,metadata_not_joined,2009-11,2013-08
B00009XVA3,Product B00009XVA3,metadata_not_joined,2004-05,2014-07
B00009XVBU,Product B00009XVBU,metadata_not_joined,2005-07,2013-11
B00009XVBY,Product B00009XVBY,metadata_not_joined,2005-06,2014-07
B00009XVCD,Product B00009XVCD,metadata_not_joined,2007-06,2010-04
B00009XVCU,Product B00009XVCU,metadata_not_joined,2005-07,2014-06
B00009XVCX,Product B00009XVCX,metadata_not_joined,2010-03,2014-04
B00009XVCZ,Product B00009XVCZ,metadata_not_joined,2004-06,2014-07
B00009XVD5,Product B00009XVD5,metadata_not_joined,2004-05,2014-06
B00009XVD8,Product B00009XVD8,metadata_not_joined,2007-02,2014-07
B00009XVDB,Product B00009XVDB,metadata_not_joined,2006-02,2014-03
B00009XVDP,Product B00009XVDP,metadata_not_joined,2008-09,2014-02
B00009XVHZ,Product B00009XVHZ,metadata_not_joined,2011-08,2014-07
B00009XVKT,Product B00009XVKT,metadata_not_joined,2010-02,2014-06
B00009XVKW,Product B00009XVKW,metadata_not_joined,2008-08,2014-06
B00009XVL7,Product B00009XVL7,metadata_not_joined,2009-02,2014-04
B00009XVVG,Product B00009XVVG,metadata_not_joined,2006-02,2012-04
B00009XW3O,Product B00009XW3O,metadata_not_joined,2008-08,2014-05
B00009XW5J,Product B00009XW5J,metadata_not_joined,2007-01,2014-05
B00009YDPM,Product B00009YDPM,metadata_not_joined,2003-08,2005-03
B00009YFTI,Product B00009YFTI,metadata_not_joined,2011-07,2014-07
B00009YFTR,Product B00009YFTR,metadata_not_joined,2004-07,2008-02
B00009YUOV,Product B00009YUOV,metadata_not_joined,2004-12,2013-02
B00009YUPS,Product B00009YUPS,metadata_not_joined,2004-07,2011-05
B00009YUPY,Product B00009YUPY,metadata_not_joined,2009-08,2014-03
B00009YW7Y,Product B00009YW7Y,metadata_not_joined,2003-07,2006-11
B00009YW8B,Product B00009YW8B,metadata_not_joined,2004-01,2012-10
B00009ZHS7,Product B00009ZHS7,metadata_not_joined,2004-10,2009-09
B00009ZOIZ,Product B00009ZOIZ,metadata_not_joined,2007-04,2014-03
B00009ZWC8,Product B00009ZWC8,metadata_not_joined,2007-05,2014-06
B00009ZY5C,Product B00009ZY5C,metadata_not_joined,2004-09,2014-07
B0000A039V,Product B0000A039V,metadata_not_joined,2005-01,2014-03
B0000A03NH,Product B0000A03NH,metadata_not_joined,2004-12,2005-10
B0000A0AE7,Product B0000A0AE7,metadata_not_joined,2007-04,2014-06
B0000A0AEJ,Product B0000A0AEJ,metadata_not_joined,2008-11,2013-07
B0000A0AEK,Product B0000A0AEK,metadata_not_joined,2008-04,2013-07
B0000A0AEM,Product B0000A0AEM,metadata_not_joined,2008-11,2014-07
B0000A0AEO,Product B0000A0AEO,metadata_not_joined,2009-01,2014-07
B0000A0AET,Product B0000A0AET,metadata_not_joined,2009-02,2014-07
B0000A0AJH,Product B0000A0AJH,metadata_not_joined,2003-11,2012-01
B0000A0BOB,Product B0000A0BOB,metadata_not_joined,2006-08,2014-05
B0000A0BOR,Product B0000A0BOR,metadata_not_joined,2004-07,2011-10
B0000A0VBM,Product B0000A0VBM,metadata_not_joined,2005-01,2006-09
B0000A0VET,Product B0000A0VET,metadata_not_joined,2005-09,2014-07
B0000A12MH,Product B0000A12MH,metadata_not_joined,2007-10,2010-02
B0000A1G05,Product B0000A1G05,metadata_not_joined,2004-11,2014-07
B0000A1G07,Product B0000A1G07,metadata_not_joined,2007-02,2014-06
B0000A1GO9,Product B0000A1GO9,metadata_not_joined,2005-04,2013-08
B0000A1GOF,Product B0000A1GOF,metadata_not_joined,2003-09,2013-03
B0000A1VS3,Product B0000A1VS3,metadata_not_joined,2007-03,2014-06
B0000A1WGL,Product B0000A1WGL,metadata_not_joined,2007-06,2014-07
B0000A2QAD,Product B0000A2QAD,metadata_not_joined,2003-10,2013-01
B0000A2QBP,Product B0000A2QBP,metadata_not_joined,2007-08,2014-06
B0000A2QBX,Product B0000A2QBX,metadata_not_joined,2004-05,2013-06
B0000A3SGH,Product B0000A3SGH,metadata_not_joined,2003-08,2010-10
B0000A4F05,Product B0000A4F05,metadata_not_joined,2010-08,2014-05
B0000A4JNG,Product B0000A4JNG,metadata_not_joined,2010-02,2013-07
B0000A55BE,Product B0000A55BE,metadata_not_joined,2003-09,2008-01
B0000A55F4,Product B0000A55F4,metadata_not_joined,2003-09,2014-05
B0000A5769,Product B0000A5769,metadata_not_joined,2004-01,2013-12
B0000A576B,Product B0000A576B,metadata_not_joined,2005-03,2014-06
B0000A576D,Product B0000A576D,metadata_not_joined,2005-02,2014-01
B0000A5A5J,Product B0000A5A5J,metadata_not_joined,2009-02,2013-12
B0000A5R5M,Product B0000A5R5M,metadata_not_joined,2003-11,2013-12
B0000A602S,Product B0000A602S,metadata_not_joined,2003-10,2007-07
B0000A8FFM,Product B0000A8FFM,metadata_not_joined,2008-06,2013-08
B0000A8XHC,Product B0000A8XHC,metadata_not_joined,2011-02,2013-01
B0000A98AC,Product B0000A98AC,metadata_not_joined,2005-09,2014-07
B0000AA9E8,Product B0000AA9E8,metadata_not_joined,2004-02,2004-08
B0000AAAPF,Product B0000AAAPF,metadata_not_joined,2003-11,2013-02
B0000AAAYY,Product B0000AAAYY,metadata_not_joined,2003-11,2013-11
B0000AAAZ5,Product B0000AAAZ5,metadata_not_joined,2004-01,2008-05
B0000AB4LA,Product B0000AB4LA,metadata_not_joined,2007-03,2013-03
B0000AB4NV,Product B0000AB4NV,metadata_not_joined,2009-04,2014-03
B0000AB4NW,Product B0000AB4NW,metadata_not_joined,2008-09,2014-07
B0000AB4O1,Product B0000AB4O1,metadata_not_joined,2008-07,2014-01
B0000AB4P4,Product B0000AB4P4,metadata_not_joined,2007-03,2011-05
B0000AB4PP,Product B0000AB4PP,metadata_not_joined,2010-07,2013-06
B0000ABPI2,Product B0000ABPI2,metadata_not_joined,2005-03,2011-10
B0000ABPI3,Product B0000ABPI3,metadata_not_joined,2004-09,2007-08
B0000ABPKG,Product B0000ABPKG,metadata_not_joined,2004-02,2014-02
B0000ABSQ0,Product B0000ABSQ0,metadata_not_joined,2007-06,2009-01
B0000AC88K,Product B0000AC88K,metadata_not_joined,2008-12,2013-02
B0000AC924,Product B0000AC924,metadata_not_joined,2008-10,2014-04
B0000ACCJA,Product B0000ACCJA,metadata_not_joined,2011-09,2014-05
B0000ACKR1,Product B0000ACKR1,metadata_not_joined,2009-12,2013-09
B0000ACKR2,Product B0000ACKR2,metadata_not_joined,2008-08,2011-02
B0000ACKR3,Product B0000ACKR3,metadata_not_joined,2011-10,2013-12
B0000ACOBG,Product B0000ACOBG,metadata_not_joined,2004-03,2013-09
B0000ACOBI,Product B0000ACOBI,metadata_not_joined,2004-08,2013-05
B0000ACOBL,Product B0000ACOBL,metadata_not_joined,2004-12,2013-07
B0000ACXZU,Product B0000ACXZU,metadata_not_joined,2003-11,2004-12
B0000ACY2B,Product B0000ACY2B,metadata_not_joined,2005-03,2012-03
B0000ADY4L,Product B0000ADY4L,metadata_not_joined,2003-11,2005-12
B0000AE66K,Product B0000AE66K,metadata_not_joined,2011-05,2014-04
B0000AE66P,Product B0000AE66P,metadata_not_joined,2005-10,2014-03
B0000AE66S,Product B0000AE66S,metadata_not_joined,2008-09,2013-07
B0000AE679,Product B0000AE679,metadata_not_joined,2007-02,2014-04
B0000AE67G,Product B0000AE67G,metadata_not_joined,2005-09,2010-08
B0000AE67N,Product B0000AE67N,metadata_not_joined,2009-04,2014-03
B0000AE67S,Product B0000AE67S,metadata_not_joined,2007-01,2014-01
B0000AE68O,Product B0000AE68O,metadata_not_joined,2007-03,2014-07
B0000AE68P,Product B0000AE68P,metadata_not_joined,2011-03,2014-07
B0000AE6AE,Product B0000AE6AE,metadata_not_joined,2005-09,2013-10
B0000AE6AG,Product B0000AE6AG,metadata_not_joined,2011-11,2014-04
B0000AE6AH,Product B0000AE6AH,metadata_not_joined,2008-06,2013-07
B0000AE6AN,Product B0000AE6AN,metadata_not_joined,2012-03,2014-06
B0000AE6AX,Product B0000AE6AX,metadata_not_joined,2011-03,2012-11
B0000AE6B3,Product B0000AE6B3,metadata_not_joined,2010-07,2014-05
B0000AE6B4,Product B0000AE6B4,metadata_not_joined,2008-11,2013-03
B0000AE6C6,Product B0000AE6C6,metadata_not_joined,2006-02,2008-03
B0000AE6EH,Product B0000AE6EH,metadata_not_joined,2012-02,2014-03
B0000AE6G9,Product B0000AE6G9,metadata_not_joined,2008-01,2014-06
B0000AE82C,Product B0000AE82C,metadata_not_joined,2003-11,2010-04
B0000AERJS,Product B0000AERJS,metadata_not_joined,2003-08,2007-10
B0000AERK6,Product B0000AERK6,metadata_not_joined,2007-06,2014-02
B0000AFL2I,Product B0000AFL2I,metadata_not_joined,2006-01,2012-11
B0000AFPVJ,Product B0000AFPVJ,metadata_not_joined,2010-08,2013-10
B0000AFX16,Product B0000AFX16,metadata_not_joined,2003-12,2007-01
B0000AFX1K,Product B0000AFX1K,metadata_not_joined,2004-04,2007-01
B0000AFX3Y,Product B0000AFX3Y,metadata_not_joined,2003-09,2006-05
B0000AFX40,Product B0000AFX40,metadata_not_joined,2003-10,2008-03
B0000AG92W,Product B0000AG92W,metadata_not_joined,2009-08,2014-01
B0000AG92Z,Product B0000AG92Z,metadata_not_joined,2008-02,2014-07
B0000AGAZW,Product B0000AGAZW,metadata_not_joined,2007-10,2014-03
B0000AH5N1,Product B0000AH5N1,metadata_not_joined,2003-07,2013-02
B0000AHEMT,Product B0000AHEMT,metadata_not_joined,2003-11,2007-08
B0000AHO8N,Product B0000AHO8N,metadata_not_joined,2003-12,2006-11
B0000AHO8Q,Product B0000AHO8Q,metadata_not_joined,2004-06,2006-07
B0000AHO8V,Product B0000AHO8V,metadata_not_joined,2008-09,2014-06
B0000AHO91,Product B0000AHO91,metadata_not_joined,2010-01,2014-04
B0000AHO92,Product B0000AHO92,metadata_not_joined,2009-01,2014-07
B0000AHO95,Product B0000AHO95,metadata_not_joined,2008-02,2014-06
B0000AHO99,Product B0000AHO99,metadata_not_joined,2008-11,2014-04
B0000AHO9G,Product B0000AHO9G,metadata_not_joined,2011-06,2013-02
B0000AHO9L,Product B0000AHO9L,metadata_not_joined,2008-04,2013-11
B0000AHOBP,Product B0000AHOBP,metadata_not_joined,2004-10,2010-02
B0000AI0N1,Product B0000AI0N1,metadata_not_joined,2010-05,2014-07
B0000AI0N2,Product B0000AI0N2,metadata_not_joined,2004-08,2014-03
B0000AI0NC,Product B0000AI0NC,metadata_not_joined,2010-10,2014-07
B0000AI0NO,Product B0000AI0NO,metadata_not_joined,2008-04,2014-04
B0000AI0OE,Product B0000AI0OE,metadata_not_joined,2005-12,2014-07
B0000AI1E0,Product B0000AI1E0,metadata_not_joined,2010-05,2013-06
B0000AI1FP,Product B0000AI1FP,metadata_not_joined,2005-11,2013-09
B0000AI1FZ,Product B0000AI1FZ,metadata_not_joined,2006-11,2014-07
B0000AI1GY,Product B0000AI1GY,metadata_not_joined,2007-06,2014-03
B0000AI1HN,Product B0000AI1HN,metadata_not_joined,2009-06,2014-05
B0000AI1HP,Product B0000AI1HP,metadata_not_joined,2006-02,2014-06
B0000AI1J6,Product B0000AI1J6,metadata_not_joined,2007-02,2014-04
B0000AI1J8,Product B0000AI1J8,metadata_not_joined,2006-03,2013-06
B0000AINEO,Product B0000AINEO,metadata_not_joined,2003-07,2008-04
B0000AIS1V,Product B0000AIS1V,metadata_not_joined,2009-04,2013-10
B0000AIS27,Product B0000AIS27,metadata_not_joined,2011-03,2014-06
B0000AIS2S,Product B0000AIS2S,metadata_not_joined,2008-05,2014-01
B0000AJ5BC,Product B0000AJ5BC,metadata_not_joined,2003-10,2005-07
B0000AJB80,Product B0000AJB80,metadata_not_joined,2005-10,2009-09
B0000AJI8M,Product B0000AJI8M,metadata_not_joined,2005-10,2014-07
B0000AJMOI,Product B0000AJMOI,metadata_not_joined,2003-12,2004-06
B0000AKA8T,Product B0000AKA8T,metadata_not_joined,2006-01,2013-05
B0000AKA90,Product B0000AKA90,metadata_not_joined,2006-07,2014-06
B0000AKA95,Product B0000AKA95,metadata_not_joined,2005-06,2012-01
B0000AKA9A,Product B0000AKA9A,metadata_not_joined,2006-10,2008-02
B0000AKABI,Product B0000AKABI,metadata_not_joined,2003-10,2006-08
B0000AKACN,Product B0000AKACN,metadata_not_joined,2003-08,2014-06
B0000AKGX3,Product B0000AKGX3,metadata_not_joined,2007-06,2013-12
B0000AKVHF,Product B0000AKVHF,metadata_not_joined,2003-11,2012-10
B0000AKVJC,Product B0000AKVJC,metadata_not_joined,2004-04,2014-06
B0000ALFAZ,Product B0000ALFAZ,metadata_not_joined,2004-10,2012-06
B0000ALFEU,Product B0000ALFEU,metadata_not_joined,2007-01,2014-03
B0000ALKAN,Product B0000ALKAN,metadata_not_joined,2003-09,2014-05
B0000ALKBU,Product B0000ALKBU,metadata_not_joined,2006-01,2012-06
B0000ALKEN,Product B0000ALKEN,metadata_not_joined,2008-04,2011-10
B0000ALKF6,Product B0000ALKF6,metadata_not_joined,2011-01,2014-03
B0000ALKJR,Product B0000ALKJR,metadata_not_joined,2009-02,2014-04
B0000ALLYO,Product B0000ALLYO,metadata_not_joined,2007-05,2014-07
B0000ALPB9,Product B0000ALPB9,metadata_not_joined,2003-11,2011-05
B0000ALPBA,Product B0000ALPBA,metadata_not_joined,2005-01,2010-08
B0000ALPBJ,Product B0000ALPBJ,metadata_not_joined,2003-08,2012-11
B0000ALX5R,Product B0000ALX5R,metadata_not_joined,2004-02,2011-11
B0000ALXPJ,Product B0000ALXPJ,metadata_not_joined,2012-01,2014-06
B0000AM6T5,Product B0000AM6T5,metadata_not_joined,2006-03,2010-02
B0000AMK36,Product B0000AMK36,metadata_not_joined,2004-07,2013-03
B0000AMRTM,Product B0000AMRTM,metadata_not_joined,2003-11,2005-09
B0000AN0XR,Product B0000AN0XR,metadata_not_joined,2007-02,2014-01
B0000AN4EG,Product B0000AN4EG,metadata_not_joined,2003-09,2013-09
B0000AO5RQ,Product B0000AO5RQ,metadata_not_joined,2011-11,2013-07
B0000AOWVC,Product B0000AOWVC,metadata_not_joined,2004-03,2013-01
B0000AOWVN,Product B0000AOWVN,metadata_not_joined,2005-04,2010-03
B0000AOWVO,Product B0000AOWVO,metadata_not_joined,2004-05,2005-02
B0000AOWVP,Product B0000AOWVP,metadata_not_joined,2003-10,2013-05
B0000AOWW8,Product B0000AOWW8,metadata_not_joined,2003-11,2010-02
B0000AOWW9,Product B0000AOWW9,metadata_not_joined,2003-10,2013-10
B0000AOWWB,Product B0000AOWWB,metadata_not_joined,2011-08,2014-02
B0000AOWWI,Product B0000AOWWI,metadata_not_joined,2005-03,2013-10
B0000AOWWM,Product B0000AOWWM,metadata_not_joined,2004-02,2014-03
B0000AOWWY,Product B0000AOWWY,metadata_not_joined,2003-11,2011-05
B0000AOWXH,Product B0000AOWXH,metadata_not_joined,2004-12,2013-01
B0000AOWXO,Product B0000AOWXO,metadata_not_joined,2010-08,2014-06
B0000APONO,Product B0000APONO,metadata_not_joined,2003-10,2013-07
B0000APSKB,Product B0000APSKB,metadata_not_joined,2003-09,2005-12
B0000APTOQ,Product B0000APTOQ,metadata_not_joined,2007-02,2014-05
B0000AQ58U,Product B0000AQ58U,metadata_not_joined,2009-01,2014-02
B0000AQFZ9,Product B0000AQFZ9,metadata_not_joined,2003-10,2008-11
B0000AQI9E,Product B0000AQI9E,metadata_not_joined,2005-05,2014-06
B0000AQIFW,Product B0000AQIFW,metadata_not_joined,2003-10,2006-06
B0000AQIFY,Product B0000AQIFY,metadata_not_joined,2003-10,2009-08
B0000AQIFZ,Product B0000AQIFZ,metadata_not_joined,2003-10,2014-04
B0000AQIZO,Product B0000AQIZO,metadata_not_joined,2009-02,2014-03
B0000AQJ5Z,Product B0000AQJ5Z,metadata_not_joined,2010-01,2013-04
B0000AQJ7J,Product B0000AQJ7J,metadata_not_joined,2004-12,2014-01
B0000AQNX2,Product B0000AQNX2,metadata_not_joined,2007-07,2014-06
B0000AQOIF,Product B0000AQOIF,metadata_not_joined,2008-04,2014-07
B0000AQR8F,Product B0000AQR8F,metadata_not_joined,2012-09,2014-06
B0000AQR8T,Product B0000AQR8T,metadata_not_joined,2006-08,2014-06
B0000AR0I4,Product B0000AR0I4,metadata_not_joined,2009-12,2013-08
B0000AR8Z1,Product B0000AR8Z1,metadata_not_joined,2003-11,2008-04
B0000ARKW3,Product B0000ARKW3,metadata_not_joined,2010-04,2014-06
B0000AT4M4,Product B0000AT4M4,metadata_not_joined,2005-08,2014-03
B0000ATNH3,Product B0000ATNH3,metadata_not_joined,2010-04,2014-06
B0000AUR22,Product B0000AUR22,metadata_not_joined,2011-08,2014-03
B0000AUR23,Product B0000AUR23,metadata_not_joined,2011-07,2013-03
B0000AUR24,Product B0000AUR24,metadata_not_joined,2010-08,2013-11
B0000AVQXO,Product B0000AVQXO,metadata_not_joined,2004-12,2014-01
B0000AWFIF,Product B0000AWFIF,metadata_not_joined,2004-01,2005-02
B0000AXOS1,Product B0000AXOS1,metadata_not_joined,2004-08,2013-07
B0000AXQPA,Product B0000AXQPA,metadata_not_joined,2011-04,2014-07
B0000AY3K7,Product B0000AY3K7,metadata_not_joined,2006-04,2007-05
B0000AYB0N,Product B0000AYB0N,metadata_not_joined,2013-03,2014-07
B0000AZ0OP,Product B0000AZ0OP,metadata_not_joined,2007-01,2010-11
B0000AZ67Y,Product B0000AZ67Y,metadata_not_joined,2003-12,2013-02
B0000AZ67Z,Product B0000AZ67Z,metadata_not_joined,2003-12,2014-01
B0000AZJVP,Product B0000AZJVP,metadata_not_joined,2004-10,2007-04
B0000AZJXV,Product B0000AZJXV,metadata_not_joined,2003-12,2006-02
B0000AZJZB,Product B0000AZJZB,metadata_not_joined,2003-10,2014-05
B0000AZJZT,Product B0000AZJZT,metadata_not_joined,2010-01,2013-05
B0000AZK0D,Product B0000AZK0D,metadata_not_joined,2005-10,2014-07
B0000AZK1L,Product B0000AZK1L,metadata_not_joined,2008-03,2013-11
B0000AZK27,Product B0000AZK27,metadata_not_joined,2006-02,2011-07
B0000AZK3L,Product B0000AZK3L,metadata_not_joined,2007-03,2013-01
B0000AZK3Z,Product B0000AZK3Z,metadata_not_joined,2012-03,2014-06
B0000AZK41,Product B0000AZK41,metadata_not_joined,2004-10,2014-06
B0000AZK4D,Product B0000AZK4D,metadata_not_joined,2010-03,2014-07
B0000AZK4G,Product B0000AZK4G,metadata_not_joined,2006-05,2014-07
B0000AZK4L,Product B0000AZK4L,metadata_not_joined,2005-12,2010-10
B0000AZK83,Product B0000AZK83,metadata_not_joined,2011-05,2014-05
B0000AZW8M,Product B0000AZW8M,metadata_not_joined,2003-10,2008-01
B0000AZW8X,Product B0000AZW8X,metadata_not_joined,2003-12,2008-01
B0000B005N,Product B0000B005N,metadata_not_joined,2003-09,2003-11
B0000B006W,Product B0000B006W,metadata_not_joined,2005-03,2014-07
B0000B0GMZ,Product B0000B0GMZ,metadata_not_joined,2004-02,2011-06
B0000B12QO,Product B0000B12QO,metadata_not_joined,2003-12,2005-06
B0000B16FY,Product B0000B16FY,metadata_not_joined,2008-10,2013-07
B0000B35CK,Product B0000B35CK,metadata_not_joined,2004-03,2013-01
B0000B35Y2,Product B0000B35Y2,metadata_not_joined,2003-08,2009-12
B0000B3AKR,Product B0000B3AKR,metadata_not_joined,2004-07,2007-05
B0000B3ALC,Product B0000B3ALC,metadata_not_joined,2006-10,2011-09
B0000B3ALD,Product B0000B3ALD,metadata_not_joined,2005-10,2014-04
B0000B3ALF,Product B0000B3ALF,metadata_not_joined,2005-02,2014-05
B0000B3ATJ,Product B0000B3ATJ,metadata_not_joined,2003-11,2004-03
B0000B3E8U,Product B0000B3E8U,metadata_not_joined,2004-08,2010-06
B0000B3OUR,Product B0000B3OUR,metadata_not_joined,2011-09,2014-03
B0000BV0XV,Product B0000BV0XV,metadata_not_joined,2003-12,2007-07
B0000BV1LG,Product B0000BV1LG,metadata_not_joined,2005-09,2014-04
B0000BV1LS,Product B0000BV1LS,metadata_not_joined,2007-04,2013-01
B0000BVDG8,Product B0000BVDG8,metadata_not_joined,2005-06,2014-07
B0000BVDM7,Product B0000BVDM7,metadata_not_joined,2007-01,2014-07
B0000BVDZ9,Product B0000BVDZ9,metadata_not_joined,2005-05,2013-04
B0000BVDZZ,Product B0000BVDZZ,metadata_not_joined,2011-10,2014-04
B0000BVUYQ,Product B0000BVUYQ,metadata_not_joined,2003-09,2005-02
B0000BVV37,Product B0000BVV37,metadata_not_joined,2004-03,2011-09
B0000BVYSM,Product B0000BVYSM,metadata_not_joined,2003-11,2014-01
B0000BVYTV,Product B0000BVYTV,metadata_not_joined,2003-08,2014-07
B0000BY4HU,Product B0000BY4HU,metadata_not_joined,2004-02,2010-11
B0000BYBVT,Product B0000BYBVT,metadata_not_joined,2010-01,2014-07
B0000BYDKO,Product B0000BYDKO,metadata_not_joined,2007-07,2014-07
B0000BYRIN,Product B0000BYRIN,metadata_not_joined,2003-12,2013-01
B0000BZ2WA,Product B0000BZ2WA,metadata_not_joined,2004-10,2014-04
B0000BZ2WC,Product B0000BZ2WC,metadata_not_joined,2003-11,2014-05
B0000BZG0P,Product B0000BZG0P,metadata_not_joined,2003-11,2004-10
B0000BZH4P,Product B0000BZH4P,metadata_not_joined,2003-12,2005-01
B0000BZH4T,Product B0000BZH4T,metadata_not_joined,2003-09,2008-06
B0000BZIE0,Product B0000BZIE0,metadata_not_joined,2006-11,2014-04
B0000BZL05,Product B0000BZL05,metadata_not_joined,2011-12,2014-03
B0000BZL07,Product B0000BZL07,metadata_not_joined,2013-01,2014-06
B0000BZL0G,Product B0000BZL0G,metadata_not_joined,2004-10,2014-06
B0000BZL1P,Product B0000BZL1P,metadata_not_joined,2005-05,2014-07
B0000BZL28,Product B0000BZL28,metadata_not_joined,2007-06,2014-07
B0000BZL2Y,Product B0000BZL2Y,metadata_not_joined,2012-11,2014-07
B0000BZL3H,Product B0000BZL3H,metadata_not_joined,2008-04,2014-07
B0000BZL5A,Product B0000BZL5A,metadata_not_joined,2007-02,2014-07
B0000BZL79,Product B0000BZL79,metadata_not_joined,2007-11,2014-06
B0000BZL8X,Product B0000BZL8X,metadata_not_joined,2007-11,2013-07
B0000BZLAA,Product B0000BZLAA,metadata_not_joined,2008-07,2012-01
B0000BZLBA,Product B0000BZLBA,metadata_not_joined,2008-05,2014-07
B0000BZLBN,Product B0000BZLBN,metadata_not_joined,2008-10,2012-07
B0000BZLBR,Product B0000BZLBR,metadata_not_joined,2007-06,2013-01
B0000BZLCE,Product B0000BZLCE,metadata_not_joined,2010-11,2014-02
B0000BZLK7,Product B0000BZLK7,metadata_not_joined,2008-03,2011-05
B0000BZLK9,Product B0000BZLK9,metadata_not_joined,2007-05,2014-01
B0000BZM1F,Product B0000BZM1F,metadata_not_joined,2011-08,2014-03
B0000BZM56,Product B0000BZM56,metadata_not_joined,2007-03,2014-03
B0000BZMIH,Product B0000BZMIH,metadata_not_joined,2012-03,2014-01
B0000BZO6E,Product B0000BZO6E,metadata_not_joined,2003-11,2006-07
B0000BZOGJ,Product B0000BZOGJ,metadata_not_joined,2005-08,2014-07
B0000BZYPD,Product B0000BZYPD,metadata_not_joined,2008-12,2014-05
B0000C0COH,Product B0000C0COH,metadata_not_joined,2004-04,2013-11
B0000C0COS,Product B0000C0COS,metadata_not_joined,2004-01,2006-02
B0000C0TUT,Product B0000C0TUT,metadata_not_joined,2003-10,2006-10
B0000C0XS0,Product B0000C0XS0,metadata_not_joined,2003-12,2013-11
B0000C16R5,Product B0000C16R5,metadata_not_joined,2007-02,2014-06
B0000C1HGO,Product B0000C1HGO,metadata_not_joined,2009-10,2013-09
B0000C1ZNV,Product B0000C1ZNV,metadata_not_joined,2004-06,2009-12
B0000C20R9,Product B0000C20R9,metadata_not_joined,2003-12,2012-01
B0000C20T5,Product B0000C20T5,metadata_not_joined,2003-12,2010-03
B0000C20V3,Product B0000C20V3,metadata_not_joined,2004-04,2014-03
B0000C20XC,Product B0000C20XC,metadata_not_joined,2004-08,2005-10
B0000C20XD,Product B0000C20XD,metadata_not_joined,2004-04,2014-01
B0000C20XG,Product B0000C20XG,metadata_not_joined,2004-08,2010-08
B0000C20XI,Product B0000C20XI,metadata_not_joined,2004-08,2014-03
B0000C2KB7,Product B0000C2KB7,metadata_not_joined,2004-05,2006-06
B0000C3GWU,Product B0000C3GWU,metadata_not_joined,2005-01,2014-06
B0000C3GWV,Product B0000C3GWV,metadata_not_joined,2003-12,2010-07
B0000C3WBB,Product B0000C3WBB,metadata_not_joined,2009-07,2014-06
B0000C47QH,Product B0000C47QH,metadata_not_joined,2007-02,2014-05
B0000C47QI,Product B0000C47QI,metadata_not_joined,2006-06,2013-09
B0000C4DVM,Product B0000C4DVM,metadata_not_joined,2003-11,2007-01
B0000C4DW1,Product B0000C4DW1,metadata_not_joined,2003-09,2014-01
B0000C4DWW,Product B0000C4DWW,metadata_not_joined,2003-12,2012-12
B0000C4DX1,Product B0000C4DX1,metadata_not_joined,2004-01,2009-09
B0000C4DX6,Product B0000C4DX6,metadata_not_joined,2004-11,2014-05
B0000C4E4S,Product B0000C4E4S,metadata_not_joined,2003-10,2006-08
B0000C4G3G,Product B0000C4G3G,metadata_not_joined,2009-01,2014-05
B0000C4G78,Product B0000C4G78,metadata_not_joined,2006-09,2014-05
B0000C4G79,Product B0000C4G79,metadata_not_joined,2005-09,2013-03
B0000C4G8B,Product B0000C4G8B,metadata_not_joined,2009-12,2014-02
B0000C4GEE,Product B0000C4GEE,metadata_not_joined,2009-02,2014-03
B0000C5RR5,Product B0000C5RR5,metadata_not_joined,2007-03,2014-06
B0000C6E3O,Product B0000C6E3O,metadata_not_joined,2006-01,2013-10
B0000C6E3P,Product B0000C6E3P,metadata_not_joined,2008-03,2014-07
B0000C73CQ,Product B0000C73CQ,metadata_not_joined,2010-03,2014-07
B0000C7AF7,Product B0000C7AF7,metadata_not_joined,2012-07,2013-05
B0000C8817,Product B0000C8817,metadata_not_joined,2004-01,2014-02
B0000C8VEK,Product B0000C8VEK,metadata_not_joined,2003-09,2013-11
B0000C8VF9,Product B0000C8VF9,metadata_not_joined,2003-12,2014-02
B0000C8Y55,Product B0000C8Y55,metadata_not_joined,2003-11,2010-12
B0000CA2GY,Product B0000CA2GY,metadata_not_joined,2005-07,2013-06
B0000CAOGV,Product B0000CAOGV,metadata_not_joined,2007-03,2013-12
B0000CBBNM,Product B0000CBBNM,metadata_not_joined,2006-02,2014-06
B0000CBBNP,Product B0000CBBNP,metadata_not_joined,2009-04,2014-03
B0000CBJ8J,Product B0000CBJ8J,metadata_not_joined,2003-10,2006-07
B0000CBJ8K,Product B0000CBJ8K,metadata_not_joined,2004-09,2005-04
B0000CC1WL,Product B0000CC1WL,metadata_not_joined,2009-09,2012-07
B0000CC619,Product B0000CC619,metadata_not_joined,2004-01,2013-12
B0000CC65P,Product B0000CC65P,metadata_not_joined,2004-01,2013-04
B0000CCOVM,Product B0000CCOVM,metadata_not_joined,2013-01,2014-06
B0000CCSDS,Product B0000CCSDS,metadata_not_joined,2007-04,2013-04
B0000CCVC9,Product B0000CCVC9,metadata_not_joined,2008-01,2014-06
B0000CCY7A,Product B0000CCY7A,metadata_not_joined,2004-01,2005-04
B0000CD05D,Product B0000CD05D,metadata_not_joined,2003-12,2005-05
B0000CD08M,Product B0000CD08M,metadata_not_joined,2003-10,2014-02
B0000CD08Z,Product B0000CD08Z,metadata_not_joined,2008-07,2014-02
B0000CD0B7,Product B0000CD0B7,metadata_not_joined,2003-12,2010-03
B0000CD0BU,Product B0000CD0BU,metadata_not_joined,2003-12,2006-12
B0000CD0F4,Product B0000CD0F4,metadata_not_joined,2003-11,2009-07
B0000CD7K9,Product B0000CD7K9,metadata_not_joined,2006-05,2014-07
B0000CDJPQ,Product B0000CDJPQ,metadata_not_joined,2005-12,2014-05
B0000CDZ82,Product B0000CDZ82,metadata_not_joined,2006-11,2013-12
B0000CE1UO,Product B0000CE1UO,metadata_not_joined,2004-01,2014-06
B0000CE1VP,Product B0000CE1VP,metadata_not_joined,2004-12,2009-09
B0000CE3CF,Product B0000CE3CF,metadata_not_joined,2004-09,2013-11
B0000CE6R4,Product B0000CE6R4,metadata_not_joined,2004-08,2013-06
B0000CEJUO,Product B0000CEJUO,metadata_not_joined,2003-11,2007-09
B0000CEOYI,Product B0000CEOYI,metadata_not_joined,2003-09,2012-09
B0000CEPA5,Product B0000CEPA5,metadata_not_joined,2004-05,2009-09
B0000CEPB5,Product B0000CEPB5,metadata_not_joined,2004-03,2014-02
B0000CEPC0,Product B0000CEPC0,metadata_not_joined,2003-10,2014-02
B0000CEPCH,Product B0000CEPCH,metadata_not_joined,2004-03,2013-08
B0000CEPDF,Product B0000CEPDF,metadata_not_joined,2003-12,2008-08
B0000CEPE8,Product B0000CEPE8,metadata_not_joined,2004-12,2007-05
B0000CEUM7,Product B0000CEUM7,metadata_not_joined,2003-09,2004-10
B0000CFY8C,Product B0000CFY8C,metadata_not_joined,2003-12,2005-12
B0000CFYM9,Product B0000CFYM9,metadata_not_joined,2007-02,2011-05
B0000CFYMB,Product B0000CFYMB,metadata_not_joined,2008-06,2009-07
B0000CFYMI,Product B0000CFYMI,metadata_not_joined,2004-04,2013-10
B0000CG4DI,Product B0000CG4DI,metadata_not_joined,2003-11,2013-12
B0000CH58M,Product B0000CH58M,metadata_not_joined,2003-10,2005-12
B0000CO2UT,Product B0000CO2UT,metadata_not_joined,2004-05,2012-02
B0000D1E04,Product B0000D1E04,metadata_not_joined,2004-01,2007-01
B0000D80D3,Product B0000D80D3,metadata_not_joined,2005-01,2014-05
B0000D88FU,Product B0000D88FU,metadata_not_joined,2011-09,2014-07
B0000D898Q,Product B0000D898Q,metadata_not_joined,2007-03,2013-10
B0000D89CX,Product B0000D89CX,metadata_not_joined,2006-05,2013-03
B0000D89M6,Product B0000D89M6,metadata_not_joined,2007-10,2014-05
B0000D8DKT,Product B0000D8DKT,metadata_not_joined,2003-10,2004-05
B0000D8DM7,Product B0000D8DM7,metadata_not_joined,2003-11,2008-06
B0000D8HK1,Product B0000D8HK1,metadata_not_joined,2004-07,2011-09
B0000D8HLL,Product B0000D8HLL,metadata_not_joined,2009-11,2014-05
B0000D8HRK,Product B0000D8HRK,metadata_not_joined,2004-08,2008-01
B0000D8IWR,Product B0000D8IWR,metadata_not_joined,2007-03,2013-04
B0000D8IYC,Product B0000D8IYC,metadata_not_joined,2005-11,2013-01
B0000D8LSW,Product B0000D8LSW,metadata_not_joined,2005-07,2013-12
B0000D8Q9L,Product B0000D8Q9L,metadata_not_joined,2008-10,2012-12
B0000D8ZDL,Product B0000D8ZDL,metadata_not_joined,2004-01,2007-07
B0000DB4D1,Product B0000DB4D1,metadata_not_joined,2003-10,2013-08
B0000DBJ3N,Product B0000DBJ3N,metadata_not_joined,2004-01,2004-08
B0000DBJ8A,Product B0000DBJ8A,metadata_not_joined,2003-12,2014-04
B0000DBJJT,Product B0000DBJJT,metadata_not_joined,2003-10,2014-02
B0000DBJTZ,Product B0000DBJTZ,metadata_not_joined,2003-10,2004-04
B0000DBJV5,Product B0000DBJV5,metadata_not_joined,2003-12,2013-02
B0000DBMDM,Product B0000DBMDM,metadata_not_joined,2004-02,2006-04
B0000DBMEU,Product B0000DBMEU,metadata_not_joined,2003-11,2013-07
B0000DBMHR,Product B0000DBMHR,metadata_not_joined,2005-05,2011-01
B0000DBMKK,Product B0000DBMKK,metadata_not_joined,2003-12,2009-07
B0000DBML2,Product B0000DBML2,metadata_not_joined,2010-02,2014-04
B0000DC0T4,Product B0000DC0T4,metadata_not_joined,2009-05,2014-01
B0000DC2QY,Product B0000DC2QY,metadata_not_joined,2004-07,2005-08
B0000DC640,Product B0000DC640,metadata_not_joined,2005-08,2014-02
B0000DC643,Product B0000DC643,metadata_not_joined,2004-07,2014-03
B0000DC64Q,Product B0000DC64Q,metadata_not_joined,2004-11,2008-09
B0000DC65O,Product B0000DC65O,metadata_not_joined,2004-04,2010-12
B0000DC662,Product B0000DC662,metadata_not_joined,2004-11,2009-09
B0000DC69T,Product B0000DC69T,metadata_not_joined,2004-07,2010-12
B0000DC6B0,Product B0000DC6B0,metadata_not_joined,2004-09,2007-12
B0000DCRHA,Product B0000DCRHA,metadata_not_joined,2004-01,2014-04
B0000DCW2V,Product B0000DCW2V,metadata_not_joined,2009-04,2014-05
B0000DD7OH,Product B0000DD7OH,metadata_not_joined,2004-07,2014-07
B0000DD7P2,Product B0000DD7P2,metadata_not_joined,2003-10,2004-07
B0000DD7PE,Product B0000DD7PE,metadata_not_joined,2004-11,2013-01
B0000DD8FT,Product B0000DD8FT,metadata_not_joined,2003-12,2005-11
B0000DF2LT,Product B0000DF2LT,metadata_not_joined,2004-04,2014-06
B0000DF2QB,Product B0000DF2QB,metadata_not_joined,2003-11,2004-01
B0000DFI06,Product B0000DFI06,metadata_not_joined,2005-09,2008-08
B0000DFZ2U,Product B0000DFZ2U,metadata_not_joined,2008-05,2014-04
B0000DFZ66,Product B0000DFZ66,metadata_not_joined,2004-10,2009-02
B0000DFZ67,Product B0000DFZ67,metadata_not_joined,2003-12,2009-07
B0000DHVN3,Product B0000DHVN3,metadata_not_joined,2005-01,2012-12
B0000DHVOJ,Product B0000DHVOJ,metadata_not_joined,2012-03,2014-04
B0000DIACI,Product B0000DIACI,metadata_not_joined,2004-01,2005-01
B0000DIESO,Product B0000DIESO,metadata_not_joined,2008-03,2014-07
B0000DIESU,Product B0000DIESU,metadata_not_joined,2007-02,2014-07
B0000DIESW,Product B0000DIESW,metadata_not_joined,2006-11,2014-05
B0000DIET2,Product B0000DIET2,metadata_not_joined,2004-06,2014-04
B0000DIEUF,Product B0000DIEUF,metadata_not_joined,2004-07,2008-02
B0000DIFGJ,Product B0000DIFGJ,metadata_not_joined,2003-11,2008-01
B0000DIK0U,Product B0000DIK0U,metadata_not_joined,2004-07,2014-05
B0000DIWUO,Product B0000DIWUO,metadata_not_joined,2006-06,2014-07
B0000DIWW2,Product B0000DIWW2,metadata_not_joined,2003-12,2010-01
B0000DJEIP,Product B0000DJEIP,metadata_not_joined,2003-11,2005-02
B0000DJEK7,Product B0000DJEK7,metadata_not_joined,2003-12,2014-06
B0000DK2Y4,Product B0000DK2Y4,metadata_not_joined,2004-01,2014-01
B0000DK39Z,Product B0000DK39Z,metadata_not_joined,2003-12,2012-12
B0000DK3I4,Product B0000DK3I4,metadata_not_joined,2004-06,2012-02
B0000DK5LW,Product B0000DK5LW,metadata_not_joined,2007-07,2014-07
B0000DK7AI,Product B0000DK7AI,metadata_not_joined,2007-12,2013-09
B0000DYTDJ,Product B0000DYTDJ,metadata_not_joined,2004-06,2007-06
B0000DYUZI,Product B0000DYUZI,metadata_not_joined,2009-01,2014-02
B0000DYV7B,Product B0000DYV7B,metadata_not_joined,2010-08,2014-06
B0000DYV8G,Product B0000DYV8G,metadata_not_joined,2009-05,2014-06
B0000DYV9H,Product B0000DYV9H,metadata_not_joined,2007-07,2014-06
B0000DZ5OE,Product B0000DZ5OE,metadata_not_joined,2006-04,2014-07
B0000DZET4,Product B0000DZET4,metadata_not_joined,2003-12,2013-01
B0000DZEZ9,Product B0000DZEZ9,metadata_not_joined,2010-06,2013-10
B0000DZEZB,Product B0000DZEZB,metadata_not_joined,2010-01,2014-06
B0000DZEZI,Product B0000DZEZI,metadata_not_joined,2008-02,2012-12
B0000DZFL8,Product B0000DZFL8,metadata_not_joined,2004-01,2006-11
B0000DZFVK,Product B0000DZFVK,metadata_not_joined,2007-11,2014-07
B0000DZFVR,Product B0000DZFVR,metadata_not_joined,2004-08,2010-01
B0000DZFVT,Product B0000DZFVT,metadata_not_joined,2005-09,2011-09
B0000DZIWZ,Product B0000DZIWZ,metadata_not_joined,2007-03,2012-07
B0000DZOT2,Product B0000DZOT2,metadata_not_joined,2004-10,2014-05
B0000E0ZM0,Product B0000E0ZM0,metadata_not_joined,2003-11,2013-01
B0000E1717,Product B0000E1717,metadata_not_joined,2004-10,2014-03
B0000E1FDE,Product B0000E1FDE,metadata_not_joined,2004-09,2008-02
B0000E1FDJ,Product B0000E1FDJ,metadata_not_joined,2004-11,2014-04
B0000E1VRL,Product B0000E1VRL,metadata_not_joined,2008-09,2014-06
B0000E1VRT,Product B0000E1VRT,metadata_not_joined,2010-05,2014-07
B0000E2PMA,Product B0000E2PMA,metadata_not_joined,2006-07,2010-01
B0000E2PMB,Product B0000E2PMB,metadata_not_joined,2005-05,2010-04
B0000E2PMD,Product B0000E2PMD,metadata_not_joined,2007-01,2010-01
B0000E2RZN,Product B0000E2RZN,metadata_not_joined,2004-06,2005-07
B0000E2XEB,Product B0000E2XEB,metadata_not_joined,2004-06,2014-01
B0000E2XED,Product B0000E2XED,metadata_not_joined,2006-09,2014-04
B0000E2Y7Q,Product B0000E2Y7Q,metadata_not_joined,2006-03,2013-11
B0000E3DQ7,Product B0000E3DQ7,metadata_not_joined,2005-06,2010-01
B0000E3DQE,Product B0000E3DQE,metadata_not_joined,2004-02,2012-06
B0000E3GWI,Product B0000E3GWI,metadata_not_joined,2005-01,2012-12
B0000E658Q,Product B0000E658Q,metadata_not_joined,2004-01,2013-11
B0000E68U2,Product B0000E68U2,metadata_not_joined,2006-05,2009-02
B0000E6FY7,Product B0000E6FY7,metadata_not_joined,2004-04,2005-09
B0000E6I1N,Product B0000E6I1N,metadata_not_joined,2004-07,2011-11
B0000E6RI1,Product B0000E6RI1,metadata_not_joined,2009-05,2013-06
B0000E6RIC,Product B0000E6RIC,metadata_not_joined,2010-09,2014-07
B0000E6RIE,Product B0000E6RIE,metadata_not_joined,2009-10,2014-03
B0000E6RVW,Product B0000E6RVW,metadata_not_joined,2010-06,2013-02
B0000E6S10,Product B0000E6S10,metadata_not_joined,2005-09,2009-11
B0000E6S12,Product B0000E6S12,metadata_not_joined,2007-11,2014-03
B0000EI9UC,Product B0000EI9UC,metadata_not_joined,2004-01,2012-06
B0000EI9VB,Product B0000EI9VB,metadata_not_joined,2004-10,2013-08
B0000EI9VR,Product B0000EI9VR,metadata_not_joined,2003-11,2005-04
B0000EI9VU,Product B0000EI9VU,metadata_not_joined,2005-10,2014-06
B0000ET7U6,Product B0000ET7U6,metadata_not_joined,2004-01,2007-09
B0000ET93T,Product B0000ET93T,metadata_not_joined,2004-02,2005-03
B0000ET9DG,Product B0000ET9DG,metadata_not_joined,2005-10,2013-03
B0000EW9M8,Product B0000EW9M8,metadata_not_joined,2003-12,2007-08
B0000EWNW4,Product B0000EWNW4,metadata_not_joined,2004-07,2006-11
B0000EZ1KK,Product B0000EZ1KK,metadata_not_joined,2004-06,2014-04
B0000EZQ5K,Product B0000EZQ5K,metadata_not_joined,2008-02,2013-02
B0000SWAGE,Product B0000SWAGE,metadata_not_joined,2004-09,2013-12
B0000SY4TA,Product B0000SY4TA,metadata_not_joined,2007-01,2013-04
B0000T1R4O,Product B0000T1R4O,metadata_not_joined,2003-12,2007-09
B0000TFGWS,Product B0000TFGWS,metadata_not_joined,2004-02,2014-02
B0000TN0ZS,Product B0000TN0ZS,metadata_not_joined,2004-11,2011-08
B0000TNWU6,Product B0000TNWU6,metadata_not_joined,2003-11,2010-08
B0000TNZDK,Product B0000TNZDK,metadata_not_joined,2004-01,2013-07
B0000TO0BQ,Product B0000TO0BQ,metadata_not_joined,2010-02,2014-03
B0000TQABY,Product B0000TQABY,metadata_not_joined,2007-07,2014-06
B0000TRGIU,Product B0000TRGIU,metadata_not_joined,2007-01,2009-01
B0000TSBLG,Product B0000TSBLG,metadata_not_joined,2007-09,2013-04
B0000TSBNE,Product B0000TSBNE,metadata_not_joined,2005-08,2014-05
B0000TSJVI,Product B0000TSJVI,metadata_not_joined,2006-05,2014-06
B0000TU7I6,Product B0000TU7I6,metadata_not_joined,2006-04,2014-02
B0000TU7IG,Product B0000TU7IG,metadata_not_joined,2006-02,2014-01
B0000TU7IQ,Product B0000TU7IQ,metadata_not_joined,2004-12,2012-04
B0000TW3N8,Product B0000TW3N8,metadata_not_joined,2007-01,2014-07
B0000TW3RE,Product B0000TW3RE,metadata_not_joined,2005-03,2013-12
B0000U19F0,Product B0000U19F0,metadata_not_joined,2004-01,2012-01
B0000U1N38,Product B0000U1N38,metadata_not_joined,2007-04,2014-07
B0000U1OD2,Product B0000U1OD2,metadata_not_joined,2004-07,2007-05
B0000U9H40,Product B0000U9H40,metadata_not_joined,2003-11,2014-02
B0000UI304,Product B0000UI304,metadata_not_joined,2004-05,2014-05
B0000ULJWS,Product B0000ULJWS,metadata_not_joined,2004-08,2012-05
B0000ULNW4,Product B0000ULNW4,metadata_not_joined,2011-03,2013-08
B0000UMCO2,Product B0000UMCO2,metadata_not_joined,2009-04,2014-05
B0000UMLYI,Product B0000UMLYI,metadata_not_joined,2005-08,2014-01
B0000UUR6C,Product B0000UUR6C,metadata_not_joined,2005-01,2013-03
B0000UUXAC,Product B0000UUXAC,metadata_not_joined,2005-06,2008-01
B0000UUXB6,Product B0000UUXB6,metadata_not_joined,2004-01,2008-04
B0000UV0IQ,Product B0000UV0IQ,metadata_not_joined,2006-04,2013-10
B0000UV0JA,Product B0000UV0JA,metadata_not_joined,2004-01,2008-02
B0000UV2AW,Product B0000UV2AW,metadata_not_joined,2007-08,2014-07
B0000UXOHG,Product B0000UXOHG,metadata_not_joined,2005-08,2013-11
B0000V1A7Q,Product B0000V1A7Q,metadata_not_joined,2008-04,2014-05
B0000V1IZU,Product B0000V1IZU,metadata_not_joined,2003-12,2006-10
B0000V3OKM,Product B0000V3OKM,metadata_not_joined,2004-10,2013-03
B0000VD3LC,Product B0000VD3LC,metadata_not_joined,2004-02,2011-09
B0000VD3PS,Product B0000VD3PS,metadata_not_joined,2004-09,2005-12
B0000VL2VK,Product B0000VL2VK,metadata_not_joined,2004-04,2014-01
B0000VP1WQ,Product B0000VP1WQ,metadata_not_joined,2004-10,2009-12
B0000VYJQU,Product B0000VYJQU,metadata_not_joined,2004-10,2009-03
B0000VYJRY,Product B0000VYJRY,metadata_not_joined,2005-06,2014-07
B0000VYJTM,Product B0000VYJTM,metadata_not_joined,2005-06,2012-05
B0000W4U1S,Product B0000W4U1S,metadata_not_joined,2006-02,2013-04
B0000W4U22,Product B0000W4U22,metadata_not_joined,2007-02,2013-04
B0000W4U2C,Product B0000W4U2C,metadata_not_joined,2007-08,2013-06
B0000W4U2M,Product B0000W4U2M,metadata_not_joined,2005-05,2014-03
B0000W533W,Product B0000W533W,metadata_not_joined,2004-03,2012-01
B0000W59F4,Product B0000W59F4,metadata_not_joined,2004-02,2006-12
B0000W64XK,Product B0000W64XK,metadata_not_joined,2004-02,2005-06
B0000WKYU4,Product B0000WKYU4,metadata_not_joined,2007-01,2014-03
B0000WWP4M,Product B0000WWP4M,metadata_not_joined,2007-07,2014-04
B0000X0VCY,Product B0000X0VCY,metadata_not_joined,2004-06,2014-07
B0000X0VU6,Product B0000X0VU6,metadata_not_joined,2006-06,2012-11
B0000X5RPU,Product B0000X5RPU,metadata_not_joined,2009-02,2013-03
B0000X5XQ8,Product B0000X5XQ8,metadata_not_joined,2006-03,2014-02
B0000X5XTU,Product B0000X5XTU,metadata_not_joined,2005-09,2012-01
B0000X5ZKC,Product B0000X5ZKC,metadata_not_joined,2007-08,2009-11
B0000X65IS,Product B0000X65IS,metadata_not_joined,2011-03,2014-01
B0000X65K6,Product B0000X65K6,metadata_not_joined,2007-03,2013-11
B0000X6D2Q,Product B0000X6D2Q,metadata_not_joined,2006-05,2010-03
B0000XK46M,Product B0000XK46M,metadata_not_joined,2005-03,2012-07
B0000XKBQU,Product B0000XKBQU,metadata_not_joined,2006-03,2014-06
B0000XMSNO,Product B0000XMSNO,metadata_not_joined,2004-12,2013-06
B0000XMTX8,Product B0000XMTX8,metadata_not_joined,2009-10,2014-05
B0000XMUIW,Product B0000XMUIW,metadata_not_joined,2010-03,2014-07
B0000XMUKK,Product B0000XMUKK,metadata_not_joined,2007-06,2014-04
B0000XMUPA,Product B0000XMUPA,metadata_not_joined,2012-11,2014-05
B0000XMUWS,Product B0000XMUWS,metadata_not_joined,2009-01,2014-07
B0000XMVE0,Product B0000XMVE0,metadata_not_joined,2004-06,2014-05
B0000XMVI6,Product B0000XMVI6,metadata_not_joined,2009-05,2014-03
B0000XMW8U,Product B0000XMW8U,metadata_not_joined,2010-10,2014-05
B0000XMWQC,Product B0000XMWQC,metadata_not_joined,2009-03,2014-05
B0000XMWQW,Product B0000XMWQW,metadata_not_joined,2008-11,2014-06
B0000XMY4C,Product B0000XMY4C,metadata_not_joined,2011-07,2014-03
B0000XO3Y6,Product B0000XO3Y6,metadata_not_joined,2010-01,2014-05
B0000XOB7U,Product B0000XOB7U,metadata_not_joined,2010-07,2014-07
B0000Y2WTS,Product B0000Y2WTS,metadata_not_joined,2007-10,2014-05
B0000Y2WXE,Product B0000Y2WXE,metadata_not_joined,2009-05,2012-10
B0000Y2WY8,Product B0000Y2WY8,metadata_not_joined,2008-11,2013-07
B0000Y2WYS,Product B0000Y2WYS,metadata_not_joined,2007-11,2014-01
B0000Y5TI4,Product B0000Y5TI4,metadata_not_joined,2005-10,2013-10
B0000Y7WBQ,Product B0000Y7WBQ,metadata_not_joined,2007-02,2010-11
B0000YB7RQ,Product B0000YB7RQ,metadata_not_joined,2005-08,2008-01
B0000YCFCC,Product B0000YCFCC,metadata_not_joined,2005-01,2014-02
B0000YCFEK,Product B0000YCFEK,metadata_not_joined,2009-01,2014-02
B0000YD2JC,Product B0000YD2JC,metadata_not_joined,2007-10,2014-05
B0000YPGQY,Product B0000YPGQY,metadata_not_joined,2012-03,2013-10
B0000YPGWS,Product B0000YPGWS,metadata_not_joined,2005-12,2013-08
B0000YTZOS,Product B0000YTZOS,metadata_not_joined,2007-10,2013-12
B0000YVCS0,Product B0000YVCS0,metadata_not_joined,2004-02,2004-08
B0000YVEGA,Product B0000YVEGA,metadata_not_joined,2012-08,2014-04
B0000ZI1FG,Product B0000ZI1FG,metadata_not_joined,2004-05,2013-10
B0000ZJDXA,Product B0000ZJDXA,metadata_not_joined,2008-02,2014-07
B0000ZJDXU,Product B0000ZJDXU,metadata_not_joined,2006-08,2014-06
B0000ZL2J8,Product B0000ZL2J8,metadata_not_joined,2005-10,2013-08
B0000ZL2JI,Product B0000ZL2JI,metadata_not_joined,2007-02,2014-04
B0000ZQTAU,Product B0000ZQTAU,metadata_not_joined,2006-06,2013-05
B0000ZQTCS,Product B0000ZQTCS,metadata_not_joined,2010-12,2013-12
B000117D9O,Product B000117D9O,metadata_not_joined,2004-03,2007-11
B000117DEY,Product B000117DEY,metadata_not_joined,2004-05,2006-05
B000117DF8,Product B000117DF8,metadata_not_joined,2004-11,2012-05
B000117DGW,Product B000117DGW,metadata_not_joined,2004-05,2007-06
B00011CNWG,Product B00011CNWG,metadata_not_joined,2004-02,2014-05
B00011CNX0,Product B00011CNX0,metadata_not_joined,2005-08,2009-12
B00011CS0S,Product B00011CS0S,metadata_not_joined,2009-07,2014-06
B00011CS12,Product B00011CS12,metadata_not_joined,2009-09,2014-06
B00011CS1C,Product B00011CS1C,metadata_not_joined,2010-05,2014-04
B00011CS1M,Product B00011CS1M,metadata_not_joined,2007-08,2014-04
B00011CS1W,Product B00011CS1W,metadata_not_joined,2006-02,2014-06
B00011G5FW,Product B00011G5FW,metadata_not_joined,2004-02,2009-04
B00011KHTM,Product B00011KHTM,metadata_not_joined,2007-09,2013-12
B00011KHTW,Product B00011KHTW,metadata_not_joined,2007-01,2013-08
B00011KHVA,Product B00011KHVA,metadata_not_joined,2006-05,2014-04
B00011KLOI,Product B00011KLOI,metadata_not_joined,2005-09,2014-04
B00011KLSO,Product B00011KLSO,metadata_not_joined,2012-09,2014-07
B00011KLVQ,Product B00011KLVQ,metadata_not_joined,2010-12,2014-05
B00011KM2E,Product B00011KM2E,metadata_not_joined,2010-07,2012-05
B00011KM38,Product B00011KM38,metadata_not_joined,2005-09,2014-07
B00011KM3S,Product B00011KM3S,metadata_not_joined,2008-01,2013-05
B00011KNF0,Product B00011KNF0,metadata_not_joined,2011-01,2014-01
B00011PYC2,Product B00011PYC2,metadata_not_joined,2004-06,2007-05
B00011PYDQ,Product B00011PYDQ,metadata_not_joined,2003-12,2014-02
B00011X0X2,Product B00011X0X2,metadata_not_joined,2007-03,2014-01
B00011Y1MQ,Product B00011Y1MQ,metadata_not_joined,2004-07,2011-05
B0001239BE,Product B0001239BE,metadata_not_joined,2008-05,2014-05
B000129TYA,Product B000129TYA,metadata_not_joined,2004-10,2006-03
B00012BYXO,Product B00012BYXO,metadata_not_joined,2006-03,2013-04
B00012EYNG,Product B00012EYNG,metadata_not_joined,2004-10,2013-05
B00012F6A6,Product B00012F6A6,metadata_not_joined,2011-01,2014-07
B00012F6CO,Product B00012F6CO,metadata_not_joined,2004-12,2013-04
B00012F7CI,Product B00012F7CI,metadata_not_joined,2005-09,2013-12
B00012F7G4,Product B00012F7G4,metadata_not_joined,2009-01,2014-07
B00012F7HS,Product B00012F7HS,metadata_not_joined,2004-07,2014-05
B00012F8AY,Product B00012F8AY,metadata_not_joined,2007-08,2013-10
B00012FVY2,Product B00012FVY2,metadata_not_joined,2006-12,2012-10
B00012FVYC,Product B00012FVYC,metadata_not_joined,2005-02,2014-07
B00012FVYM,Product B00012FVYM,metadata_not_joined,2007-12,2014-01
B00012FVYW,Product B00012FVYW,metadata_not_joined,2005-04,2014-03
B00012FVZ6,Product B00012FVZ6,metadata_not_joined,2004-12,2013-04
B00012IIUQ,Product B00012IIUQ,metadata_not_joined,2007-01,2009-12
B00012O6QQ,Product B00012O6QQ,metadata_not_joined,2011-06,2014-05
B00012O6RK,Product B00012O6RK,metadata_not_joined,2012-10,2014-05
B00012O6RU,Product B00012O6RU,metadata_not_joined,2009-02,2013-11
B00012O6SY,Product B00012O6SY,metadata_not_joined,2006-06,2013-05
B00012OJ22,Product B00012OJ22,metadata_not_joined,2004-11,2013-07
B00012T47C,Product B00012T47C,metadata_not_joined,2004-03,2013-12
B00012YI9Q,Product B00012YI9Q,metadata_not_joined,2008-04,2013-12
B00012YIA0,Product B00012YIA0,metadata_not_joined,2007-09,2014-06
B000136P8W,Product B000136P8W,metadata_not_joined,2005-09,2014-06
B000138SXM,Product B000138SXM,metadata_not_joined,2011-10,2013-03
B000138SY6,Product B000138SY6,metadata_not_joined,2008-02,2012-04
B000138SYG,Product B000138SYG,metadata_not_joined,2008-12,2014-02
B000138VH0,Product B000138VH0,metadata_not_joined,2009-09,2013-11
B00013BKRI,Product B00013BKRI,metadata_not_joined,2005-01,2011-08
B00013BKXC,Product B00013BKXC,metadata_not_joined,2007-03,2013-04
B00013BLEK,Product B00013BLEK,metadata_not_joined,2005-09,2008-10
B00013BNLQ,Product B00013BNLQ,metadata_not_joined,2007-05,2014-03
B00013D5JY,Product B00013D5JY,metadata_not_joined,2006-07,2013-01
B00013J7UK,Product B00013J7UK,metadata_not_joined,2010-11,2014-02
B00013J86I,Product B00013J86I,metadata_not_joined,2009-10,2014-06
B00013J89K,Product B00013J89K,metadata_not_joined,2012-10,2014-07
B00013J8G8,Product B00013J8G8,metadata_not_joined,2006-12,2012-02
B00013M6NK,Product B00013M6NK,metadata_not_joined,2005-07,2014-04
B00013M6NU,Product B00013M6NU,metadata_not_joined,2005-07,2014-05
B00013MRRK,Product B00013MRRK,metadata_not_joined,2007-02,2011-04
B00013MSUQ,Product B00013MSUQ,metadata_not_joined,2007-02,2014-06
B00013MSV0,Product B00013MSV0,metadata_not_joined,2006-06,2010-10
B00013MSVK,Product B00013MSVK,metadata_not_joined,2008-01,2013-11
B00013R0OU,Product B00013R0OU,metadata_not_joined,2010-02,2014-07
B00013R0S6,Product B00013R0S6,metadata_not_joined,2006-01,2011-04
B00013UXRQ,Product B00013UXRQ,metadata_not_joined,2009-03,2013-10
B00013VHAS,Product B00013VHAS,metadata_not_joined,2004-03,2013-08
B00013ZI08,Product B00013ZI08,metadata_not_joined,2004-03,2013-04
B0001407XU,Product B0001407XU,metadata_not_joined,2004-10,2006-06
B000144HZE,Product B000144HZE,metadata_not_joined,2004-10,2008-04
B000144I2Q,Product B000144I2Q,metadata_not_joined,2005-12,2014-07
B000144I30,Product B000144I30,metadata_not_joined,2004-10,2014-03
B00014B4OQ,Product B00014B4OQ,metadata_not_joined,2004-11,2012-08
B00014K2W6,Product B00014K2W6,metadata_not_joined,2006-07,2014-01
B00014K2WG,Product B00014K2WG,metadata_not_joined,2013-07,2014-02
B00014K3V6,Product B00014K3V6,metadata_not_joined,2006-12,2014-03
B00014K3VG,Product B00014K3VG,metadata_not_joined,2007-05,2013-10
B00015CQ2E,Product B00015CQ2E,metadata_not_joined,2006-07,2014-02
B00015GYTU,Product B00015GYTU,metadata_not_joined,2005-05,2010-09
B00015GYU4,Product B00015GYU4,metadata_not_joined,2004-10,2014-04
B00015H0XE,Product B00015H0XE,metadata_not_joined,2004-10,2014-03
B00015QGM0,Product B00015QGM0,metadata_not_joined,2008-03,2012-09
B00015XGQY,Product B00015XGQY,metadata_not_joined,2007-06,2014-04
B00015Y0FK,Product B00015Y0FK,metadata_not_joined,2011-07,2014-07
B0001654FY,Product B0001654FY,metadata_not_joined,2007-12,2014-02
B0001654K4,Product B0001654K4,metadata_not_joined,2012-10,2014-01
B0001654WC,Product B0001654WC,metadata_not_joined,2012-06,2014-04
B000165512,Product B000165512,metadata_not_joined,2010-12,2014-01
B00016556C,Product B00016556C,metadata_not_joined,2004-01,2006-12
B00016566G,Product B00016566G,metadata_not_joined,2009-10,2014-03
B0001656FW,Product B0001656FW,metadata_not_joined,2006-01,2014-05
B000165AOY,Product B000165AOY,metadata_not_joined,2005-10,2013-11
B000165ARQ,Product B000165ARQ,metadata_not_joined,2007-05,2014-07
B000165AS0,Product B000165AS0,metadata_not_joined,2005-01,2014-03
B000165C10,Product B000165C10,metadata_not_joined,2007-06,2014-07
B000165DRS,Product B000165DRS,metadata_not_joined,2008-10,2013-01
B000165EPO,Product B000165EPO,metadata_not_joined,2010-04,2013-12
B000165F26,Product B000165F26,metadata_not_joined,2005-10,2012-04
B000165FFS,Product B000165FFS,metadata_not_joined,2010-11,2013-12
B000165FRQ,Product B000165FRQ,metadata_not_joined,2005-08,2013-11
B000165GJI,Product B000165GJI,metadata_not_joined,2004-06,2013-01
B000165O18,Product B000165O18,metadata_not_joined,2008-10,2014-07
B000167KPQ,Product B000167KPQ,metadata_not_joined,2004-11,2009-04
B000167KQ0,Product B000167KQ0,metadata_not_joined,2005-01,2013-12
B000167NZI,Product B000167NZI,metadata_not_joined,2009-05,2013-11
B000167OAC,Product B000167OAC,metadata_not_joined,2005-03,2013-09
B000167P0G,Product B000167P0G,metadata_not_joined,2006-06,2013-02
B000167SXK,Product B000167SXK,metadata_not_joined,2007-10,2012-06
B000167TXY,Product B000167TXY,metadata_not_joined,2007-05,2013-02
B00016BYHQ,Product B00016BYHQ,metadata_not_joined,2005-06,2014-02
B00016L0VQ,Product B00016L0VQ,metadata_not_joined,2004-11,2008-09
B00016UVHU,Product B00016UVHU,metadata_not_joined,2006-02,2014-07
B00016V3VI,Product B00016V3VI,metadata_not_joined,2003-01,2014-05
B00016W66Y,Product B00016W66Y,metadata_not_joined,2007-01,2014-01
B00016W67I,Product B00016W67I,metadata_not_joined,2007-03,2013-11
B00016W6ZK,Product B00016W6ZK,metadata_not_joined,2007-07,2014-04
B00016W75O,Product B00016W75O,metadata_not_joined,2007-02,2013-05
B00017IX0Q,Product B00017IX0Q,metadata_not_joined,2005-02,2007-04
B00017IX10,Product B00017IX10,metadata_not_joined,2004-02,2008-03
B00017LRCM,Product B00017LRCM,metadata_not_joined,2009-01,2014-04
B00017LRF4,Product B00017LRF4,metadata_not_joined,2008-04,2014-02
B00017LROK,Product B00017LROK,metadata_not_joined,2012-05,2014-04
B00017LS62,Product B00017LS62,metadata_not_joined,2011-04,2014-05
B00017LSCG,Product B00017LSCG,metadata_not_joined,2007-04,2013-01
B00017LSCQ,Product B00017LSCQ,metadata_not_joined,2009-10,2012-01
B00017LSK8,Product B00017LSK8,metadata_not_joined,2012-10,2014-01
B00017LSPI,Product B00017LSPI,metadata_not_joined,2006-04,2014-07
B00017LTFC,Product B00017LTFC,metadata_not_joined,2008-11,2014-03
B00017LUNI,Product B00017LUNI,metadata_not_joined,2010-03,2014-07
B00017LUOC,Product B00017LUOC,metadata_not_joined,2007-06,2013-09
B00017O6Q6,Product B00017O6Q6,metadata_not_joined,2005-08,2007-06
B000182FHW,Product B000182FHW,metadata_not_joined,2004-06,2013-09
B000184C1Y,Product B000184C1Y,metadata_not_joined,2006-04,2008-03
B000189VQ0,Product B000189VQ0,metadata_not_joined,2004-04,2009-08
B000189W0A,Product B000189W0A,metadata_not_joined,2004-11,2009-12
B000189W8M,Product B000189W8M,metadata_not_joined,2004-03,2011-12
B00018BN48,Product B00018BN48,metadata_not_joined,2004-05,2009-05
B00018MSNI,Product B00018MSNI,metadata_not_joined,2004-01,2014-06
B00018Q4GA,Product B00018Q4GA,metadata_not_joined,2008-09,2014-06
B00018RT1E,Product B00018RT1E,metadata_not_joined,2005-11,2014-02
B00018U7J0,Product B00018U7J0,metadata_not_joined,2006-11,2011-01
B00018U7KO,Product B00018U7KO,metadata_not_joined,2006-07,2014-06
B00019068G,Product B00019068G,metadata_not_joined,2004-03,2013-01
B000196C2A,Product B000196C2A,metadata_not_joined,2005-09,2014-07
B000196C2U,Product B000196C2U,metadata_not_joined,2006-07,2013-06
B000196C34,Product B000196C34,metadata_not_joined,2006-03,2014-01
B000196C3E,Product B000196C3E,metadata_not_joined,2005-08,2007-10
B000196ENC,Product B000196ENC,metadata_not_joined,2005-11,2008-01
B0001976UC,Product B0001976UC,metadata_not_joined,2010-02,2013-09
B00019EYVG,Product B00019EYVG,metadata_not_joined,2004-04,2013-06
B00019FO24,Product B00019FO24,metadata_not_joined,2004-06,2005-11
B00019JPRO,Product B00019JPRO,metadata_not_joined,2007-04,2014-04
B00019K87A,Product B00019K87A,metadata_not_joined,2006-04,2013-01
B00019LWRA,Product B00019LWRA,metadata_not_joined,2007-09,2012-08
B00019OENY,Product B00019OENY,metadata_not_joined,2005-09,2009-03
B00019OWU4,Product B00019OWU4,metadata_not_joined,2005-01,2012-09
B00019OXF8,Product B00019OXF8,metadata_not_joined,2009-12,2014-06
B00019VAWC,Product B00019VAWC,metadata_not_joined,2004-06,2014-03
B0001A06GW,Product B0001A06GW,metadata_not_joined,2004-01,2014-04
B0001A3N44,Product B0001A3N44,metadata_not_joined,2008-02,2012-01
B0001A3N6C,Product B0001A3N6C,metadata_not_joined,2006-03,2014-04
B0001A967W,Product B0001A967W,metadata_not_joined,2004-02,2005-12
B0001A99LA,Product B0001A99LA,metadata_not_joined,2004-03,2013-03
B0001A99LK,Product B0001A99LK,metadata_not_joined,2004-02,2009-12
B0001A99ME,Product B0001A99ME,metadata_not_joined,2004-07,2012-07
B0001A99MO,Product B0001A99MO,metadata_not_joined,2004-02,2013-07
B0001AOGA4,Product B0001AOGA4,metadata_not_joined,2008-03,2014-07
B0001AOGAE,Product B0001AOGAE,metadata_not_joined,2008-07,2013-03
B0001AP8CE,Product B0001AP8CE,metadata_not_joined,2004-02,2008-01
B0001AU6H6,Product B0001AU6H6,metadata_not_joined,2004-05,2012-09
B0001AU6Y4,Product B0001AU6Y4,metadata_not_joined,2004-02,2005-09
B0001AU7SY,Product B0001AU7SY,metadata_not_joined,2006-01,2013-02
B0001AUAUE,Product B0001AUAUE,metadata_not_joined,2005-03,2013-12
B0001AVSLO,Product B0001AVSLO,metadata_not_joined,2004-03,2011-01
B0001AVVO8,Product B0001AVVO8,metadata_not_joined,2007-05,2014-04
B0001B43GK,Product B0001B43GK,metadata_not_joined,2004-10,2010-10
B0001B7CUO,Product B0001B7CUO,metadata_not_joined,2008-04,2013-12
B0001B7VMS,Product B0001B7VMS,metadata_not_joined,2004-06,2006-09
B0001BFJDG,Product B0001BFJDG,metadata_not_joined,2010-05,2013-12
B0001BRD62,Product B0001BRD62,metadata_not_joined,2004-06,2013-03
B0001BRITE,Product B0001BRITE,metadata_not_joined,2004-03,2011-03
B0001BVD1S,Product B0001BVD1S,metadata_not_joined,2008-01,2014-03
B0001BVXI6,Product B0001BVXI6,metadata_not_joined,2004-07,2014-07
B0001BW0TC,Product B0001BW0TC,metadata_not_joined,2004-05,2005-04
B0001BW0U6,Product B0001BW0U6,metadata_not_joined,2004-02,2013-12
B0001BXCFS,Product B0001BXCFS,metadata_not_joined,2004-03,2004-07
B0001BXV9U,Product B0001BXV9U,metadata_not_joined,2004-04,2013-06
B0001BXVA4,Product B0001BXVA4,metadata_not_joined,2005-05,2013-07
B0001BXYP6,Product B0001BXYP6,metadata_not_joined,2004-11,2005-01
B0001CFSX6,Product B0001CFSX6,metadata_not_joined,2004-06,2013-11
B0001CJF3A,Product B0001CJF3A,metadata_not_joined,2004-06,2011-10
B0001CKX2M,Product B0001CKX2M,metadata_not_joined,2004-08,2006-04
B0001CLYAW,Product B0001CLYAW,metadata_not_joined,2006-01,2009-09
B0001CNMFM,Product B0001CNMFM,metadata_not_joined,2005-11,2014-07
B0001CNNYC,Product B0001CNNYC,metadata_not_joined,2007-05,2014-01
B0001CVBRI,Product B0001CVBRI,metadata_not_joined,2004-02,2005-01
B0001CXRXY,Product B0001CXRXY,metadata_not_joined,2005-12,2014-04
B0001D09XY,Product B0001D09XY,metadata_not_joined,2004-03,2009-04
B0001D09YI,Product B0001D09YI,metadata_not_joined,2004-03,2007-04
B0001D3JXG,Product B0001D3JXG,metadata_not_joined,2004-06,2012-01
B0001D3K3A,Product B0001D3K3A,metadata_not_joined,2004-08,2014-01
B0001D3K8A,Product B0001D3K8A,metadata_not_joined,2004-04,2014-06
B0001D56SM,Product B0001D56SM,metadata_not_joined,2004-10,2006-11
B0001D56SW,Product B0001D56SW,metadata_not_joined,2004-06,2013-02
B0001D56UK,Product B0001D56UK,metadata_not_joined,2004-05,2006-05
B0001DA0CO,Product B0001DA0CO,metadata_not_joined,2004-06,2012-11
B0001DB6IQ,Product B0001DB6IQ,metadata_not_joined,2004-04,2004-12
B0001DB6KO,Product B0001DB6KO,metadata_not_joined,2004-09,2010-08
B0001DB6LS,Product B0001DB6LS,metadata_not_joined,2004-08,2007-02
B0001DBEJC,Product B0001DBEJC,metadata_not_joined,2004-06,2006-01
B0001DBEKG,Product B0001DBEKG,metadata_not_joined,2005-10,2014-03
B0001DBEM4,Product B0001DBEM4,metadata_not_joined,2004-09,2014-07
B0001DBZKK,Product B0001DBZKK,metadata_not_joined,2006-11,2014-01
B0001DHHI4,Product B0001DHHI4,metadata_not_joined,2004-06,2014-03
B0001DHHIY,Product B0001DHHIY,metadata_not_joined,2005-12,2013-01
B0001DJSYU,Product B0001DJSYU,metadata_not_joined,2004-10,2014-02
B0001DKLHS,Product B0001DKLHS,metadata_not_joined,2004-03,2013-04
B0001DKQWI,Product B0001DKQWI,metadata_not_joined,2004-06,2004-11
B0001DKQWS,Product B0001DKQWS,metadata_not_joined,2004-07,2011-01
B0001DKQX2,Product B0001DKQX2,metadata_not_joined,2005-01,2009-01
B0001DKQXC,Product B0001DKQXC,metadata_not_joined,2004-04,2013-11
B0001DKQXM,Product B0001DKQXM,metadata_not_joined,2004-08,2009-04
B0001DKR0Y,Product B0001DKR0Y,metadata_not_joined,2004-10,2009-08
B0001DLIP2,Product B0001DLIP2,metadata_not_joined,2004-11,2005-06
B0001DQ5YG,Product B0001DQ5YG,metadata_not_joined,2004-12,2014-01
B0001DYTY4,Product B0001DYTY4,metadata_not_joined,2005-10,2013-01
B0001DYUJ8,Product B0001DYUJ8,metadata_not_joined,2005-04,2011-12
B0001DYXOU,Product B0001DYXOU,metadata_not_joined,2004-05,2013-11
B0001DZ38U,Product B0001DZ38U,metadata_not_joined,2005-04,2014-07
B0001DZDD0,Product B0001DZDD0,metadata_not_joined,2004-09,2011-12
B0001E5UDM,Product B0001E5UDM,metadata_not_joined,2006-02,2010-09
B0001E75LC,Product B0001E75LC,metadata_not_joined,2004-04,2013-11
B0001EFIFW,Product B0001EFIFW,metadata_not_joined,2009-05,2014-06
B0001EFIGQ,Product B0001EFIGQ,metadata_not_joined,2011-02,2014-05
B0001EKGG8,Product B0001EKGG8,metadata_not_joined,2004-03,2004-12
B0001EMLXE,Product B0001EMLXE,metadata_not_joined,2004-04,2008-02
B0001EY1GY,Product B0001EY1GY,metadata_not_joined,2004-04,2011-06
B0001EZN2A,Product B0001EZN2A,metadata_not_joined,2004-06,2005-09
B0001EZN3E,Product B0001EZN3E,metadata_not_joined,2004-11,2010-11
B0001EZN52,Product B0001EZN52,metadata_not_joined,2004-07,2006-12
B0001F066W,Product B0001F066W,metadata_not_joined,2004-06,2011-09
B0001F1XNC,Product B0001F1XNC,metadata_not_joined,2004-11,2008-09
B0001F1ZVW,Product B0001F1ZVW,metadata_not_joined,2006-03,2012-12
B0001F1ZY4,Product B0001F1ZY4,metadata_not_joined,2004-04,2006-02
B0001F21IS,Product B0001F21IS,metadata_not_joined,2004-05,2011-11
B0001F22PA,Product B0001F22PA,metadata_not_joined,2004-04,2013-11
B0001F22R8,Product B0001F22R8,metadata_not_joined,2004-08,2013-07
B0001F347K,Product B0001F347K,metadata_not_joined,2010-01,2014-06
B0001FI49I,Product B0001FI49I,metadata_not_joined,2004-05,2014-02
B0001FI51U,Product B0001FI51U,metadata_not_joined,2004-06,2011-11
B0001FSCWC,Product B0001FSCWC,metadata_not_joined,2007-03,2011-05
B0001FSCZO,Product B0001FSCZO,metadata_not_joined,2004-06,2014-01
B0001FTVDG,Product B0001FTVDG,metadata_not_joined,2004-07,2013-10
B0001FTVDQ,Product B0001FTVDQ,metadata_not_joined,2005-01,2014-06
B0001FTVE0,Product B0001FTVE0,metadata_not_joined,2004-06,2014-07
B0001FTVEA,Product B0001FTVEA,metadata_not_joined,2004-12,2014-07
B0001FTVEK,Product B0001FTVEK,metadata_not_joined,2004-12,2014-07
B0001FV2YM,Product B0001FV2YM,metadata_not_joined,2005-08,2013-05
B0001FV30K,Product B0001FV30K,metadata_not_joined,2005-01,2008-03
B0001FV35U,Product B0001FV35U,metadata_not_joined,2004-11,2006-03
B0001FV364,Product B0001FV364,metadata_not_joined,2004-06,2013-05
B0001FV36E,Product B0001FV36E,metadata_not_joined,2004-09,2014-07
B0001FV37S,Product B0001FV37S,metadata_not_joined,2004-05,2013-09
B0001FV3AK,Product B0001FV3AK,metadata_not_joined,2004-09,2013-08
B0001FV3C8,Product B0001FV3C8,metadata_not_joined,2004-06,2010-03
B0001FXAEC,Product B0001FXAEC,metadata_not_joined,2012-05,2013-10
B0001FXLW8,Product B0001FXLW8,metadata_not_joined,2006-07,2014-04
B0001FZB8A,Product B0001FZB8A,metadata_not_joined,2004-04,2009-03
B0001FZCPW,Product B0001FZCPW,metadata_not_joined,2004-06,2008-06
B0001G0FFI,Product B0001G0FFI,metadata_not_joined,2004-07,2005-03
B0001G0FFS,Product B0001G0FFS,metadata_not_joined,2004-11,2014-05
B0001G0FGM,Product B0001G0FGM,metadata_not_joined,2004-09,2010-05
B0001G0FGW,Product B0001G0FGW,metadata_not_joined,2004-12,2013-01
B0001G112O,Product B0001G112O,metadata_not_joined,2004-06,2014-04
B0001G6U3Y,Product B0001G6U3Y,metadata_not_joined,2005-06,2014-06
B0001G6U48,Product B0001G6U48,metadata_not_joined,2005-01,2014-04
B0001G6U4S,Product B0001G6U4S,metadata_not_joined,2004-07,2014-01
B0001G6U52,Product B0001G6U52,metadata_not_joined,2004-04,2009-06
B0001G6U5M,Product B0001G6U5M,metadata_not_joined,2004-05,2012-01
B0001G6U5W,Product B0001G6U5W,metadata_not_joined,2004-03,2013-10
B0001G6U6Q,Product B0001G6U6Q,metadata_not_joined,2004-08,2006-11
B0001G6U7A,Product B0001G6U7A,metadata_not_joined,2004-09,2006-05
B0001G6U7K,Product B0001G6U7K,metadata_not_joined,2004-09,2013-12
B0001G6U84,Product B0001G6U84,metadata_not_joined,2005-01,2013-11
B0001G6U9I,Product B0001G6U9I,metadata_not_joined,2004-04,2007-12
B0001G6UAM,Product B0001G6UAM,metadata_not_joined,2004-06,2010-02
B0001G6UAW,Product B0001G6UAW,metadata_not_joined,2004-03,2007-06
B0001G6UB6,Product B0001G6UB6,metadata_not_joined,2004-04,2012-12
B0001G6UBG,Product B0001G6UBG,metadata_not_joined,2004-04,2009-01
B0001G6UCA,Product B0001G6UCA,metadata_not_joined,2004-12,2014-01
B0001G6UEI,Product B0001G6UEI,metadata_not_joined,2004-06,2007-12
B0001G6UES,Product B0001G6UES,metadata_not_joined,2004-08,2014-03
B0001G6UF2,Product B0001G6UF2,metadata_not_joined,2004-06,2014-04
B0001GAMQK,Product B0001GAMQK,metadata_not_joined,2005-10,2014-06
B0001GAMRO,Product B0001GAMRO,metadata_not_joined,2008-02,2010-06
B0001GDEE2,Product B0001GDEE2,metadata_not_joined,2008-01,2013-04
B0001GGXQ8,Product B0001GGXQ8,metadata_not_joined,2010-05,2011-01
B0001GGXQI,Product B0001GGXQI,metadata_not_joined,2006-01,2014-05
B0001GMIOE,Product B0001GMIOE,metadata_not_joined,2004-11,2014-03
B0001GMITO,Product B0001GMITO,metadata_not_joined,2005-08,2013-07
B0001GNJWY,Product B0001GNJWY,metadata_not_joined,2005-07,2011-04
B0001GNJX8,Product B0001GNJX8,metadata_not_joined,2005-12,2009-02
B0001GRTK2,Product B0001GRTK2,metadata_not_joined,2004-11,2013-04
B0001GT30Q,Product B0001GT30Q,metadata_not_joined,2004-12,2007-01
B0001GV5FM,Product B0001GV5FM,metadata_not_joined,2006-04,2013-10
B0001GYAA4,Product B0001GYAA4,metadata_not_joined,2004-08,2012-08
B0001GZ87I,Product B0001GZ87I,metadata_not_joined,2004-12,2014-06
B0001H27PS,Product B0001H27PS,metadata_not_joined,2004-07,2014-03
B0001H29OW,Product B0001H29OW,metadata_not_joined,2005-07,2014-03
B0001H4BMU,Product B0001H4BMU,metadata_not_joined,2004-07,2006-06
B0001H9L3O,Product B0001H9L3O,metadata_not_joined,2006-02,2011-10
B0001H9L8O,Product B0001H9L8O,metadata_not_joined,2004-10,2007-01
B0001HA8WW,Product B0001HA8WW,metadata_not_joined,2005-02,2014-06
B0001HAFAW,Product B0001HAFAW,metadata_not_joined,2004-04,2014-06
B0001HCNIE,Product B0001HCNIE,metadata_not_joined,2008-01,2014-06
B0001HKIJK,Product B0001HKIJK,metadata_not_joined,2008-10,2014-04
B0001HKIK4,Product B0001HKIK4,metadata_not_joined,2006-03,2014-06
B0001HKILS,Product B0001HKILS,metadata_not_joined,2010-07,2013-02
B0001HMFIC,Product B0001HMFIC,metadata_not_joined,2007-01,2013-11
B0001HMFKU,Product B0001HMFKU,metadata_not_joined,2008-12,2014-05
B0001HOWTW,Product B0001HOWTW,metadata_not_joined,2010-04,2010-08
B0001HWL9A,Product B0001HWL9A,metadata_not_joined,2010-12,2014-05
B0001HYEJK,Product B0001HYEJK,metadata_not_joined,2008-10,2013-11
B0001I1I0M,Product B0001I1I0M,metadata_not_joined,2004-11,2012-12
B0001I91JM,Product B0001I91JM,metadata_not_joined,2008-05,2009-01
B0001I95CA,Product B0001I95CA,metadata_not_joined,2008-09,2014-06
B0001ILXGQ,Product B0001ILXGQ,metadata_not_joined,2004-03,2010-05
B0001IM95U,Product B0001IM95U,metadata_not_joined,2004-10,2014-06
B0001IVB1S,Product B0001IVB1S,metadata_not_joined,2005-07,2012-09
B0001IXUDK,Product B0001IXUDK,metadata_not_joined,2005-01,2013-01
B0001IXUEE,Product B0001IXUEE,metadata_not_joined,2007-01,2012-02
B0001IXUEY,Product B0001IXUEY,metadata_not_joined,2005-02,2014-06
B0001J3Q9W,Product B0001J3Q9W,metadata_not_joined,2005-07,2010-07
B0001JSSLI,Product B0001JSSLI,metadata_not_joined,2004-12,2009-01
B0001JXAF2,Product B0001JXAF2,metadata_not_joined,2004-04,2007-06
B0001JXAMA,Product B0001JXAMA,metadata_not_joined,2004-07,2012-04
B0001JXAYS,Product B0001JXAYS,metadata_not_joined,2005-04,2006-05
B0001K2JD0,Product B0001K2JD0,metadata_not_joined,2004-05,2013-12
B0001KO7UI,Product B0001KO7UI,metadata_not_joined,2008-07,2014-05
B0001KUD88,Product B0001KUD88,metadata_not_joined,2005-02,2007-02
B0001KVAXU,Product B0001KVAXU,metadata_not_joined,2005-01,2012-11
B0001KWGOW,Product B0001KWGOW,metadata_not_joined,2004-08,2013-10
B0001KWGP6,Product B0001KWGP6,metadata_not_joined,2004-05,2014-07
B0001L10Y8,Product B0001L10Y8,metadata_not_joined,2008-03,2014-04
B0001L1WNC,Product B0001L1WNC,metadata_not_joined,2011-02,2014-01
B0001LCZZQ,Product B0001LCZZQ,metadata_not_joined,2005-03,2011-11
B0001LFRIS,Product B0001LFRIS,metadata_not_joined,2004-04,2013-12
B0001LGXO0,Product B0001LGXO0,metadata_not_joined,2004-08,2009-11
B0001LJ392,Product B0001LJ392,metadata_not_joined,2011-02,2014-07
B0001LRIT4,Product B0001LRIT4,metadata_not_joined,2005-03,2014-06
B0001LS0ZU,Product B0001LS0ZU,metadata_not_joined,2004-09,2013-02
B0001LS12C,Product B0001LS12C,metadata_not_joined,2008-07,2014-07
B0001LS14U,Product B0001LS14U,metadata_not_joined,2006-02,2014-05
B0001LS35M,Product B0001LS35M,metadata_not_joined,2004-10,2014-06
B0001LS35W,Product B0001LS35W,metadata_not_joined,2009-08,2014-07
B0001LS36G,Product B0001LS36G,metadata_not_joined,2007-02,2012-01
B0001LS3EI,Product B0001LS3EI,metadata_not_joined,2007-11,2014-07
B0001LTT5K,Product B0001LTT5K,metadata_not_joined,2004-08,2013-07
B0001LTT64,Product B0001LTT64,metadata_not_joined,2005-11,2013-11
B0001LXQIG,Product B0001LXQIG,metadata_not_joined,2005-05,2010-06
B0001LXQIQ,Product B0001LXQIQ,metadata_not_joined,2004-09,2005-12
B0001M2AVE,Product B0001M2AVE,metadata_not_joined,2004-09,2014-02
B0001M2FVY,Product B0001M2FVY,metadata_not_joined,2008-01,2013-05
B0001M2FW8,Product B0001M2FW8,metadata_not_joined,2004-06,2013-04
B0001M2FZK,Product B0001M2FZK,metadata_not_joined,2005-02,2010-08
B0001M3612,Product B0001M3612,metadata_not_joined,2009-03,2014-06
B0001M3982,Product B0001M3982,metadata_not_joined,2007-04,2010-11
B0001M3MUC,Product B0001M3MUC,metadata_not_joined,2004-06,2006-05
B0001M3MVG,Product B0001M3MVG,metadata_not_joined,2004-08,2012-03
B0001M3N7O,Product B0001M3N7O,metadata_not_joined,2004-05,2014-02
B0001M3N9C,Product B0001M3N9C,metadata_not_joined,2004-06,2013-04
B0001M47F6,Product B0001M47F6,metadata_not_joined,2005-06,2010-11
B0001M47FG,Product B0001M47FG,metadata_not_joined,2006-03,2013-01
B0001M4E72,Product B0001M4E72,metadata_not_joined,2005-07,2014-06
B0001MAB06,Product B0001MAB06,metadata_not_joined,2004-04,2010-11
B0001MALWY,Product B0001MALWY,metadata_not_joined,2005-01,2012-11
B0001MB7RW,Product B0001MB7RW,metadata_not_joined,2008-01,2014-04
B0001MHL0O,Product B0001MHL0O,metadata_not_joined,2005-01,2007-01
B0001MHL0Y,Product B0001MHL0Y,metadata_not_joined,2004-04,2008-05
B0001MHYK6,Product B0001MHYK6,metadata_not_joined,2004-03,2012-07
B0001MHZM8,Product B0001MHZM8,metadata_not_joined,2008-10,2014-04
B0001MKTQC,Product B0001MKTQC,metadata_not_joined,2013-01,2014-03
B0001MKTTE,Product B0001MKTTE,metadata_not_joined,2006-01,2008-12
B0001MKTUS,Product B0001MKTUS,metadata_not_joined,2005-11,2014-01
B0001MKTZS,Product B0001MKTZS,metadata_not_joined,2005-09,2014-07
B0001MKU2U,Product B0001MKU2U,metadata_not_joined,2004-12,2005-04
B0001MKU48,Product B0001MKU48,metadata_not_joined,2005-06,2014-07
B0001MKU52,Product B0001MKU52,metadata_not_joined,2004-08,2005-04
B0001MKU6G,Product B0001MKU6G,metadata_not_joined,2006-03,2013-05
B0001ML86C,Product B0001ML86C,metadata_not_joined,2004-11,2012-12
B0001ML86M,Product B0001ML86M,metadata_not_joined,2004-06,2008-08
B0001MMH8K,Product B0001MMH8K,metadata_not_joined,2004-09,2005-01
B0001MMH8U,Product B0001MMH8U,metadata_not_joined,2004-09,2007-11
B0001MMH9E,Product B0001MMH9E,metadata_not_joined,2004-11,2014-07
B0001MQSB2,Product B0001MQSB2,metadata_not_joined,2006-04,2014-06
B0001MQUNS,Product B0001MQUNS,metadata_not_joined,2009-09,2014-07
B0001MQUO2,Product B0001MQUO2,metadata_not_joined,2009-12,2014-06
B0001MQUOC,Product B0001MQUOC,metadata_not_joined,2009-03,2014-07
B0001MQUOM,Product B0001MQUOM,metadata_not_joined,2010-01,2014-06
B0001MQURE,Product B0001MQURE,metadata_not_joined,2004-08,2013-01
B0001MVKO2,Product B0001MVKO2,metadata_not_joined,2004-09,2011-11
B0001MZ88G,Product B0001MZ88G,metadata_not_joined,2004-05,2005-06
B0001N3ZRQ,Product B0001N3ZRQ,metadata_not_joined,2005-08,2014-06
B0001N6LCM,Product B0001N6LCM,metadata_not_joined,2004-07,2014-06
B0001NA3L2,Product B0001NA3L2,metadata_not_joined,2004-06,2008-08
B0001NA3S0,Product B0001NA3S0,metadata_not_joined,2004-08,2008-09
B0001NBHMQ,Product B0001NBHMQ,metadata_not_joined,2004-12,2009-12
B0001NE53Y,Product B0001NE53Y,metadata_not_joined,2007-01,2011-07
B0001NMGY4,Product B0001NMGY4,metadata_not_joined,2011-09,2013-08
B0001NNLHK,Product B0001NNLHK,metadata_not_joined,2004-09,2013-12
B0001NNLI4,Product B0001NNLI4,metadata_not_joined,2005-12,2007-06
B0001NYJ58,Product B0001NYJ58,metadata_not_joined,2005-09,2010-10
B0001NYK20,Product B0001NYK20,metadata_not_joined,2005-11,2007-09
B0001NZWXQ,Product B0001NZWXQ,metadata_not_joined,2005-01,2006-10
B0001NZXHQ,Product B0001NZXHQ,metadata_not_joined,2004-11,2013-06
B0001OH8PU,Product B0001OH8PU,metadata_not_joined,2004-07,2009-06
B0001OHH0Q,Product B0001OHH0Q,metadata_not_joined,2006-05,2014-06
B0001OHH5G,Product B0001OHH5G,metadata_not_joined,2005-02,2014-06
B0001OQTLY,Product B0001OQTLY,metadata_not_joined,2006-02,2014-01
B0001OTBUK,Product B0001OTBUK,metadata_not_joined,2005-09,2013-03
B0001OTLXC,Product B0001OTLXC,metadata_not_joined,2004-12,2007-06
B0001OY2V8,Product B0001OY2V8,metadata_not_joined,2004-05,2010-10
B0001OY2VS,Product B0001OY2VS,metadata_not_joined,2005-03,2010-04
B0001OY2W2,Product B0001OY2W2,metadata_not_joined,2005-03,2007-05
B0001OYMFO,Product B0001OYMFO,metadata_not_joined,2005-03,2014-01
B0001OYZTC,Product B0001OYZTC,metadata_not_joined,2006-05,2013-11
B0001OZ2K8,Product B0001OZ2K8,metadata_not_joined,2009-05,2014-06
B0001P4V36,Product B0001P4V36,metadata_not_joined,2005-07,2013-07
B0001PBJMW,Product B0001PBJMW,metadata_not_joined,2007-05,2014-02
B0001PBLA2,Product B0001PBLA2,metadata_not_joined,2005-03,2007-01
B0001PFO1O,Product B0001PFO1O,metadata_not_joined,2007-05,2014-07
B0001PFO3C,Product B0001PFO3C,metadata_not_joined,2004-06,2009-07
B0001PFO5U,Product B0001PFO5U,metadata_not_joined,2005-02,2013-05
B0001PFPZ4,Product B0001PFPZ4,metadata_not_joined,2013-01,2014-05
B0001PFQ08,Product B0001PFQ08,metadata_not_joined,2004-06,2013-10
B0001PFQ76,Product B0001PFQ76,metadata_not_joined,2004-06,2005-03
B0001PFQ7G,Product B0001PFQ7G,metadata_not_joined,2004-06,2013-02
B0001PFQAI,Product B0001PFQAI,metadata_not_joined,2008-08,2014-07
B0001PNKOW,Product B0001PNKOW,metadata_not_joined,2009-08,2014-06
B0001PNLIW,Product B0001PNLIW,metadata_not_joined,2007-05,2013-11
B0001Q2DKS,Product B0001Q2DKS,metadata_not_joined,2009-03,2012-12
B0001QNLVS,Product B0001QNLVS,metadata_not_joined,2007-07,2011-03
B0001R03X6,Product B0001R03X6,metadata_not_joined,2004-06,2006-03
B0001R041M,Product B0001R041M,metadata_not_joined,2005-01,2012-01
B0001R05XE,Product B0001R05XE,metadata_not_joined,2007-05,2013-04
B0001R05XY,Product B0001R05XY,metadata_not_joined,2004-04,2013-12
B0001R05Y8,Product B0001R05Y8,metadata_not_joined,2004-07,2014-02
B0001RM3WU,Product B0001RM3WU,metadata_not_joined,2006-02,2013-04
B0001RM4I8,Product B0001RM4I8,metadata_not_joined,2006-02,2014-02
B0001RM7P8,Product B0001RM7P8,metadata_not_joined,2005-09,2008-02
B0001RM9GA,Product B0001RM9GA,metadata_not_joined,2004-05,2007-10
B0001RMAA0,Product B0001RMAA0,metadata_not_joined,2005-12,2013-04
B0001STIEK,Product B0001STIEK,metadata_not_joined,2004-09,2006-11
B0001STJ6M,Product B0001STJ6M,metadata_not_joined,2007-05,2014-01
B0001TSSM2,Product B0001TSSM2,metadata_not_joined,2011-10,2014-06
B0001TSSNQ,Product B0001TSSNQ,metadata_not_joined,2009-05,2014-07
B0001TST6W,Product B0001TST6W,metadata_not_joined,2009-02,2013-09
B0001U5LW6,Product B0001U5LW6,metadata_not_joined,2008-05,2014-04
B0001U5M48,Product B0001U5M48,metadata_not_joined,2008-10,2014-02
B0001U5MGQ,Product B0001U5MGQ,metadata_not_joined,2011-09,2013-12
B0001U6RNI,Product B0001U6RNI,metadata_not_joined,2004-09,2006-11
B0001UEHHG,Product B0001UEHHG,metadata_not_joined,2007-01,2013-08
B0001UEHI0,Product B0001UEHI0,metadata_not_joined,2005-08,2010-01
B0001UEHJY,Product B0001UEHJY,metadata_not_joined,2004-11,2010-11
B0001UEHOE,Product B0001UEHOE,metadata_not_joined,2004-05,2007-03
B0001UPRNO,Product B0001UPRNO,metadata_not_joined,2010-05,2014-07
B0001UZQWG,Product B0001UZQWG,metadata_not_joined,2006-10,2014-07
B0001V2KS8,Product B0001V2KS8,metadata_not_joined,2008-03,2014-05
B0001V2N62,Product B0001V2N62,metadata_not_joined,2004-06,2013-10
B0001V3AV4,Product B0001V3AV4,metadata_not_joined,2007-08,2014-07
B0001V3AVY,Product B0001V3AVY,metadata_not_joined,2009-06,2014-07
B0001V3IB6,Product B0001V3IB6,metadata_not_joined,2005-07,2014-05
B0001VB1QU,Product B0001VB1QU,metadata_not_joined,2008-03,2013-04
B0001VGFKW,Product B0001VGFKW,metadata_not_joined,2007-01,2014-07
B0001VJ7W0,Product B0001VJ7W0,metadata_not_joined,2009-01,2013-09
B0001VNN6G,Product B0001VNN6G,metadata_not_joined,2004-07,2008-07
B0001VNN6Q,Product B0001VNN6Q,metadata_not_joined,2004-06,2009-01
B0001VQ11U,Product B0001VQ11U,metadata_not_joined,2006-01,2013-04
B0001VQEYY,Product B0001VQEYY,metadata_not_joined,2004-04,2014-04
B0001VWHGS,Product B0001VWHGS,metadata_not_joined,2005-11,2012-08
B0001VWHH2,Product B0001VWHH2,metadata_not_joined,2007-05,2014-07
B0001VWHSQ,Product B0001VWHSQ,metadata_not_joined,2007-05,2013-09
B0001VWHT0,Product B0001VWHT0,metadata_not_joined,2012-11,2014-06
B0001VWILM,Product B0001VWILM,metadata_not_joined,2007-05,2014-07
B0001VWIR6,Product B0001VWIR6,metadata_not_joined,2007-09,2014-07
B0001VWJ8Y,Product B0001VWJ8Y,metadata_not_joined,2007-12,2014-04
B0001VWJIY,Product B0001VWJIY,metadata_not_joined,2004-11,2014-04
B0001VWJJS,Product B0001VWJJS,metadata_not_joined,2006-02,2009-12
B0001W01JC,Product B0001W01JC,metadata_not_joined,2004-04,2006-03
B0001W1I58,Product B0001W1I58,metadata_not_joined,2008-10,2011-09
B0001W7TXI,Product B0001W7TXI,metadata_not_joined,2005-02,2011-06
B0001WC6MW,Product B0001WC6MW,metadata_not_joined,2008-03,2012-11
B0001WE6U2,Product B0001WE6U2,metadata_not_joined,2007-05,2014-07
B0001WN0M2,Product B0001WN0M2,metadata_not_joined,2006-12,2013-10
B0001WV08I,Product B0001WV08I,metadata_not_joined,2005-01,2009-07
B0001WV08S,Product B0001WV08S,metadata_not_joined,2006-01,2011-12
B0001WV6W8,Product B0001WV6W8,metadata_not_joined,2004-07,2009-04
B0001WV6YQ,Product B0001WV6YQ,metadata_not_joined,2004-11,2007-02
B0001WV7EU,Product B0001WV7EU,metadata_not_joined,2004-09,2008-01
B0001WW398,Product B0001WW398,metadata_not_joined,2004-10,2007-11
B0001WW3F2,Product B0001WW3F2,metadata_not_joined,2004-12,2012-05
B0001WXTF0,Product B0001WXTF0,metadata_not_joined,2004-07,2010-07
B0001XAJ70,Product B0001XAJ70,metadata_not_joined,2004-09,2014-04
B0001XE07A,Product B0001XE07A,metadata_not_joined,2005-08,2011-04
B0001XE07K,Product B0001XE07K,metadata_not_joined,2004-06,2007-12
B0001XE0P2,Product B0001XE0P2,metadata_not_joined,2008-01,2014-05
B0001XE0PC,Product B0001XE0PC,metadata_not_joined,2007-12,2013-07
B0001XGQBS,Product B0001XGQBS,metadata_not_joined,2005-10,2014-02
B0001XGQCC,Product B0001XGQCC,metadata_not_joined,2007-02,2010-11
B0001XGQKY,Product B0001XGQKY,metadata_not_joined,2008-01,2014-07
B0001XGQLI,Product B0001XGQLI,metadata_not_joined,2008-02,2013-07
B0001XGQRC,Product B0001XGQRC,metadata_not_joined,2008-07,2014-05
B0001XGQSG,Product B0001XGQSG,metadata_not_joined,2006-09,2013-08
B0001XGQTA,Product B0001XGQTA,metadata_not_joined,2007-02,2014-07
B0001XGQUY,Product B0001XGQUY,metadata_not_joined,2008-04,2009-10
B0001XGQV8,Product B0001XGQV8,metadata_not_joined,2007-04,2014-07
B0001XGQXG,Product B0001XGQXG,metadata_not_joined,2007-04,2014-04
B0001XGR1C,Product B0001XGR1C,metadata_not_joined,2004-12,2014-05
B0001XLS4S,Product B0001XLS4S,metadata_not_joined,2004-08,2005-07
B0001XO674,Product B0001XO674,metadata_not_joined,2008-05,2014-05
B0001XU8BW,Product B0001XU8BW,metadata_not_joined,2006-03,2014-07
B0001XX0NU,Product B0001XX0NU,metadata_not_joined,2007-11,2014-07
B0001XX0PS,Product B0001XX0PS,metadata_not_joined,2005-10,2007-10
B0001Y0OY2,Product B0001Y0OY2,metadata_not_joined,2009-08,2014-06
B0001Y56RM,Product B0001Y56RM,metadata_not_joined,2007-03,2014-03
B0001Y6J14,Product B0001Y6J14,metadata_not_joined,2012-05,2014-06
B0001Y7PSK,Product B0001Y7PSK,metadata_not_joined,2005-06,2008-08
B0001Y7T5Y,Product B0001Y7T5Y,metadata_not_joined,2007-11,2014-06
B0001Y7UAI,Product B0001Y7UAI,metadata_not_joined,2007-01,2014-07
B0001Y7Z4Y,Product B0001Y7Z4Y,metadata_not_joined,2007-12,2014-07
B0001Y9UEW,Product B0001Y9UEW,metadata_not_joined,2004-10,2013-05
B0001YAPL4,Product B0001YAPL4,metadata_not_joined,2006-08,2011-05
B0001YEOCU,Product B0001YEOCU,metadata_not_joined,2005-12,2014-06
B0001YFW1C,Product B0001YFW1C,metadata_not_joined,2008-03,2014-06
B0001YFW94,Product B0001YFW94,metadata_not_joined,2004-12,2008-06
B0001YFX0C,Product B0001YFX0C,metadata_not_joined,2004-07,2005-03
B0001YFX34,Product B0001YFX34,metadata_not_joined,2004-08,2005-04
B0001YFX52,Product B0001YFX52,metadata_not_joined,2004-05,2004-08
B0001YFX7U,Product B0001YFX7U,metadata_not_joined,2004-08,2008-08
B0001YFXCA,Product B0001YFXCA,metadata_not_joined,2004-07,2009-06
B0001YFXMA,Product B0001YFXMA,metadata_not_joined,2004-08,2005-04
B0001YFZ2I,Product B0001YFZ2I,metadata_not_joined,2004-12,2009-04
B0001YFZ46,Product B0001YFZ46,metadata_not_joined,2004-06,2009-09
B0001YFZMI,Product B0001YFZMI,metadata_not_joined,2004-06,2005-02
B0001YGIB0,Product B0001YGIB0,metadata_not_joined,2004-07,2012-01
B0001YH7JW,Product B0001YH7JW,metadata_not_joined,2010-06,2012-12
B0001YIMAA,Product B0001YIMAA,metadata_not_joined,2011-04,2013-12
B0001YXWLE,Product B0001YXWLE,metadata_not_joined,2005-05,2010-05
B0001YXWVO,Product B0001YXWVO,metadata_not_joined,2005-06,2012-12
B0001YYNMQ,Product B0001YYNMQ,metadata_not_joined,2004-07,2006-07
B0001YYP60,Product B0001YYP60,metadata_not_joined,2004-07,2004-12
B0001Z99T2,Product B0001Z99T2,metadata_not_joined,2008-08,2010-09
B0001ZA4PA,Product B0001ZA4PA,metadata_not_joined,2005-03,2014-07
B0001ZMGRE,Product B0001ZMGRE,metadata_not_joined,2009-09,2013-10
B0001ZRLRE,Product B0001ZRLRE,metadata_not_joined,2004-06,2011-08
B0001ZUZR2,Product B0001ZUZR2,metadata_not_joined,2008-09,2014-07
B000203PBY,Product B000203PBY,metadata_not_joined,2004-05,2013-08
B000204SVU,Product B000204SVU,metadata_not_joined,2004-07,2009-01
B000204SWE,Product B000204SWE,metadata_not_joined,2004-07,2014-04
B000205J36,Product B000205J36,metadata_not_joined,2005-04,2008-04
B00020BJA8,Product B00020BJA8,metadata_not_joined,2009-07,2014-07
B00020E4KK,Product B00020E4KK,metadata_not_joined,2005-02,2014-06
B00020E4QO,Product B00020E4QO,metadata_not_joined,2004-07,2012-03
B00020H1TG,Product B00020H1TG,metadata_not_joined,2005-05,2010-01
B00020H2MW,Product B00020H2MW,metadata_not_joined,2010-03,2013-11
B00020KPB2,Product B00020KPB2,metadata_not_joined,2005-07,2014-02
B00020M1U0,Product B00020M1U0,metadata_not_joined,2007-12,2013-06
B00020Q282,Product B00020Q282,metadata_not_joined,2011-01,2012-10
B00020S7XK,Product B00020S7XK,metadata_not_joined,2005-04,2014-07
B00020T522,Product B00020T522,metadata_not_joined,2009-09,2014-04
B00020T5LS,Product B00020T5LS,metadata_not_joined,2006-10,2010-04
B00020VX8Q,Product B00020VX8Q,metadata_not_joined,2006-02,2008-12
B000213ZFE,Product B000213ZFE,metadata_not_joined,2011-02,2014-04
B000219896,Product B000219896,metadata_not_joined,2004-04,2014-07
B00021BYZC,Product B00021BYZC,metadata_not_joined,2004-07,2006-06
B00021EE4U,Product B00021EE4U,metadata_not_joined,2005-12,2014-06
B00021EE7W,Product B00021EE7W,metadata_not_joined,2005-03,2014-07
B00021LJ9I,Product B00021LJ9I,metadata_not_joined,2004-05,2011-11
B00021OCQU,Product B00021OCQU,metadata_not_joined,2006-05,2011-04
B00021OCRE,Product B00021OCRE,metadata_not_joined,2006-12,2010-08
B00021OCRO,Product B00021OCRO,metadata_not_joined,2006-02,2013-12
B00021PJ26,Product B00021PJ26,metadata_not_joined,2011-07,2014-03
B00021TMWE,Product B00021TMWE,metadata_not_joined,2008-11,2013-10
B00021UJ62,Product B00021UJ62,metadata_not_joined,2004-08,2014-03
B00021XHY8,Product B00021XHY8,metadata_not_joined,2010-04,2012-12
B00021XIJW,Product B00021XIJW,metadata_not_joined,2004-07,2013-10
B00021XPZE,Product B00021XPZE,metadata_not_joined,2005-05,2014-06
B00021XQGC,Product B00021XQGC,metadata_not_joined,2006-06,2012-10
B00021XQI0,Product B00021XQI0,metadata_not_joined,2004-10,2006-10
B00021XQIA,Product B00021XQIA,metadata_not_joined,2004-12,2009-05
B00021XQIK,Product B00021XQIK,metadata_not_joined,2004-07,2012-07
B00021Z97Q,Product B00021Z97Q,metadata_not_joined,2004-10,2008-03
B00021Z98A,Product B00021Z98A,metadata_not_joined,2004-07,2009-09
B00021ZVL0,Product B00021ZVL0,metadata_not_joined,2004-06,2007-05
B000220DCG,Product B000220DCG,metadata_not_joined,2004-08,2013-07
B000220NDK,Product B000220NDK,metadata_not_joined,2006-04,2011-09
B0002229JQ,Product B0002229JQ,metadata_not_joined,2004-05,2013-12
B000222YR8,Product B000222YR8,metadata_not_joined,2007-01,2013-06
B000227PLS,Product B000227PLS,metadata_not_joined,2005-07,2014-07
B00022ADWG,Product B00022ADWG,metadata_not_joined,2004-05,2005-01
B00022ADXK,Product B00022ADXK,metadata_not_joined,2004-06,2005-01
B00022AH6I,Product B00022AH6I,metadata_not_joined,2004-08,2011-04
B00022AVDM,Product B00022AVDM,metadata_not_joined,2004-12,2014-02
B00022EWLE,Product B00022EWLE,metadata_not_joined,2006-03,2010-05
B00022HXOW,Product B00022HXOW,metadata_not_joined,2004-06,2009-02
B00022HY7S,Product B00022HY7S,metadata_not_joined,2004-05,2008-11
B00022K2WW,Product B00022K2WW,metadata_not_joined,2005-09,2012-10
B00022KJ84,Product B00022KJ84,metadata_not_joined,2011-04,2014-03
B00022KOUC,Product B00022KOUC,metadata_not_joined,2006-11,2009-06
B00022KOWU,Product B00022KOWU,metadata_not_joined,2008-12,2014-06
B00022LD7K,Product B00022LD7K,metadata_not_joined,2011-03,2014-02
B00022OAFM,Product B00022OAFM,metadata_not_joined,2007-02,2014-07
B00022OAH0,Product B00022OAH0,metadata_not_joined,2005-03,2014-03
B00022OB88,Product B00022OB88,metadata_not_joined,2008-03,2014-06
B00022OBD8,Product B00022OBD8,metadata_not_joined,2007-02,2014-03
B00022OBO2,Product B00022OBO2,metadata_not_joined,2007-04,2014-07
B00022OBOC,Product B00022OBOC,metadata_not_joined,2009-04,2014-07
B00022OBOM,Product B00022OBOM,metadata_not_joined,2010-08,2014-07
B00022OBRE,Product B00022OBRE,metadata_not_joined,2010-03,2014-04
B00022OBUQ,Product B00022OBUQ,metadata_not_joined,2008-11,2014-01
B00022OBYW,Product B00022OBYW,metadata_not_joined,2009-03,2013-10
B00022OCCI,Product B00022OCCI,metadata_not_joined,2008-09,2014-07
B00022PUDI,Product B00022PUDI,metadata_not_joined,2004-10,2007-07
B00022RV8K,Product B00022RV8K,metadata_not_joined,2004-12,2005-06
B00022RV9E,Product B00022RV9E,metadata_not_joined,2006-03,2012-11
B00022TN36,Product B00022TN36,metadata_not_joined,2007-03,2014-04
B00022TN7C,Product B00022TN7C,metadata_not_joined,2004-08,2006-08
B00022TN86,Product B00022TN86,metadata_not_joined,2007-08,2014-03
B00022TN9A,Product B00022TN9A,metadata_not_joined,2005-01,2009-08
B00022TNF4,Product B00022TNF4,metadata_not_joined,2004-11,2005-03
B00022TNHM,Product B00022TNHM,metadata_not_joined,2006-11,2013-03
B00022V29E,Product B00022V29E,metadata_not_joined,2010-10,2013-03
B00022VBAE,Product B00022VBAE,metadata_not_joined,2005-07,2014-07
B00022VBEU,Product B00022VBEU,metadata_not_joined,2005-03,2011-02
B00022VZ0K,Product B00022VZ0K,metadata_not_joined,2005-05,2014-07
B00022VZ0U,Product B00022VZ0U,metadata_not_joined,2004-12,2012-12
B00022VZ1O,Product B00022VZ1O,metadata_not_joined,2004-12,2012-09
B000230L3G,Product B000230L3G,metadata_not_joined,2007-01,2013-04
B000230LJK,Product B000230LJK,metadata_not_joined,2011-03,2014-07
B000230LLS,Product B000230LLS,metadata_not_joined,2010-10,2014-03
B000230LN6,Product B000230LN6,metadata_not_joined,2009-06,2013-08
B000231D1K,Product B000231D1K,metadata_not_joined,2004-09,2013-02
B0002325XK,Product B0002325XK,metadata_not_joined,2004-11,2006-01
B000233T80,Product B000233T80,metadata_not_joined,2004-09,2013-05
B000233WJ6,Product B000233WJ6,metadata_not_joined,2007-08,2014-07
B000233XTA,Product B000233XTA,metadata_not_joined,2009-04,2014-04
B000233YDK,Product B000233YDK,metadata_not_joined,2004-08,2010-02
B000233ZMU,Product B000233ZMU,metadata_not_joined,2008-03,2014-07
B000233ZY8,Product B000233ZY8,metadata_not_joined,2010-02,2013-06
B00023431M,Product B00023431M,metadata_not_joined,2005-12,2011-07
B00023433U,Product B00023433U,metadata_not_joined,2006-12,2014-07
B0002343AS,Product B0002343AS,metadata_not_joined,2008-03,2014-06
B000234498,Product B000234498,metadata_not_joined,2007-02,2014-02
B0002344GG,Product B0002344GG,metadata_not_joined,2006-02,2014-07
B000234I5I,Product B000234I5I,metadata_not_joined,2008-01,2013-12
B000234I6C,Product B000234I6C,metadata_not_joined,2009-04,2014-07
B000234LBE,Product B000234LBE,metadata_not_joined,2009-08,2014-02
B000234N0S,Product B000234N0S,metadata_not_joined,2006-08,2012-06
B000234TYI,Product B000234TYI,metadata_not_joined,2006-01,2014-07
B000234U3I,Product B000234U3I,metadata_not_joined,2005-06,2012-12
B000234UCE,Product B000234UCE,metadata_not_joined,2007-02,2013-04
B000234UPQ,Product B000234UPQ,metadata_not_joined,2005-10,2011-05
B000234UQA,Product B000234UQA,metadata_not_joined,2011-01,2013-12
B000234UYC,Product B000234UYC,metadata_not_joined,2008-12,2009-08
B000234VZK,Product B000234VZK,metadata_not_joined,2008-12,2013-10
B000234VZU,Product B000234VZU,metadata_not_joined,2009-06,2014-01
B000234W04,Product B000234W04,metadata_not_joined,2011-01,2014-05
B000234W0E,Product B000234W0E,metadata_not_joined,2010-07,2013-08
B000234W0O,Product B000234W0O,metadata_not_joined,2011-05,2013-03
B000234W0Y,Product B000234W0Y,metadata_not_joined,2011-06,2013-11
B0002375F8,Product B0002375F8,metadata_not_joined,2005-10,2014-07
B0002376KW,Product B0002376KW,metadata_not_joined,2007-11,2014-04
B0002379UO,Product B0002379UO,metadata_not_joined,2008-09,2014-05
B000237AMQ,Product B000237AMQ,metadata_not_joined,2007-07,2014-03
B000237C9M,Product B000237C9M,metadata_not_joined,2012-04,2014-07
B00023C6SE,Product B00023C6SE,metadata_not_joined,2005-08,2012-06
B00023CDL4,Product B00023CDL4,metadata_not_joined,2004-08,2005-05
B00023CJI6,Product B00023CJI6,metadata_not_joined,2008-02,2013-12
B00023JE02,Product B00023JE02,metadata_not_joined,2009-09,2014-05
B00023JE7U,Product B00023JE7U,metadata_not_joined,2011-04,2014-03
B00023JJV6,Product B00023JJV6,metadata_not_joined,2005-03,2014-04
B00023KG40,Product B00023KG40,metadata_not_joined,2005-11,2014-07
B00023KG4U,Product B00023KG4U,metadata_not_joined,2007-06,2011-12
B00023MEL8,Product B00023MEL8,metadata_not_joined,2005-09,2013-01
B00023NDLS,Product B00023NDLS,metadata_not_joined,2005-02,2014-05
B00023NFCA,Product B00023NFCA,metadata_not_joined,2004-11,2013-02
B00023XDYA,Product B00023XDYA,metadata_not_joined,2005-05,2013-04
B000243DNA,Product B000243DNA,metadata_not_joined,2005-01,2014-04
B000243DOE,Product B000243DOE,metadata_not_joined,2005-03,2007-02
B000246SHI,Product B000246SHI,metadata_not_joined,2008-03,2009-10
B000246ST6,Product B000246ST6,metadata_not_joined,2008-03,2014-07
B000246TJK,Product B000246TJK,metadata_not_joined,2011-11,2014-03
B000246U1C,Product B000246U1C,metadata_not_joined,2005-08,2013-01
B000246UL2,Product B000246UL2,metadata_not_joined,2005-12,2014-05
B000246USU,Product B000246USU,metadata_not_joined,2005-04,2014-04
B000246WNI,Product B000246WNI,metadata_not_joined,2005-03,2009-08
B0002472FK,Product B0002472FK,metadata_not_joined,2004-06,2005-07
B0002472QE,Product B0002472QE,metadata_not_joined,2004-11,2006-01
B0002472X2,Product B0002472X2,metadata_not_joined,2007-01,2013-10
B0002473GS,Product B0002473GS,metadata_not_joined,2005-10,2008-02
B0002474VM,Product B0002474VM,metadata_not_joined,2010-05,2014-03
B000247YKS,Product B000247YKS,metadata_not_joined,2012-01,2014-02
B000247YLC,Product B000247YLC,metadata_not_joined,2007-02,2014-02
B00024BK2G,Product B00024BK2G,metadata_not_joined,2007-10,2013-05
B00024DIDK,Product B00024DIDK,metadata_not_joined,2005-09,2014-04
B00024ENES,Product B00024ENES,metadata_not_joined,2005-08,2014-07
B00024ENWU,Product B00024ENWU,metadata_not_joined,2008-01,2014-02
B00024ENYI,Product B00024ENYI,metadata_not_joined,2005-01,2014-04
B00024JN3Y,Product B00024JN3Y,metadata_not_joined,2008-01,2014-07
B00024L6P2,Product B00024L6P2,metadata_not_joined,2005-05,2010-03
B00024L6SY,Product B00024L6SY,metadata_not_joined,2005-11,2012-09
B00024MI8G,Product B00024MI8G,metadata_not_joined,2004-12,2009-01
B00024VT6I,Product B00024VT6I,metadata_not_joined,2007-02,2010-06
B00024VTAE,Product B00024VTAE,metadata_not_joined,2004-08,2007-01
B00024VTKE,Product B00024VTKE,metadata_not_joined,2004-10,2014-02
B00024VU5I,Product B00024VU5I,metadata_not_joined,2007-03,2014-05
B0002553J6,Product B0002553J6,metadata_not_joined,2004-09,2013-12
B0002553PA,Product B0002553PA,metadata_not_joined,2004-09,2008-07
B000255I8W,Product B000255I8W,metadata_not_joined,2004-12,2010-03
B000256R9G,Product B000256R9G,metadata_not_joined,2005-12,2014-07
B00025742A,Product B00025742A,metadata_not_joined,2005-03,2014-07
B0002593WY,Product B0002593WY,metadata_not_joined,2005-05,2007-08
B00025HBPU,Product B00025HBPU,metadata_not_joined,2008-03,2014-06
B00025HDK8,Product B00025HDK8,metadata_not_joined,2010-01,2014-06
B00025LDLS,Product B00025LDLS,metadata_not_joined,2007-08,2014-02
B00025O7FC,Product B00025O7FC,metadata_not_joined,2004-11,2014-01
B00025O7LQ,Product B00025O7LQ,metadata_not_joined,2006-11,2012-10
B00025O87Y,Product B00025O87Y,metadata_not_joined,2011-11,2014-02
B00025XGMC,Product B00025XGMC,metadata_not_joined,2008-06,2013-08
B000261N6M,Product B000261N6M,metadata_not_joined,2006-03,2014-05
B000266VUU,Product B000266VUU,metadata_not_joined,2004-09,2010-05
B00026BMBS,Product B00026BMBS,metadata_not_joined,2007-05,2013-03
B00026BOFW,Product B00026BOFW,metadata_not_joined,2010-11,2013-08
B00026BQJ6,Product B00026BQJ6,metadata_not_joined,2005-10,2014-05
B00026BXQ2,Product B00026BXQ2,metadata_not_joined,2006-01,2009-12
B00026C4GA,Product B00026C4GA,metadata_not_joined,2008-12,2014-03
B00026C9II,Product B00026C9II,metadata_not_joined,2009-04,2011-10
B00026CAZ0,Product B00026CAZ0,metadata_not_joined,2007-04,2009-10
B00026HZ1E,Product B00026HZ1E,metadata_not_joined,2007-04,2013-03
B00026IB26,Product B00026IB26,metadata_not_joined,2006-03,2013-08
B00026ID5Q,Product B00026ID5Q,metadata_not_joined,2006-01,2014-04
B00026IN1U,Product B00026IN1U,metadata_not_joined,2004-08,2005-06
B00026KYFS,Product B00026KYFS,metadata_not_joined,2005-09,2014-07
B00026MSPC,Product B00026MSPC,metadata_not_joined,2006-06,2012-12
B00026VT7K,Product B00026VT7K,metadata_not_joined,2004-12,2006-07
B00026WRFI,Product B00026WRFI,metadata_not_joined,2004-08,2007-01
B00026Z9CQ,Product B00026Z9CQ,metadata_not_joined,2006-03,2013-03
B000270QFK,Product B000270QFK,metadata_not_joined,2005-09,2008-01
B000271NFW,Product B000271NFW,metadata_not_joined,2007-11,2014-03
B000271NG6,Product B000271NG6,metadata_not_joined,2005-10,2012-02
B000271OWO,Product B000271OWO,metadata_not_joined,2010-02,2014-06
B000271OX8,Product B000271OX8,metadata_not_joined,2008-11,2014-05
B000278KJY,Product B000278KJY,metadata_not_joined,2005-05,2014-04
B000278KKI,Product B000278KKI,metadata_not_joined,2004-07,2011-03
B000278KLW,Product B000278KLW,metadata_not_joined,2004-07,2012-01
B000279516,Product B000279516,metadata_not_joined,2010-07,2014-01
B00027951G,Product B00027951G,metadata_not_joined,2011-02,2014-06
B00027951Q,Product B00027951Q,metadata_not_joined,2007-02,2010-06
B00027BTAQ,Product B00027BTAQ,metadata_not_joined,2008-02,2013-07
B00027BW9Y,Product B00027BW9Y,metadata_not_joined,2010-01,2013-11
B00027IOI6,Product B00027IOI6,metadata_not_joined,2004-09,2006-09
B00027X2YM,Product B00027X2YM,metadata_not_joined,2005-01,2014-06
B0002805TG,Product B0002805TG,metadata_not_joined,2004-06,2013-04
B000281WCU,Product B000281WCU,metadata_not_joined,2011-05,2014-07
B000281WDE,Product B000281WDE,metadata_not_joined,2011-08,2014-05
B000281X6A,Product B000281X6A,metadata_not_joined,2011-12,2013-12
B000281X6U,Product B000281X6U,metadata_not_joined,2009-05,2014-04
B000281XAG,Product B000281XAG,metadata_not_joined,2005-11,2013-10
B000281XGK,Product B000281XGK,metadata_not_joined,2006-09,2013-07
B0002821W0,Product B0002821W0,metadata_not_joined,2004-10,2008-08
B0002821X4,Product B0002821X4,metadata_not_joined,2008-02,2014-05
B0002855FA,Product B0002855FA,metadata_not_joined,2010-06,2013-05
B0002855KK,Product B0002855KK,metadata_not_joined,2009-03,2014-04
B000285A1O,Product B000285A1O,metadata_not_joined,2005-01,2006-06
B0002861MG,Product B0002861MG,metadata_not_joined,2010-09,2014-04
B0002861MQ,Product B0002861MQ,metadata_not_joined,2011-10,2014-01
B0002861N0,Product B0002861N0,metadata_not_joined,2007-10,2013-01
B0002887Z0,Product B0002887Z0,metadata_not_joined,2007-01,2013-10
B000288I4U,Product B000288I4U,metadata_not_joined,2006-09,2008-01
B000289WOU,Product B000289WOU,metadata_not_joined,2006-07,2014-05
B00028A1Z4,Product B00028A1Z4,metadata_not_joined,2009-05,2014-07
B00028CAIK,Product B00028CAIK,metadata_not_joined,2012-02,2014-06
B00028CAJE,Product B00028CAJE,metadata_not_joined,2007-09,2008-04
B00028CAL2,Product B00028CAL2,metadata_not_joined,2004-10,2006-08
B00028CAXA,Product B00028CAXA,metadata_not_joined,2004-07,2006-07
B00028CB8O,Product B00028CB8O,metadata_not_joined,2009-06,2013-04
B00028CECM,Product B00028CECM,metadata_not_joined,2004-06,2008-04
B00028D778,Product B00028D778,metadata_not_joined,2005-02,2014-04
B00028DAKC,Product B00028DAKC,metadata_not_joined,2009-03,2014-07
B00028DAKM,Product B00028DAKM,metadata_not_joined,2009-11,2014-01
B00028DAKW,Product B00028DAKW,metadata_not_joined,2007-02,2013-04
B00028DJTY,Product B00028DJTY,metadata_not_joined,2004-08,2006-07
B00028DM96,Product B00028DM96,metadata_not_joined,2004-12,2014-05
B00028JH9U,Product B00028JH9U,metadata_not_joined,2008-09,2012-12
B00028ONIA,Product B00028ONIA,metadata_not_joined,2006-10,2014-07
B00028OP2Y,Product B00028OP2Y,metadata_not_joined,2009-11,2014-07
B00028SPN4,Product B00028SPN4,metadata_not_joined,2007-10,2013-09
B00028VKLI,Product B00028VKLI,metadata_not_joined,2008-04,2014-06
B00028Y826,Product B00028Y826,metadata_not_joined,2004-07,2011-05
B00028Y8JE,Product B00028Y8JE,metadata_not_joined,2007-02,2007-11
B000290ZFY,Product B000290ZFY,metadata_not_joined,2004-12,2006-01
B000292DNQ,Product B000292DNQ,metadata_not_joined,2010-03,2014-04
B000292DO0,Product B000292DO0,metadata_not_joined,2008-08,2014-07
B0002935BA,Product B0002935BA,metadata_not_joined,2010-06,2014-05
B000294HDK,Product B000294HDK,metadata_not_joined,2005-05,2006-12
B000299EH4,Product B000299EH4,metadata_not_joined,2004-06,2004-12
B00029BQ9S,Product B00029BQ9S,metadata_not_joined,2004-08,2005-12
B00029HOCG,Product B00029HOCG,metadata_not_joined,2009-01,2014-02
B00029IY8O,Product B00029IY8O,metadata_not_joined,2005-07,2007-01
B00029IYUM,Product B00029IYUM,metadata_not_joined,2010-01,2014-07
B00029J1JU,Product B00029J1JU,metadata_not_joined,2006-05,2014-02
B00029J1OU,Product B00029J1OU,metadata_not_joined,2006-10,2014-05
B00029TN9S,Product B00029TN9S,metadata_not_joined,2004-08,2008-07
B00029U0X6,Product B00029U0X6,metadata_not_joined,2008-02,2010-11
B00029U0XQ,Product B00029U0XQ,metadata_not_joined,2007-06,2009-01
B00029U0YK,Product B00029U0YK,metadata_not_joined,2006-03,2013-03
B00029U13A,Product B00029U13A,metadata_not_joined,2004-11,2010-07
B00029U1DK,Product B00029U1DK,metadata_not_joined,2005-01,2014-07
B00029UAJ0,Product B00029UAJ0,metadata_not_joined,2007-05,2009-12
B00029X1KU,Product B00029X1KU,metadata_not_joined,2012-12,2014-07
B00029X1LO,Product B00029X1LO,metadata_not_joined,2010-12,2014-07
B00029X1MI,Product B00029X1MI,metadata_not_joined,2010-07,2014-06
B00029X1NW,Product B00029X1NW,metadata_not_joined,2012-04,2013-12
B00029X1O6,Product B00029X1O6,metadata_not_joined,2010-02,2014-07
B00029X21S,Product B00029X21S,metadata_not_joined,2007-12,2013-05
B0002A0206,Product B0002A0206,metadata_not_joined,2004-08,2008-12
B0002A0C92,Product B0002A0C92,metadata_not_joined,2005-01,2013-12
B0002A4M4I,Product B0002A4M4I,metadata_not_joined,2007-05,2014-07
B0002A6XCW,Product B0002A6XCW,metadata_not_joined,2004-07,2008-12
B0002A6YVC,Product B0002A6YVC,metadata_not_joined,2004-11,2009-11
B0002A9RFM,Product B0002A9RFM,metadata_not_joined,2007-01,2014-07
B0002A9SJ2,Product B0002A9SJ2,metadata_not_joined,2004-11,2014-06
B0002A9TD2,Product B0002A9TD2,metadata_not_joined,2009-05,2013-12
B0002A9TKA,Product B0002A9TKA,metadata_not_joined,2008-06,2013-11
B0002A9U7M,Product B0002A9U7M,metadata_not_joined,2005-05,2014-07
B0002ABNUO,Product B0002ABNUO,metadata_not_joined,2009-08,2012-09
B0002AFTD6,Product B0002AFTD6,metadata_not_joined,2011-02,2014-07
B0002AFTDQ,Product B0002AFTDQ,metadata_not_joined,2011-09,2014-04
B0002AFU4E,Product B0002AFU4E,metadata_not_joined,2006-02,2007-10
B0002AHQKU,Product B0002AHQKU,metadata_not_joined,2004-11,2013-06
B0002AHQL4,Product B0002AHQL4,metadata_not_joined,2004-09,2007-08
B0002AHQM8,Product B0002AHQM8,metadata_not_joined,2004-10,2013-07
B0002AHRVI,Product B0002AHRVI,metadata_not_joined,2004-11,2010-08
B0002AHS12,Product B0002AHS12,metadata_not_joined,2005-02,2011-05
B0002AHT0M,Product B0002AHT0M,metadata_not_joined,2007-02,2014-07
B0002AKX6Y,Product B0002AKX6Y,metadata_not_joined,2009-03,2014-07
B0002ALDKO,Product B0002ALDKO,metadata_not_joined,2007-11,2013-10
B0002ALDRC,Product B0002ALDRC,metadata_not_joined,2007-10,2012-08
B0002ARK2O,Product B0002ARK2O,metadata_not_joined,2004-07,2014-05
B0002ATWPW,Product B0002ATWPW,metadata_not_joined,2006-01,2014-03
B0002AZNKA,Product B0002AZNKA,metadata_not_joined,2004-07,2013-04
B0002B0PV6,Product B0002B0PV6,metadata_not_joined,2012-11,2014-06
B0002B807W,Product B0002B807W,metadata_not_joined,2004-10,2005-12
B0002B8180,Product B0002B8180,metadata_not_joined,2011-04,2014-06
B0002BA570,Product B0002BA570,metadata_not_joined,2009-09,2014-07
B0002BA57A,Product B0002BA57A,metadata_not_joined,2007-04,2014-06
B0002BA58O,Product B0002BA58O,metadata_not_joined,2008-08,2013-10
B0002BAN2W,Product B0002BAN2W,metadata_not_joined,2004-08,2006-10
B0002BAU84,Product B0002BAU84,metadata_not_joined,2010-10,2014-07
B0002BBP7Y,Product B0002BBP7Y,metadata_not_joined,2011-07,2014-07
B0002BBQMI,Product B0002BBQMI,metadata_not_joined,2008-03,2013-12
B0002BEP1C,Product B0002BEP1C,metadata_not_joined,2011-07,2014-01
B0002BEPH6,Product B0002BEPH6,metadata_not_joined,2010-04,2014-02
B0002BEPJY,Product B0002BEPJY,metadata_not_joined,2008-06,2014-07
B0002BEPRQ,Product B0002BEPRQ,metadata_not_joined,2011-11,2014-04
B0002BEPU8,Product B0002BEPU8,metadata_not_joined,2010-03,2014-07
B0002BEPWQ,Product B0002BEPWQ,metadata_not_joined,2011-07,2014-07
B0002BEQAM,Product B0002BEQAM,metadata_not_joined,2010-06,2014-07
B0002BEQJ8,Product B0002BEQJ8,metadata_not_joined,2008-10,2014-07
B0002BEQKM,Product B0002BEQKM,metadata_not_joined,2011-05,2014-05
B0002BEQL6,Product B0002BEQL6,metadata_not_joined,2011-11,2014-05
B0002BEQN4,Product B0002BEQN4,metadata_not_joined,2009-12,2014-07
B0002BEQNE,Product B0002BEQNE,metadata_not_joined,2009-04,2014-07
B0002BEQWK,Product B0002BEQWK,metadata_not_joined,2011-09,2014-04
B0002BESFA,Product B0002BESFA,metadata_not_joined,2011-12,2014-02
B0002BESI2,Product B0002BESI2,metadata_not_joined,2009-08,2014-06
B0002BESIM,Product B0002BESIM,metadata_not_joined,2011-02,2014-05
B0002BESTQ,Product B0002BESTQ,metadata_not_joined,2011-03,2014-07
B0002BETIG,Product B0002BETIG,metadata_not_joined,2009-08,2014-06
B0002BETIQ,Product B0002BETIQ,metadata_not_joined,2010-06,2014-05
B0002BETKY,Product B0002BETKY,metadata_not_joined,2013-03,2014-05
B0002BETW2,Product B0002BETW2,metadata_not_joined,2013-02,2014-04
B0002BEUBW,Product B0002BEUBW,metadata_not_joined,2009-06,2014-02
B0002BEUYO,Product B0002BEUYO,metadata_not_joined,2009-07,2014-05
B0002BEUZ8,Product B0002BEUZ8,metadata_not_joined,2011-06,2014-06
B0002BEUZS,Product B0002BEUZS,metadata_not_joined,2011-04,2013-08
B0002BEV7A,Product B0002BEV7A,metadata_not_joined,2007-06,2014-07
B0002BEV84,Product B0002BEV84,metadata_not_joined,2010-10,2014-06
B0002BEV9S,Product B0002BEV9S,metadata_not_joined,2009-06,2014-05
B0002BEVAC,Product B0002BEVAC,metadata_not_joined,2008-05,2014-04
B0002BEVO8,Product B0002BEVO8,metadata_not_joined,2010-12,2014-06
B0002BEVXY,Product B0002BEVXY,metadata_not_joined,2010-03,2014-07
B0002BEWZQ,Product B0002BEWZQ,metadata_not_joined,2010-03,2014-07
B0002BEX78,Product B0002BEX78,metadata_not_joined,2012-05,2013-05
B0002BEX8W,Product B0002BEX8W,metadata_not_joined,2010-12,2014-07
B0002BEX9Q,Product B0002BEX9Q,metadata_not_joined,2010-06,2014-07
B0002BEXYG,Product B0002BEXYG,metadata_not_joined,2009-09,2014-02
B0002BEY04,Product B0002BEY04,metadata_not_joined,2010-08,2014-07
B0002BEY22,Product B0002BEY22,metadata_not_joined,2011-03,2014-01
B0002BEYIQ,Product B0002BEYIQ,metadata_not_joined,2012-08,2014-02
B0002BF09S,Product B0002BF09S,metadata_not_joined,2009-09,2014-07
B0002BF0DE,Product B0002BF0DE,metadata_not_joined,2009-05,2014-07
B0002BF4J4,Product B0002BF4J4,metadata_not_joined,2012-02,2013-10
B0002BG3SU,Product B0002BG3SU,metadata_not_joined,2007-08,2014-03
B0002BG45C,Product B0002BG45C,metadata_not_joined,2011-02,2013-09
B0002BG68W,Product B0002BG68W,metadata_not_joined,2010-12,2014-04
B0002BG69Q,Product B0002BG69Q,metadata_not_joined,2010-06,2014-04
B0002BG6B4,Product B0002BG6B4,metadata_not_joined,2011-02,2014-06
B0002BG6CI,Product B0002BG6CI,metadata_not_joined,2010-03,2014-06
B0002BG6QY,Product B0002BG6QY,metadata_not_joined,2012-05,2014-07
B0002BG6RI,Product B0002BG6RI,metadata_not_joined,2011-01,2014-07
B0002BG6TG,Product B0002BG6TG,metadata_not_joined,2010-01,2014-05
B0002BNS6A,Product B0002BNS6A,metadata_not_joined,2010-09,2014-01
B0002BRMNA,Product B0002BRMNA,metadata_not_joined,2004-07,2009-10
B0002C7ZGS,Product B0002C7ZGS,metadata_not_joined,2008-12,2013-05
B0002C84B8,Product B0002C84B8,metadata_not_joined,2005-09,2011-10
B0002C96JC,Product B0002C96JC,metadata_not_joined,2007-10,2011-06
B0002CAEYS,Product B0002CAEYS,metadata_not_joined,2005-04,2012-10
B0002CE0XO,Product B0002CE0XO,metadata_not_joined,2008-07,2014-03
B0002CE0XY,Product B0002CE0XY,metadata_not_joined,2004-09,2014-03
B0002CNTU4,Product B0002CNTU4,metadata_not_joined,2007-05,2012-02
B0002CNYUE,Product B0002CNYUE,metadata_not_joined,2004-08,2012-03
B0002COIIQ,Product B0002COIIQ,metadata_not_joined,2007-10,2012-12
B0002COTG2,Product B0002COTG2,metadata_not_joined,2005-02,2010-10
B0002CPBUK,Product B0002CPBUK,metadata_not_joined,2004-12,2014-01
B0002CPBVO,Product B0002CPBVO,metadata_not_joined,2004-11,2005-06
B0002CPBWI,Product B0002CPBWI,metadata_not_joined,2004-11,2014-07
B0002CPBX2,Product B0002CPBX2,metadata_not_joined,2004-11,2014-01
B0002CTETO,Product B0002CTETO,metadata_not_joined,2007-05,2014-06
B0002CTZAC,Product B0002CTZAC,metadata_not_joined,2007-12,2014-07
B0002CUA6K,Product B0002CUA6K,metadata_not_joined,2011-11,2014-01
B0002CWPR2,Product B0002CWPR2,metadata_not_joined,2004-11,2007-06
B0002CWPS6,Product B0002CWPS6,metadata_not_joined,2005-09,2014-04
B0002CWPV8,Product B0002CWPV8,metadata_not_joined,2005-01,2009-08
B0002CZHN6,Product B0002CZHN6,metadata_not_joined,2005-03,2014-07
B0002CZRUO,Product B0002CZRUO,metadata_not_joined,2010-03,2014-04
B0002D017M,Product B0002D017M,metadata_not_joined,2010-09,2014-07
B0002D03ZW,Product B0002D03ZW,metadata_not_joined,2005-10,2014-07
B0002D05RI,Product B0002D05RI,metadata_not_joined,2010-12,2014-05
B0002D0712,Product B0002D0712,metadata_not_joined,2009-12,2013-02
B0002D0BYA,Product B0002D0BYA,metadata_not_joined,2010-12,2014-05
B0002D0ROO,Product B0002D0ROO,metadata_not_joined,2012-09,2014-02
B0002D6KAE,Product B0002D6KAE,metadata_not_joined,2010-02,2013-08
B0002D6PNQ,Product B0002D6PNQ,metadata_not_joined,2005-01,2005-10
B0002D6Q0I,Product B0002D6Q0I,metadata_not_joined,2005-11,2013-08
B0002D6Q2G,Product B0002D6Q2G,metadata_not_joined,2010-03,2014-06
B0002D6QJO,Product B0002D6QJO,metadata_not_joined,2006-10,2014-07
B0002DCJT0,Product B0002DCJT0,metadata_not_joined,2005-06,2008-07
B0002DF0FU,Product B0002DF0FU,metadata_not_joined,2008-06,2014-03
B0002DG0OA,Product B0002DG0OA,metadata_not_joined,2005-02,2007-09
B0002DG0YK,Product B0002DG0YK,metadata_not_joined,2004-10,2010-10
B0002DG9XW,Product B0002DG9XW,metadata_not_joined,2005-11,2013-12
B0002DODXA,Product B0002DODXA,metadata_not_joined,2006-01,2014-06
B0002DODYO,Product B0002DODYO,metadata_not_joined,2009-10,2013-12
B0002DOXKI,Product B0002DOXKI,metadata_not_joined,2004-07,2011-01
B0002DQUHC,Product B0002DQUHC,metadata_not_joined,2005-03,2008-02
B0002DUQCM,Product B0002DUQCM,metadata_not_joined,2006-08,2013-05
B0002DV9DC,Product B0002DV9DC,metadata_not_joined,2004-09,2007-08
B0002DV9DM,Product B0002DV9DM,metadata_not_joined,2004-10,2006-05
B0002DVAZY,Product B0002DVAZY,metadata_not_joined,2012-05,2014-07
B0002E1NOG,Product B0002E1NOG,metadata_not_joined,2008-07,2014-02
B0002E1NPA,Product B0002E1NPA,metadata_not_joined,2009-01,2014-02
B0002E1NS2,Product B0002E1NS2,metadata_not_joined,2012-12,2014-04
B0002E1RZQ,Product B0002E1RZQ,metadata_not_joined,2008-06,2014-07
B0002E1S14,Product B0002E1S14,metadata_not_joined,2007-04,2013-01
B0002E1S2S,Product B0002E1S2S,metadata_not_joined,2009-11,2014-03
B0002E1S32,Product B0002E1S32,metadata_not_joined,2008-01,2013-01
B0002E1S3C,Product B0002E1S3C,metadata_not_joined,2010-01,2014-01
B0002E1TWC,Product B0002E1TWC,metadata_not_joined,2007-03,2014-07
B0002E396G,Product B0002E396G,metadata_not_joined,2011-02,2014-01
B0002E3FBA,Product B0002E3FBA,metadata_not_joined,2010-06,2014-07
B0002E3FBK,Product B0002E3FBK,metadata_not_joined,2011-08,2014-06
B0002E3WIQ,Product B0002E3WIQ,metadata_not_joined,2008-03,2014-06
B0002E3WJU,Product B0002E3WJU,metadata_not_joined,2011-01,2014-03
B0002E3WKO,Product B0002E3WKO,metadata_not_joined,2005-09,2014-03
B0002E42FI,Product B0002E42FI,metadata_not_joined,2005-04,2008-08
B0002E46PO,Product B0002E46PO,metadata_not_joined,2005-02,2014-02
B0002E47AI,Product B0002E47AI,metadata_not_joined,2007-05,2014-04
B0002E50MC,Product B0002E50MC,metadata_not_joined,2008-01,2014-07
B0002E51AI,Product B0002E51AI,metadata_not_joined,2011-07,2013-11
B0002E51CQ,Product B0002E51CQ,metadata_not_joined,2010-02,2014-06
B0002E52S4,Product B0002E52S4,metadata_not_joined,2011-07,2014-06
B0002E53O2,Product B0002E53O2,metadata_not_joined,2010-10,2014-05
B0002E56JY,Product B0002E56JY,metadata_not_joined,2010-04,2013-06
B0002E5P1I,Product B0002E5P1I,metadata_not_joined,2004-12,2006-09
B0002ED4PM,Product B0002ED4PM,metadata_not_joined,2005-10,2012-11
B0002EE5IW,Product B0002EE5IW,metadata_not_joined,2011-10,2013-05
B0002EE5JQ,Product B0002EE5JQ,metadata_not_joined,2006-01,2014-04
B0002EHOAS,Product B0002EHOAS,metadata_not_joined,2011-04,2014-05
B0002EHOCQ,Product B0002EHOCQ,metadata_not_joined,2011-08,2014-05
B0002EHOSU,Product B0002EHOSU,metadata_not_joined,2008-07,2010-08
B0002EKEHS,Product B0002EKEHS,metadata_not_joined,2010-11,2014-02
B0002EOFFK,Product B0002EOFFK,metadata_not_joined,2007-01,2014-06
B0002EOHX0,Product B0002EOHX0,metadata_not_joined,2010-01,2014-05
B0002EOHYE,Product B0002EOHYE,metadata_not_joined,2010-01,2013-12
B0002EPWC0,Product B0002EPWC0,metadata_not_joined,2005-02,2014-06
B0002EQU6C,Product B0002EQU6C,metadata_not_joined,2007-07,2014-06
B0002EQUIA,Product B0002EQUIA,metadata_not_joined,2007-10,2014-05
B0002EQUL2,Product B0002EQUL2,metadata_not_joined,2005-02,2014-07
B0002EQVMA,Product B0002EQVMA,metadata_not_joined,2006-07,2014-07
B0002ER2NM,Product B0002ER2NM,metadata_not_joined,2011-03,2014-02
B0002ER2NW,Product B0002ER2NW,metadata_not_joined,2010-04,2014-04
B0002ER2OG,Product B0002ER2OG,metadata_not_joined,2008-06,2014-04
B0002ER2OQ,Product B0002ER2OQ,metadata_not_joined,2007-04,2013-04
B0002ER2WI,Product B0002ER2WI,metadata_not_joined,2008-04,2013-11
B0002ER2YG,Product B0002ER2YG,metadata_not_joined,2008-12,2014-04
B0002ER2YQ,Product B0002ER2YQ,metadata_not_joined,2011-03,2014-07
B0002ER2Z0,Product B0002ER2Z0,metadata_not_joined,2010-02,2014-02
B0002ER2ZA,Product B0002ER2ZA,metadata_not_joined,2007-01,2014-01
B0002ER2ZK,Product B0002ER2ZK,metadata_not_joined,2007-10,2014-06
B0002ER3B8,Product B0002ER3B8,metadata_not_joined,2005-04,2008-08
B0002ER3BS,Product B0002ER3BS,metadata_not_joined,2005-02,2010-02
B0002ER5AW,Product B0002ER5AW,metadata_not_joined,2005-04,2006-07
B0002ER5B6,Product B0002ER5B6,metadata_not_joined,2004-10,2012-05
B0002ERY6W,Product B0002ERY6W,metadata_not_joined,2004-07,2012-02
B0002EXEMA,Product B0002EXEMA,metadata_not_joined,2010-10,2014-04
B0002EXF0Q,Product B0002EXF0Q,metadata_not_joined,2007-03,2013-08
B0002EXF10,Product B0002EXF10,metadata_not_joined,2011-04,2014-07
B0002EXF1A,Product B0002EXF1A,metadata_not_joined,2008-10,2013-10
B0002EXF38,Product B0002EXF38,metadata_not_joined,2006-08,2014-07
B0002EXFJW,Product B0002EXFJW,metadata_not_joined,2012-03,2014-07
B0002EXFK6,Product B0002EXFK6,metadata_not_joined,2012-12,2014-03
B0002EXHPO,Product B0002EXHPO,metadata_not_joined,2006-06,2014-01
B0002EXI6W,Product B0002EXI6W,metadata_not_joined,2010-07,2014-06
B0002EXI80,Product B0002EXI80,metadata_not_joined,2007-08,2014-02
B0002EXJ8Y,Product B0002EXJ8Y,metadata_not_joined,2004-11,2014-04
B0002EXJ98,Product B0002EXJ98,metadata_not_joined,2006-07,2014-07
B0002EXJIO,Product B0002EXJIO,metadata_not_joined,2010-04,2013-07
B0002EXJIY,Product B0002EXJIY,metadata_not_joined,2010-08,2014-01
B0002EXJJ8,Product B0002EXJJ8,metadata_not_joined,2011-09,2014-03
B0002EXJPM,Product B0002EXJPM,metadata_not_joined,2006-08,2014-05
B0002EXJRA,Product B0002EXJRA,metadata_not_joined,2007-01,2013-12
B0002EXKEW,Product B0002EXKEW,metadata_not_joined,2006-01,2013-10
B0002EXMFY,Product B0002EXMFY,metadata_not_joined,2011-03,2013-03
B0002EXNFI,Product B0002EXNFI,metadata_not_joined,2011-11,2013-03
B0002F3E9M,Product B0002F3E9M,metadata_not_joined,2005-10,2008-08
B0002F3G7M,Product B0002F3G7M,metadata_not_joined,2004-08,2013-12
B0002F4EO6,Product B0002F4EO6,metadata_not_joined,2004-07,2010-01
B0002F513E,Product B0002F513E,metadata_not_joined,2009-11,2014-06
B0002F7BR8,Product B0002F7BR8,metadata_not_joined,2007-07,2013-07
B0002F7I9O,Product B0002F7I9O,metadata_not_joined,2004-12,2013-07
B0002F8578,Product B0002F8578,metadata_not_joined,2007-01,2014-06
B0002F858C,Product B0002F858C,metadata_not_joined,2005-01,2014-03
B0002F8QYA,Product B0002F8QYA,metadata_not_joined,2006-07,2008-04
B0002F8SM0,Product B0002F8SM0,metadata_not_joined,2009-11,2014-05
B0002F8ZGO,Product B0002F8ZGO,metadata_not_joined,2008-04,2014-03
B0002FCHEU,Product B0002FCHEU,metadata_not_joined,2005-01,2011-08
B0002FGEAS,Product B0002FGEAS,metadata_not_joined,2007-05,2013-02
B0002FHENE,Product B0002FHENE,metadata_not_joined,2005-02,2014-05
B0002FO2IO,Product B0002FO2IO,metadata_not_joined,2011-12,2014-01
B0002FO3JC,Product B0002FO3JC,metadata_not_joined,2004-09,2010-11
B0002FR2AE,Product B0002FR2AE,metadata_not_joined,2010-01,2014-06
B0002G9NJ6,Product B0002G9NJ6,metadata_not_joined,2008-10,2011-03
B0002GDIII,Product B0002GDIII,metadata_not_joined,2004-07,2014-01
B0002GDQZI,Product B0002GDQZI,metadata_not_joined,2004-10,2013-01
B0002GFORQ,Product B0002GFORQ,metadata_not_joined,2006-03,2014-04
B0002GFOSK,Product B0002GFOSK,metadata_not_joined,2010-09,2013-12
B0002GFOVM,Product B0002GFOVM,metadata_not_joined,2006-08,2014-02
B0002GL42U,Product B0002GL42U,metadata_not_joined,2009-01,2014-04
B0002GLCE0,Product B0002GLCE0,metadata_not_joined,2009-11,2013-10
B0002GMDQG,Product B0002GMDQG,metadata_not_joined,2004-12,2014-03
B0002GO60M,Product B0002GO60M,metadata_not_joined,2008-11,2009-07
B0002GOH42,Product B0002GOH42,metadata_not_joined,2007-11,2014-06
B0002GRL72,Product B0002GRL72,metadata_not_joined,2011-11,2014-04
B0002GRL7M,Product B0002GRL7M,metadata_not_joined,2007-11,2014-06
B0002GRL9U,Product B0002GRL9U,metadata_not_joined,2007-03,2013-09
B0002GRLL8,Product B0002GRLL8,metadata_not_joined,2009-02,2014-05
B0002GRQR2,Product B0002GRQR2,metadata_not_joined,2007-09,2014-01
B0002GRQT0,Product B0002GRQT0,metadata_not_joined,2010-07,2014-07
B0002GRTZQ,Product B0002GRTZQ,metadata_not_joined,2007-07,2014-03
B0002GRU1O,Product B0002GRU1O,metadata_not_joined,2005-01,2009-01
B0002GRUFU,Product B0002GRUFU,metadata_not_joined,2012-04,2013-12
B0002GRUIC,Product B0002GRUIC,metadata_not_joined,2006-04,2013-10
B0002GRUJ6,Product B0002GRUJ6,metadata_not_joined,2006-03,2014-02
B0002GRUV4,Product B0002GRUV4,metadata_not_joined,2009-07,2014-07
B0002GS4Z0,Product B0002GS4Z0,metadata_not_joined,2005-07,2008-12
B0002GS4ZA,Product B0002GS4ZA,metadata_not_joined,2004-10,2013-07
B0002GTNG4,Product B0002GTNG4,metadata_not_joined,2004-09,2011-08
B0002GU2XW,Product B0002GU2XW,metadata_not_joined,2005-02,2007-03
B0002GUBIS,Product B0002GUBIS,metadata_not_joined,2007-12,2014-06
B0002GV876,Product B0002GV876,metadata_not_joined,2007-08,2014-07
B0002GV8A8,Product B0002GV8A8,metadata_not_joined,2011-09,2013-10
B0002GVX7Q,Product B0002GVX7Q,metadata_not_joined,2009-06,2014-02
B0002GVX8A,Product B0002GVX8A,metadata_not_joined,2008-06,2014-04
B0002GWG40,Product B0002GWG40,metadata_not_joined,2008-03,2009-10
B0002GWRXK,Product B0002GWRXK,metadata_not_joined,2008-12,2014-03
B0002GWXLQ,Product B0002GWXLQ,metadata_not_joined,2010-03,2013-12
B0002GWXNE,Product B0002GWXNE,metadata_not_joined,2010-06,2014-06
B0002GWY38,Product B0002GWY38,metadata_not_joined,2010-02,2014-06
B0002GX0ZE,Product B0002GX0ZE,metadata_not_joined,2011-06,2014-07
B0002GX1XA,Product B0002GX1XA,metadata_not_joined,2010-06,2014-07
B0002H0C7C,Product B0002H0C7C,metadata_not_joined,2011-10,2014-07
B0002H0CBI,Product B0002H0CBI,metadata_not_joined,2008-01,2014-06
B0002H0CQS,Product B0002H0CQS,metadata_not_joined,2006-11,2013-10
B0002H0GR8,Product B0002H0GR8,metadata_not_joined,2009-06,2014-06
B0002H3VZM,Product B0002H3VZM,metadata_not_joined,2007-01,2014-06
B0002H4YUI,Product B0002H4YUI,metadata_not_joined,2006-04,2014-07
B0002H6M0S,Product B0002H6M0S,metadata_not_joined,2005-01,2006-04
B0002HA7FY,Product B0002HA7FY,metadata_not_joined,2005-01,2014-05
B0002HBOMO,Product B0002HBOMO,metadata_not_joined,2009-07,2014-07
B0002HBOPQ,Product B0002HBOPQ,metadata_not_joined,2012-06,2013-10
B0002HBOQ0,Product B0002HBOQ0,metadata_not_joined,2007-03,2013-01
B0002HLY8S,Product B0002HLY8S,metadata_not_joined,2008-05,2014-06
B0002HMRF2,Product B0002HMRF2,metadata_not_joined,2006-04,2014-05
B0002HMRG6,Product B0002HMRG6,metadata_not_joined,2007-03,2014-06
B0002HMRJ8,Product B0002HMRJ8,metadata_not_joined,2007-10,2014-02
B0002HMRJS,Product B0002HMRJS,metadata_not_joined,2010-03,2013-01
B0002HMRKW,Product B0002HMRKW,metadata_not_joined,2008-11,2013-05
B0002HMRL6,Product B0002HMRL6,metadata_not_joined,2011-11,2013-10
B0002HMRLQ,Product B0002HMRLQ,metadata_not_joined,2011-12,2013-09
B0002HMSGK,Product B0002HMSGK,metadata_not_joined,2008-05,2014-01
B0002HRBSU,Product B0002HRBSU,metadata_not_joined,2012-09,2014-07
B0002HS1A2,Product B0002HS1A2,metadata_not_joined,2005-01,2008-12
B0002HTJ6M,Product B0002HTJ6M,metadata_not_joined,2010-06,2014-04
B0002HTK7A,Product B0002HTK7A,metadata_not_joined,2010-07,2013-05
B0002HV4OW,Product B0002HV4OW,metadata_not_joined,2004-08,2014-06
B0002I5RHG,Product B0002I5RHG,metadata_not_joined,2005-12,2011-03
B0002I5RI0,Product B0002I5RI0,metadata_not_joined,2006-10,2014-07
B0002I6M8Y,Product B0002I6M8Y,metadata_not_joined,2004-10,2007-01
B0002I71LG,Product B0002I71LG,metadata_not_joined,2007-02,2013-07
B0002I71LQ,Product B0002I71LQ,metadata_not_joined,2010-06,2014-06
B0002I724M,Product B0002I724M,metadata_not_joined,2004-09,2006-07
B0002I7288,Product B0002I7288,metadata_not_joined,2004-10,2014-06
B0002I7U3K,Product B0002I7U3K,metadata_not_joined,2007-08,2008-04
B0002IAJ2O,Product B0002IAJ2O,metadata_not_joined,2009-06,2013-12
B0002IASJS,Product B0002IASJS,metadata_not_joined,2004-11,2013-07
B0002ICEHM,Product B0002ICEHM,metadata_not_joined,2004-11,2005-12
B0002ICEIQ,Product B0002ICEIQ,metadata_not_joined,2005-01,2007-11
B0002ICGCK,Product B0002ICGCK,metadata_not_joined,2005-02,2007-05
B0002IEEUC,Product B0002IEEUC,metadata_not_joined,2005-12,2012-01
B0002IG34W,Product B0002IG34W,metadata_not_joined,2004-07,2004-08
B0002IG356,Product B0002IG356,metadata_not_joined,2004-09,2010-04
B0002IHHME,Product B0002IHHME,metadata_not_joined,2012-12,2014-02
B0002IHP44,Product B0002IHP44,metadata_not_joined,2005-06,2007-11
B0002IHP58,Product B0002IHP58,metadata_not_joined,2005-02,2013-10
B0002IKQP4,Product B0002IKQP4,metadata_not_joined,2013-01,2013-09
B0002ILK2M,Product B0002ILK2M,metadata_not_joined,2010-08,2013-12
B0002ILKMW,Product B0002ILKMW,metadata_not_joined,2004-08,2013-07
B0002ILKNQ,Product B0002ILKNQ,metadata_not_joined,2004-08,2013-06
B0002ILKWM,Product B0002ILKWM,metadata_not_joined,2004-10,2014-04
B0002INL4M,Product B0002INL4M,metadata_not_joined,2005-07,2009-07
B0002INMK0,Product B0002INMK0,metadata_not_joined,2006-06,2013-05
B0002INUIY,Product B0002INUIY,metadata_not_joined,2004-08,2013-11
B0002IOI9Y,Product B0002IOI9Y,metadata_not_joined,2005-05,2013-11
B0002IOIMQ,Product B0002IOIMQ,metadata_not_joined,2004-10,2014-01
B0002IP2TY,Product B0002IP2TY,metadata_not_joined,2008-07,2014-07
B0002IQ18A,Product B0002IQ18A,metadata_not_joined,2005-02,2007-09
B0002IQ1F8,Product B0002IQ1F8,metadata_not_joined,2006-01,2014-06
B0002IQ1FS,Product B0002IQ1FS,metadata_not_joined,2005-01,2007-04
B0002IQ1I0,Product B0002IQ1I0,metadata_not_joined,2005-01,2007-11
B0002ISQ5G,Product B0002ISQ5G,metadata_not_joined,2009-05,2013-01
B0002IWC9C,Product B0002IWC9C,metadata_not_joined,2004-09,2014-07
B0002IYOES,Product B0002IYOES,metadata_not_joined,2005-10,2013-05
B0002IYOKM,Product B0002IYOKM,metadata_not_joined,2006-12,2013-12
B0002IYOXY,Product B0002IYOXY,metadata_not_joined,2008-06,2013-11
B0002IYQDM,Product B0002IYQDM,metadata_not_joined,2004-12,2014-04
B0002J1I1Y,Product B0002J1I1Y,metadata_not_joined,2010-05,2014-02
B0002J1I32,Product B0002J1I32,metadata_not_joined,2010-11,2014-06
B0002J1JFE,Product B0002J1JFE,metadata_not_joined,2008-09,2013-02
B0002J1LDE,Product B0002J1LDE,metadata_not_joined,2011-09,2014-06
B0002J1LE8,Product B0002J1LE8,metadata_not_joined,2012-12,2014-06
B0002J1LEI,Product B0002J1LEI,metadata_not_joined,2007-01,2014-02
B0002J1LES,Product B0002J1LES,metadata_not_joined,2007-04,2014-01
B0002J1TUE,Product B0002J1TUE,metadata_not_joined,2010-09,2014-06
B0002J1TUO,Product B0002J1TUO,metadata_not_joined,2011-06,2014-04
B0002J1WTC,Product B0002J1WTC,metadata_not_joined,2011-04,2014-07
B0002J226O,Product B0002J226O,metadata_not_joined,2010-02,2014-02
B0002J22BO,Product B0002J22BO,metadata_not_joined,2007-06,2014-05
B0002J23V8,Product B0002J23V8,metadata_not_joined,2010-01,2014-07
B0002J24QM,Product B0002J24QM,metadata_not_joined,2010-01,2014-03
B0002J26LA,Product B0002J26LA,metadata_not_joined,2009-03,2014-07
B0002J283Q,Product B0002J283Q,metadata_not_joined,2012-09,2013-08
B0002J28N6,Product B0002J28N6,metadata_not_joined,2009-07,2013-12
B0002J28NQ,Product B0002J28NQ,metadata_not_joined,2007-06,2014-06
B0002J2A48,Product B0002J2A48,metadata_not_joined,2008-02,2013-09
B0002J2ANE,Product B0002J2ANE,metadata_not_joined,2013-05,2014-07
B0002J2BBU,Product B0002J2BBU,metadata_not_joined,2011-11,2014-05
B0002J2BOM,Product B0002J2BOM,metadata_not_joined,2008-07,2014-01
B0002J2D0Y,Product B0002J2D0Y,metadata_not_joined,2011-01,2014-06
B0002J2D2W,Product B0002J2D2W,metadata_not_joined,2009-04,2014-03
B0002J2DD6,Product B0002J2DD6,metadata_not_joined,2012-12,2014-04
B0002J2E5S,Product B0002J2E5S,metadata_not_joined,2010-01,2013-06
B0002J2EPI,Product B0002J2EPI,metadata_not_joined,2011-03,2013-11
B0002J2FJS,Product B0002J2FJS,metadata_not_joined,2008-11,2014-04
B0002J2IMW,Product B0002J2IMW,metadata_not_joined,2007-02,2011-05
B0002J2MSW,Product B0002J2MSW,metadata_not_joined,2010-03,2014-07
B0002J2MTQ,Product B0002J2MTQ,metadata_not_joined,2009-04,2014-02
B0002J2MV4,Product B0002J2MV4,metadata_not_joined,2007-05,2014-07
B0002J2OSK,Product B0002J2OSK,metadata_not_joined,2011-02,2013-06
B0002J2P2A,Product B0002J2P2A,metadata_not_joined,2010-06,2014-03
B0002J2QWE,Product B0002J2QWE,metadata_not_joined,2011-03,2014-04
B0002J2R1E,Product B0002J2R1E,metadata_not_joined,2010-06,2014-06
B0002J2R2I,Product B0002J2R2I,metadata_not_joined,2010-07,2014-04
B0002J2TLC,Product B0002J2TLC,metadata_not_joined,2008-09,2014-07
B0002J448S,Product B0002J448S,metadata_not_joined,2006-02,2013-11
B0002J4IX4,Product B0002J4IX4,metadata_not_joined,2005-10,2014-01
B0002J5TGY,Product B0002J5TGY,metadata_not_joined,2007-01,2014-05
B0002J6GLG,Product B0002J6GLG,metadata_not_joined,2004-09,2006-10
B0002J6M6A,Product B0002J6M6A,metadata_not_joined,2005-07,2013-12
B0002J6SFA,Product B0002J6SFA,metadata_not_joined,2005-01,2014-05
B0002J6Z6W,Product B0002J6Z6W,metadata_not_joined,2004-09,2006-03
B0002JABOY,Product B0002JABOY,metadata_not_joined,2006-02,2009-01
B0002JC2QE,Product B0002JC2QE,metadata_not_joined,2004-11,2014-04
B0002JC36I,Product B0002JC36I,metadata_not_joined,2004-08,2014-03
B0002JCA2A,Product B0002JCA2A,metadata_not_joined,2004-10,2005-09
B0002JFN10,Product B0002JFN10,metadata_not_joined,2009-03,2014-06
B0002JFNQU,Product B0002JFNQU,metadata_not_joined,2008-08,2012-11
B0002JFNR4,Product B0002JFNR4,metadata_not_joined,2008-02,2012-12
B0002JFOUA,Product B0002JFOUA,metadata_not_joined,2009-12,2013-11
B0002JKBKI,Product B0002JKBKI,metadata_not_joined,2007-08,2011-12
B0002JKGRQ,Product B0002JKGRQ,metadata_not_joined,2004-08,2014-01
B0002JNDIK,Product B0002JNDIK,metadata_not_joined,2010-09,2014-03
B0002JTD2A,Product B0002JTD2A,metadata_not_joined,2010-07,2014-05
B0002JTD2K,Product B0002JTD2K,metadata_not_joined,2009-06,2013-12
B0002JUH3O,Product B0002JUH3O,metadata_not_joined,2004-10,2011-02
B0002JUHS4,Product B0002JUHS4,metadata_not_joined,2007-01,2014-07
B0002JY6SG,Product B0002JY6SG,metadata_not_joined,2005-04,2010-12
B0002JY6SQ,Product B0002JY6SQ,metadata_not_joined,2004-09,2012-10
B0002JY6T0,Product B0002JY6T0,metadata_not_joined,2004-08,2009-01
B0002JY6TK,Product B0002JY6TK,metadata_not_joined,2005-05,2006-11
B0002JY712,Product B0002JY712,metadata_not_joined,2007-02,2014-07
B0002K6F66,Product B0002K6F66,metadata_not_joined,2008-04,2009-05
B0002K6RK0,Product B0002K6RK0,metadata_not_joined,2006-12,2014-06
B0002K6VVK,Product B0002K6VVK,metadata_not_joined,2007-09,2013-04
B0002K6XOK,Product B0002K6XOK,metadata_not_joined,2004-12,2014-02
B0002K6XQI,Product B0002K6XQI,metadata_not_joined,2005-08,2014-05
B0002K6Y1C,Product B0002K6Y1C,metadata_not_joined,2004-12,2009-03
B0002K6Y9E,Product B0002K6Y9E,metadata_not_joined,2004-10,2014-02
B0002KJJH8,Product B0002KJJH8,metadata_not_joined,2008-08,2014-07
B0002KKIUA,Product B0002KKIUA,metadata_not_joined,2009-08,2014-07
B0002KMQJ6,Product B0002KMQJ6,metadata_not_joined,2008-06,2014-04
B0002KO9B4,Product B0002KO9B4,metadata_not_joined,2005-07,2014-04
B0002KQR1Y,Product B0002KQR1Y,metadata_not_joined,2004-11,2005-11
B0002KQR28,Product B0002KQR28,metadata_not_joined,2004-10,2006-05
B0002KQR2I,Product B0002KQR2I,metadata_not_joined,2004-11,2005-09
B0002KQR2S,Product B0002KQR2S,metadata_not_joined,2004-11,2007-10
B0002KQR32,Product B0002KQR32,metadata_not_joined,2004-11,2010-12
B0002KQR3M,Product B0002KQR3M,metadata_not_joined,2004-08,2008-11
B0002KQRB4,Product B0002KQRB4,metadata_not_joined,2004-11,2012-12
B0002KQRBY,Product B0002KQRBY,metadata_not_joined,2004-11,2005-08
B0002KQRGE,Product B0002KQRGE,metadata_not_joined,2004-11,2006-03
B0002KQZJS,Product B0002KQZJS,metadata_not_joined,2010-10,2014-05
B0002KQZR0,Product B0002KQZR0,metadata_not_joined,2010-10,2014-05
B0002KR0A6,Product B0002KR0A6,metadata_not_joined,2011-10,2013-11
B0002KR13M,Product B0002KR13M,metadata_not_joined,2009-06,2014-07
B0002KR14Q,Product B0002KR14Q,metadata_not_joined,2010-05,2014-06
B0002KR16Y,Product B0002KR16Y,metadata_not_joined,2012-09,2014-06
B0002KR1LO,Product B0002KR1LO,metadata_not_joined,2010-04,2014-05
B0002KR1OG,Product B0002KR1OG,metadata_not_joined,2008-02,2014-04
B0002KR1YG,Product B0002KR1YG,metadata_not_joined,2011-11,2013-10
B0002KR2RM,Product B0002KR2RM,metadata_not_joined,2008-12,2014-04
B0002KR39O,Product B0002KR39O,metadata_not_joined,2009-11,2013-02
B0002KR3X0,Product B0002KR3X0,metadata_not_joined,2010-07,2014-06
B0002KR5Q0,Product B0002KR5Q0,metadata_not_joined,2007-03,2014-06
B0002KR74A,Product B0002KR74A,metadata_not_joined,2007-03,2014-07
B0002KR7EK,Product B0002KR7EK,metadata_not_joined,2009-07,2014-05
B0002KR7FY,Product B0002KR7FY,metadata_not_joined,2008-02,2013-12
B0002KR7G8,Product B0002KR7G8,metadata_not_joined,2004-12,2014-02
B0002KR88A,Product B0002KR88A,metadata_not_joined,2010-08,2014-07
B0002KR9GG,Product B0002KR9GG,metadata_not_joined,2010-02,2014-06
B0002KR9PW,Product B0002KR9PW,metadata_not_joined,2009-05,2014-06
B0002KRAP6,Product B0002KRAP6,metadata_not_joined,2007-05,2013-11
B0002KRAPG,Product B0002KRAPG,metadata_not_joined,2007-05,2014-07
B0002KRBH8,Product B0002KRBH8,metadata_not_joined,2011-05,2014-06
B0002KRCH2,Product B0002KRCH2,metadata_not_joined,2009-08,2014-04
B0002KRCPY,Product B0002KRCPY,metadata_not_joined,2008-02,2010-09
B0002KRCTU,Product B0002KRCTU,metadata_not_joined,2009-07,2014-07
B0002KVQBA,Product B0002KVQBA,metadata_not_joined,2005-11,2014-07
B0002KXVM2,Product B0002KXVM2,metadata_not_joined,2011-07,2014-06
B0002L2MMG,Product B0002L2MMG,metadata_not_joined,2012-09,2013-10
B0002L596M,Product B0002L596M,metadata_not_joined,2005-09,2014-03
B0002L5R78,Product B0002L5R78,metadata_not_joined,2006-07,2014-07
B0002L5R7S,Product B0002L5R7S,metadata_not_joined,2012-11,2013-09
B0002L9IE6,Product B0002L9IE6,metadata_not_joined,2007-09,2012-05
B0002LCV4U,Product B0002LCV4U,metadata_not_joined,2005-09,2011-12
B0002LDCOI,Product B0002LDCOI,metadata_not_joined,2008-08,2012-03
B0002LEMWE,Product B0002LEMWE,metadata_not_joined,2005-04,2014-07
B0002LEMYC,Product B0002LEMYC,metadata_not_joined,2008-03,2010-10
B0002LEMZG,Product B0002LEMZG,metadata_not_joined,2005-02,2008-09
B0002LHSFW,Product B0002LHSFW,metadata_not_joined,2004-07,2014-07
B0002LHSG6,Product B0002LHSG6,metadata_not_joined,2005-09,2014-06
B0002M0Q1E,Product B0002M0Q1E,metadata_not_joined,2006-06,2014-04
B0002M4HU0,Product B0002M4HU0,metadata_not_joined,2007-05,2009-07
B0002M792S,Product B0002M792S,metadata_not_joined,2010-09,2014-02
B0002MGZPA,Product B0002MGZPA,metadata_not_joined,2005-01,2010-06
B0002MH3HE,Product B0002MH3HE,metadata_not_joined,2004-12,2013-09
B0002MH3HO,Product B0002MH3HO,metadata_not_joined,2006-12,2014-06
B0002MJAWA,Product B0002MJAWA,metadata_not_joined,2004-09,2006-03
B0002MK82G,Product B0002MK82G,metadata_not_joined,2009-10,2014-03
B0002MK94I,Product B0002MK94I,metadata_not_joined,2009-04,2013-09
B0002MKBI2,Product B0002MKBI2,metadata_not_joined,2007-12,2014-06
B0002MPM86,Product B0002MPM86,metadata_not_joined,2005-03,2011-02
B0002MPMAE,Product B0002MPMAE,metadata_not_joined,2007-06,2014-02
B0002MPMKE,Product B0002MPMKE,metadata_not_joined,2009-11,2014-04
B0002MPNLC,Product B0002MPNLC,metadata_not_joined,2008-06,2014-02
B0002MPNPI,Product B0002MPNPI,metadata_not_joined,2005-07,2014-05
B0002MQ744,Product B0002MQ744,metadata_not_joined,2004-10,2014-01
B0002MQ74E,Product B0002MQ74E,metadata_not_joined,2004-08,2006-03
B0002MQGE0,Product B0002MQGE0,metadata_not_joined,2007-06,2014-01
B0002MQGEA,Product B0002MQGEA,metadata_not_joined,2011-06,2014-06
B0002MQGJU,Product B0002MQGJU,metadata_not_joined,2010-05,2014-05
B0002MQGK4,Product B0002MQGK4,metadata_not_joined,2007-01,2014-07
B0002MQGKE,Product B0002MQGKE,metadata_not_joined,2007-04,2014-07
B0002MQGKO,Product B0002MQGKO,metadata_not_joined,2005-09,2014-05
B0002MQGKY,Product B0002MQGKY,metadata_not_joined,2008-03,2013-08
B0002MQGMC,Product B0002MQGMC,metadata_not_joined,2008-02,2012-02
B0002MQGOA,Product B0002MQGOA,metadata_not_joined,2006-11,2014-07
B0002MQGOK,Product B0002MQGOK,metadata_not_joined,2005-06,2014-07
B0002MQGOU,Product B0002MQGOU,metadata_not_joined,2007-03,2014-07
B0002MQGRC,Product B0002MQGRC,metadata_not_joined,2009-10,2014-07
B0002MQGRM,Product B0002MQGRM,metadata_not_joined,2006-12,2014-06
B0002MRN4W,Product B0002MRN4W,metadata_not_joined,2005-01,2008-10
B0002MRO2S,Product B0002MRO2S,metadata_not_joined,2004-11,2008-08
B0002MSTW2,Product B0002MSTW2,metadata_not_joined,2004-10,2013-01
B0002MSTWC,Product B0002MSTWC,metadata_not_joined,2005-01,2005-02
B0002NRIM8,Product B0002NRIM8,metadata_not_joined,2008-09,2013-04
B0002NUECY,Product B0002NUECY,metadata_not_joined,2007-01,2014-07
B0002NXNSG,Product B0002NXNSG,metadata_not_joined,2006-04,2013-06
B0002O73AO,Product B0002O73AO,metadata_not_joined,2008-03,2012-12
B0002O77T6,Product B0002O77T6,metadata_not_joined,2006-06,2014-07
B0002OBQMA,Product B0002OBQMA,metadata_not_joined,2004-08,2014-01
B0002OCF0C,Product B0002OCF0C,metadata_not_joined,2004-09,2014-04
B0002OD3JY,Product B0002OD3JY,metadata_not_joined,2004-09,2012-07
B0002OE2P8,Product B0002OE2P8,metadata_not_joined,2004-08,2012-09
B0002OERUI,Product B0002OERUI,metadata_not_joined,2004-09,2013-01
B0002OF2FC,Product B0002OF2FC,metadata_not_joined,2008-06,2014-06
B0002OG6CA,Product B0002OG6CA,metadata_not_joined,2004-09,2008-01
B0002OG6MU,Product B0002OG6MU,metadata_not_joined,2004-09,2006-09
B0002OG6NY,Product B0002OG6NY,metadata_not_joined,2004-09,2005-03
B0002OG6OI,Product B0002OG6OI,metadata_not_joined,2004-09,2005-03
B0002OG6PM,Product B0002OG6PM,metadata_not_joined,2004-09,2013-02
B0002OGJJA,Product B0002OGJJA,metadata_not_joined,2004-09,2011-10
B0002OI39Y,Product B0002OI39Y,metadata_not_joined,2009-06,2014-03
B0002OIFR4,Product B0002OIFR4,metadata_not_joined,2010-12,2014-07
B0002OIY0W,Product B0002OIY0W,metadata_not_joined,2007-04,2012-05
B0002OKCX4,Product B0002OKCX4,metadata_not_joined,2004-08,2010-11
B0002OPKCW,Product B0002OPKCW,metadata_not_joined,2009-08,2014-07
B0002OQXA0,Product B0002OQXA0,metadata_not_joined,2006-07,2013-02
B0002OQXSW,Product B0002OQXSW,metadata_not_joined,2005-09,2007-12
B0002OZXG0,Product B0002OZXG0,metadata_not_joined,2004-10,2012-03
B0002OZXGU,Product B0002OZXGU,metadata_not_joined,2004-09,2013-01
B0002OZXHO,Product B0002OZXHO,metadata_not_joined,2004-08,2014-04
B0002P1796,Product B0002P1796,metadata_not_joined,2004-12,2008-09
B0002P19O4,Product B0002P19O4,metadata_not_joined,2004-12,2009-10
B0002P19PI,Product B0002P19PI,metadata_not_joined,2006-11,2008-03
B0002P19PS,Product B0002P19PS,metadata_not_joined,2006-07,2014-05
B0002P19XK,Product B0002P19XK,metadata_not_joined,2006-12,2013-10
B0002P4VHG,Product B0002P4VHG,metadata_not_joined,2005-06,2008-12
B0002PCSYE,Product B0002PCSYE,metadata_not_joined,2005-03,2009-05
B0002PS7SA,Product B0002PS7SA,metadata_not_joined,2008-08,2013-11
B0002PSINY,Product B0002PSINY,metadata_not_joined,2004-12,2010-01
B0002PUI82,Product B0002PUI82,metadata_not_joined,2012-06,2014-06
B0002PWLSW,Product B0002PWLSW,metadata_not_joined,2005-01,2010-03
B0002Q72SA,Product B0002Q72SA,metadata_not_joined,2011-06,2014-02
B0002Q72TY,Product B0002Q72TY,metadata_not_joined,2011-09,2014-07
B0002Q72U8,Product B0002Q72U8,metadata_not_joined,2008-10,2014-07
B0002Q7DWA,Product B0002Q7DWA,metadata_not_joined,2007-10,2011-01
B0002Q7TME,Product B0002Q7TME,metadata_not_joined,2007-09,2013-03
B0002Q7VO0,Product B0002Q7VO0,metadata_not_joined,2009-01,2014-07
B0002Q804K,Product B0002Q804K,metadata_not_joined,2011-11,2014-06
B0002Q81XA,Product B0002Q81XA,metadata_not_joined,2011-07,2014-07
B0002Q85UO,Product B0002Q85UO,metadata_not_joined,2012-04,2013-11
B0002Q86MQ,Product B0002Q86MQ,metadata_not_joined,2009-06,2013-04
B0002QIAP4,Product B0002QIAP4,metadata_not_joined,2005-09,2009-09
B0002QIBNK,Product B0002QIBNK,metadata_not_joined,2006-03,2014-06
B0002QL9UC,Product B0002QL9UC,metadata_not_joined,2010-11,2014-05
B0002QLDLC,Product B0002QLDLC,metadata_not_joined,2007-12,2014-06
B0002QLQ96,Product B0002QLQ96,metadata_not_joined,2008-01,2014-07
B0002QPC28,Product B0002QPC28,metadata_not_joined,2006-07,2014-07
B0002QWU3W,Product B0002QWU3W,metadata_not_joined,2005-04,2007-05
B0002QYS8W,Product B0002QYS8W,metadata_not_joined,2008-11,2014-05
B0002QYSA0,Product B0002QYSA0,metadata_not_joined,2007-07,2014-06
B0002R281K,Product B0002R281K,metadata_not_joined,2004-12,2013-04
B0002R2824,Product B0002R2824,metadata_not_joined,2004-11,2005-06
B0002R282O,Product B0002R282O,metadata_not_joined,2004-09,2014-03
B0002R283S,Product B0002R283S,metadata_not_joined,2005-01,2009-06
B0002R5Y5M,Product B0002R5Y5M,metadata_not_joined,2004-12,2009-12
B0002RBQO0,Product B0002RBQO0,metadata_not_joined,2006-01,2014-07
B0002REB38,Product B0002REB38,metadata_not_joined,2006-12,2008-12
B0002RI3CI,Product B0002RI3CI,metadata_not_joined,2007-05,2013-04
B0002RQN0M,Product B0002RQN0M,metadata_not_joined,2005-01,2010-07
B0002RRVQW,Product B0002RRVQW,metadata_not_joined,2005-06,2007-06
B0002RSPE4,Product B0002RSPE4,metadata_not_joined,2007-05,2014-03
B0002RSPFS,Product B0002RSPFS,metadata_not_joined,2007-01,2014-03
B0002RVRTO,Product B0002RVRTO,metadata_not_joined,2010-10,2014-03
B0002RVRWG,Product B0002RVRWG,metadata_not_joined,2010-05,2012-04
B0002RVRWQ,Product B0002RVRWQ,metadata_not_joined,2009-04,2013-08
B0002S30RU,Product B0002S30RU,metadata_not_joined,2005-10,2010-08
B0002SAE56,Product B0002SAE56,metadata_not_joined,2004-10,2014-02
B0002SAF3C,Product B0002SAF3C,metadata_not_joined,2004-11,2008-12
B0002SAF3M,Product B0002SAF3M,metadata_not_joined,2004-12,2007-11
B0002SAF64,Product B0002SAF64,metadata_not_joined,2007-02,2014-06
B0002SKCLW,Product B0002SKCLW,metadata_not_joined,2006-04,2013-01
B0002SPKSM,Product B0002SPKSM,metadata_not_joined,2005-10,2010-03
B0002SQ0A4,Product B0002SQ0A4,metadata_not_joined,2005-01,2012-11
B0002SQ0AE,Product B0002SQ0AE,metadata_not_joined,2004-11,2013-12
B0002SQ2MA,Product B0002SQ2MA,metadata_not_joined,2005-01,2010-07
B0002SQ2MU,Product B0002SQ2MU,metadata_not_joined,2004-10,2013-09
B0002SQ2P2,Product B0002SQ2P2,metadata_not_joined,2004-10,2014-06
B0002SQ3Z6,Product B0002SQ3Z6,metadata_not_joined,2005-02,2014-01
B0002SQEWS,Product B0002SQEWS,metadata_not_joined,2004-11,2009-05
B0002STS3U,Product B0002STS3U,metadata_not_joined,2010-03,2014-06
B0002T3UNS,Product B0002T3UNS,metadata_not_joined,2004-12,2014-04
B0002T3UPG,Product B0002T3UPG,metadata_not_joined,2004-08,2006-12
B0002T3UQ0,Product B0002T3UQ0,metadata_not_joined,2008-06,2014-02
B0002T3UQK,Product B0002T3UQK,metadata_not_joined,2005-08,2009-12
B0002T74QC,Product B0002T74QC,metadata_not_joined,2004-07,2013-06
B0002TA3JM,Product B0002TA3JM,metadata_not_joined,2004-11,2007-03
B0002TA96Y,Product B0002TA96Y,metadata_not_joined,2004-12,2007-01
B0002TB2LA,Product B0002TB2LA,metadata_not_joined,2004-10,2013-10
B0002TG1XO,Product B0002TG1XO,metadata_not_joined,2011-01,2014-07
B0002TKGZS,Product B0002TKGZS,metadata_not_joined,2008-01,2010-07
B0002TPFTA,Product B0002TPFTA,metadata_not_joined,2007-02,2014-04
B0002TPFTU,Product B0002TPFTU,metadata_not_joined,2005-11,2009-05
B0002TPFW2,Product B0002TPFW2,metadata_not_joined,2005-07,2006-11
B0002TQQUW,Product B0002TQQUW,metadata_not_joined,2006-07,2014-05
B0002TQXJG,Product B0002TQXJG,metadata_not_joined,2005-08,2009-02
B0002TUDKG,Product B0002TUDKG,metadata_not_joined,2011-02,2014-03
B0002TXHIQ,Product B0002TXHIQ,metadata_not_joined,2004-08,2011-01
B0002U0JP4,Product B0002U0JP4,metadata_not_joined,2005-03,2006-02
B0002U0JPE,Product B0002U0JPE,metadata_not_joined,2004-12,2009-03
B0002U1TJY,Product B0002U1TJY,metadata_not_joined,2006-08,2014-06
B0002UAAQC,Product B0002UAAQC,metadata_not_joined,2011-07,2014-07
B0002UB2K0,Product B0002UB2K0,metadata_not_joined,2007-09,2014-07
B0002UB2P0,Product B0002UB2P0,metadata_not_joined,2004-09,2008-11
B0002UB2PK,Product B0002UB2PK,metadata_not_joined,2004-09,2010-12
B0002UB2PU,Product B0002UB2PU,metadata_not_joined,2004-10,2006-11
B0002UB2Q4,Product B0002UB2Q4,metadata_not_joined,2004-10,2006-12
B0002UBDDG,Product B0002UBDDG,metadata_not_joined,2004-09,2010-11
B0002UE9WI,Product B0002UE9WI,metadata_not_joined,2005-01,2008-11
B0002UFC10,Product B0002UFC10,metadata_not_joined,2006-08,2011-08
B0002UHUME,Product B0002UHUME,metadata_not_joined,2005-02,2011-03
B0002UM05Q,Product B0002UM05Q,metadata_not_joined,2005-02,2010-10
B0002UM0JW,Product B0002UM0JW,metadata_not_joined,2004-09,2014-06
B0002UPGOI,Product B0002UPGOI,metadata_not_joined,2010-04,2014-07
B0002UQALQ,Product B0002UQALQ,metadata_not_joined,2007-07,2009-12
B0002UTYP0,Product B0002UTYP0,metadata_not_joined,2009-09,2014-05
B0002V6196,Product B0002V6196,metadata_not_joined,2005-03,2012-12
B0002V85MC,Product B0002V85MC,metadata_not_joined,2011-11,2014-05
B0002V85OU,Product B0002V85OU,metadata_not_joined,2009-01,2014-07
B0002V8KW2,Product B0002V8KW2,metadata_not_joined,2004-10,2012-04
B0002V8KWM,Product B0002V8KWM,metadata_not_joined,2004-11,2011-04
B0002V9IKK,Product B0002V9IKK,metadata_not_joined,2005-12,2013-12
B0002VAQR4,Product B0002VAQR4,metadata_not_joined,2006-11,2014-06
B0002VFWSW,Product B0002VFWSW,metadata_not_joined,2006-01,2007-07
B0002VM8RU,Product B0002VM8RU,metadata_not_joined,2011-03,2014-06
B0002VO7HO,Product B0002VO7HO,metadata_not_joined,2007-05,2014-02
B0002VO8GE,Product B0002VO8GE,metadata_not_joined,2007-03,2011-11
B0002VQDVW,Product B0002VQDVW,metadata_not_joined,2004-10,2014-07
B0002VQKUG,Product B0002VQKUG,metadata_not_joined,2007-02,2014-06
B0002VS644,Product B0002VS644,metadata_not_joined,2010-06,2014-01
B0002VS66M,Product B0002VS66M,metadata_not_joined,2008-03,2014-05
B0002VS9ZU,Product B0002VS9ZU,metadata_not_joined,2004-11,2007-07
B0002W3AFS,Product B0002W3AFS,metadata_not_joined,2005-11,2011-05
B0002W81YI,Product B0002W81YI,metadata_not_joined,2010-10,2012-10
B0002WKD80,Product B0002WKD80,metadata_not_joined,2011-10,2014-05
B0002WPREU,Product B0002WPREU,metadata_not_joined,2007-07,2014-07
B0002WPS76,Product B0002WPS76,metadata_not_joined,2005-09,2012-12
B0002WPSB2,Product B0002WPSB2,metadata_not_joined,2004-12,2013-01
B0002WPSBC,Product B0002WPSBC,metadata_not_joined,2005-01,2014-07
B0002WPSCG,Product B0002WPSCG,metadata_not_joined,2005-03,2014-05
B0002WPSFI,Product B0002WPSFI,metadata_not_joined,2005-08,2010-03
B0002WRHZC,Product B0002WRHZC,metadata_not_joined,2011-01,2014-03
B0002WSL7A,Product B0002WSL7A,metadata_not_joined,2006-08,2009-06
B0002WT6RY,Product B0002WT6RY,metadata_not_joined,2007-08,2014-02
B0002WT6S8,Product B0002WT6S8,metadata_not_joined,2006-09,2014-04
B0002WTK48,Product B0002WTK48,metadata_not_joined,2005-08,2014-01
B0002WTK4S,Product B0002WTK4S,metadata_not_joined,2007-02,2014-01
B0002WTK52,Product B0002WTK52,metadata_not_joined,2006-12,2008-12
B0002WYJSU,Product B0002WYJSU,metadata_not_joined,2011-02,2014-04
B0002X5Q72,Product B0002X5Q72,metadata_not_joined,2006-06,2013-03
B0002X6IAQ,Product B0002X6IAQ,metadata_not_joined,2010-12,2013-09
B0002X7V1Q,Product B0002X7V1Q,metadata_not_joined,2009-03,2014-07
B0002X7V48,Product B0002X7V48,metadata_not_joined,2004-11,2006-04
B0002X8TVW,Product B0002X8TVW,metadata_not_joined,2005-01,2006-11
B0002XGJOG,Product B0002XGJOG,metadata_not_joined,2009-07,2013-01
B0002XGSS8,Product B0002XGSS8,metadata_not_joined,2004-12,2010-02
B0002XHFPS,Product B0002XHFPS,metadata_not_joined,2006-02,2011-09
B0002XIX0O,Product B0002XIX0O,metadata_not_joined,2007-03,2014-04
B0002XJ7S6,Product B0002XJ7S6,metadata_not_joined,2005-08,2007-03
B0002XJ9IY,Product B0002XJ9IY,metadata_not_joined,2004-10,2008-04
B0002XJAKG,Product B0002XJAKG,metadata_not_joined,2005-11,2012-12
B0002XM01C,Product B0002XM01C,metadata_not_joined,2005-01,2006-03
B0002XMZOO,Product B0002XMZOO,metadata_not_joined,2007-07,2014-03
B0002XN3VS,Product B0002XN3VS,metadata_not_joined,2005-11,2014-05
B0002XNRG4,Product B0002XNRG4,metadata_not_joined,2008-03,2014-07
B0002XP70I,Product B0002XP70I,metadata_not_joined,2005-04,2006-01
B0002XQDSS,Product B0002XQDSS,metadata_not_joined,2006-04,2014-07
B0002XQI2E,Product B0002XQI2E,metadata_not_joined,2004-09,2014-02
B0002XQJFA,Product B0002XQJFA,metadata_not_joined,2004-09,2013-11
B0002XQWCK,Product B0002XQWCK,metadata_not_joined,2004-11,2014-04
B0002XRPNA,Product B0002XRPNA,metadata_not_joined,2010-03,2014-02
B0002XRWRE,Product B0002XRWRE,metadata_not_joined,2006-01,2014-04
B0002XZQAE,Product B0002XZQAE,metadata_not_joined,2005-05,2011-01
B0002XZQHM,Product B0002XZQHM,metadata_not_joined,2004-12,2008-10
B0002Y0RAC,Product B0002Y0RAC,metadata_not_joined,2006-07,2010-02
B0002Y22VE,Product B0002Y22VE,metadata_not_joined,2005-03,2013-09
B0002Y5WVQ,Product B0002Y5WVQ,metadata_not_joined,2006-02,2014-03
B0002Y5WW0,Product B0002Y5WW0,metadata_not_joined,2005-04,2013-03
B0002Y5WXE,Product B0002Y5WXE,metadata_not_joined,2005-03,2014-07
B0002Y5WXO,Product B0002Y5WXO,metadata_not_joined,2004-10,2014-07
B0002Y5WXY,Product B0002Y5WXY,metadata_not_joined,2004-11,2010-03
B0002Y5WYI,Product B0002Y5WYI,metadata_not_joined,2008-02,2014-01
B0002Y5WZC,Product B0002Y5WZC,metadata_not_joined,2006-07,2014-07
B0002Y5WZM,Product B0002Y5WZM,metadata_not_joined,2005-12,2014-07
B0002Y67UG,Product B0002Y67UG,metadata_not_joined,2004-12,2013-12
B0002Y6DGE,Product B0002Y6DGE,metadata_not_joined,2005-01,2009-02
B0002Y6DGO,Product B0002Y6DGO,metadata_not_joined,2005-01,2009-09
B0002Y7DO0,Product B0002Y7DO0,metadata_not_joined,2004-10,2013-11
B0002YE35M,Product B0002YE35M,metadata_not_joined,2009-09,2014-04
B0002YE40G,Product B0002YE40G,metadata_not_joined,2010-02,2014-01
B0002YE686,Product B0002YE686,metadata_not_joined,2005-06,2014-07
B0002YE6EK,Product B0002YE6EK,metadata_not_joined,2004-11,2008-11
B0002YE6EU,Product B0002YE6EU,metadata_not_joined,2006-03,2014-07
B0002YE6FE,Product B0002YE6FE,metadata_not_joined,2005-02,2010-03
B0002YE6FY,Product B0002YE6FY,metadata_not_joined,2005-05,2014-07
B0002YE6G8,Product B0002YE6G8,metadata_not_joined,2004-12,2009-10
B0002YL5XU,Product B0002YL5XU,metadata_not_joined,2008-04,2012-10
B0002YTKAK,Product B0002YTKAK,metadata_not_joined,2011-09,2014-02
B0002YU5VS,Product B0002YU5VS,metadata_not_joined,2010-08,2014-01
B0002YU7FC,Product B0002YU7FC,metadata_not_joined,2010-08,2014-05
B0002YUMY8,Product B0002YUMY8,metadata_not_joined,2010-02,2014-07
B0002YV4FO,Product B0002YV4FO,metadata_not_joined,2007-12,2013-08
B0002YV8EG,Product B0002YV8EG,metadata_not_joined,2007-11,2014-04
B0002YXUS8,Product B0002YXUS8,metadata_not_joined,2005-09,2013-03
B0002YY9PG,Product B0002YY9PG,metadata_not_joined,2008-02,2014-03
B0002Z240M,Product B0002Z240M,metadata_not_joined,2006-12,2013-05
B0002Z2416,Product B0002Z2416,metadata_not_joined,2007-10,2014-01
B0002Z241Q,Product B0002Z241Q,metadata_not_joined,2006-12,2013-12
B0002Z2CYU,Product B0002Z2CYU,metadata_not_joined,2006-11,2014-05
B0002Z44XC,Product B0002Z44XC,metadata_not_joined,2006-09,2009-05
B0002Z4572,Product B0002Z4572,metadata_not_joined,2005-04,2013-01
B0002Z45DQ,Product B0002Z45DQ,metadata_not_joined,2005-03,2013-09
B0002Z82XA,Product B0002Z82XA,metadata_not_joined,2008-03,2014-06
B0002Z9TGO,Product B0002Z9TGO,metadata_not_joined,2013-08,2014-05
B0002ZA7I8,Product B0002ZA7I8,metadata_not_joined,2004-11,2005-07
B0002ZAEX6,Product B0002ZAEX6,metadata_not_joined,2004-11,2012-12
B0002ZAEY0,Product B0002ZAEY0,metadata_not_joined,2004-11,2011-02
B0002ZAEYA,Product B0002ZAEYA,metadata_not_joined,2005-02,2013-12
B0002ZAEYK,Product B0002ZAEYK,metadata_not_joined,2004-11,2014-05
B0002ZAIKA,Product B0002ZAIKA,metadata_not_joined,2005-03,2013-06
B0002ZAILY,Product B0002ZAILY,metadata_not_joined,2005-01,2013-01
B0002ZAIM8,Product B0002ZAIM8,metadata_not_joined,2005-01,2014-04
B0002ZAIMI,Product B0002ZAIMI,metadata_not_joined,2005-03,2013-01
B0002ZDIKW,Product B0002ZDIKW,metadata_not_joined,2007-07,2014-07
B0002ZGEO4,Product B0002ZGEO4,metadata_not_joined,2011-08,2014-06
B0002ZH6PU,Product B0002ZH6PU,metadata_not_joined,2005-07,2007-12
B0002ZH71S,Product B0002ZH71S,metadata_not_joined,2005-01,2010-03
B0002ZHBIM,Product B0002ZHBIM,metadata_not_joined,2005-01,2014-07
B0002ZLYYY,Product B0002ZLYYY,metadata_not_joined,2005-09,2013-12
B0002ZLZ02,Product B0002ZLZ02,metadata_not_joined,2004-11,2014-06
B0002ZPBHU,Product B0002ZPBHU,metadata_not_joined,2009-01,2014-03
B0002ZPBKW,Product B0002ZPBKW,metadata_not_joined,2010-01,2014-04
B0002ZPF3U,Product B0002ZPF3U,metadata_not_joined,2007-01,2013-07
B0002ZPF6W,Product B0002ZPF6W,metadata_not_joined,2007-01,2014-07
B0002ZPFAS,Product B0002ZPFAS,metadata_not_joined,2006-12,2014-06
B0002ZPFD0,Product B0002ZPFD0,metadata_not_joined,2012-12,2014-07
B0002ZPFF8,Product B0002ZPFF8,metadata_not_joined,2012-01,2014-07
B0002ZPFLM,Product B0002ZPFLM,metadata_not_joined,2010-02,2014-01
B0002ZPH7O,Product B0002ZPH7O,metadata_not_joined,2008-04,2013-08
B0002ZPINC,Product B0002ZPINC,metadata_not_joined,2010-10,2014-01
B0002ZPIOG,Product B0002ZPIOG,metadata_not_joined,2010-01,2014-03
B0002ZPIOQ,Product B0002ZPIOQ,metadata_not_joined,2010-11,2014-03
B0002ZPIQ4,Product B0002ZPIQ4,metadata_not_joined,2010-02,2014-03
B0002ZPIXM,Product B0002ZPIXM,metadata_not_joined,2006-09,2008-07
B0002ZPJZY,Product B0002ZPJZY,metadata_not_joined,2005-03,2014-03
B0002ZPK1W,Product B0002ZPK1W,metadata_not_joined,2009-05,2013-02
B0002ZPLHK,Product B0002ZPLHK,metadata_not_joined,2011-02,2013-11
B0002ZPNKK,Product B0002ZPNKK,metadata_not_joined,2010-04,2014-03
B0002ZPNXW,Product B0002ZPNXW,metadata_not_joined,2009-10,2014-02
B0002ZPR56,Product B0002ZPR56,metadata_not_joined,2008-04,2014-04
B0002ZPR6A,Product B0002ZPR6A,metadata_not_joined,2012-03,2014-02
B0002ZPSKK,Product B0002ZPSKK,metadata_not_joined,2012-01,2014-01
B0002ZPTBI,Product B0002ZPTBI,metadata_not_joined,2008-06,2014-06
B0002ZPUMG,Product B0002ZPUMG,metadata_not_joined,2009-01,2014-07
B0002ZPUN0,Product B0002ZPUN0,metadata_not_joined,2008-06,2014-05
B0002ZQFS4,Product B0002ZQFS4,metadata_not_joined,2005-06,2009-12
B0002ZQG24,Product B0002ZQG24,metadata_not_joined,2012-07,2014-06
B0002ZQHFA,Product B0002ZQHFA,metadata_not_joined,2007-01,2014-01
B0002ZRRBI,Product B0002ZRRBI,metadata_not_joined,2005-01,2009-11
B0002ZSFTG,Product B0002ZSFTG,metadata_not_joined,2007-06,2013-08
B0002ZSFTQ,Product B0002ZSFTQ,metadata_not_joined,2007-08,2013-08
B0002ZUHB0,Product B0002ZUHB0,metadata_not_joined,2004-11,2005-08
B0002ZUHBK,Product B0002ZUHBK,metadata_not_joined,2004-11,2005-12
B0002ZUZVW,Product B0002ZUZVW,metadata_not_joined,2006-09,2007-12
B0002ZW5W4,Product B0002ZW5W4,metadata_not_joined,2004-12,2014-06
B00030097G,Product B00030097G,metadata_not_joined,2005-08,2013-04
B00030099O,Product B00030099O,metadata_not_joined,2005-11,2013-11
B0003009AI,Product B0003009AI,metadata_not_joined,2007-01,2011-05
B0003009BC,Product B0003009BC,metadata_not_joined,2004-10,2014-03
B0003009E4,Product B0003009E4,metadata_not_joined,2004-11,2007-08
B000300Y9O,Product B000300Y9O,metadata_not_joined,2005-03,2014-07
B000309ZA8,Product B000309ZA8,metadata_not_joined,2004-12,2005-05
B00030A002,Product B00030A002,metadata_not_joined,2005-03,2013-05
B00030ATTO,Product B00030ATTO,metadata_not_joined,2005-11,2014-04
B00030AXNQ,Product B00030AXNQ,metadata_not_joined,2011-08,2014-07
B00030BDWQ,Product B00030BDWQ,metadata_not_joined,2010-11,2014-04
B00030BDY4,Product B00030BDY4,metadata_not_joined,2012-06,2014-01
B00030BYJI,Product B00030BYJI,metadata_not_joined,2011-01,2014-07
B00030CHPI,Product B00030CHPI,metadata_not_joined,2011-10,2014-07
B00030CHQW,Product B00030CHQW,metadata_not_joined,2011-01,2014-01
B00030CHRQ,Product B00030CHRQ,metadata_not_joined,2004-08,2012-12
B00030DEOG,Product B00030DEOG,metadata_not_joined,2008-07,2014-04
B00030DEOQ,Product B00030DEOQ,metadata_not_joined,2008-03,2014-07
B00030DEQE,Product B00030DEQE,metadata_not_joined,2006-11,2014-05
B00030F6OC,Product B00030F6OC,metadata_not_joined,2007-07,2013-04
B00030F7I2,Product B00030F7I2,metadata_not_joined,2007-07,2014-06
B00030NR6Q,Product B00030NR6Q,metadata_not_joined,2004-10,2011-08
B00031S4KO,Product B00031S4KO,metadata_not_joined,2008-12,2012-05
B000329HEK,Product B000329HEK,metadata_not_joined,2009-01,2014-07
B000329HEU,Product B000329HEU,metadata_not_joined,2010-05,2014-04
B00032AIGG,Product B00032AIGG,metadata_not_joined,2008-10,2014-05
B00032AVN6,Product B00032AVN6,metadata_not_joined,2008-02,2014-07
B00032BOLO,Product B00032BOLO,metadata_not_joined,2008-01,2014-05
B00032C2GK,Product B00032C2GK,metadata_not_joined,2010-10,2014-03
B00032C9J0,Product B00032C9J0,metadata_not_joined,2011-09,2014-06
B00032CIJQ,Product B00032CIJQ,metadata_not_joined,2009-04,2014-05
B00032HC92,Product B00032HC92,metadata_not_joined,2004-10,2007-06
B00032Q1IK,Product B00032Q1IK,metadata_not_joined,2005-06,2014-06
B00032Q1J4,Product B00032Q1J4,metadata_not_joined,2008-03,2014-03
B00032Q30Q,Product B00032Q30Q,metadata_not_joined,2011-02,2014-02
B00032Q3WY,Product B00032Q3WY,metadata_not_joined,2005-04,2010-01
B0003404RW,Product B0003404RW,metadata_not_joined,2004-10,2009-04
B00039R23G,Product B00039R23G,metadata_not_joined,2012-01,2014-07
B0003MLSMY,Product B0003MLSMY,metadata_not_joined,2011-06,2014-07
B0003MUQ72,Product B0003MUQ72,metadata_not_joined,2011-02,2013-12
B0003N01RQ,Product B0003N01RQ,metadata_not_joined,2011-08,2014-04
B0003NFJKA,Product B0003NFJKA,metadata_not_joined,2010-12,2014-07
B0003NN80S,Product B0003NN80S,metadata_not_joined,2007-01,2014-07
B0003NN81M,Product B0003NN81M,metadata_not_joined,2008-01,2014-07
B0003NN83K,Product B0003NN83K,metadata_not_joined,2006-12,2014-06
B0003NN83U,Product B0003NN83U,metadata_not_joined,2007-01,2014-07
B0003NNFJ2,Product B0003NNFJ2,metadata_not_joined,2009-02,2013-09
B0003QER5U,Product B0003QER5U,metadata_not_joined,2004-12,2010-03
B0003QER7S,Product B0003QER7S,metadata_not_joined,2004-10,2013-12
B0003QER82,Product B0003QER82,metadata_not_joined,2005-01,2014-07
B0003QER8C,Product B0003QER8C,metadata_not_joined,2005-01,2012-11
B0003QIXBY,Product B0003QIXBY,metadata_not_joined,2005-01,2014-07
B0003V577C,Product B0003V577C,metadata_not_joined,2005-03,2013-12
B00042L0IA,Product B00042L0IA,metadata_not_joined,2008-03,2014-03
B00042LCBA,Product B00042LCBA,metadata_not_joined,2009-12,2014-03
B0004FO2TQ,Product B0004FO2TQ,metadata_not_joined,2005-04,2007-03
B0004FQ65E,Product B0004FQ65E,metadata_not_joined,2010-12,2013-06
B0004FQRLC,Product B0004FQRLC,metadata_not_joined,2009-01,2014-06
B0004HPV58,Product B0004HPV58,metadata_not_joined,2004-11,2006-08
B0004HPY28,Product B0004HPY28,metadata_not_joined,2005-02,2006-02
B0004HQQSE,Product B0004HQQSE,metadata_not_joined,2004-11,2014-04
B00054NM4M,Product B00054NM4M,metadata_not_joined,2004-12,2006-01
B000592UIG,Product B000592UIG,metadata_not_joined,2005-05,2013-02
B00061IU9G,Product B00061IU9G,metadata_not_joined,2008-11,2014-01
B00061IYFQ,Product B00061IYFQ,metadata_not_joined,2005-03,2012-01
B00061IYI8,Product B00061IYI8,metadata_not_joined,2005-08,2011-10
B00061IYII,Product B00061IYII,metadata_not_joined,2005-08,2008-04
B00061IYJC,Product B00061IYJC,metadata_not_joined,2004-12,2013-02
B00061J2BQ,Product B00061J2BQ,metadata_not_joined,2007-03,2014-05
B00061LSAY,Product B00061LSAY,metadata_not_joined,2005-02,2007-04
B00061NL86,Product B00061NL86,metadata_not_joined,2009-09,2014-04
B00061RXO4,Product B00061RXO4,metadata_not_joined,2005-08,2013-06
B00061S2OO,Product B00061S2OO,metadata_not_joined,2004-11,2011-08
B00061UHDS,Product B00061UHDS,metadata_not_joined,2004-12,2010-11
B00061UISM,Product B00061UISM,metadata_not_joined,2010-06,2014-07
B00061UIU0,Product B00061UIU0,metadata_not_joined,2011-08,2014-04
B00061W8EO,Product B00061W8EO,metadata_not_joined,2011-05,2014-03
B00061ZNVE,Product B00061ZNVE,metadata_not_joined,2005-01,2010-11
B000621N26,Product B000621N26,metadata_not_joined,2011-02,2014-07
B000621S4Y,Product B000621S4Y,metadata_not_joined,2005-01,2009-04
B000623HE8,Product B000623HE8,metadata_not_joined,2005-01,2011-04
B0006281SU,Product B0006281SU,metadata_not_joined,2007-11,2014-07
B000629GES,Product B000629GES,metadata_not_joined,2004-12,2013-12
B00062FFHK,Product B00062FFHK,metadata_not_joined,2005-04,2011-01
B00062FFK2,Product B00062FFK2,metadata_not_joined,2004-12,2013-02
B00062FL42,Product B00062FL42,metadata_not_joined,2004-12,2007-06
B00062FL4C,Product B00062FL4C,metadata_not_joined,2005-08,2009-02
B00062GJ8E,Product B00062GJ8E,metadata_not_joined,2006-01,2010-01
B00062GJ8O,Product B00062GJ8O,metadata_not_joined,2006-10,2013-09
B00062L5XI,Product B00062L5XI,metadata_not_joined,2010-02,2012-09
B00062N5AY,Product B00062N5AY,metadata_not_joined,2005-07,2013-01
B00062NHTS,Product B00062NHTS,metadata_not_joined,2009-06,2014-01
B00062PN6I,Product B00062PN6I,metadata_not_joined,2009-08,2014-07
B00062QY5W,Product B00062QY5W,metadata_not_joined,2004-12,2014-02
B00062UKIY,Product B00062UKIY,metadata_not_joined,2008-02,2014-05
B00062URN2,Product B00062URN2,metadata_not_joined,2005-06,2013-12
B00062UW5A,Product B00062UW5A,metadata_not_joined,2007-01,2014-07
B00062WUW8,Product B00062WUW8,metadata_not_joined,2005-02,2009-01
B00062WV7C,Product B00062WV7C,metadata_not_joined,2005-12,2012-04
B00062WV86,Product B00062WV86,metadata_not_joined,2005-08,2009-03
B00062WV9U,Product B00062WV9U,metadata_not_joined,2009-02,2013-11
B000633KCG,Product B000633KCG,metadata_not_joined,2012-10,2014-01
B000636FJG,Product B000636FJG,metadata_not_joined,2004-12,2006-07
B000636JD8,Product B000636JD8,metadata_not_joined,2005-02,2014-07
B000637RN4,Product B000637RN4,metadata_not_joined,2006-08,2008-01
B0006398PY,Product B0006398PY,metadata_not_joined,2005-09,2014-06
B00063E26Y,Product B00063E26Y,metadata_not_joined,2005-12,2014-07
B00063E98U,Product B00063E98U,metadata_not_joined,2005-10,2014-05
B00063EFYS,Product B00063EFYS,metadata_not_joined,2009-08,2012-10
B00063EG9M,Product B00063EG9M,metadata_not_joined,2005-03,2010-10
B00063G0BO,Product B00063G0BO,metadata_not_joined,2004-10,2008-06
B00063KO5C,Product B00063KO5C,metadata_not_joined,2006-04,2013-09
B00063KO7U,Product B00063KO7U,metadata_not_joined,2008-02,2014-04
B00063RT82,Product B00063RT82,metadata_not_joined,2005-01,2008-05
B00063Y95I,Product B00063Y95I,metadata_not_joined,2011-06,2013-10
B00063ZVJQ,Product B00063ZVJQ,metadata_not_joined,2006-01,2013-12
B000646MZW,Product B000646MZW,metadata_not_joined,2005-07,2006-11
B00064ABSG,Product B00064ABSG,metadata_not_joined,2006-11,2014-03
B00064AQI6,Product B00064AQI6,metadata_not_joined,2006-12,2011-11
B00064BTEQ,Product B00064BTEQ,metadata_not_joined,2007-03,2013-03
B00064C3XC,Product B00064C3XC,metadata_not_joined,2005-01,2007-12
B00064C53K,Product B00064C53K,metadata_not_joined,2005-05,2012-03
B00064C54O,Product B00064C54O,metadata_not_joined,2004-11,2010-09
B00064C5T4,Product B00064C5T4,metadata_not_joined,2004-11,2007-04
B00064FXGQ,Product B00064FXGQ,metadata_not_joined,2008-01,2013-01
B00064FXTI,Product B00064FXTI,metadata_not_joined,2004-12,2007-07
B00064G5X6,Product B00064G5X6,metadata_not_joined,2005-11,2013-03
B00064GBT4,Product B00064GBT4,metadata_not_joined,2012-05,2014-04
B00064GI2O,Product B00064GI2O,metadata_not_joined,2004-11,2012-03
B00064JWSG,Product B00064JWSG,metadata_not_joined,2009-01,2014-06
B00064L1AI,Product B00064L1AI,metadata_not_joined,2004-12,2007-06
B00064NVBK,Product B00064NVBK,metadata_not_joined,2006-04,2013-12
B00064O1P0,Product B00064O1P0,metadata_not_joined,2004-10,2013-01
B00064O89Y,Product B00064O89Y,metadata_not_joined,2004-10,2009-07
B00064O8Z8,Product B00064O8Z8,metadata_not_joined,2004-12,2013-12
B00064OB3M,Product B00064OB3M,metadata_not_joined,2004-12,2010-10
B00064OO8Y,Product B00064OO8Y,metadata_not_joined,2005-03,2012-10
B00064V6P8,Product B00064V6P8,metadata_not_joined,2008-07,2010-05
B00064V6R6,Product B00064V6R6,metadata_not_joined,2005-11,2013-01
B00064V6RG,Product B00064V6RG,metadata_not_joined,2004-12,2014-06
B00064V6SK,Product B00064V6SK,metadata_not_joined,2005-06,2014-07
B00064X4QM,Product B00064X4QM,metadata_not_joined,2004-12,2013-09
B00064XR5K,Product B00064XR5K,metadata_not_joined,2005-01,2013-12
B00064YNOY,Product B00064YNOY,metadata_not_joined,2006-03,2007-07
B00064YZAQ,Product B00064YZAQ,metadata_not_joined,2005-09,2013-03
B000652LUG,Product B000652LUG,metadata_not_joined,2005-09,2014-06
B000652M6Y,Product B000652M6Y,metadata_not_joined,2010-06,2014-07
B000652SOK,Product B000652SOK,metadata_not_joined,2011-12,2014-07
B000652SZO,Product B000652SZO,metadata_not_joined,2012-10,2014-06
B000652T8A,Product B000652T8A,metadata_not_joined,2013-01,2014-07
B000653GY6,Product B000653GY6,metadata_not_joined,2007-11,2014-02
B000653GYG,Product B000653GYG,metadata_not_joined,2006-01,2013-01
B000653HI6,Product B000653HI6,metadata_not_joined,2008-01,2013-01
B000653HL8,Product B000653HL8,metadata_not_joined,2006-08,2011-07
B000653J1G,Product B000653J1G,metadata_not_joined,2007-04,2014-05
B000653KBK,Product B000653KBK,metadata_not_joined,2006-09,2014-02
B000653KL0,Product B000653KL0,metadata_not_joined,2010-06,2012-12
B00065ANY2,Product B00065ANY2,metadata_not_joined,2007-05,2014-06
B00065ANYC,Product B00065ANYC,metadata_not_joined,2005-08,2013-11
B00065ANYW,Product B00065ANYW,metadata_not_joined,2006-04,2014-06
B00065AO0K,Product B00065AO0K,metadata_not_joined,2005-06,2013-12
B00065DG00,Product B00065DG00,metadata_not_joined,2010-05,2014-02
B00065DG0A,Product B00065DG0A,metadata_not_joined,2007-01,2013-06
B00065DGF0,Product B00065DGF0,metadata_not_joined,2006-07,2014-05
B00065DGYQ,Product B00065DGYQ,metadata_not_joined,2007-01,2014-06
B00065DH04,Product B00065DH04,metadata_not_joined,2007-01,2014-02
B00065F86U,Product B00065F86U,metadata_not_joined,2008-11,2013-03
B00065FWIY,Product B00065FWIY,metadata_not_joined,2005-06,2009-02
B00065H0QQ,Product B00065H0QQ,metadata_not_joined,2005-08,2013-06
B00065H3XQ,Product B00065H3XQ,metadata_not_joined,2004-12,2006-12
B00065HLYC,Product B00065HLYC,metadata_not_joined,2005-03,2006-09
B00065HLYM,Product B00065HLYM,metadata_not_joined,2005-11,2010-04
B00065HMAU,Product B00065HMAU,metadata_not_joined,2005-03,2007-11
B00065JM94,Product B00065JM94,metadata_not_joined,2005-10,2014-04
B00065L5SK,Product B00065L5SK,metadata_not_joined,2005-07,2007-04
B00065L5SU,Product B00065L5SU,metadata_not_joined,2005-02,2014-06
B00065L5TE,Product B00065L5TE,metadata_not_joined,2006-08,2014-07
B00065L5TO,Product B00065L5TO,metadata_not_joined,2005-09,2008-05
B00065L5TY,Product B00065L5TY,metadata_not_joined,2005-01,2013-12
B00065Q8IC,Product B00065Q8IC,metadata_not_joined,2005-09,2007-06
B00065TGTA,Product B00065TGTA,metadata_not_joined,2008-08,2014-05
B00065U11W,Product B00065U11W,metadata_not_joined,2007-04,2013-08
B00065W74G,Product B00065W74G,metadata_not_joined,2004-12,2006-11
B00065W74Q,Product B00065W74Q,metadata_not_joined,2004-11,2007-06
B00065WBF6,Product B00065WBF6,metadata_not_joined,2007-08,2010-08
B00065WNWC,Product B00065WNWC,metadata_not_joined,2009-09,2013-12
B00065X51U,Product B00065X51U,metadata_not_joined,2004-10,2014-06
B00065XSP8,Product B00065XSP8,metadata_not_joined,2005-04,2012-11
B00065ZK3G,Product B00065ZK3G,metadata_not_joined,2004-11,2005-06
B00065ZK7M,Product B00065ZK7M,metadata_not_joined,2004-11,2008-08
B000666PL6,Product B000666PL6,metadata_not_joined,2008-09,2013-07
B0006688ZC,Product B0006688ZC,metadata_not_joined,2006-12,2012-02
B000668BKY,Product B000668BKY,metadata_not_joined,2005-05,2014-04
B0006698PQ,Product B0006698PQ,metadata_not_joined,2007-03,2012-03
B0006698SI,Product B0006698SI,metadata_not_joined,2005-06,2012-04
B0006698SS,Product B0006698SS,metadata_not_joined,2005-04,2011-05
B0006698TW,Product B0006698TW,metadata_not_joined,2009-06,2014-01
B000669BVW,Product B000669BVW,metadata_not_joined,2007-11,2013-08
B000669CG6,Product B000669CG6,metadata_not_joined,2008-07,2012-11
B000669GA8,Product B000669GA8,metadata_not_joined,2004-11,2012-04
B00066D1GI,Product B00066D1GI,metadata_not_joined,2005-10,2014-06
B00066EK2W,Product B00066EK2W,metadata_not_joined,2004-12,2010-07
B00066EK36,Product B00066EK36,metadata_not_joined,2004-12,2007-01
B00066EK3G,Product B00066EK3G,metadata_not_joined,2004-12,2011-09
B00066EK40,Product B00066EK40,metadata_not_joined,2004-12,2014-06
B00066FH1U,Product B00066FH1U,metadata_not_joined,2005-09,2014-07
B00066FHHO,Product B00066FHHO,metadata_not_joined,2005-12,2010-04
B00066FIO6,Product B00066FIO6,metadata_not_joined,2007-10,2012-12
B00066HJAM,Product B00066HJAM,metadata_not_joined,2009-10,2014-07
B00066HJBG,Product B00066HJBG,metadata_not_joined,2013-04,2014-05
B00066HP2E,Product B00066HP2E,metadata_not_joined,2011-10,2014-06
B00066HP7Y,Product B00066HP7Y,metadata_not_joined,2007-03,2013-04
B00066HPUG,Product B00066HPUG,metadata_not_joined,2010-04,2013-08
B00066HPUQ,Product B00066HPUQ,metadata_not_joined,2013-04,2014-07
B00066HQ50,Product B00066HQ50,metadata_not_joined,2011-09,2014-06
B00066HV46,Product B00066HV46,metadata_not_joined,2009-07,2012-03
B00066IJPQ,Product B00066IJPQ,metadata_not_joined,2008-10,2014-07
B00066IO2O,Product B00066IO2O,metadata_not_joined,2013-01,2014-07
B00066ISFM,Product B00066ISFM,metadata_not_joined,2008-01,2014-06
B00066U1AW,Product B00066U1AW,metadata_not_joined,2008-01,2014-03
B00066UTAY,Product B00066UTAY,metadata_not_joined,2006-11,2007-06
B00066UTBS,Product B00066UTBS,metadata_not_joined,2005-05,2008-04
B00066XI84,Product B00066XI84,metadata_not_joined,2006-02,2008-12
B00066Z9XG,Product B00066Z9XG,metadata_not_joined,2008-02,2014-07
B00066ZMXI,Product B00066ZMXI,metadata_not_joined,2005-05,2008-12
B000670UW0,Product B000670UW0,metadata_not_joined,2005-04,2012-11
B000673Z4A,Product B000673Z4A,metadata_not_joined,2004-12,2007-07
B00067ARYQ,Product B00067ARYQ,metadata_not_joined,2005-02,2009-12
B00067AXYU,Product B00067AXYU,metadata_not_joined,2005-03,2013-02
B00067DUB8,Product B00067DUB8,metadata_not_joined,2007-08,2014-03
B00067EBKW,Product B00067EBKW,metadata_not_joined,2006-03,2013-01
B00067JSM8,Product B00067JSM8,metadata_not_joined,2007-11,2014-07
B00067KRTG,Product B00067KRTG,metadata_not_joined,2006-05,2009-09
B00067KT94,Product B00067KT94,metadata_not_joined,2005-02,2007-11
B00067KZ8Y,Product B00067KZ8Y,metadata_not_joined,2004-11,2007-03
B00067KZA2,Product B00067KZA2,metadata_not_joined,2004-11,2006-08
B00067KZBQ,Product B00067KZBQ,metadata_not_joined,2004-11,2005-11
B00067KZJI,Product B00067KZJI,metadata_not_joined,2005-04,2008-11
B00067LYFW,Product B00067LYFW,metadata_not_joined,2004-11,2014-07
B00067M5O6,Product B00067M5O6,metadata_not_joined,2005-03,2006-01
B00067OEPE,Product B00067OEPE,metadata_not_joined,2006-02,2010-03
B00067OEPO,Product B00067OEPO,metadata_not_joined,2007-02,2012-02
B00067OF80,Product B00067OF80,metadata_not_joined,2005-04,2014-03
B00067OLOS,Product B00067OLOS,metadata_not_joined,2007-12,2014-06
B00067OOHC,Product B00067OOHC,metadata_not_joined,2006-12,2014-03
B00067OR60,Product B00067OR60,metadata_not_joined,2006-12,2011-08
B00067OR6K,Product B00067OR6K,metadata_not_joined,2007-11,2014-02
B00067OS0A,Product B00067OS0A,metadata_not_joined,2012-12,2014-06
B00067PS7W,Product B00067PS7W,metadata_not_joined,2012-03,2014-05
B00067PWFU,Product B00067PWFU,metadata_not_joined,2010-12,2014-07
B00067R3NE,Product B00067R3NE,metadata_not_joined,2005-08,2006-01
B00067R5XW,Product B00067R5XW,metadata_not_joined,2006-06,2007-07
B00067R5Y6,Product B00067R5Y6,metadata_not_joined,2006-11,2007-08
B00067TMGA,Product B00067TMGA,metadata_not_joined,2005-01,2014-02
B00067TNDC,Product B00067TNDC,metadata_not_joined,2005-02,2007-03
B00067TQ4S,Product B00067TQ4S,metadata_not_joined,2005-04,2007-02
B00067TTY0,Product B00067TTY0,metadata_not_joined,2004-10,2007-11
B00067TYEK,Product B00067TYEK,metadata_not_joined,2005-10,2008-12
B00067TYFO,Product B00067TYFO,metadata_not_joined,2005-09,2009-04
B00067WR30,Product B00067WR30,metadata_not_joined,2010-02,2014-06
B000682AW2,Product B000682AW2,metadata_not_joined,2005-02,2006-01
B000683VIY,Product B000683VIY,metadata_not_joined,2005-01,2014-01
B000687QW6,Product B000687QW6,metadata_not_joined,2007-12,2013-07
B00068B9PQ,Product B00068B9PQ,metadata_not_joined,2004-12,2009-04
B00068B9RE,Product B00068B9RE,metadata_not_joined,2005-06,2007-08
B00068DIB4,Product B00068DIB4,metadata_not_joined,2006-08,2014-05
B00068E56G,Product B00068E56G,metadata_not_joined,2004-12,2008-12
B00068E570,Product B00068E570,metadata_not_joined,2007-04,2012-03
B00068E5CU,Product B00068E5CU,metadata_not_joined,2005-01,2014-03
B00068JKR0,Product B00068JKR0,metadata_not_joined,2005-01,2009-01
B00068KAV0,Product B00068KAV0,metadata_not_joined,2006-08,2008-05
B00068NF0I,Product B00068NF0I,metadata_not_joined,2005-01,2010-07
B00068NULW,Product B00068NULW,metadata_not_joined,2009-09,2014-04
B00068NUM6,Product B00068NUM6,metadata_not_joined,2008-08,2014-03
B00068NUO4,Product B00068NUO4,metadata_not_joined,2011-03,2014-06
B00068NUOE,Product B00068NUOE,metadata_not_joined,2007-04,2014-06
B00068S59Y,Product B00068S59Y,metadata_not_joined,2005-04,2013-05
B00068U44I,Product B00068U44I,metadata_not_joined,2008-12,2014-07
B00068U9Y8,Product B00068U9Y8,metadata_not_joined,2010-10,2013-11
B00068YUN4,Product B00068YUN4,metadata_not_joined,2011-02,2014-07
B00068YUPM,Product B00068YUPM,metadata_not_joined,2005-08,2014-05
B00069BVIK,Product B00069BVIK,metadata_not_joined,2008-05,2014-06
B00069ECUY,Product B00069ECUY,metadata_not_joined,2007-07,2012-02
B00069ECVI,Product B00069ECVI,metadata_not_joined,2005-09,2011-03
B00069J6CI,Product B00069J6CI,metadata_not_joined,2007-09,2010-02
B00069QMPC,Product B00069QMPC,metadata_not_joined,2010-11,2014-07
B00069QV2Q,Product B00069QV2Q,metadata_not_joined,2010-01,2013-11
B00069QV5I,Product B00069QV5I,metadata_not_joined,2010-06,2014-02
B00069R0LM,Product B00069R0LM,metadata_not_joined,2010-12,2014-07
B00069R5LW,Product B00069R5LW,metadata_not_joined,2012-05,2014-01
B00069SORG,Product B00069SORG,metadata_not_joined,2012-06,2013-12
B00069UD9I,Product B00069UD9I,metadata_not_joined,2007-05,2013-01
B00069ZWHQ,Product B00069ZWHQ,metadata_not_joined,2012-02,2014-06
B0006A0CUM,Product B0006A0CUM,metadata_not_joined,2006-03,2010-03
B0006A0G44,Product B0006A0G44,metadata_not_joined,2007-03,2011-09
B0006A7X2W,Product B0006A7X2W,metadata_not_joined,2005-01,2009-09
B0006A7X36,Product B0006A7X36,metadata_not_joined,2004-11,2009-06
B0006AZ57M,Product B0006AZ57M,metadata_not_joined,2006-11,2014-03
B0006AZLT4,Product B0006AZLT4,metadata_not_joined,2007-01,2013-11
B0006B058U,Product B0006B058U,metadata_not_joined,2009-03,2014-03
B0006B088W,Product B0006B088W,metadata_not_joined,2006-07,2014-05
B0006B08AA,Product B0006B08AA,metadata_not_joined,2005-04,2005-09
B0006B3QY0,Product B0006B3QY0,metadata_not_joined,2011-06,2014-07
B0006B486K,Product B0006B486K,metadata_not_joined,2005-03,2014-07
B0006B55B2,Product B0006B55B2,metadata_not_joined,2005-12,2011-07
B0006B5V6G,Product B0006B5V6G,metadata_not_joined,2004-09,2013-10
B0006BC57O,Product B0006BC57O,metadata_not_joined,2005-06,2008-12
B0006BCCAE,Product B0006BCCAE,metadata_not_joined,2012-09,2014-06
B0006BCCPO,Product B0006BCCPO,metadata_not_joined,2009-01,2014-01
B0006BCCRM,Product B0006BCCRM,metadata_not_joined,2012-12,2014-05
B0006BGV2Y,Product B0006BGV2Y,metadata_not_joined,2006-10,2014-07
B0006BHCEK,Product B0006BHCEK,metadata_not_joined,2007-01,2014-03
B0006BHHF4,Product B0006BHHF4,metadata_not_joined,2010-07,2014-02
B0006BK4ZY,Product B0006BK4ZY,metadata_not_joined,2005-06,2013-09
B0006BKG98,Product B0006BKG98,metadata_not_joined,2005-04,2007-01
B0006BKH3S,Product B0006BKH3S,metadata_not_joined,2004-12,2014-03
B0006BKJFY,Product B0006BKJFY,metadata_not_joined,2008-03,2013-12
B0006DNW6U,Product B0006DNW6U,metadata_not_joined,2005-02,2014-05
B0006DPMU4,Product B0006DPMU4,metadata_not_joined,2005-02,2014-06
B0006DPMUO,Product B0006DPMUO,metadata_not_joined,2006-05,2014-03
B0006DPNNK,Product B0006DPNNK,metadata_not_joined,2006-03,2014-04
B0006DPNOE,Product B0006DPNOE,metadata_not_joined,2012-10,2014-05
B0006DPONE,Product B0006DPONE,metadata_not_joined,2008-05,2013-05
B0006DPPW4,Product B0006DPPW4,metadata_not_joined,2006-06,2010-01
B0006DPQBE,Product B0006DPQBE,metadata_not_joined,2007-07,2011-11
B0006FK3Y2,Product B0006FK3Y2,metadata_not_joined,2007-12,2011-10
B0006FK400,Product B0006FK400,metadata_not_joined,2007-10,2010-01
B0006FK42S,Product B0006FK42S,metadata_not_joined,2005-10,2013-09
B0006FS1Z0,Product B0006FS1Z0,metadata_not_joined,2005-02,2007-11
B0006FS2CM,Product B0006FS2CM,metadata_not_joined,2005-04,2006-08
B0006FS2FY,Product B0006FS2FY,metadata_not_joined,2005-02,2006-09
B0006FS2IQ,Product B0006FS2IQ,metadata_not_joined,2005-03,2012-11
B0006FU7O8,Product B0006FU7O8,metadata_not_joined,2005-11,2013-07
B0006FV0E4,Product B0006FV0E4,metadata_not_joined,2008-08,2013-10
B0006G09MW,Product B0006G09MW,metadata_not_joined,2005-08,2010-12
B0006G0IHI,Product B0006G0IHI,metadata_not_joined,2005-11,2008-11
B0006G0IHS,Product B0006G0IHS,metadata_not_joined,2005-07,2009-10
B0006G0II2,Product B0006G0II2,metadata_not_joined,2005-02,2014-01
B0006G0RSI,Product B0006G0RSI,metadata_not_joined,2005-03,2006-05
B0006G0WCO,Product B0006G0WCO,metadata_not_joined,2008-02,2014-01
B0006G10UW,Product B0006G10UW,metadata_not_joined,2010-04,2013-12
B0006G10V6,Product B0006G10V6,metadata_not_joined,2007-07,2014-06
B0006G11VK,Product B0006G11VK,metadata_not_joined,2005-06,2006-03
B0006G2M8Q,Product B0006G2M8Q,metadata_not_joined,2010-01,2013-02
B0006G33UW,Product B0006G33UW,metadata_not_joined,2005-08,2008-02
B0006G36TA,Product B0006G36TA,metadata_not_joined,2005-02,2013-10
B0006G36VI,Product B0006G36VI,metadata_not_joined,2007-01,2013-03
B0006G3APA,Product B0006G3APA,metadata_not_joined,2006-01,2009-07
B0006G3BHW,Product B0006G3BHW,metadata_not_joined,2005-07,2014-04
B0006G9HMA,Product B0006G9HMA,metadata_not_joined,2005-01,2005-11
B0006GBD5O,Product B0006GBD5O,metadata_not_joined,2005-05,2013-01
B0006GCCN6,Product B0006GCCN6,metadata_not_joined,2007-01,2014-04
B0006GCCO0,Product B0006GCCO0,metadata_not_joined,2006-04,2014-07
B0006GCCWW,Product B0006GCCWW,metadata_not_joined,2005-07,2014-05
B0006GD9CE,Product B0006GD9CE,metadata_not_joined,2005-01,2014-03
B0006GDCD0,Product B0006GDCD0,metadata_not_joined,2006-05,2009-02
B0006GDHLC,Product B0006GDHLC,metadata_not_joined,2010-08,2014-01
B0006GR8CQ,Product B0006GR8CQ,metadata_not_joined,2005-01,2008-07
B0006GT6AS,Product B0006GT6AS,metadata_not_joined,2004-12,2008-09
B0006GWY4I,Product B0006GWY4I,metadata_not_joined,2007-03,2008-09
B0006GX0IC,Product B0006GX0IC,metadata_not_joined,2004-11,2012-02
B0006GYNPQ,Product B0006GYNPQ,metadata_not_joined,2005-11,2011-12
B0006H4FVM,Product B0006H4FVM,metadata_not_joined,2010-11,2014-01
B0006HBBF0,Product B0006HBBF0,metadata_not_joined,2008-02,2014-02
B0006HBBFA,Product B0006HBBFA,metadata_not_joined,2009-03,2013-07
B0006HBBJ6,Product B0006HBBJ6,metadata_not_joined,2005-09,2006-05
B0006HDFYK,Product B0006HDFYK,metadata_not_joined,2006-06,2013-06
B0006HHV90,Product B0006HHV90,metadata_not_joined,2009-03,2014-06
B0006HIMFM,Product B0006HIMFM,metadata_not_joined,2009-03,2013-11
B0006HJSLE,Product B0006HJSLE,metadata_not_joined,2010-01,2014-07
B0006HPCLE,Product B0006HPCLE,metadata_not_joined,2005-02,2014-03
B0006HPCLY,Product B0006HPCLY,metadata_not_joined,2005-12,2014-06
B0006HPFKM,Product B0006HPFKM,metadata_not_joined,2005-08,2008-11
B0006HQ1AK,Product B0006HQ1AK,metadata_not_joined,2006-07,2014-05
B0006HQ1B4,Product B0006HQ1B4,metadata_not_joined,2009-02,2011-12
B0006HQ2VI,Product B0006HQ2VI,metadata_not_joined,2007-05,2013-12
B0006HQ7GS,Product B0006HQ7GS,metadata_not_joined,2008-03,2013-02
B0006HQ7HC,Product B0006HQ7HC,metadata_not_joined,2009-07,2014-06
B0006HTPQ2,Product B0006HTPQ2,metadata_not_joined,2005-03,2009-11
B0006HTZ6W,Product B0006HTZ6W,metadata_not_joined,2005-06,2013-12
B0006HTZ76,Product B0006HTZ76,metadata_not_joined,2005-03,2014-02
B0006HTZ7Q,Product B0006HTZ7Q,metadata_not_joined,2005-05,2014-02
B0006HTZ8K,Product B0006HTZ8K,metadata_not_joined,2006-09,2011-02
B0006HU2IM,Product B0006HU2IM,metadata_not_joined,2005-01,2005-09
B0006HU2ZU,Product B0006HU2ZU,metadata_not_joined,2005-01,2006-02
B0006HU304,Product B0006HU304,metadata_not_joined,2005-03,2005-10
B0006HU48U,Product B0006HU48U,metadata_not_joined,2005-02,2007-03
B0006HU49E,Product B0006HU49E,metadata_not_joined,2005-05,2007-07
B0006HU49Y,Product B0006HU49Y,metadata_not_joined,2007-09,2014-06
B0006HU4DK,Product B0006HU4DK,metadata_not_joined,2008-02,2013-04
B0006HU4NK,Product B0006HU4NK,metadata_not_joined,2008-01,2010-10
B0006HU4OO,Product B0006HU4OO,metadata_not_joined,2006-11,2013-11
B0006HUXTU,Product B0006HUXTU,metadata_not_joined,2013-01,2013-11
B0006HV1KU,Product B0006HV1KU,metadata_not_joined,2009-04,2014-03
B0006HVKM4,Product B0006HVKM4,metadata_not_joined,2009-05,2014-05
B0006HW668,Product B0006HW668,metadata_not_joined,2007-09,2014-07
B0006HXN38,Product B0006HXN38,metadata_not_joined,2013-01,2014-04
B0006I09LQ,Product B0006I09LQ,metadata_not_joined,2007-09,2014-06
B0006I09MK,Product B0006I09MK,metadata_not_joined,2010-01,2014-02
B0006I09OS,Product B0006I09OS,metadata_not_joined,2005-10,2014-07
B0006I1TRY,Product B0006I1TRY,metadata_not_joined,2007-08,2014-07
B0006I3ATO,Product B0006I3ATO,metadata_not_joined,2013-01,2014-05
B0006IB1WW,Product B0006IB1WW,metadata_not_joined,2005-01,2007-07
B0006IBBLS,Product B0006IBBLS,metadata_not_joined,2009-01,2013-06
B0006IBOEM,Product B0006IBOEM,metadata_not_joined,2008-01,2013-09
B0006ITP3O,Product B0006ITP3O,metadata_not_joined,2007-10,2014-02
B0006ITZF2,Product B0006ITZF2,metadata_not_joined,2007-05,2014-04
B0006IWXOC,Product B0006IWXOC,metadata_not_joined,2005-12,2014-05
B0006J0IN4,Product B0006J0IN4,metadata_not_joined,2007-01,2014-06
B0006J1EUA,Product B0006J1EUA,metadata_not_joined,2007-10,2013-04
B0006J376O,Product B0006J376O,metadata_not_joined,2005-11,2007-12
B0006J59YW,Product B0006J59YW,metadata_not_joined,2005-06,2008-09
B0006J5AAU,Product B0006J5AAU,metadata_not_joined,2005-09,2009-11
B0006JI3CC,Product B0006JI3CC,metadata_not_joined,2004-12,2012-01
B0006JKIC0,Product B0006JKIC0,metadata_not_joined,2005-12,2008-01
B0006JLAFE,Product B0006JLAFE,metadata_not_joined,2005-03,2005-07
B0006JMJ5E,Product B0006JMJ5E,metadata_not_joined,2007-11,2011-03
B0006JMX14,Product B0006JMX14,metadata_not_joined,2005-01,2013-03
B0006L0BES,Product B0006L0BES,metadata_not_joined,2011-10,2014-03
B0006L4Z7W,Product B0006L4Z7W,metadata_not_joined,2007-07,2014-05
B0006L506C,Product B0006L506C,metadata_not_joined,2004-12,2007-07
B0006LSIIE,Product B0006LSIIE,metadata_not_joined,2006-12,2014-06
B0006LSIJS,Product B0006LSIJS,metadata_not_joined,2008-12,2010-11
B0006LSINO,Product B0006LSINO,metadata_not_joined,2007-01,2011-06
B0006LSIOI,Product B0006LSIOI,metadata_not_joined,2006-04,2014-07
B0006LSISO,Product B0006LSISO,metadata_not_joined,2010-03,2014-06
B0006M1I1W,Product B0006M1I1W,metadata_not_joined,2013-03,2014-07
B0006M4PP8,Product B0006M4PP8,metadata_not_joined,2008-05,2013-03
B0006MD1Q2,Product B0006MD1Q2,metadata_not_joined,2005-10,2013-12
B0006MGNNK,Product B0006MGNNK,metadata_not_joined,2009-01,2013-04
B0006MOTRW,Product B0006MOTRW,metadata_not_joined,2008-03,2012-01
B0006MVJUW,Product B0006MVJUW,metadata_not_joined,2005-08,2013-09
B0006MWPSM,Product B0006MWPSM,metadata_not_joined,2009-03,2014-02
B0006MZML4,Product B0006MZML4,metadata_not_joined,2009-09,2013-06
B0006N2NOW,Product B0006N2NOW,metadata_not_joined,2004-12,2011-07
B0006N2P8Q,Product B0006N2P8Q,metadata_not_joined,2007-09,2009-05
B0006N2PDQ,Product B0006N2PDQ,metadata_not_joined,2006-07,2013-02
B0006N3EVS,Product B0006N3EVS,metadata_not_joined,2007-08,2013-11
B0006N41AG,Product B0006N41AG,metadata_not_joined,2009-10,2014-07
B0006N41B0,Product B0006N41B0,metadata_not_joined,2009-10,2014-07
B0006N41CO,Product B0006N41CO,metadata_not_joined,2011-01,2014-06
B0006N41EM,Product B0006N41EM,metadata_not_joined,2009-12,2014-01
B0006N4X2C,Product B0006N4X2C,metadata_not_joined,2004-12,2009-10
B0006N5I5I,Product B0006N5I5I,metadata_not_joined,2006-07,2013-09
B0006NAB96,Product B0006NAB96,metadata_not_joined,2007-04,2013-05
B0006NAB9G,Product B0006NAB9G,metadata_not_joined,2006-05,2014-05
B0006NMRVQ,Product B0006NMRVQ,metadata_not_joined,2007-09,2014-06
B0006O4VNC,Product B0006O4VNC,metadata_not_joined,2005-10,2013-11
B0006OC16G,Product B0006OC16G,metadata_not_joined,2005-05,2014-05
B0006OCEFY,Product B0006OCEFY,metadata_not_joined,2004-12,2014-06
B0006OCFFS,Product B0006OCFFS,metadata_not_joined,2007-02,2014-06
B0006OCJ2W,Product B0006OCJ2W,metadata_not_joined,2005-06,2008-06
B0006OCP0I,Product B0006OCP0I,metadata_not_joined,2008-11,2014-07
B0006OCZGW,Product B0006OCZGW,metadata_not_joined,2006-04,2011-05
B0006OCZHG,Product B0006OCZHG,metadata_not_joined,2006-10,2012-02
B0006OCZK8,Product B0006OCZK8,metadata_not_joined,2005-12,2011-06
B0006OCZLM,Product B0006OCZLM,metadata_not_joined,2006-03,2009-10
B0006OCZOY,Product B0006OCZOY,metadata_not_joined,2005-03,2009-03
B0006OIT30,Product B0006OIT30,metadata_not_joined,2009-03,2014-02
B0006ON0QQ,Product B0006ON0QQ,metadata_not_joined,2005-11,2014-07
B0006OQY2S,Product B0006OQY2S,metadata_not_joined,2007-02,2014-02
B0006PK94Q,Product B0006PK94Q,metadata_not_joined,2006-03,2009-05
B0006PKY5A,Product B0006PKY5A,metadata_not_joined,2008-06,2014-06
B0006PRM8C,Product B0006PRM8C,metadata_not_joined,2005-05,2011-11
B0006PRMAK,Product B0006PRMAK,metadata_not_joined,2010-02,2014-01
B0006PRMJG,Product B0006PRMJG,metadata_not_joined,2007-10,2011-12
B0006PRU20,Product B0006PRU20,metadata_not_joined,2009-03,2013-06
B0006PUDQK,Product B0006PUDQK,metadata_not_joined,2007-01,2014-07
B0006PWOGW,Product B0006PWOGW,metadata_not_joined,2005-02,2009-08
B0006PY3DY,Product B0006PY3DY,metadata_not_joined,2006-02,2010-05
B0006Q3B2W,Product B0006Q3B2W,metadata_not_joined,2006-11,2014-01
B0006Q7FFG,Product B0006Q7FFG,metadata_not_joined,2005-03,2014-01
B0006SD4PE,Product B0006SD4PE,metadata_not_joined,2005-01,2009-01
B0006SD70G,Product B0006SD70G,metadata_not_joined,2009-09,2013-11
B0006SE3K4,Product B0006SE3K4,metadata_not_joined,2005-10,2014-02
B0006SKK5Q,Product B0006SKK5Q,metadata_not_joined,2007-07,2013-12
B0006TI9WG,Product B0006TI9WG,metadata_not_joined,2005-05,2013-03
B0006TI9X0,Product B0006TI9X0,metadata_not_joined,2011-08,2014-05
B0006TIA02,Product B0006TIA02,metadata_not_joined,2005-02,2014-06
B0006TIA0C,Product B0006TIA0C,metadata_not_joined,2005-10,2014-03
B0006TIA0M,Product B0006TIA0M,metadata_not_joined,2008-05,2010-06
B0006TIA2U,Product B0006TIA2U,metadata_not_joined,2005-02,2008-01
B0006TIA48,Product B0006TIA48,metadata_not_joined,2011-03,2014-03
B0006TIEX0,Product B0006TIEX0,metadata_not_joined,2006-01,2007-07
B0006TIEZS,Product B0006TIEZS,metadata_not_joined,2005-01,2013-12
B0006TIF2K,Product B0006TIF2K,metadata_not_joined,2005-04,2010-11
B0006TLQM6,Product B0006TLQM6,metadata_not_joined,2005-09,2006-10
B0006TOXAS,Product B0006TOXAS,metadata_not_joined,2007-10,2009-06
B0006TTDEO,Product B0006TTDEO,metadata_not_joined,2007-12,2014-05
B0006TTDF8,Product B0006TTDF8,metadata_not_joined,2007-09,2013-12
B0006TU546,Product B0006TU546,metadata_not_joined,2008-10,2014-06
B0006TU54G,Product B0006TU54G,metadata_not_joined,2009-01,2013-02
B0006TZK6O,Product B0006TZK6O,metadata_not_joined,2006-10,2013-03
B0006U3A1U,Product B0006U3A1U,metadata_not_joined,2005-01,2007-11
B0006U3ACY,Product B0006U3ACY,metadata_not_joined,2007-02,2014-07
B0006U6GH0,Product B0006U6GH0,metadata_not_joined,2004-12,2007-08
B0006UMGHE,Product B0006UMGHE,metadata_not_joined,2007-03,2012-04
B0006V7QAK,Product B0006V7QAK,metadata_not_joined,2006-09,2013-10
B0006VHVB4,Product B0006VHVB4,metadata_not_joined,2005-01,2014-06
B0006VHVK0,Product B0006VHVK0,metadata_not_joined,2005-07,2013-09
B0006VHZHO,Product B0006VHZHO,metadata_not_joined,2006-07,2014-03
B0006VHZJ2,Product B0006VHZJ2,metadata_not_joined,2009-02,2009-12
B0006VJ7TI,Product B0006VJ7TI,metadata_not_joined,2007-01,2014-03
B0006VJ7TS,Product B0006VJ7TS,metadata_not_joined,2007-01,2013-04
B0006VMBGO,Product B0006VMBGO,metadata_not_joined,2008-08,2014-07
B0006VT1TY,Product B0006VT1TY,metadata_not_joined,2005-05,2013-12
B0006VX0CI,Product B0006VX0CI,metadata_not_joined,2008-03,2013-12
B0006VX1G8,Product B0006VX1G8,metadata_not_joined,2004-12,2014-06
B0006VYGRG,Product B0006VYGRG,metadata_not_joined,2005-01,2008-03
B0006Z3IFI,Product B0006Z3IFI,metadata_not_joined,2007-01,2010-03
B0006Z61EI,Product B0006Z61EI,metadata_not_joined,2007-06,2014-07
B0006Z8FTW,Product B0006Z8FTW,metadata_not_joined,2008-01,2014-02
B0006Z9K1E,Product B0006Z9K1E,metadata_not_joined,2010-07,2013-12
B0006ZBHOW,Product B0006ZBHOW,metadata_not_joined,2006-08,2011-02
B0006ZBHWY,Product B0006ZBHWY,metadata_not_joined,2005-06,2007-04
B0006ZIESE,Product B0006ZIESE,metadata_not_joined,2010-10,2014-03
B0006ZIEUC,Product B0006ZIEUC,metadata_not_joined,2011-06,2014-01
B0006ZKX7Y,Product B0006ZKX7Y,metadata_not_joined,2005-03,2010-11
B0006ZM4XK,Product B0006ZM4XK,metadata_not_joined,2005-01,2014-06
B0006ZM4XU,Product B0006ZM4XU,metadata_not_joined,2005-02,2007-12
B0006ZO2CG,Product B0006ZO2CG,metadata_not_joined,2005-03,2014-01
B0006ZP31K,Product B0006ZP31K,metadata_not_joined,2008-03,2014-04
B0006ZQ4E0,Product B0006ZQ4E0,metadata_not_joined,2009-08,2014-06
B0006ZSQL4,Product B0006ZSQL4,metadata_not_joined,2010-01,2013-03
B0006ZSQNC,Product B0006ZSQNC,metadata_not_joined,2006-02,2008-11
B0006ZSR40,Product B0006ZSR40,metadata_not_joined,2008-09,2014-05
B0006ZSWB8,Product B0006ZSWB8,metadata_not_joined,2009-06,2012-05
B000701DZE,Product B000701DZE,metadata_not_joined,2005-08,2011-02
B00070FRJW,Product B00070FRJW,metadata_not_joined,2005-05,2013-12
B00070KN0A,Product B00070KN0A,metadata_not_joined,2009-12,2014-01
B00070LZ4I,Product B00070LZ4I,metadata_not_joined,2011-10,2013-12
B00070PDAU,Product B00070PDAU,metadata_not_joined,2005-01,2005-03
B00070PME2,Product B00070PME2,metadata_not_joined,2010-11,2014-03
B00070QI1I,Product B00070QI1I,metadata_not_joined,2005-07,2014-07
B00070QQ1K,Product B00070QQ1K,metadata_not_joined,2007-04,2014-02
B00073JU2E,Product B00073JU2E,metadata_not_joined,2005-11,2007-10
B00073MP6W,Product B00073MP6W,metadata_not_joined,2006-03,2011-04
B00073MP94,Product B00073MP94,metadata_not_joined,2008-08,2011-11
B00073MP9O,Product B00073MP9O,metadata_not_joined,2007-01,2013-10
B00073MPBW,Product B00073MPBW,metadata_not_joined,2008-08,2010-04
B00074Z9J6,Product B00074Z9J6,metadata_not_joined,2005-03,2012-11
B00074Z9OQ,Product B00074Z9OQ,metadata_not_joined,2005-03,2006-01
B00075RAHE,Product B00075RAHE,metadata_not_joined,2005-12,2013-03
B00076AT58,Product B00076AT58,metadata_not_joined,2005-02,2007-02
B00076FVP6,Product B00076FVP6,metadata_not_joined,2007-10,2014-05
B00076N568,Product B00076N568,metadata_not_joined,2006-02,2014-06
B00076QA56,Product B00076QA56,metadata_not_joined,2009-05,2011-02
B00076QA6K,Product B00076QA6K,metadata_not_joined,2005-09,2014-02
B00076QVM8,Product B00076QVM8,metadata_not_joined,2011-05,2013-05
B00076RJV0,Product B00076RJV0,metadata_not_joined,2008-01,2014-05
B00076SC4S,Product B00076SC4S,metadata_not_joined,2005-11,2010-01
B00076TH8S,Product B00076TH8S,metadata_not_joined,2005-02,2013-07
B00076VEG6,Product B00076VEG6,metadata_not_joined,2005-01,2014-04
B00076WOC4,Product B00076WOC4,metadata_not_joined,2008-01,2014-05
B00076XOXC,Product B00076XOXC,metadata_not_joined,2011-06,2014-02
B00077261C,Product B00077261C,metadata_not_joined,2010-07,2014-01
B000776KRI,Product B000776KRI,metadata_not_joined,2005-07,2014-01
B000779RZA,Product B000779RZA,metadata_not_joined,2005-03,2012-12
B00077AA5Q,Product B00077AA5Q,metadata_not_joined,2005-06,2014-07
B00077IG3O,Product B00077IG3O,metadata_not_joined,2009-06,2014-05
B00077INZU,Product B00077INZU,metadata_not_joined,2010-10,2014-07
B00077IPC6,Product B00077IPC6,metadata_not_joined,2007-08,2009-01
B00077IPGM,Product B00077IPGM,metadata_not_joined,2008-11,2013-12
B00077IS32,Product B00077IS32,metadata_not_joined,2010-02,2011-12
B00077KMXG,Product B00077KMXG,metadata_not_joined,2007-05,2014-01
B000782JIG,Product B000782JIG,metadata_not_joined,2009-04,2012-12
B0007876PC,Product B0007876PC,metadata_not_joined,2005-02,2011-10
B00078COKE,Product B00078COKE,metadata_not_joined,2005-02,2013-09
B00078E31W,Product B00078E31W,metadata_not_joined,2013-04,2014-05
B00078F54G,Product B00078F54G,metadata_not_joined,2008-12,2014-05
B00078GLJY,Product B00078GLJY,metadata_not_joined,2005-01,2008-07
B00078NING,Product B00078NING,metadata_not_joined,2006-12,2013-06
B00078NIUY,Product B00078NIUY,metadata_not_joined,2011-09,2014-02
B000791D82,Product B000791D82,metadata_not_joined,2006-01,2011-02
B000792SA4,Product B000792SA4,metadata_not_joined,2005-08,2010-03
B000796XYQ,Product B000796XYQ,metadata_not_joined,2007-12,2013-08
B000799LPE,Product B000799LPE,metadata_not_joined,2007-05,2014-03
B000799LQS,Product B000799LQS,metadata_not_joined,2005-02,2012-12
B000799LTU,Product B000799LTU,metadata_not_joined,2005-06,2008-07
B000799LU4,Product B000799LU4,metadata_not_joined,2006-10,2008-09
B00079AGU8,Product B00079AGU8,metadata_not_joined,2005-10,2011-08
B00079F7L6,Product B00079F7L6,metadata_not_joined,2005-02,2007-01
B00079LOTU,Product B00079LOTU,metadata_not_joined,2006-11,2014-07
B00079PLQ2,Product B00079PLQ2,metadata_not_joined,2007-06,2014-05
B00079PNTM,Product B00079PNTM,metadata_not_joined,2005-08,2013-02
B00079REO4,Product B00079REO4,metadata_not_joined,2008-08,2012-08
B00079SWNQ,Product B00079SWNQ,metadata_not_joined,2008-01,2014-03
B00079V9XG,Product B00079V9XG,metadata_not_joined,2005-02,2007-05
B00079XZEM,Product B00079XZEM,metadata_not_joined,2005-02,2011-01
B0007A1IRC,Product B0007A1IRC,metadata_not_joined,2005-02,2014-06
B0007A6P2K,Product B0007A6P2K,metadata_not_joined,2005-08,2009-11
B0007CGXPM,Product B0007CGXPM,metadata_not_joined,2006-01,2010-01
B0007CGXSO,Product B0007CGXSO,metadata_not_joined,2005-10,2013-10
B0007CGXU2,Product B0007CGXU2,metadata_not_joined,2005-05,2014-06
B0007CGXWA,Product B0007CGXWA,metadata_not_joined,2006-04,2009-04
B0007CIWZG,Product B0007CIWZG,metadata_not_joined,2007-12,2014-07
B0007COBH4,Product B0007COBH4,metadata_not_joined,2005-01,2011-10
B0007CZ6F0,Product B0007CZ6F0,metadata_not_joined,2005-06,2010-06
B0007CZ70Y,Product B0007CZ70Y,metadata_not_joined,2005-02,2013-01
B0007CZ7AO,Product B0007CZ7AO,metadata_not_joined,2005-04,2009-06
B0007CZ7BI,Product B0007CZ7BI,metadata_not_joined,2005-03,2014-02
B0007CZAQA,Product B0007CZAQA,metadata_not_joined,2009-01,2013-09
B0007D4TAM,Product B0007D4TAM,metadata_not_joined,2007-12,2013-08
B0007D54GU,Product B0007D54GU,metadata_not_joined,2010-03,2014-05
B0007D9B9G,Product B0007D9B9G,metadata_not_joined,2005-03,2007-02
B0007DDK7A,Product B0007DDK7A,metadata_not_joined,2005-10,2014-07
B0007DGB3K,Product B0007DGB3K,metadata_not_joined,2005-06,2010-04
B0007G6RZE,Product B0007G6RZE,metadata_not_joined,2006-04,2014-06
B0007GBAZG,Product B0007GBAZG,metadata_not_joined,2006-11,2014-07
B0007GGZ06,Product B0007GGZ06,metadata_not_joined,2007-01,2013-02
B0007GIXQA,Product B0007GIXQA,metadata_not_joined,2005-07,2008-11
B0007GIXQK,Product B0007GIXQK,metadata_not_joined,2005-08,2007-11
B0007GIXQU,Product B0007GIXQU,metadata_not_joined,2005-06,2014-04
B0007GIXR4,Product B0007GIXR4,metadata_not_joined,2005-12,2011-10
B0007GIXS8,Product B0007GIXS8,metadata_not_joined,2005-10,2013-03
B0007GIXSI,Product B0007GIXSI,metadata_not_joined,2005-10,2013-01
B0007IANK2,Product B0007IANK2,metadata_not_joined,2005-06,2007-01
B0007IFVH2,Product B0007IFVH2,metadata_not_joined,2013-06,2014-05
B0007IFVJ0,Product B0007IFVJ0,metadata_not_joined,2012-12,2014-06
B0007IG23Y,Product B0007IG23Y,metadata_not_joined,2005-11,2008-02
B0007INITA,Product B0007INITA,metadata_not_joined,2009-02,2014-06
B0007IOYU2,Product B0007IOYU2,metadata_not_joined,2008-07,2013-04
B0007IP6YU,Product B0007IP6YU,metadata_not_joined,2013-05,2014-06
B0007IQGGW,Product B0007IQGGW,metadata_not_joined,2007-06,2013-11
B0007IQWM0,Product B0007IQWM0,metadata_not_joined,2005-04,2010-08
B0007KI7SU,Product B0007KI7SU,metadata_not_joined,2005-09,2009-03
B0007KK22E,Product B0007KK22E,metadata_not_joined,2010-10,2014-05
B0007KK22Y,Product B0007KK22Y,metadata_not_joined,2010-08,2014-04
B0007KK24M,Product B0007KK24M,metadata_not_joined,2009-04,2013-11
B0007KK256,Product B0007KK256,metadata_not_joined,2011-06,2014-04
B0007KK2DS,Product B0007KK2DS,metadata_not_joined,2010-12,2014-05
B0007KK2G0,Product B0007KK2G0,metadata_not_joined,2010-02,2014-03
B0007KK2KG,Product B0007KK2KG,metadata_not_joined,2011-08,2014-06
B0007KK2NI,Product B0007KK2NI,metadata_not_joined,2010-09,2014-02
B0007KMZAQ,Product B0007KMZAQ,metadata_not_joined,2010-06,2013-12
B0007KP5VC,Product B0007KP5VC,metadata_not_joined,2005-12,2009-09
B0007KPM42,Product B0007KPM42,metadata_not_joined,2006-01,2006-11
B0007KPRIS,Product B0007KPRIS,metadata_not_joined,2009-08,2014-07
B0007KPRJM,Product B0007KPRJM,metadata_not_joined,2011-01,2013-04
B0007KPRK6,Product B0007KPRK6,metadata_not_joined,2011-01,2014-07
B0007KPRKQ,Product B0007KPRKQ,metadata_not_joined,2012-08,2014-04
B0007KQOIK,Product B0007KQOIK,metadata_not_joined,2005-02,2006-11
B0007KQOJ4,Product B0007KQOJ4,metadata_not_joined,2007-05,2013-10
B0007KQUP2,Product B0007KQUP2,metadata_not_joined,2005-02,2012-03
B0007KQWD2,Product B0007KQWD2,metadata_not_joined,2005-04,2013-08
B0007KQWDC,Product B0007KQWDC,metadata_not_joined,2005-05,2011-07
B0007KQWDM,Product B0007KQWDM,metadata_not_joined,2005-05,2013-04
B0007KQWDW,Product B0007KQWDW,metadata_not_joined,2005-03,2008-12
B0007KQWE6,Product B0007KQWE6,metadata_not_joined,2005-06,2013-12
B0007KQWEG,Product B0007KQWEG,metadata_not_joined,2005-04,2006-12
B0007KQWEQ,Product B0007KQWEQ,metadata_not_joined,2005-05,2005-12
B0007KQWF0,Product B0007KQWF0,metadata_not_joined,2005-05,2008-12
B0007KQWFK,Product B0007KQWFK,metadata_not_joined,2006-05,2012-12
B0007KQWG4,Product B0007KQWG4,metadata_not_joined,2005-11,2006-08
B0007KQWGE,Product B0007KQWGE,metadata_not_joined,2006-02,2014-03
B0007KQWGO,Product B0007KQWGO,metadata_not_joined,2006-03,2013-12
B0007KS7D0,Product B0007KS7D0,metadata_not_joined,2008-09,2014-07
B0007KVK7U,Product B0007KVK7U,metadata_not_joined,2005-11,2013-02
B0007KX4TC,Product B0007KX4TC,metadata_not_joined,2005-03,2006-11
B0007KX4TM,Product B0007KX4TM,metadata_not_joined,2005-03,2006-05
B0007KX4UQ,Product B0007KX4UQ,metadata_not_joined,2005-06,2005-10
B0007KX4VU,Product B0007KX4VU,metadata_not_joined,2005-08,2014-02
B0007KXFH8,Product B0007KXFH8,metadata_not_joined,2005-05,2007-12
B0007L201O,Product B0007L201O,metadata_not_joined,2005-03,2008-09
B0007L29LK,Product B0007L29LK,metadata_not_joined,2005-02,2011-12
B0007L726C,Product B0007L726C,metadata_not_joined,2006-03,2008-04
B0007L72MQ,Product B0007L72MQ,metadata_not_joined,2008-07,2014-06
B0007L72NA,Product B0007L72NA,metadata_not_joined,2008-09,2010-02
B0007L7EZQ,Product B0007L7EZQ,metadata_not_joined,2009-10,2013-10
B0007L8A5O,Product B0007L8A5O,metadata_not_joined,2011-02,2014-05
B0007L8A7M,Product B0007L8A7M,metadata_not_joined,2013-01,2014-06
B0007L8ALI,Product B0007L8ALI,metadata_not_joined,2010-03,2014-02
B0007L8ANQ,Product B0007L8ANQ,metadata_not_joined,2012-08,2014-02
B0007L8BBM,Product B0007L8BBM,metadata_not_joined,2010-04,2014-05
B0007L8BT4,Product B0007L8BT4,metadata_not_joined,2007-01,2014-07
B0007L8BY4,Product B0007L8BY4,metadata_not_joined,2011-09,2013-08
B0007LA9EE,Product B0007LA9EE,metadata_not_joined,2005-09,2007-06
B0007LBMLS,Product B0007LBMLS,metadata_not_joined,2007-04,2013-11
B0007LBO7A,Product B0007LBO7A,metadata_not_joined,2005-07,2008-07
B0007LBON4,Product B0007LBON4,metadata_not_joined,2009-06,2014-05
B0007LBP92,Product B0007LBP92,metadata_not_joined,2007-11,2014-07
B0007LBPBA,Product B0007LBPBA,metadata_not_joined,2007-12,2014-06
B0007LBVH8,Product B0007LBVH8,metadata_not_joined,2005-03,2013-11
B0007LBVIC,Product B0007LBVIC,metadata_not_joined,2005-10,2006-11
B0007LCKJQ,Product B0007LCKJQ,metadata_not_joined,2010-05,2014-06
B0007LCKMS,Product B0007LCKMS,metadata_not_joined,2010-05,2014-03
B0007LCL6S,Product B0007LCL6S,metadata_not_joined,2009-02,2014-05
B0007LCL90,Product B0007LCL90,metadata_not_joined,2011-03,2014-06
B0007LCLMW,Product B0007LCLMW,metadata_not_joined,2010-10,2014-06
B0007LCLPE,Product B0007LCLPE,metadata_not_joined,2006-07,2014-07
B0007LCLQ8,Product B0007LCLQ8,metadata_not_joined,2010-04,2014-04
B0007LCMBC,Product B0007LCMBC,metadata_not_joined,2008-03,2014-03
B0007LCMVM,Product B0007LCMVM,metadata_not_joined,2012-07,2014-01
B0007LHVEU,Product B0007LHVEU,metadata_not_joined,2008-02,2012-06
B0007LI13U,Product B0007LI13U,metadata_not_joined,2006-04,2012-06
B0007LI8MO,Product B0007LI8MO,metadata_not_joined,2006-01,2014-02
B0007LIWGG,Product B0007LIWGG,metadata_not_joined,2013-03,2014-03
B0007LJHVA,Product B0007LJHVA,metadata_not_joined,2005-05,2014-01
B0007LJHVK,Product B0007LJHVK,metadata_not_joined,2005-12,2013-08
B0007LMFPA,Product B0007LMFPA,metadata_not_joined,2011-01,2014-07
B0007LOZH6,Product B0007LOZH6,metadata_not_joined,2005-05,2013-04
B0007LPAW0,Product B0007LPAW0,metadata_not_joined,2006-01,2012-12
B0007LQ286,Product B0007LQ286,metadata_not_joined,2006-08,2010-03
B0007LQKMO,Product B0007LQKMO,metadata_not_joined,2008-10,2013-04
B0007LW2ZI,Product B0007LW2ZI,metadata_not_joined,2005-03,2012-12
B0007LXQBW,Product B0007LXQBW,metadata_not_joined,2012-02,2014-03
B0007LXR6G,Product B0007LXR6G,metadata_not_joined,2005-03,2009-07
B0007LXR7A,Product B0007LXR7A,metadata_not_joined,2007-07,2011-10
B0007LXRB6,Product B0007LXRB6,metadata_not_joined,2005-05,2013-10
B0007LXT50,Product B0007LXT50,metadata_not_joined,2006-05,2014-01
B0007LZGD8,Product B0007LZGD8,metadata_not_joined,2005-05,2009-02
B0007LZGF6,Product B0007LZGF6,metadata_not_joined,2007-09,2014-06
B0007LZH7S,Product B0007LZH7S,metadata_not_joined,2006-02,2013-11
B0007M0VWS,Product B0007M0VWS,metadata_not_joined,2005-08,2014-07
B0007M0VXM,Product B0007M0VXM,metadata_not_joined,2005-04,2011-06
B0007M2X9C,Product B0007M2X9C,metadata_not_joined,2005-05,2008-06
B0007M2X9M,Product B0007M2X9M,metadata_not_joined,2006-12,2008-06
B0007M3PGC,Product B0007M3PGC,metadata_not_joined,2005-06,2008-11
B0007M3PIU,Product B0007M3PIU,metadata_not_joined,2005-04,2006-02
B0007M3PJ4,Product B0007M3PJ4,metadata_not_joined,2005-10,2013-12
B0007M3PJO,Product B0007M3PJO,metadata_not_joined,2005-04,2010-09
B0007M3PJY,Product B0007M3PJY,metadata_not_joined,2005-08,2014-03
B0007M3PK8,Product B0007M3PK8,metadata_not_joined,2005-02,2011-04
B0007M3PKI,Product B0007M3PKI,metadata_not_joined,2005-03,2013-04
B0007M3PKS,Product B0007M3PKS,metadata_not_joined,2005-02,2014-03
B0007M60WI,Product B0007M60WI,metadata_not_joined,2005-12,2012-12
B0007M6104,Product B0007M6104,metadata_not_joined,2005-03,2011-11
B0007M610O,Product B0007M610O,metadata_not_joined,2005-04,2008-06
B0007M610Y,Product B0007M610Y,metadata_not_joined,2005-02,2006-02
B0007M6118,Product B0007M6118,metadata_not_joined,2005-05,2005-11
B0007M611I,Product B0007M611I,metadata_not_joined,2005-04,2007-01
B0007M6122,Product B0007M6122,metadata_not_joined,2005-07,2006-04
B0007M6GG8,Product B0007M6GG8,metadata_not_joined,2006-02,2014-03
B0007M6GH2,Product B0007M6GH2,metadata_not_joined,2010-12,2014-04
B0007MGEO2,Product B0007MGEO2,metadata_not_joined,2009-05,2013-12
B0007MGEOC,Product B0007MGEOC,metadata_not_joined,2005-12,2007-02
B0007MGEQ0,Product B0007MGEQ0,metadata_not_joined,2005-04,2007-05
B0007MGFF0,Product B0007MGFF0,metadata_not_joined,2009-09,2013-10
B0007MGFFU,Product B0007MGFFU,metadata_not_joined,2005-09,2013-11
B0007MGFI2,Product B0007MGFI2,metadata_not_joined,2005-08,2013-12
B0007MGG2M,Product B0007MGG2M,metadata_not_joined,2005-02,2013-10
B0007MHF1I,Product B0007MHF1I,metadata_not_joined,2005-10,2007-05
B0007MU1J6,Product B0007MU1J6,metadata_not_joined,2005-02,2008-01
B0007MVHZS,Product B0007MVHZS,metadata_not_joined,2005-03,2013-05
B0007MW0PE,Product B0007MW0PE,metadata_not_joined,2010-02,2014-06
B0007MWE14,Product B0007MWE14,metadata_not_joined,2011-02,2014-07
B0007MWE1E,Product B0007MWE1E,metadata_not_joined,2006-11,2014-07
B0007MWE28,Product B0007MWE28,metadata_not_joined,2006-03,2014-07
B0007MXAAS,Product B0007MXAAS,metadata_not_joined,2005-06,2009-08
B0007MXVH0,Product B0007MXVH0,metadata_not_joined,2006-01,2014-06
B0007MXZB2,Product B0007MXZB2,metadata_not_joined,2005-07,2014-07
B0007MYC2I,Product B0007MYC2I,metadata_not_joined,2006-09,2008-09
B0007N33IQ,Product B0007N33IQ,metadata_not_joined,2005-08,2013-11
B0007N55L4,Product B0007N55L4,metadata_not_joined,2005-06,2010-05
B0007N55LO,Product B0007N55LO,metadata_not_joined,2005-06,2014-02
B0007N55NC,Product B0007N55NC,metadata_not_joined,2006-03,2014-02
B0007N55NM,Product B0007N55NM,metadata_not_joined,2006-06,2014-07
B0007N55NW,Product B0007N55NW,metadata_not_joined,2005-09,2014-07
B0007N55O6,Product B0007N55O6,metadata_not_joined,2005-06,2013-04
B0007N55OG,Product B0007N55OG,metadata_not_joined,2006-01,2014-04
B0007N55OQ,Product B0007N55OQ,metadata_not_joined,2005-10,2013-08
B0007N55PA,Product B0007N55PA,metadata_not_joined,2005-11,2013-12
B0007N5LKO,Product B0007N5LKO,metadata_not_joined,2008-06,2013-12
B0007N5LMM,Product B0007N5LMM,metadata_not_joined,2008-06,2012-12
B0007N5XPW,Product B0007N5XPW,metadata_not_joined,2007-03,2014-02
B0007N722O,Product B0007N722O,metadata_not_joined,2006-10,2011-10
B0007N72WY,Product B0007N72WY,metadata_not_joined,2007-03,2013-12
B0007N72X8,Product B0007N72X8,metadata_not_joined,2006-02,2012-06
B0007NI2DM,Product B0007NI2DM,metadata_not_joined,2010-01,2013-08
B0007NIB74,Product B0007NIB74,metadata_not_joined,2006-05,2014-02
B0007NIJBC,Product B0007NIJBC,metadata_not_joined,2005-08,2014-06
B0007NIJBM,Product B0007NIJBM,metadata_not_joined,2005-05,2006-12
B0007NIOK8,Product B0007NIOK8,metadata_not_joined,2005-11,2013-12
B0007NP5RI,Product B0007NP5RI,metadata_not_joined,2010-04,2014-07
B0007NP7ZS,Product B0007NP7ZS,metadata_not_joined,2007-01,2013-12
B0007NP8Q6,Product B0007NP8Q6,metadata_not_joined,2006-05,2014-01
B0007NP8SY,Product B0007NP8SY,metadata_not_joined,2006-04,2013-10
B0007NP8TI,Product B0007NP8TI,metadata_not_joined,2005-09,2012-12
B0007NWL70,Product B0007NWL70,metadata_not_joined,2007-11,2014-04
B0007NWLXO,Product B0007NWLXO,metadata_not_joined,2008-12,2014-07
B0007NWM06,Product B0007NWM06,metadata_not_joined,2005-10,2013-12
B0007NWM0Q,Product B0007NWM0Q,metadata_not_joined,2005-09,2013-01
B0007NWM10,Product B0007NWM10,metadata_not_joined,2005-06,2013-08
B0007NWM1A,Product B0007NWM1A,metadata_not_joined,2005-04,2009-12
B0007NWM1K,Product B0007NWM1K,metadata_not_joined,2005-07,2009-07
B0007NZQ2W,Product B0007NZQ2W,metadata_not_joined,2006-02,2010-02
B0007O7DT0,Product B0007O7DT0,metadata_not_joined,2005-12,2007-02
B0007O7DTA,Product B0007O7DTA,metadata_not_joined,2006-02,2013-02
B0007O7DTK,Product B0007O7DTK,metadata_not_joined,2005-07,2006-02
B0007OBGNY,Product B0007OBGNY,metadata_not_joined,2006-09,2011-08
B0007OKRIY,Product B0007OKRIY,metadata_not_joined,2006-06,2014-02
B0007OV43Q,Product B0007OV43Q,metadata_not_joined,2006-05,2014-03
B0007OV44U,Product B0007OV44U,metadata_not_joined,2005-08,2014-06
B0007OV45Y,Product B0007OV45Y,metadata_not_joined,2005-05,2008-05
B0007OV46S,Product B0007OV46S,metadata_not_joined,2005-06,2014-03
B0007OW57K,Product B0007OW57K,metadata_not_joined,2005-05,2007-11
B0007OW9IK,Product B0007OW9IK,metadata_not_joined,2009-10,2014-04
B0007OWARU,Product B0007OWARU,metadata_not_joined,2007-12,2012-02
B0007OWAS4,Product B0007OWAS4,metadata_not_joined,2005-07,2008-11
B0007OWASE,Product B0007OWASE,metadata_not_joined,2006-01,2007-08
B0007OWN9K,Product B0007OWN9K,metadata_not_joined,2010-05,2014-02
B0007OWNBI,Product B0007OWNBI,metadata_not_joined,2005-12,2013-12
B0007OWNBS,Product B0007OWNBS,metadata_not_joined,2006-03,2011-11
B0007OWNC2,Product B0007OWNC2,metadata_not_joined,2005-08,2014-03
B0007OWNCC,Product B0007OWNCC,metadata_not_joined,2005-05,2013-04
B0007OWNYA,Product B0007OWNYA,metadata_not_joined,2009-10,2014-06
B0007OWO0S,Product B0007OWO0S,metadata_not_joined,2006-11,2014-02
B0007OWO4Y,Product B0007OWO4Y,metadata_not_joined,2008-12,2013-05
B0007P11M4,Product B0007P11M4,metadata_not_joined,2009-08,2014-06
B0007P4G4Y,Product B0007P4G4Y,metadata_not_joined,2005-06,2005-12
B0007P4G5I,Product B0007P4G5I,metadata_not_joined,2005-09,2013-03
B0007P4G5S,Product B0007P4G5S,metadata_not_joined,2005-07,2008-07
B0007P4G6M,Product B0007P4G6M,metadata_not_joined,2005-03,2014-03
B0007P4G7G,Product B0007P4G7G,metadata_not_joined,2005-05,2013-12
B0007P98K6,Product B0007P98K6,metadata_not_joined,2005-10,2012-07
B0007PB0C0,Product B0007PB0C0,metadata_not_joined,2005-03,2010-03
B0007PCB6O,Product B0007PCB6O,metadata_not_joined,2009-04,2014-03
B0007PCFOW,Product B0007PCFOW,metadata_not_joined,2005-07,2006-05
B0007PGADE,Product B0007PGADE,metadata_not_joined,2006-04,2014-04
B0007PJPKY,Product B0007PJPKY,metadata_not_joined,2007-09,2008-03
B0007PN5MS,Product B0007PN5MS,metadata_not_joined,2007-01,2014-06
B0007PN5N2,Product B0007PN5N2,metadata_not_joined,2006-12,2014-04
B0007PN5ZK,Product B0007PN5ZK,metadata_not_joined,2005-09,2012-12
B0007PNK00,Product B0007PNK00,metadata_not_joined,2005-05,2013-12
B0007PO3EM,Product B0007PO3EM,metadata_not_joined,2008-01,2014-07
B0007POE6O,Product B0007POE6O,metadata_not_joined,2012-11,2014-07
B0007POMKM,Product B0007POMKM,metadata_not_joined,2005-05,2007-11
B0007PRAX8,Product B0007PRAX8,metadata_not_joined,2011-08,2014-03
B0007PRFDS,Product B0007PRFDS,metadata_not_joined,2013-08,2014-04
B0007Q3C5M,Product B0007Q3C5M,metadata_not_joined,2011-11,2014-03
B0007Q9PWQ,Product B0007Q9PWQ,metadata_not_joined,2011-08,2014-07
B0007QCO6A,Product B0007QCO6A,metadata_not_joined,2006-12,2014-05
B0007QCT0G,Product B0007QCT0G,metadata_not_joined,2006-04,2013-12
B0007QKMQY,Product B0007QKMQY,metadata_not_joined,2005-03,2014-01
B0007QKXYU,Product B0007QKXYU,metadata_not_joined,2005-09,2014-07
B0007QN18K,Product B0007QN18K,metadata_not_joined,2005-03,2009-12
B0007QN18U,Product B0007QN18U,metadata_not_joined,2005-06,2014-05
B0007QN86U,Product B0007QN86U,metadata_not_joined,2005-10,2014-06
B0007QN874,Product B0007QN874,metadata_not_joined,2005-04,2008-12
B0007QN87E,Product B0007QN87E,metadata_not_joined,2005-08,2007-03
B0007QN87Y,Product B0007QN87Y,metadata_not_joined,2005-06,2012-10
B0007QOKAI,Product B0007QOKAI,metadata_not_joined,2005-03,2006-11
B0007QQJ9S,Product B0007QQJ9S,metadata_not_joined,2005-07,2007-11
B0007QQJWA,Product B0007QQJWA,metadata_not_joined,2009-05,2014-04
B0007QQJX4,Product B0007QQJX4,metadata_not_joined,2009-01,2014-07
B0007QU6WY,Product B0007QU6WY,metadata_not_joined,2010-08,2014-05
B0007R4LI8,Product B0007R4LI8,metadata_not_joined,2007-03,2014-07
B0007R5TQ6,Product B0007R5TQ6,metadata_not_joined,2010-05,2012-12
B0007R6L8G,Product B0007R6L8G,metadata_not_joined,2005-05,2011-12
B0007R8YGI,Product B0007R8YGI,metadata_not_joined,2005-07,2008-07
B0007RA6MS,Product B0007RA6MS,metadata_not_joined,2005-04,2007-01
B0007RA6NW,Product B0007RA6NW,metadata_not_joined,2005-10,2011-10
B0007RALGE,Product B0007RALGE,metadata_not_joined,2005-08,2012-12
B0007RALGO,Product B0007RALGO,metadata_not_joined,2005-12,2012-08
B0007RALGY,Product B0007RALGY,metadata_not_joined,2005-11,2008-01
B0007RALH8,Product B0007RALH8,metadata_not_joined,2005-10,2010-07
B0007RB1X6,Product B0007RB1X6,metadata_not_joined,2005-06,2013-04
B0007RB280,Product B0007RB280,metadata_not_joined,2005-03,2014-06
B0007RB28U,Product B0007RB28U,metadata_not_joined,2005-07,2014-02
B0007RPW22,Product B0007RPW22,metadata_not_joined,2006-04,2008-06
B0007RPW2C,Product B0007RPW2C,metadata_not_joined,2005-05,2014-01
B0007RPW2M,Product B0007RPW2M,metadata_not_joined,2005-07,2008-11
B0007RPW36,Product B0007RPW36,metadata_not_joined,2007-04,2009-09
B0007RSZX0,Product B0007RSZX0,metadata_not_joined,2009-11,2014-06
B0007RTPA2,Product B0007RTPA2,metadata_not_joined,2008-03,2013-07
B0007RV3IE,Product B0007RV3IE,metadata_not_joined,2006-07,2014-07
B0007RXDDM,Product B0007RXDDM,metadata_not_joined,2007-01,2014-07
B0007S7F80,Product B0007S7F80,metadata_not_joined,2007-12,2012-12
B0007S8C7I,Product B0007S8C7I,metadata_not_joined,2005-05,2010-06
B0007SKSES,Product B0007SKSES,metadata_not_joined,2006-01,2012-11
B0007SKSPW,Product B0007SKSPW,metadata_not_joined,2005-04,2011-04
B0007SL4IW,Product B0007SL4IW,metadata_not_joined,2006-03,2014-07
B0007SM8OG,Product B0007SM8OG,metadata_not_joined,2007-01,2014-02
B0007SM8OQ,Product B0007SM8OQ,metadata_not_joined,2008-03,2014-04
B0007SM8R8,Product B0007SM8R8,metadata_not_joined,2005-04,2012-04
B0007SPMUS,Product B0007SPMUS,metadata_not_joined,2010-03,2014-02
B0007SQED2,Product B0007SQED2,metadata_not_joined,2009-11,2014-03
B0007SXGJW,Product B0007SXGJW,metadata_not_joined,2006-01,2013-08
B0007SXHP0,Product B0007SXHP0,metadata_not_joined,2005-07,2014-03
B0007T26YW,Product B0007T26YW,metadata_not_joined,2008-05,2012-01
B0007T26ZQ,Product B0007T26ZQ,metadata_not_joined,2006-06,2007-06
B0007T27BE,Product B0007T27BE,metadata_not_joined,2005-08,2014-07
B0007T27D2,Product B0007T27D2,metadata_not_joined,2005-07,2014-04
B0007T27FU,Product B0007T27FU,metadata_not_joined,2007-01,2013-08
B0007T27I2,Product B0007T27I2,metadata_not_joined,2006-12,2013-03
B0007TC390,Product B0007TC390,metadata_not_joined,2005-08,2014-01
B0007TC39A,Product B0007TC39A,metadata_not_joined,2005-09,2012-03
B0007TC9LW,Product B0007TC9LW,metadata_not_joined,2009-01,2014-05
B0007TC9M6,Product B0007TC9M6,metadata_not_joined,2009-11,2014-03
B0007THIDQ,Product B0007THIDQ,metadata_not_joined,2005-06,2013-12
B0007TJ50A,Product B0007TJ50A,metadata_not_joined,2005-05,2013-04
B0007TJ58M,Product B0007TJ58M,metadata_not_joined,2006-05,2014-06
B0007TJ5AK,Product B0007TJ5AK,metadata_not_joined,2005-03,2014-02
B0007TJ5OG,Product B0007TJ5OG,metadata_not_joined,2005-04,2013-01
B0007TJ7TY,Product B0007TJ7TY,metadata_not_joined,2005-06,2013-07
B0007TJ9SI,Product B0007TJ9SI,metadata_not_joined,2008-04,2013-11
B0007TJDAW,Product B0007TJDAW,metadata_not_joined,2012-11,2014-02
B0007TJDFM,Product B0007TJDFM,metadata_not_joined,2010-12,2013-12
B0007TJDFW,Product B0007TJDFW,metadata_not_joined,2010-02,2014-03
B0007TJDGQ,Product B0007TJDGQ,metadata_not_joined,2009-06,2013-05
B0007TJDHU,Product B0007TJDHU,metadata_not_joined,2012-05,2013-10
B0007TJDI4,Product B0007TJDI4,metadata_not_joined,2010-06,2014-07
B0007TOR08,Product B0007TOR08,metadata_not_joined,2007-08,2014-07
B0007TSWYA,Product B0007TSWYA,metadata_not_joined,2005-03,2006-02
B0007TSYCK,Product B0007TSYCK,metadata_not_joined,2005-08,2014-06
B0007TY0CI,Product B0007TY0CI,metadata_not_joined,2006-12,2013-12
B0007U00X0,Product B0007U00X0,metadata_not_joined,2005-11,2014-07
B0007U00XU,Product B0007U00XU,metadata_not_joined,2005-06,2014-07
B0007U093G,Product B0007U093G,metadata_not_joined,2005-06,2012-04
B0007U0GZC,Product B0007U0GZC,metadata_not_joined,2005-10,2009-02
B0007U0GZM,Product B0007U0GZM,metadata_not_joined,2005-08,2014-05
B0007U0INM,Product B0007U0INM,metadata_not_joined,2006-01,2012-09
B0007U0IQE,Product B0007U0IQE,metadata_not_joined,2006-01,2013-09
B0007U0IRI,Product B0007U0IRI,metadata_not_joined,2005-10,2009-12
B0007U0IRS,Product B0007U0IRS,metadata_not_joined,2006-01,2008-02
B0007U6IFY,Product B0007U6IFY,metadata_not_joined,2005-06,2007-07
B0007U83HU,Product B0007U83HU,metadata_not_joined,2007-05,2013-03
B0007U8A6O,Product B0007U8A6O,metadata_not_joined,2006-12,2008-11
B0007U9KAY,Product B0007U9KAY,metadata_not_joined,2005-05,2011-11
B0007U9KE0,Product B0007U9KE0,metadata_not_joined,2006-08,2007-09
B0007U9SOC,Product B0007U9SOC,metadata_not_joined,2006-01,2014-07
B0007U9SRE,Product B0007U9SRE,metadata_not_joined,2011-04,2014-07
B0007UPMJ2,Product B0007UPMJ2,metadata_not_joined,2005-08,2006-03
B0007UQ6LK,Product B0007UQ6LK,metadata_not_joined,2005-07,2014-01
B0007UQNKY,Product B0007UQNKY,metadata_not_joined,2007-05,2014-06
B0007UQNNQ,Product B0007UQNNQ,metadata_not_joined,2007-09,2014-04
B0007UQNV8,Product B0007UQNV8,metadata_not_joined,2007-12,2014-06
B0007UQNWC,Product B0007UQNWC,metadata_not_joined,2007-02,2014-07
B0007UQNWW,Product B0007UQNWW,metadata_not_joined,2008-12,2014-07
B0007UQNX6,Product B0007UQNX6,metadata_not_joined,2007-02,2013-01
B0007UQNY0,Product B0007UQNY0,metadata_not_joined,2006-06,2014-07
B0007UVRVO,Product B0007UVRVO,metadata_not_joined,2005-09,2014-07
B0007UVYOY,Product B0007UVYOY,metadata_not_joined,2005-06,2011-09
B0007UW0YM,Product B0007UW0YM,metadata_not_joined,2008-04,2010-11
B0007UY662,Product B0007UY662,metadata_not_joined,2005-05,2011-12
B0007V43M8,Product B0007V43M8,metadata_not_joined,2009-06,2013-11
B0007V46JI,Product B0007V46JI,metadata_not_joined,2005-08,2014-05
B0007V5X22,Product B0007V5X22,metadata_not_joined,2011-09,2013-02
B0007V5X4U,Product B0007V5X4U,metadata_not_joined,2010-05,2014-06
B0007V6JCK,Product B0007V6JCK,metadata_not_joined,2007-01,2014-04
B0007VBQ5A,Product B0007VBQ5A,metadata_not_joined,2005-08,2006-02
B0007VE044,Product B0007VE044,metadata_not_joined,2009-05,2013-07
B0007VMROE,Product B0007VMROE,metadata_not_joined,2005-04,2014-03
B0007VNGLC,Product B0007VNGLC,metadata_not_joined,2005-08,2014-01
B0007VPFI4,Product B0007VPFI4,metadata_not_joined,2006-01,2014-06
B0007VRPZA,Product B0007VRPZA,metadata_not_joined,2005-03,2013-02
B0007VTU9O,Product B0007VTU9O,metadata_not_joined,2005-04,2013-08
B0007VTU9Y,Product B0007VTU9Y,metadata_not_joined,2005-07,2009-11
B0007VTUB2,Product B0007VTUB2,metadata_not_joined,2005-05,2014-02
B0007VTXMS,Product B0007VTXMS,metadata_not_joined,2006-03,2014-03
B0007VVXHQ,Product B0007VVXHQ,metadata_not_joined,2008-01,2012-06
B0007VWA8C,Product B0007VWA8C,metadata_not_joined,2012-02,2014-06
B0007VZUGQ,Product B0007VZUGQ,metadata_not_joined,2007-01,2012-06
B0007W1E4W,Product B0007W1E4W,metadata_not_joined,2006-06,2013-12
B0007W1H44,Product B0007W1H44,metadata_not_joined,2006-09,2009-10
B0007W1K8M,Product B0007W1K8M,metadata_not_joined,2005-07,2014-06
B0007W2IVA,Product B0007W2IVA,metadata_not_joined,2005-07,2007-09
B0007W2IW4,Product B0007W2IW4,metadata_not_joined,2006-03,2010-07
B0007W4IW2,Product B0007W4IW2,metadata_not_joined,2005-05,2013-12
B0007W5LFA,Product B0007W5LFA,metadata_not_joined,2010-12,2013-08
B0007WCA4K,Product B0007WCA4K,metadata_not_joined,2005-06,2010-11
B0007WDH3I,Product B0007WDH3I,metadata_not_joined,2008-08,2013-06
B0007WDIVO,Product B0007WDIVO,metadata_not_joined,2006-01,2013-06
B0007WDIWI,Product B0007WDIWI,metadata_not_joined,2006-12,2009-03
B0007WIC1K,Product B0007WIC1K,metadata_not_joined,2005-06,2006-03
B0007WK8JY,Product B0007WK8JY,metadata_not_joined,2006-07,2014-04
B0007WK8KS,Product B0007WK8KS,metadata_not_joined,2005-07,2014-07
B0007WK8L2,Product B0007WK8L2,metadata_not_joined,2008-06,2014-07
B0007WK8LC,Product B0007WK8LC,metadata_not_joined,2005-07,2013-12
B0007WK8LM,Product B0007WK8LM,metadata_not_joined,2006-07,2013-04
B0007WK8MQ,Product B0007WK8MQ,metadata_not_joined,2005-05,2014-07
B0007WK8NA,Product B0007WK8NA,metadata_not_joined,2005-09,2013-08
B0007WKB0K,Product B0007WKB0K,metadata_not_joined,2005-06,2008-09
B0007WKB0U,Product B0007WKB0U,metadata_not_joined,2005-05,2009-05
B0007WKB14,Product B0007WKB14,metadata_not_joined,2005-03,2008-08
B0007WKB4Q,Product B0007WKB4Q,metadata_not_joined,2005-05,2006-07
B0007WKB5K,Product B0007WKB5K,metadata_not_joined,2005-07,2006-04
B0007WLI0M,Product B0007WLI0M,metadata_not_joined,2005-11,2008-04
B0007WLI0W,Product B0007WLI0W,metadata_not_joined,2007-01,2014-03
B0007WM298,Product B0007WM298,metadata_not_joined,2007-01,2011-06
B0007WQ5LE,Product B0007WQ5LE,metadata_not_joined,2006-12,2014-03
B0007WQ5NM,Product B0007WQ5NM,metadata_not_joined,2007-10,2014-01
B0007WQ7JE,Product B0007WQ7JE,metadata_not_joined,2010-06,2013-09
B0007WQ7KI,Product B0007WQ7KI,metadata_not_joined,2012-06,2014-04
B0007WQ8MU,Product B0007WQ8MU,metadata_not_joined,2010-01,2014-05
B0007WQ8VG,Product B0007WQ8VG,metadata_not_joined,2012-07,2014-04
B0007WQ8VQ,Product B0007WQ8VQ,metadata_not_joined,2011-05,2013-12
B0007WQ8XY,Product B0007WQ8XY,metadata_not_joined,2009-06,2014-04
B0007WRN6U,Product B0007WRN6U,metadata_not_joined,2006-02,2011-06
B0007WRP0E,Product B0007WRP0E,metadata_not_joined,2011-10,2013-07
B0007WRP7C,Product B0007WRP7C,metadata_not_joined,2011-04,2013-10
B0007WRQ8K,Product B0007WRQ8K,metadata_not_joined,2010-01,2014-04
B0007WRQG2,Product B0007WRQG2,metadata_not_joined,2012-04,2013-09
B0007WRQIA,Product B0007WRQIA,metadata_not_joined,2010-03,2013-12
B0007WRQQ2,Product B0007WRQQ2,metadata_not_joined,2008-04,2014-05
B0007WRQQC,Product B0007WRQQC,metadata_not_joined,2012-04,2013-12
B0007WTEVM,Product B0007WTEVM,metadata_not_joined,2011-04,2014-07
B0007WTF02,Product B0007WTF02,metadata_not_joined,2011-11,2014-01
B0007WTF1Q,Product B0007WTF1Q,metadata_not_joined,2013-03,2014-05
B0007WTF34,Product B0007WTF34,metadata_not_joined,2010-06,2014-06
B0007WTF5C,Product B0007WTF5C,metadata_not_joined,2009-08,2014-02
B0007WTFAW,Product B0007WTFAW,metadata_not_joined,2013-02,2014-06
B0007WTHLO,Product B0007WTHLO,metadata_not_joined,2005-12,2009-01
B0007WTHLY,Product B0007WTHLY,metadata_not_joined,2004-09,2011-04
B0007WVABO,Product B0007WVABO,metadata_not_joined,2007-01,2013-11
B0007WW64O,Product B0007WW64O,metadata_not_joined,2009-10,2014-04
B0007WW64Y,Product B0007WW64Y,metadata_not_joined,2011-11,2014-05
B0007WW69O,Product B0007WW69O,metadata_not_joined,2011-11,2014-03
B0007WWI2O,Product B0007WWI2O,metadata_not_joined,2008-07,2013-05
B0007WZLDC,Product B0007WZLDC,metadata_not_joined,2006-02,2014-01
B0007X2GIO,Product B0007X2GIO,metadata_not_joined,2006-05,2013-11
B0007X5OZ6,Product B0007X5OZ6,metadata_not_joined,2006-07,2013-10
B0007X7W6K,Product B0007X7W6K,metadata_not_joined,2005-07,2013-03
B0007XB6TY,Product B0007XB6TY,metadata_not_joined,2006-01,2013-01
B0007XCT18,Product B0007XCT18,metadata_not_joined,2006-01,2013-12
B0007XCT22,Product B0007XCT22,metadata_not_joined,2005-12,2014-02
B0007XDI54,Product B0007XDI54,metadata_not_joined,2007-02,2014-04
B0007XDYW6,Product B0007XDYW6,metadata_not_joined,2007-01,2008-09
B0007XE9R0,Product B0007XE9R0,metadata_not_joined,2008-11,2013-08
B0007XFGAE,Product B0007XFGAE,metadata_not_joined,2008-10,2014-03
B0007XGORI,Product B0007XGORI,metadata_not_joined,2006-03,2007-10
B0007XGOTG,Product B0007XGOTG,metadata_not_joined,2005-06,2010-11
B0007XHLXO,Product B0007XHLXO,metadata_not_joined,2005-08,2014-07
B0007XHLXY,Product B0007XHLXY,metadata_not_joined,2005-07,2006-02
B0007XHLZM,Product B0007XHLZM,metadata_not_joined,2005-07,2013-09
B0007XJSQC,Product B0007XJSQC,metadata_not_joined,2005-09,2014-07
B0007XKDGG,Product B0007XKDGG,metadata_not_joined,2005-05,2007-03
B0007XL43M,Product B0007XL43M,metadata_not_joined,2006-12,2012-06
B0007XMBMA,Product B0007XMBMA,metadata_not_joined,2007-03,2013-09
B0007XO79U,Product B0007XO79U,metadata_not_joined,2005-03,2010-11
B0007XOHTU,Product B0007XOHTU,metadata_not_joined,2005-07,2011-03
B0007XP8GQ,Product B0007XP8GQ,metadata_not_joined,2011-11,2013-12
B0007XQ2LG,Product B0007XQ2LG,metadata_not_joined,2005-07,2006-03
B0007XQFR2,Product B0007XQFR2,metadata_not_joined,2007-04,2014-07
B0007XRZ08,Product B0007XRZ08,metadata_not_joined,2006-08,2009-11
B0007XXHNW,Product B0007XXHNW,metadata_not_joined,2005-08,2013-11
B0007XXHRS,Product B0007XXHRS,metadata_not_joined,2008-04,2014-02
B0007XXTYY,Product B0007XXTYY,metadata_not_joined,2005-10,2008-06
B0007XXU2K,Product B0007XXU2K,metadata_not_joined,2005-07,2007-01
B0007XXU34,Product B0007XXU34,metadata_not_joined,2005-06,2006-05
B0007XXU3E,Product B0007XXU3E,metadata_not_joined,2005-10,2014-06
B0007XY6QY,Product B0007XY6QY,metadata_not_joined,2005-05,2006-11
B0007XYE70,Product B0007XYE70,metadata_not_joined,2005-10,2009-02
B0007XYI9O,Product B0007XYI9O,metadata_not_joined,2006-01,2013-02
B0007XYK8S,Product B0007XYK8S,metadata_not_joined,2007-07,2013-04
B0007Y6AF8,Product B0007Y6AF8,metadata_not_joined,2005-04,2011-05
B0007Y6AIK,Product B0007Y6AIK,metadata_not_joined,2009-01,2011-01
B0007Y6ALC,Product B0007Y6ALC,metadata_not_joined,2005-05,2010-01
B0007Y6ALM,Product B0007Y6ALM,metadata_not_joined,2005-04,2006-07
B0007Y6AN0,Product B0007Y6AN0,metadata_not_joined,2005-09,2008-05
B0007Y6ANA,Product B0007Y6ANA,metadata_not_joined,2005-08,2013-09
B0007Y6ANU,Product B0007Y6ANU,metadata_not_joined,2005-06,2006-04
B0007Y6AO4,Product B0007Y6AO4,metadata_not_joined,2005-09,2007-10
B0007Y6AQ2,Product B0007Y6AQ2,metadata_not_joined,2005-11,2007-04
B0007Y6LTS,Product B0007Y6LTS,metadata_not_joined,2007-06,2012-09
B0007Y791C,Product B0007Y791C,metadata_not_joined,2005-09,2014-04
B0007Y793K,Product B0007Y793K,metadata_not_joined,2005-10,2014-06
B0007Y794O,Product B0007Y794O,metadata_not_joined,2005-10,2014-07
B0007Y7976,Product B0007Y7976,metadata_not_joined,2005-09,2007-06
B0007Y798U,Product B0007Y798U,metadata_not_joined,2005-09,2014-03
B0007Y79AI,Product B0007Y79AI,metadata_not_joined,2005-09,2013-03
B0007Y79B2,Product B0007Y79B2,metadata_not_joined,2005-09,2014-01
B0007Y79E4,Product B0007Y79E4,metadata_not_joined,2005-08,2014-04
B0007Y79G2,Product B0007Y79G2,metadata_not_joined,2006-09,2007-11
B0007Y836W,Product B0007Y836W,metadata_not_joined,2008-12,2014-07
B0007YFQCG,Product B0007YFQCG,metadata_not_joined,2005-05,2006-03
B0007YFQD0,Product B0007YFQD0,metadata_not_joined,2005-08,2008-06
B0007YFQH6,Product B0007YFQH6,metadata_not_joined,2007-04,2014-02
B0007YG85A,Product B0007YG85A,metadata_not_joined,2011-03,2014-03
B0007YPGDK,Product B0007YPGDK,metadata_not_joined,2007-02,2014-07
B0007YPOAA,Product B0007YPOAA,metadata_not_joined,2005-07,2009-01
B0007YUKZY,Product B0007YUKZY,metadata_not_joined,2006-06,2011-06
B0007YZCIY,Product B0007YZCIY,metadata_not_joined,2007-07,2013-08
B0007YZLJ4,Product B0007YZLJ4,metadata_not_joined,2008-01,2014-01
B0007YZTSC,Product B0007YZTSC,metadata_not_joined,2006-11,2011-07
B0007YZTSM,Product B0007YZTSM,metadata_not_joined,2007-10,2008-03
B0007Z1M50,Product B0007Z1M50,metadata_not_joined,2005-05,2014-02
B0007Z4XUQ,Product B0007Z4XUQ,metadata_not_joined,2006-02,2010-03
B0007Z6RAA,Product B0007Z6RAA,metadata_not_joined,2006-09,2011-01
B0007Z6RAU,Product B0007Z6RAU,metadata_not_joined,2012-03,2014-01
B0007Z6RGO,Product B0007Z6RGO,metadata_not_joined,2005-10,2010-12
B0007Z7XTO,Product B0007Z7XTO,metadata_not_joined,2006-03,2013-05
B0007Z9QMG,Product B0007Z9QMG,metadata_not_joined,2006-03,2012-02
B0007ZA15M,Product B0007ZA15M,metadata_not_joined,2009-04,2014-07
B0007ZCYM0,Product B0007ZCYM0,metadata_not_joined,2009-01,2013-12
B0007ZFLYI,Product B0007ZFLYI,metadata_not_joined,2005-05,2012-12
B0007ZFLYS,Product B0007ZFLYS,metadata_not_joined,2006-02,2009-01
B0007ZFM38,Product B0007ZFM38,metadata_not_joined,2006-01,2010-06
B0007ZGXO0,Product B0007ZGXO0,metadata_not_joined,2005-09,2013-03
B0007ZGXQI,Product B0007ZGXQI,metadata_not_joined,2005-04,2007-07
B0007ZL6DS,Product B0007ZL6DS,metadata_not_joined,2009-06,2014-03
B0007ZYU9U,Product B0007ZYU9U,metadata_not_joined,2006-07,2007-11
B0008032NO,Product B0008032NO,metadata_not_joined,2007-06,2014-04
B000807GJK,Product B000807GJK,metadata_not_joined,2006-03,2013-12
B00080APH0,Product B00080APH0,metadata_not_joined,2005-07,2010-02
B00080B0KQ,Product B00080B0KQ,metadata_not_joined,2007-05,2013-10
B00080B0L0,Product B00080B0L0,metadata_not_joined,2007-01,2008-07
B00080CM30,Product B00080CM30,metadata_not_joined,2006-08,2011-10
B00080CXGG,Product B00080CXGG,metadata_not_joined,2005-09,2011-09
B00080D31K,Product B00080D31K,metadata_not_joined,2007-11,2013-06
B00080DSEM,Product B00080DSEM,metadata_not_joined,2006-11,2014-06
B00080FPRU,Product B00080FPRU,metadata_not_joined,2005-06,2009-02
B00080FPSE,Product B00080FPSE,metadata_not_joined,2005-09,2006-09
B00080FPSO,Product B00080FPSO,metadata_not_joined,2005-11,2012-03
B00080FPSY,Product B00080FPSY,metadata_not_joined,2005-06,2007-01
B00080G0BK,Product B00080G0BK,metadata_not_joined,2006-06,2014-07
B00080M9AG,Product B00080M9AG,metadata_not_joined,2011-06,2014-04
B00080O0UI,Product B00080O0UI,metadata_not_joined,2005-04,2014-04
B00080Q7M2,Product B00080Q7M2,metadata_not_joined,2007-01,2010-11
B00080QGCS,Product B00080QGCS,metadata_not_joined,2010-02,2013-11
B00080QYRK,Product B00080QYRK,metadata_not_joined,2005-06,2006-12
B00080S9GY,Product B00080S9GY,metadata_not_joined,2005-05,2006-06
B00080SBD0,Product B00080SBD0,metadata_not_joined,2006-09,2014-02
B00080YK9Y,Product B00080YK9Y,metadata_not_joined,2005-10,2014-04
B000812QC6,Product B000812QC6,metadata_not_joined,2007-01,2014-07
B000815IJO,Product B000815IJO,metadata_not_joined,2005-04,2005-10
B000816CEY,Product B000816CEY,metadata_not_joined,2005-11,2010-05
B000816CTE,Product B000816CTE,metadata_not_joined,2006-01,2008-12
B000816TC4,Product B000816TC4,metadata_not_joined,2006-07,2013-01
B000816TCY,Product B000816TCY,metadata_not_joined,2006-07,2012-08
B000816XJ8,Product B000816XJ8,metadata_not_joined,2005-04,2007-02
B00081A2CW,Product B00081A2CW,metadata_not_joined,2007-01,2014-06
B00081A2DQ,Product B00081A2DQ,metadata_not_joined,2005-05,2014-01
B00081A2KY,Product B00081A2KY,metadata_not_joined,2006-06,2014-07
B00081EQ2O,Product B00081EQ2O,metadata_not_joined,2010-12,2013-05
B00081GAQ4,Product B00081GAQ4,metadata_not_joined,2005-08,2009-03
B00081GAVO,Product B00081GAVO,metadata_not_joined,2009-12,2014-01
B00081GAVY,Product B00081GAVY,metadata_not_joined,2008-02,2014-04
B00081GX8O,Product B00081GX8O,metadata_not_joined,2005-09,2013-03
B00081NX5K,Product B00081NX5K,metadata_not_joined,2006-04,2014-05
B00081NX5U,Product B00081NX5U,metadata_not_joined,2006-05,2014-07
B00081PR72,Product B00081PR72,metadata_not_joined,2006-08,2007-03
B00081PSI0,Product B00081PSI0,metadata_not_joined,2007-01,2013-03
B00081S0YY,Product B00081S0YY,metadata_not_joined,2006-04,2013-09
B00081UPJW,Product B00081UPJW,metadata_not_joined,2012-04,2014-01
B00081UPLK,Product B00081UPLK,metadata_not_joined,2008-04,2011-05
B00083CZCU,Product B00083CZCU,metadata_not_joined,2005-08,2006-11
B00083CZD4,Product B00083CZD4,metadata_not_joined,2005-07,2007-09
B00083ET5G,Product B00083ET5G,metadata_not_joined,2006-03,2014-05
B00083ET92,Product B00083ET92,metadata_not_joined,2006-02,2007-12
B00083J67C,Product B00083J67C,metadata_not_joined,2005-10,2014-04
B00083J6K4,Product B00083J6K4,metadata_not_joined,2009-06,2012-04
B00083JPW8,Product B00083JPW8,metadata_not_joined,2008-06,2014-05
B00083JQVS,Product B00083JQVS,metadata_not_joined,2008-09,2011-04
B00083JQY0,Product B00083JQY0,metadata_not_joined,2005-04,2013-12
B00083KUVS,Product B00083KUVS,metadata_not_joined,2007-01,2014-04
B00083LFW6,Product B00083LFW6,metadata_not_joined,2007-03,2014-07
B00083LJ5Y,Product B00083LJ5Y,metadata_not_joined,2006-04,2008-02
B00083MW2S,Product B00083MW2S,metadata_not_joined,2005-07,2013-12
B00083N8DK,Product B00083N8DK,metadata_not_joined,2007-01,2012-01
B00083PGFS,Product B00083PGFS,metadata_not_joined,2005-08,2014-05
B00083XXOE,Product B00083XXOE,metadata_not_joined,2006-01,2013-11
B00083XXQM,Product B00083XXQM,metadata_not_joined,2005-04,2011-01
B00083XXTY,Product B00083XXTY,metadata_not_joined,2005-06,2014-03
B00083XXZS,Product B00083XXZS,metadata_not_joined,2006-07,2014-07
B00083Y0YG,Product B00083Y0YG,metadata_not_joined,2006-01,2013-09
B00083Y17M,Product B00083Y17M,metadata_not_joined,2006-02,2011-01
B00083Y4B0,Product B00083Y4B0,metadata_not_joined,2008-02,2014-06
B00083Y4HO,Product B00083Y4HO,metadata_not_joined,2005-07,2013-12
B00083Y82K,Product B00083Y82K,metadata_not_joined,2007-04,2010-12
B00083Y85C,Product B00083Y85C,metadata_not_joined,2007-05,2014-03
B00083Y87U,Product B00083Y87U,metadata_not_joined,2008-07,2014-07
B00084NDJS,Product B00084NDJS,metadata_not_joined,2007-10,2013-02
B00084YFGS,Product B00084YFGS,metadata_not_joined,2006-01,2011-07
B000855034,Product B000855034,metadata_not_joined,2006-09,2014-06
B000855048,Product B000855048,metadata_not_joined,2006-12,2014-04
B00085505C,Product B00085505C,metadata_not_joined,2008-08,2013-09
B00085ESF0,Product B00085ESF0,metadata_not_joined,2006-03,2013-01
B00085ESFA,Product B00085ESFA,metadata_not_joined,2006-04,2011-01
B00086HTMI,Product B00086HTMI,metadata_not_joined,2005-06,2013-09
B0008D5FPE,Product B0008D5FPE,metadata_not_joined,2005-09,2014-06
B0008D5FRW,Product B0008D5FRW,metadata_not_joined,2007-09,2014-06
B0008D76L0,Product B0008D76L0,metadata_not_joined,2006-04,2013-04
B0008D7B6U,Product B0008D7B6U,metadata_not_joined,2005-05,2009-09
B0008ESGAY,Product B0008ESGAY,metadata_not_joined,2005-04,2014-04
B0008EWSCQ,Product B0008EWSCQ,metadata_not_joined,2007-08,2012-02
B0008F6QFK,Product B0008F6QFK,metadata_not_joined,2006-12,2011-08
B0008G1RSU,Product B0008G1RSU,metadata_not_joined,2005-06,2006-09
B0008G1RWG,Product B0008G1RWG,metadata_not_joined,2005-08,2013-02
B0008G1VCC,Product B0008G1VCC,metadata_not_joined,2006-03,2014-03
B0008GGB36,Product B0008GGB36,metadata_not_joined,2010-07,2014-06
B0008GMHEI,Product B0008GMHEI,metadata_not_joined,2009-12,2014-05
B0008GP880,Product B0008GP880,metadata_not_joined,2007-12,2014-06
B0008IV3XC,Product B0008IV3XC,metadata_not_joined,2009-12,2014-07
B0008IV9R2,Product B0008IV9R2,metadata_not_joined,2007-01,2011-03
B0008IVGFC,Product B0008IVGFC,metadata_not_joined,2005-10,2006-10
B0008JF8UK,Product B0008JF8UK,metadata_not_joined,2011-01,2014-05
B0008JFCWY,Product B0008JFCWY,metadata_not_joined,2005-06,2010-08
B0008JFHHO,Product B0008JFHHO,metadata_not_joined,2011-05,2014-03
B0008JFHII,Product B0008JFHII,metadata_not_joined,2010-08,2014-06
B0008JHB14,Product B0008JHB14,metadata_not_joined,2010-12,2014-03
B0008JIQ18,Product B0008JIQ18,metadata_not_joined,2010-11,2013-08
B0008JIXK2,Product B0008JIXK2,metadata_not_joined,2008-07,2012-07
B0008KL7B8,Product B0008KL7B8,metadata_not_joined,2005-09,2009-05
B0008KL7IQ,Product B0008KL7IQ,metadata_not_joined,2005-05,2007-07
B00091R6KC,Product B00091R6KC,metadata_not_joined,2005-08,2013-10
B00091S0S4,Product B00091S0S4,metadata_not_joined,2006-03,2007-01
B00091S0SO,Product B00091S0SO,metadata_not_joined,2005-05,2007-04
B00091S0WA,Product B00091S0WA,metadata_not_joined,2006-04,2014-07
B00091UOCY,Product B00091UOCY,metadata_not_joined,2007-01,2014-06
B0009204RI,Product B0009204RI,metadata_not_joined,2005-09,2014-03
B000928KII,Product B000928KII,metadata_not_joined,2008-11,2014-06
B000928MU4,Product B000928MU4,metadata_not_joined,2011-09,2014-07
B0009292SA,Product B0009292SA,metadata_not_joined,2005-08,2013-02
B0009292SK,Product B0009292SK,metadata_not_joined,2005-08,2014-06
B00092CK9I,Product B00092CK9I,metadata_not_joined,2005-07,2007-02
B00092CKA2,Product B00092CKA2,metadata_not_joined,2005-08,2013-01
B00092D5E2,Product B00092D5E2,metadata_not_joined,2006-06,2009-05
B00092DAFG,Product B00092DAFG,metadata_not_joined,2005-12,2014-06
B00092DZ6U,Product B00092DZ6U,metadata_not_joined,2009-08,2014-06
B00092GL3O,Product B00092GL3O,metadata_not_joined,2008-09,2011-11
B00092GM0Q,Product B00092GM0Q,metadata_not_joined,2006-05,2014-07
B00092HNOA,Product B00092HNOA,metadata_not_joined,2005-08,2010-12
B00092HOHQ,Product B00092HOHQ,metadata_not_joined,2006-07,2014-01
B00092K2IO,Product B00092K2IO,metadata_not_joined,2007-01,2013-02
B00092M1RO,Product B00092M1RO,metadata_not_joined,2006-05,2010-09
B00092O6QS,Product B00092O6QS,metadata_not_joined,2006-12,2009-02
B00092PV6C,Product B00092PV6C,metadata_not_joined,2005-07,2008-10
B00092Q210,Product B00092Q210,metadata_not_joined,2006-01,2014-03
B00092QM6A,Product B00092QM6A,metadata_not_joined,2006-05,2007-11
B00092RBDI,Product B00092RBDI,metadata_not_joined,2005-08,2007-02
B00092REF8,Product B00092REF8,metadata_not_joined,2005-08,2007-07
B00092RTXK,Product B00092RTXK,metadata_not_joined,2005-12,2013-09
B00092ZY0A,Product B00092ZY0A,metadata_not_joined,2010-02,2014-05
B000932AKQ,Product B000932AKQ,metadata_not_joined,2005-07,2006-08
B000932AMO,Product B000932AMO,metadata_not_joined,2006-02,2012-02
B000932JMA,Product B000932JMA,metadata_not_joined,2007-05,2013-03
B00093EBJO,Product B00093EBJO,metadata_not_joined,2006-11,2013-07
B00093IIRA,Product B00093IIRA,metadata_not_joined,2005-05,2014-02
B00093OLKS,Product B00093OLKS,metadata_not_joined,2008-04,2014-05
B00094F67E,Product B00094F67E,metadata_not_joined,2005-07,2013-12
B00094F6CO,Product B00094F6CO,metadata_not_joined,2005-06,2006-12
B00094NNA6,Product B00094NNA6,metadata_not_joined,2009-02,2013-12
B00094OT36,Product B00094OT36,metadata_not_joined,2006-12,2013-12
B00094OT54,Product B00094OT54,metadata_not_joined,2005-07,2007-05
B00094OWG0,Product B00094OWG0,metadata_not_joined,2005-08,2007-02
B00094OX2S,Product B00094OX2S,metadata_not_joined,2008-03,2014-07
B00094OX32,Product B00094OX32,metadata_not_joined,2007-06,2014-06
B00094OX3M,Product B00094OX3M,metadata_not_joined,2009-10,2013-11
B00095M5EA,Product B00095M5EA,metadata_not_joined,2011-07,2014-05
B00095OAQG,Product B00095OAQG,metadata_not_joined,2007-05,2013-09
B00095W91O,Product B00095W91O,metadata_not_joined,2006-07,2014-05
B0009612GQ,Product B0009612GQ,metadata_not_joined,2005-05,2007-03
B0009612H0,Product B0009612H0,metadata_not_joined,2005-10,2013-11
B00096ZRJ4,Product B00096ZRJ4,metadata_not_joined,2011-03,2014-06
B00096ZT0G,Product B00096ZT0G,metadata_not_joined,2010-07,2011-11
B000979258,Product B000979258,metadata_not_joined,2011-05,2013-10
B00097CUIE,Product B00097CUIE,metadata_not_joined,2009-01,2014-05
B00097D5XI,Product B00097D5XI,metadata_not_joined,2008-04,2014-06
B00097I5W4,Product B00097I5W4,metadata_not_joined,2006-04,2014-01
B000981B10,Product B000981B10,metadata_not_joined,2008-06,2014-03
B000981H8M,Product B000981H8M,metadata_not_joined,2011-04,2014-02
B00098FFN0,Product B00098FFN0,metadata_not_joined,2008-12,2013-05
B00099C2M6,Product B00099C2M6,metadata_not_joined,2007-01,2013-12
B00099I0EK,Product B00099I0EK,metadata_not_joined,2006-01,2009-12
B00099I19O,Product B00099I19O,metadata_not_joined,2005-04,2007-07
B00099I1EY,Product B00099I1EY,metadata_not_joined,2005-10,2011-05
B00099I1F8,Product B00099I1F8,metadata_not_joined,2005-10,2006-04
B00099XBZ8,Product B00099XBZ8,metadata_not_joined,2005-10,2008-02
B00099XTKA,Product B00099XTKA,metadata_not_joined,2006-12,2013-12
B0009A1F6Y,Product B0009A1F6Y,metadata_not_joined,2007-07,2013-06
B0009A2L4Y,Product B0009A2L4Y,metadata_not_joined,2005-09,2006-10
B0009A2L9E,Product B0009A2L9E,metadata_not_joined,2005-06,2007-08
B0009A2LP8,Product B0009A2LP8,metadata_not_joined,2005-10,2007-08
B0009A4LU6,Product B0009A4LU6,metadata_not_joined,2009-07,2014-07
B0009ACZHM,Product B0009ACZHM,metadata_not_joined,2006-01,2009-11
B0009AG95Q,Product B0009AG95Q,metadata_not_joined,2006-10,2013-06
B0009B05H8,Product B0009B05H8,metadata_not_joined,2008-05,2014-06
B0009B0H08,Product B0009B0H08,metadata_not_joined,2008-02,2014-04
B0009B0HEE,Product B0009B0HEE,metadata_not_joined,2006-09,2007-09
B0009B0K2I,Product B0009B0K2I,metadata_not_joined,2009-02,2014-04
B0009B0KKA,Product B0009B0KKA,metadata_not_joined,2009-02,2014-05
B0009B0KOQ,Product B0009B0KOQ,metadata_not_joined,2006-09,2013-01
B0009BB644,Product B0009BB644,metadata_not_joined,2005-07,2009-09
B0009BBBM6,Product B0009BBBM6,metadata_not_joined,2005-08,2014-02
B0009BX0AM,Product B0009BX0AM,metadata_not_joined,2008-02,2014-06
B0009CDYF2,Product B0009CDYF2,metadata_not_joined,2006-01,2011-05
B0009CEL18,Product B0009CEL18,metadata_not_joined,2005-05,2014-03
B0009DG7KK,Product B0009DG7KK,metadata_not_joined,2005-09,2014-04
B0009DRSM6,Product B0009DRSM6,metadata_not_joined,2007-11,2014-05
B0009DRSWQ,Product B0009DRSWQ,metadata_not_joined,2011-03,2014-04
B0009DT87O,Product B0009DT87O,metadata_not_joined,2005-07,2014-07
B0009DTJBO,Product B0009DTJBO,metadata_not_joined,2011-02,2013-11
B0009E0408,Product B0009E0408,metadata_not_joined,2013-03,2013-09
B0009E1XF8,Product B0009E1XF8,metadata_not_joined,2006-05,2013-06
B0009E1YPM,Product B0009E1YPM,metadata_not_joined,2005-09,2013-12
B0009E3T14,Product B0009E3T14,metadata_not_joined,2005-09,2007-07
B0009E3UUY,Product B0009E3UUY,metadata_not_joined,2006-02,2009-08
B0009E65GA,Product B0009E65GA,metadata_not_joined,2007-02,2013-06
B0009EJ92C,Product B0009EJ92C,metadata_not_joined,2005-12,2008-01
B0009EL76I,Product B0009EL76I,metadata_not_joined,2010-01,2013-07
B0009EUSYU,Product B0009EUSYU,metadata_not_joined,2005-10,2013-01
B0009EVYSO,Product B0009EVYSO,metadata_not_joined,2007-01,2014-06
B0009EVYUC,Product B0009EVYUC,metadata_not_joined,2006-07,2009-06
B0009EXVFI,Product B0009EXVFI,metadata_not_joined,2008-10,2014-01
B0009EXVNA,Product B0009EXVNA,metadata_not_joined,2005-06,2013-08
B0009EXWJS,Product B0009EXWJS,metadata_not_joined,2005-09,2010-11
B0009EXWQQ,Product B0009EXWQQ,metadata_not_joined,2007-11,2014-07
B0009F0SWQ,Product B0009F0SWQ,metadata_not_joined,2012-01,2013-08
B0009F3MPQ,Product B0009F3MPQ,metadata_not_joined,2006-05,2011-08
B0009F3MQK,Product B0009F3MQK,metadata_not_joined,2006-03,2010-10
B0009F3SGE,Product B0009F3SGE,metadata_not_joined,2006-02,2008-01
B0009F4OR6,Product B0009F4OR6,metadata_not_joined,2005-07,2011-01
B0009F4OS0,Product B0009F4OS0,metadata_not_joined,2005-09,2007-06
B0009F62GW,Product B0009F62GW,metadata_not_joined,2005-09,2013-06
B0009F7NH4,Product B0009F7NH4,metadata_not_joined,2011-11,2013-09
B0009F7ZEK,Product B0009F7ZEK,metadata_not_joined,2007-07,2013-09
B0009F8DV4,Product B0009F8DV4,metadata_not_joined,2011-02,2014-02
B0009FJEUS,Product B0009FJEUS,metadata_not_joined,2005-08,2012-12
B0009FTMK0,Product B0009FTMK0,metadata_not_joined,2006-01,2010-04
B0009FTMLO,Product B0009FTMLO,metadata_not_joined,2005-07,2007-05
B0009FTXGI,Product B0009FTXGI,metadata_not_joined,2010-03,2013-04
B0009FUAQ0,Product B0009FUAQ0,metadata_not_joined,2005-08,2014-04
B0009FUFPG,Product B0009FUFPG,metadata_not_joined,2005-07,2008-08
B0009FUSBW,Product B0009FUSBW,metadata_not_joined,2006-03,2008-05
B0009FUX94,Product B0009FUX94,metadata_not_joined,2007-04,2014-04
B0009FV7J4,Product B0009FV7J4,metadata_not_joined,2007-01,2014-05
B0009GBRS4,Product B0009GBRS4,metadata_not_joined,2009-06,2014-07
B0009GHRBK,Product B0009GHRBK,metadata_not_joined,2005-12,2007-07
B0009GI7NC,Product B0009GI7NC,metadata_not_joined,2012-11,2014-07
B0009GUDVQ,Product B0009GUDVQ,metadata_not_joined,2005-06,2007-04
B0009GWXAK,Product B0009GWXAK,metadata_not_joined,2007-02,2014-02
B0009GYR9K,Product B0009GYR9K,metadata_not_joined,2005-10,2007-10
B0009GZAGO,Product B0009GZAGO,metadata_not_joined,2005-07,2013-06
B0009GZG5O,Product B0009GZG5O,metadata_not_joined,2010-01,2014-02
B0009GZSSO,Product B0009GZSSO,metadata_not_joined,2005-06,2014-04
B0009H33YE,Product B0009H33YE,metadata_not_joined,2008-10,2009-06
B0009H5VVM,Product B0009H5VVM,metadata_not_joined,2007-02,2014-06
B0009H62Q0,Product B0009H62Q0,metadata_not_joined,2006-11,2013-12
B0009H7HAU,Product B0009H7HAU,metadata_not_joined,2005-07,2010-12
B0009H9PZU,Product B0009H9PZU,metadata_not_joined,2005-06,2013-07
B0009HAHD4,Product B0009HAHD4,metadata_not_joined,2007-02,2014-06
B0009HAI4W,Product B0009HAI4W,metadata_not_joined,2006-03,2013-12
B0009HGUVW,Product B0009HGUVW,metadata_not_joined,2011-03,2014-03
B0009HGVZW,Product B0009HGVZW,metadata_not_joined,2006-06,2014-05
B0009HKEYG,Product B0009HKEYG,metadata_not_joined,2009-01,2014-07
B0009HMN6S,Product B0009HMN6S,metadata_not_joined,2007-12,2013-12
B0009HMQ6K,Product B0009HMQ6K,metadata_not_joined,2013-07,2014-07
B0009HN57E,Product B0009HN57E,metadata_not_joined,2005-08,2014-04
B0009HN57O,Product B0009HN57O,metadata_not_joined,2007-01,2010-03
B0009HN57Y,Product B0009HN57Y,metadata_not_joined,2005-08,2014-04
B0009HN588,Product B0009HN588,metadata_not_joined,2007-06,2014-06
B0009HN58I,Product B0009HN58I,metadata_not_joined,2007-06,2014-02
B0009HTB0Y,Product B0009HTB0Y,metadata_not_joined,2005-12,2014-06
B0009I0634,Product B0009I0634,metadata_not_joined,2005-08,2013-08
B0009I4VE4,Product B0009I4VE4,metadata_not_joined,2005-06,2014-01
B0009I6K7K,Product B0009I6K7K,metadata_not_joined,2005-07,2011-07
B0009I6KCA,Product B0009I6KCA,metadata_not_joined,2005-12,2008-04
B0009I94LE,Product B0009I94LE,metadata_not_joined,2005-05,2011-04
B0009I95X6,Product B0009I95X6,metadata_not_joined,2005-12,2011-01
B0009I96LC,Product B0009I96LC,metadata_not_joined,2008-06,2014-04
B0009I96LM,Product B0009I96LM,metadata_not_joined,2006-03,2007-12
B0009I9YRI,Product B0009I9YRI,metadata_not_joined,2012-11,2014-06
B0009IGAPW,Product B0009IGAPW,metadata_not_joined,2007-05,2014-05
B0009IIE4W,Product B0009IIE4W,metadata_not_joined,2005-05,2014-01
B0009IIE56,Product B0009IIE56,metadata_not_joined,2006-01,2011-07
B0009IIE5G,Product B0009IIE5G,metadata_not_joined,2005-06,2013-12
B0009IKDT6,Product B0009IKDT6,metadata_not_joined,2007-08,2011-10
B0009IO6NK,Product B0009IO6NK,metadata_not_joined,2005-11,2006-12
B0009IPTJU,Product B0009IPTJU,metadata_not_joined,2005-08,2007-05
B0009IQ1BU,Product B0009IQ1BU,metadata_not_joined,2009-08,2014-05
B0009IQ62Y,Product B0009IQ62Y,metadata_not_joined,2005-07,2011-05
B0009IRUKG,Product B0009IRUKG,metadata_not_joined,2007-01,2014-03
B0009J1I26,Product B0009J1I26,metadata_not_joined,2009-05,2013-04
B0009J1IB2,Product B0009J1IB2,metadata_not_joined,2009-07,2011-09
B0009J49XQ,Product B0009J49XQ,metadata_not_joined,2008-02,2013-10
B0009J68KI,Product B0009J68KI,metadata_not_joined,2007-03,2012-05
B0009J6PYW,Product B0009J6PYW,metadata_not_joined,2006-08,2013-09
B0009JB7GI,Product B0009JB7GI,metadata_not_joined,2007-03,2014-07
B0009JBBS2,Product B0009JBBS2,metadata_not_joined,2009-05,2013-11
B0009JBC4A,Product B0009JBC4A,metadata_not_joined,2013-04,2014-03
B0009JCV6S,Product B0009JCV6S,metadata_not_joined,2009-12,2014-01
B0009JCVJU,Product B0009JCVJU,metadata_not_joined,2010-10,2014-05
B0009JFF0W,Product B0009JFF0W,metadata_not_joined,2009-08,2014-07
B0009JFF7A,Product B0009JFF7A,metadata_not_joined,2009-12,2014-06
B0009JFF7U,Product B0009JFF7U,metadata_not_joined,2010-05,2014-06
B0009JGJF2,Product B0009JGJF2,metadata_not_joined,2011-03,2014-07
B0009JGV32,Product B0009JGV32,metadata_not_joined,2005-12,2010-05
B0009JHMU8,Product B0009JHMU8,metadata_not_joined,2008-11,2012-12
B0009JKH78,Product B0009JKH78,metadata_not_joined,2008-04,2013-05
B0009JKVZG,Product B0009JKVZG,metadata_not_joined,2005-06,2008-07
B0009JMUH8,Product B0009JMUH8,metadata_not_joined,2007-08,2009-10
B0009JO2YC,Product B0009JO2YC,metadata_not_joined,2007-08,2013-11
B0009JQLP0,Product B0009JQLP0,metadata_not_joined,2007-10,2013-12
B0009JR3R0,Product B0009JR3R0,metadata_not_joined,2013-08,2014-07
B0009JR3RA,Product B0009JR3RA,metadata_not_joined,2012-03,2014-07
B0009JR3S4,Product B0009JR3S4,metadata_not_joined,2005-06,2007-07
B0009JR3SE,Product B0009JR3SE,metadata_not_joined,2007-10,2014-03
B0009JR3SO,Product B0009JR3SO,metadata_not_joined,2008-01,2014-01
B0009JR3UM,Product B0009JR3UM,metadata_not_joined,2008-12,2012-12
B0009JR41U,Product B0009JR41U,metadata_not_joined,2006-11,2014-02
B0009JR42E,Product B0009JR42E,metadata_not_joined,2007-01,2014-04
B0009JR43I,Product B0009JR43I,metadata_not_joined,2007-01,2011-02
B0009JR442,Product B0009JR442,metadata_not_joined,2006-11,2009-09
B0009JR45Q,Product B0009JR45Q,metadata_not_joined,2007-09,2013-12
B0009JR4Q0,Product B0009JR4Q0,metadata_not_joined,2006-11,2013-01
B0009JR4T2,Product B0009JR4T2,metadata_not_joined,2006-11,2007-07
B0009JR5IM,Product B0009JR5IM,metadata_not_joined,2005-10,2013-11
B0009JR5K0,Product B0009JR5K0,metadata_not_joined,2007-05,2014-03
B0009JR5KA,Product B0009JR5KA,metadata_not_joined,2007-03,2010-05
B0009JR5LO,Product B0009JR5LO,metadata_not_joined,2010-06,2014-05
B0009JR5SM,Product B0009JR5SM,metadata_not_joined,2011-08,2014-03
B0009JR82U,Product B0009JR82U,metadata_not_joined,2007-09,2014-07
B0009JRTT2,Product B0009JRTT2,metadata_not_joined,2007-06,2012-12
B0009JSDYC,Product B0009JSDYC,metadata_not_joined,2012-12,2014-06
B0009JVTMA,Product B0009JVTMA,metadata_not_joined,2012-05,2014-05
B0009JY6PM,Product B0009JY6PM,metadata_not_joined,2006-01,2008-07
B0009JZSKO,Product B0009JZSKO,metadata_not_joined,2009-05,2014-04
B0009K3PFS,Product B0009K3PFS,metadata_not_joined,2008-05,2014-04
B0009K50RO,Product B0009K50RO,metadata_not_joined,2009-06,2013-05
B0009K50TC,Product B0009K50TC,metadata_not_joined,2010-01,2014-05
B0009K50VA,Product B0009K50VA,metadata_not_joined,2011-06,2014-03
B0009K7CZC,Product B0009K7CZC,metadata_not_joined,2007-03,2013-11
B0009K9FZW,Product B0009K9FZW,metadata_not_joined,2005-08,2014-06
B0009K9Q1A,Product B0009K9Q1A,metadata_not_joined,2009-07,2014-06
B0009K9Q2E,Product B0009K9Q2E,metadata_not_joined,2005-10,2013-08
B0009KA6P0,Product B0009KA6P0,metadata_not_joined,2009-05,2014-02
B0009KF2OA,Product B0009KF2OA,metadata_not_joined,2005-07,2012-02
B0009KIQNO,Product B0009KIQNO,metadata_not_joined,2005-06,2009-06
B0009KJ06G,Product B0009KJ06G,metadata_not_joined,2009-08,2014-01
B0009KKQO6,Product B0009KKQO6,metadata_not_joined,2007-10,2014-01
B0009KMSL0,Product B0009KMSL0,metadata_not_joined,2007-05,2012-12
B0009KNNUU,Product B0009KNNUU,metadata_not_joined,2006-11,2013-12
B0009KUHLI,Product B0009KUHLI,metadata_not_joined,2007-05,2014-02
B0009KVT2Y,Product B0009KVT2Y,metadata_not_joined,2007-01,2010-05
B0009KVU8C,Product B0009KVU8C,metadata_not_joined,2008-04,2010-07
B0009KVU8W,Product B0009KVU8W,metadata_not_joined,2006-08,2012-09
B0009KVUIC,Product B0009KVUIC,metadata_not_joined,2006-02,2013-07
B0009L1GMG,Product B0009L1GMG,metadata_not_joined,2009-03,2013-10
B0009L2QQ6,Product B0009L2QQ6,metadata_not_joined,2007-08,2011-11
B0009L8250,Product B0009L8250,metadata_not_joined,2011-11,2013-12
B0009LAYSI,Product B0009LAYSI,metadata_not_joined,2007-11,2014-06
B0009M069Y,Product B0009M069Y,metadata_not_joined,2009-10,2014-05
B0009M1O9A,Product B0009M1O9A,metadata_not_joined,2008-06,2014-06
B0009M27TG,Product B0009M27TG,metadata_not_joined,2012-01,2014-07
B0009M96K4,Product B0009M96K4,metadata_not_joined,2006-02,2008-01
B0009MCNX6,Product B0009MCNX6,metadata_not_joined,2008-12,2013-05
B0009ME7FI,Product B0009ME7FI,metadata_not_joined,2010-11,2014-02
B0009MFKDQ,Product B0009MFKDQ,metadata_not_joined,2005-12,2013-11
B0009MFQ12,Product B0009MFQ12,metadata_not_joined,2005-07,2013-01
B0009MFQ1C,Product B0009MFQ1C,metadata_not_joined,2007-07,2010-08
B0009MFQ1M,Product B0009MFQ1M,metadata_not_joined,2006-07,2008-04
B0009MFRW0,Product B0009MFRW0,metadata_not_joined,2012-12,2014-06
B0009MFTSW,Product B0009MFTSW,metadata_not_joined,2006-06,2014-02
B0009MFTTG,Product B0009MFTTG,metadata_not_joined,2012-11,2014-02
B0009MFV0I,Product B0009MFV0I,metadata_not_joined,2005-08,2013-08
B0009MIP8I,Product B0009MIP8I,metadata_not_joined,2006-11,2014-07
B0009MUG08,Product B0009MUG08,metadata_not_joined,2006-08,2013-10
B0009MX5R4,Product B0009MX5R4,metadata_not_joined,2005-09,2014-07
B0009MYSE8,Product B0009MYSE8,metadata_not_joined,2005-10,2013-01
B0009MYSHU,Product B0009MYSHU,metadata_not_joined,2006-11,2014-06
B0009MZ9UA,Product B0009MZ9UA,metadata_not_joined,2006-06,2014-03
B0009MZ9UK,Product B0009MZ9UK,metadata_not_joined,2006-10,2014-05
B0009N4OIC,Product B0009N4OIC,metadata_not_joined,2005-06,2009-04
B0009N544A,Product B0009N544A,metadata_not_joined,2006-08,2013-02
B0009N5MCY,Product B0009N5MCY,metadata_not_joined,2005-06,2014-02
B0009N5MDI,Product B0009N5MDI,metadata_not_joined,2005-08,2013-03
B0009N7OK2,Product B0009N7OK2,metadata_not_joined,2005-07,2007-01
B0009N7OL6,Product B0009N7OL6,metadata_not_joined,2006-09,2012-04
B0009N7RMM,Product B0009N7RMM,metadata_not_joined,2012-08,2014-02
B0009N9PJA,Product B0009N9PJA,metadata_not_joined,2005-12,2011-08
B0009NEUO0,Product B0009NEUO0,metadata_not_joined,2005-07,2013-11
B0009NEUOA,Product B0009NEUOA,metadata_not_joined,2005-07,2014-06
B0009NEUOK,Product B0009NEUOK,metadata_not_joined,2005-08,2014-06
B0009NMQ2I,Product B0009NMQ2I,metadata_not_joined,2006-04,2009-02
B0009NWVUU,Product B0009NWVUU,metadata_not_joined,2006-12,2013-07
B0009NWZGU,Product B0009NWZGU,metadata_not_joined,2006-07,2014-03
B0009NXN7K,Product B0009NXN7K,metadata_not_joined,2010-01,2012-09
B0009NZ6M0,Product B0009NZ6M0,metadata_not_joined,2006-04,2014-05
B0009O19LQ,Product B0009O19LQ,metadata_not_joined,2007-01,2013-11
B0009O1F06,Product B0009O1F06,metadata_not_joined,2007-02,2012-12
B0009O5MWI,Product B0009O5MWI,metadata_not_joined,2005-12,2007-12
B0009O6IXA,Product B0009O6IXA,metadata_not_joined,2005-07,2013-04
B0009OAFI4,Product B0009OAFI4,metadata_not_joined,2006-07,2014-02
B0009OAFJ8,Product B0009OAFJ8,metadata_not_joined,2006-06,2013-12
B0009OAP98,Product B0009OAP98,metadata_not_joined,2007-12,2013-05
B0009OD6R6,Product B0009OD6R6,metadata_not_joined,2005-06,2012-03
B0009OE990,Product B0009OE990,metadata_not_joined,2007-10,2011-11
B0009OFQ8S,Product B0009OFQ8S,metadata_not_joined,2007-11,2014-06
B0009ON12G,Product B0009ON12G,metadata_not_joined,2008-09,2014-06
B0009OOBV6,Product B0009OOBV6,metadata_not_joined,2006-04,2007-09
B0009OOD9Q,Product B0009OOD9Q,metadata_not_joined,2005-11,2013-09
B0009ORWW6,Product B0009ORWW6,metadata_not_joined,2006-02,2010-01
B0009ORXE8,Product B0009ORXE8,metadata_not_joined,2006-03,2007-09
B0009ORXF2,Product B0009ORXF2,metadata_not_joined,2005-11,2009-09
B0009OWAKU,Product B0009OWAKU,metadata_not_joined,2008-01,2014-01
B0009P5YA2,Product B0009P5YA2,metadata_not_joined,2005-08,2011-10
B0009P8BIY,Product B0009P8BIY,metadata_not_joined,2013-09,2014-06
B0009P8BLQ,Product B0009P8BLQ,metadata_not_joined,2007-01,2008-05
B0009PAJ2A,Product B0009PAJ2A,metadata_not_joined,2007-05,2014-06
B0009PAVI2,Product B0009PAVI2,metadata_not_joined,2009-06,2014-03
B0009PAYY8,Product B0009PAYY8,metadata_not_joined,2007-12,2014-07
B0009PAZ0Q,Product B0009PAZ0Q,metadata_not_joined,2007-07,2014-03
B0009PCX6A,Product B0009PCX6A,metadata_not_joined,2007-12,2010-02
B0009PCX7O,Product B0009PCX7O,metadata_not_joined,2007-01,2014-06
B0009PD2T2,Product B0009PD2T2,metadata_not_joined,2007-02,2010-02
B0009PD2WY,Product B0009PD2WY,metadata_not_joined,2006-11,2010-12
B0009PD3P0,Product B0009PD3P0,metadata_not_joined,2005-07,2006-11
B0009PD440,Product B0009PD440,metadata_not_joined,2008-01,2012-09
B0009PEU3Y,Product B0009PEU3Y,metadata_not_joined,2007-05,2014-03
B0009PEUG6,Product B0009PEUG6,metadata_not_joined,2006-08,2013-07
B0009PEUR0,Product B0009PEUR0,metadata_not_joined,2009-11,2014-04
B0009PEY44,Product B0009PEY44,metadata_not_joined,2009-11,2012-10
B0009PKU9C,Product B0009PKU9C,metadata_not_joined,2005-07,2009-03
B0009PLO0Q,Product B0009PLO0Q,metadata_not_joined,2005-08,2011-01
B0009PQQ9U,Product B0009PQQ9U,metadata_not_joined,2005-09,2008-01
B0009PSFA8,Product B0009PSFA8,metadata_not_joined,2007-06,2012-02
B0009PTBZ6,Product B0009PTBZ6,metadata_not_joined,2009-06,2014-07
B0009PUJV6,Product B0009PUJV6,metadata_not_joined,2013-01,2014-01
B0009PUR5O,Product B0009PUR5O,metadata_not_joined,2012-09,2014-05
B0009PX8IC,Product B0009PX8IC,metadata_not_joined,2007-08,2014-01
B0009PXEEU,Product B0009PXEEU,metadata_not_joined,2005-07,2014-05
B0009PXGX4,Product B0009PXGX4,metadata_not_joined,2011-04,2014-06
B0009PYGLA,Product B0009PYGLA,metadata_not_joined,2009-07,2014-05
B0009PYV6K,Product B0009PYV6K,metadata_not_joined,2005-10,2014-04
B0009Q4PH4,Product B0009Q4PH4,metadata_not_joined,2005-08,2013-01
B0009Q4PIS,Product B0009Q4PIS,metadata_not_joined,2006-02,2012-12
B0009Q4U7Y,Product B0009Q4U7Y,metadata_not_joined,2005-05,2011-04
B0009Q4UBK,Product B0009Q4UBK,metadata_not_joined,2005-05,2013-02
B0009Q4W9A,Product B0009Q4W9A,metadata_not_joined,2005-08,2014-06
B0009Q56N6,Product B0009Q56N6,metadata_not_joined,2006-09,2014-04
B0009QW4MM,Product B0009QW4MM,metadata_not_joined,2010-01,2013-09
B0009QZDL6,Product B0009QZDL6,metadata_not_joined,2007-05,2014-07
B0009QZDLG,Product B0009QZDLG,metadata_not_joined,2009-01,2013-11
B0009QZPO6,Product B0009QZPO6,metadata_not_joined,2007-02,2013-12
B0009R5KMM,Product B0009R5KMM,metadata_not_joined,2006-05,2014-07
B0009RGLSE,Product B0009RGLSE,metadata_not_joined,2005-10,2014-07
B0009RJNJ8,Product B0009RJNJ8,metadata_not_joined,2006-11,2009-10
B0009RKDN8,Product B0009RKDN8,metadata_not_joined,2005-10,2009-03
B0009RKEUA,Product B0009RKEUA,metadata_not_joined,2007-05,2014-06
B0009RKKUY,Product B0009RKKUY,metadata_not_joined,2005-07,2007-02
B0009RKKV8,Product B0009RKKV8,metadata_not_joined,2005-11,2013-08
B0009RKL5S,Product B0009RKL5S,metadata_not_joined,2006-02,2014-06
B0009RKL62,Product B0009RKL62,metadata_not_joined,2006-01,2014-06
B0009RKL6C,Product B0009RKL6C,metadata_not_joined,2007-06,2014-06
B0009RKL6M,Product B0009RKL6M,metadata_not_joined,2006-05,2014-07
B0009RKLMG,Product B0009RKLMG,metadata_not_joined,2008-08,2014-07
B0009RLO2M,Product B0009RLO2M,metadata_not_joined,2005-12,2006-02
B0009RML8S,Product B0009RML8S,metadata_not_joined,2005-10,2013-07
B0009RNYQG,Product B0009RNYQG,metadata_not_joined,2010-09,2014-03
B0009RORAI,Product B0009RORAI,metadata_not_joined,2009-04,2013-04
B0009RPY96,Product B0009RPY96,metadata_not_joined,2008-10,2014-04
B0009RQKVW,Product B0009RQKVW,metadata_not_joined,2007-08,2011-01
B0009RTGFY,Product B0009RTGFY,metadata_not_joined,2006-01,2008-01
B0009RVG7U,Product B0009RVG7U,metadata_not_joined,2006-06,2013-10
B0009RWK6Q,Product B0009RWK6Q,metadata_not_joined,2005-09,2012-03
B0009RWK7K,Product B0009RWK7K,metadata_not_joined,2004-12,2008-07
B0009S5HQA,Product B0009S5HQA,metadata_not_joined,2006-08,2014-03
B0009S5NQO,Product B0009S5NQO,metadata_not_joined,2006-11,2007-06
B0009S7YJS,Product B0009S7YJS,metadata_not_joined,2009-01,2013-11
B0009SA27O,Product B0009SA27O,metadata_not_joined,2007-07,2014-07
B0009SA27Y,Product B0009SA27Y,metadata_not_joined,2006-06,2013-10
B0009SAN3W,Product B0009SAN3W,metadata_not_joined,2006-08,2014-05
B0009SCMKY,Product B0009SCMKY,metadata_not_joined,2007-01,2014-07
B0009SHDGC,Product B0009SHDGC,metadata_not_joined,2009-05,2014-06
B0009ST7DY,Product B0009ST7DY,metadata_not_joined,2005-09,2012-06
B0009STJIM,Product B0009STJIM,metadata_not_joined,2008-02,2013-08
B0009STJIW,Product B0009STJIW,metadata_not_joined,2009-10,2014-07
B0009SUEX6,Product B0009SUEX6,metadata_not_joined,2009-11,2014-07
B0009SUEXG,Product B0009SUEXG,metadata_not_joined,2009-05,2014-03
B0009SUEYA,Product B0009SUEYA,metadata_not_joined,2009-02,2013-06
B0009SURMY,Product B0009SURMY,metadata_not_joined,2009-07,2014-03
B0009SWLDM,Product B0009SWLDM,metadata_not_joined,2013-04,2014-07
B0009SWLE6,Product B0009SWLE6,metadata_not_joined,2011-03,2014-02
B0009SXOTC,Product B0009SXOTC,metadata_not_joined,2010-01,2014-05
B0009SXWJE,Product B0009SXWJE,metadata_not_joined,2011-10,2014-05
B0009SZHR4,Product B0009SZHR4,metadata_not_joined,2011-12,2014-07
B0009SZQY8,Product B0009SZQY8,metadata_not_joined,2006-04,2013-12
B0009T035E,Product B0009T035E,metadata_not_joined,2008-03,2013-12
B0009T8JPA,Product B0009T8JPA,metadata_not_joined,2006-08,2013-09
B0009TOHDI,Product B0009TOHDI,metadata_not_joined,2011-03,2014-07
B0009TQB00,Product B0009TQB00,metadata_not_joined,2006-01,2008-11
B0009U5ZCO,Product B0009U5ZCO,metadata_not_joined,2005-09,2007-07
B0009U603C,Product B0009U603C,metadata_not_joined,2006-01,2011-01
B0009U6136,Product B0009U6136,metadata_not_joined,2007-04,2013-08
B0009U6140,Product B0009U6140,metadata_not_joined,2008-03,2013-04
B0009U6YQK,Product B0009U6YQK,metadata_not_joined,2006-07,2012-04
B0009U7MV6,Product B0009U7MV6,metadata_not_joined,2006-04,2009-10
B0009U7XH4,Product B0009U7XH4,metadata_not_joined,2005-08,2009-06
B0009U7Y0U,Product B0009U7Y0U,metadata_not_joined,2005-08,2011-09
B0009U7Y32,Product B0009U7Y32,metadata_not_joined,2005-08,2006-01
B0009U7YD2,Product B0009U7YD2,metadata_not_joined,2005-08,2006-11
B0009UDABW,Product B0009UDABW,metadata_not_joined,2006-05,2007-02
B0009UFJAM,Product B0009UFJAM,metadata_not_joined,2007-03,2014-06
B0009UFOTS,Product B0009UFOTS,metadata_not_joined,2005-12,2011-05
B0009V13XS,Product B0009V13XS,metadata_not_joined,2006-02,2013-07
B0009V140K,Product B0009V140K,metadata_not_joined,2005-12,2013-11
B0009V1BEY,Product B0009V1BEY,metadata_not_joined,2007-07,2010-12
B0009V2ZQC,Product B0009V2ZQC,metadata_not_joined,2005-08,2010-09
B0009V488K,Product B0009V488K,metadata_not_joined,2007-04,2009-01
B0009V5ZQ4,Product B0009V5ZQ4,metadata_not_joined,2006-09,2010-10
B0009V6TL4,Product B0009V6TL4,metadata_not_joined,2006-01,2014-07
B0009VE21I,Product B0009VE21I,metadata_not_joined,2006-04,2010-06
B0009VE236,Product B0009VE236,metadata_not_joined,2006-08,2009-04
B0009VFOME,Product B0009VFOME,metadata_not_joined,2009-11,2014-06
B0009VJESE,Product B0009VJESE,metadata_not_joined,2009-02,2011-03
B0009VKJH4,Product B0009VKJH4,metadata_not_joined,2005-08,2014-05
B0009VP9RO,Product B0009VP9RO,metadata_not_joined,2012-04,2014-04
B0009VPFSW,Product B0009VPFSW,metadata_not_joined,2009-12,2014-06
B0009VRB66,Product B0009VRB66,metadata_not_joined,2006-03,2011-07
B0009VT9MU,Product B0009VT9MU,metadata_not_joined,2006-07,2013-05
B0009VT9OI,Product B0009VT9OI,metadata_not_joined,2009-06,2014-06
B0009VT9OS,Product B0009VT9OS,metadata_not_joined,2008-05,2013-11
B0009VU7BM,Product B0009VU7BM,metadata_not_joined,2005-10,2011-12
B0009VU7BW,Product B0009VU7BW,metadata_not_joined,2005-12,2013-11
B0009VU7JO,Product B0009VU7JO,metadata_not_joined,2007-03,2008-05
B0009VU7QM,Product B0009VU7QM,metadata_not_joined,2006-09,2014-02
B0009VU7RG,Product B0009VU7RG,metadata_not_joined,2008-07,2014-07
B0009VU7TE,Product B0009VU7TE,metadata_not_joined,2005-10,2010-07
B0009VU7TO,Product B0009VU7TO,metadata_not_joined,2008-01,2014-01
B0009W7EMG,Product B0009W7EMG,metadata_not_joined,2007-04,2014-03
B0009W7ENU,Product B0009W7ENU,metadata_not_joined,2006-11,2011-01
B0009W7OJO,Product B0009W7OJO,metadata_not_joined,2008-06,2014-02
B0009W8M8Q,Product B0009W8M8Q,metadata_not_joined,2007-01,2012-12
B0009W8PNI,Product B0009W8PNI,metadata_not_joined,2011-11,2014-07
B0009W8WDQ,Product B0009W8WDQ,metadata_not_joined,2008-12,2014-03
B0009W9PBE,Product B0009W9PBE,metadata_not_joined,2007-12,2014-05
B0009W9WHQ,Product B0009W9WHQ,metadata_not_joined,2006-06,2014-02
B0009WCFNO,Product B0009WCFNO,metadata_not_joined,2007-03,2013-07
B0009WDM2W,Product B0009WDM2W,metadata_not_joined,2006-03,2014-03
B0009WDQ3C,Product B0009WDQ3C,metadata_not_joined,2008-01,2012-02
B0009WG6KM,Product B0009WG6KM,metadata_not_joined,2007-12,2014-05
B0009WKBGC,Product B0009WKBGC,metadata_not_joined,2005-10,2013-09
B0009WKBR6,Product B0009WKBR6,metadata_not_joined,2006-03,2007-07
B0009WPSEC,Product B0009WPSEC,metadata_not_joined,2005-08,2008-05
B0009WQFVC,Product B0009WQFVC,metadata_not_joined,2006-05,2012-02
B0009WRU8O,Product B0009WRU8O,metadata_not_joined,2009-09,2014-03
B0009WRUZ2,Product B0009WRUZ2,metadata_not_joined,2006-02,2006-08
B0009WU65I,Product B0009WU65I,metadata_not_joined,2010-09,2014-07
B0009WWUIO,Product B0009WWUIO,metadata_not_joined,2007-10,2013-03
B0009WX4KM,Product B0009WX4KM,metadata_not_joined,2006-03,2007-05
B0009WZR16,Product B0009WZR16,metadata_not_joined,2008-03,2013-04
B0009X09IQ,Product B0009X09IQ,metadata_not_joined,2007-02,2014-04
B0009X0CSI,Product B0009X0CSI,metadata_not_joined,2005-08,2007-07
B0009X1TXU,Product B0009X1TXU,metadata_not_joined,2006-06,2010-09
B0009X1U3O,Product B0009X1U3O,metadata_not_joined,2007-05,2013-03
B0009X3JBU,Product B0009X3JBU,metadata_not_joined,2007-04,2014-03
B0009X499G,Product B0009X499G,metadata_not_joined,2005-12,2013-05
B0009X5KOY,Product B0009X5KOY,metadata_not_joined,2007-01,2010-12
B0009X6QH4,Product B0009X6QH4,metadata_not_joined,2005-08,2009-06
B0009XBB5G,Product B0009XBB5G,metadata_not_joined,2006-11,2013-08
B0009XDLRW,Product B0009XDLRW,metadata_not_joined,2011-06,2013-11
B0009XESHO,Product B0009XESHO,metadata_not_joined,2009-11,2014-04
B0009XG8Y0,Product B0009XG8Y0,metadata_not_joined,2005-08,2006-10
B0009XHGGY,Product B0009XHGGY,metadata_not_joined,2005-10,2010-06
B0009XHOBG,Product B0009XHOBG,metadata_not_joined,2006-07,2013-06
B0009XNPT6,Product B0009XNPT6,metadata_not_joined,2006-03,2010-07
B0009XPMR4,Product B0009XPMR4,metadata_not_joined,2006-02,2014-05
B0009XQPGQ,Product B0009XQPGQ,metadata_not_joined,2005-08,2010-05
B0009XQPHK,Product B0009XQPHK,metadata_not_joined,2006-01,2007-09
B0009XQPHU,Product B0009XQPHU,metadata_not_joined,2005-10,2013-05
B0009XQPJ8,Product B0009XQPJ8,metadata_not_joined,2006-08,2010-11
B0009XQPJI,Product B0009XQPJI,metadata_not_joined,2006-06,2014-01
B0009XQPJS,Product B0009XQPJS,metadata_not_joined,2007-10,2013-10
B0009XQPK2,Product B0009XQPK2,metadata_not_joined,2007-03,2010-11
B0009XSKZ0,Product B0009XSKZ0,metadata_not_joined,2005-08,2006-05
B0009XTDHO,Product B0009XTDHO,metadata_not_joined,2006-10,2009-06
B0009XVGMO,Product B0009XVGMO,metadata_not_joined,2006-09,2010-09
B0009Y2EXI,Product B0009Y2EXI,metadata_not_joined,2005-09,2012-01
B0009Y7APU,Product B0009Y7APU,metadata_not_joined,2007-03,2014-07
B0009Y7HVM,Product B0009Y7HVM,metadata_not_joined,2008-07,2013-06
B0009Y7IK2,Product B0009Y7IK2,metadata_not_joined,2005-08,2008-10
B0009Y88EW,Product B0009Y88EW,metadata_not_joined,2011-07,2014-04
B0009Y8A8G,Product B0009Y8A8G,metadata_not_joined,2005-11,2008-08
B0009YAKM0,Product B0009YAKM0,metadata_not_joined,2007-02,2012-10
B0009YBG2S,Product B0009YBG2S,metadata_not_joined,2005-12,2013-01
B0009YDP7W,Product B0009YDP7W,metadata_not_joined,2006-03,2014-07
B0009YE5JE,Product B0009YE5JE,metadata_not_joined,2009-02,2013-11
B0009YFS4A,Product B0009YFS4A,metadata_not_joined,2008-06,2013-11
B0009YIJ2I,Product B0009YIJ2I,metadata_not_joined,2010-08,2014-05
B0009YJD50,Product B0009YJD50,metadata_not_joined,2006-04,2010-08
B0009YJR6A,Product B0009YJR6A,metadata_not_joined,2011-06,2014-04
B0009YJXMS,Product B0009YJXMS,metadata_not_joined,2006-05,2014-07
B0009YNCSO,Product B0009YNCSO,metadata_not_joined,2005-12,2013-03
B0009YU7Z0,Product B0009YU7Z0,metadata_not_joined,2011-05,2014-06
B0009YWCT4,Product B0009YWCT4,metadata_not_joined,2008-09,2012-04
B0009YX96O,Product B0009YX96O,metadata_not_joined,2007-03,2008-09
B0009YX98W,Product B0009YX98W,metadata_not_joined,2009-01,2013-08
B0009YXD1U,Product B0009YXD1U,metadata_not_joined,2005-04,2014-06
B0009Z66QI,Product B0009Z66QI,metadata_not_joined,2006-02,2006-11
B0009ZBQ1S,Product B0009ZBQ1S,metadata_not_joined,2009-03,2014-06
B0009ZBRRQ,Product B0009ZBRRQ,metadata_not_joined,2007-05,2012-01
B0009ZBRS0,Product B0009ZBRS0,metadata_not_joined,2006-03,2014-07
B0009ZCTX2,Product B0009ZCTX2,metadata_not_joined,2006-01,2007-07
B0009ZF7ZY,Product B0009ZF7ZY,metadata_not_joined,2006-12,2009-02
B0009ZFEKM,Product B0009ZFEKM,metadata_not_joined,2008-12,2014-03
B000A09IUS,Product B000A09IUS,metadata_not_joined,2006-11,2013-12
B000A0CV9S,Product B000A0CV9S,metadata_not_joined,2009-08,2014-07
B000A0F6A4,Product B000A0F6A4,metadata_not_joined,2007-02,2014-05
B000A0GWMA,Product B000A0GWMA,metadata_not_joined,2006-12,2014-07
B000A0K2JO,Product B000A0K2JO,metadata_not_joined,2011-12,2014-05
B000A0O1D2,Product B000A0O1D2,metadata_not_joined,2006-09,2010-01
B000A0QIEC,Product B000A0QIEC,metadata_not_joined,2006-01,2010-12
B000A0UHXU,Product B000A0UHXU,metadata_not_joined,2006-08,2014-07
B000A0YPYC,Product B000A0YPYC,metadata_not_joined,2007-12,2011-11
B000A13YFM,Product B000A13YFM,metadata_not_joined,2005-11,2006-09
B000A1741W,Product B000A1741W,metadata_not_joined,2013-05,2014-07
B000A1AQOO,Product B000A1AQOO,metadata_not_joined,2005-08,2010-03
B000A1AQU8,Product B000A1AQU8,metadata_not_joined,2009-06,2014-05
B000A1CEX0,Product B000A1CEX0,metadata_not_joined,2009-01,2011-10
B000A1ESIO,Product B000A1ESIO,metadata_not_joined,2006-02,2012-11
B000A1FFOK,Product B000A1FFOK,metadata_not_joined,2006-02,2014-06
B000A1IUGA,Product B000A1IUGA,metadata_not_joined,2007-06,2013-05
B000A1SXBW,Product B000A1SXBW,metadata_not_joined,2012-02,2014-07
B000A1SZ2Y,Product B000A1SZ2Y,metadata_not_joined,2005-02,2014-06
B000A213HC,Product B000A213HC,metadata_not_joined,2009-04,2014-07
B000A22V6Y,Product B000A22V6Y,metadata_not_joined,2006-11,2014-04
B000A2813G,Product B000A2813G,metadata_not_joined,2008-01,2011-08
B000A2AGYS,Product B000A2AGYS,metadata_not_joined,2007-02,2012-12
B000A2BH0K,Product B000A2BH0K,metadata_not_joined,2007-09,2012-06
B000A2BLEC,Product B000A2BLEC,metadata_not_joined,2006-05,2014-01
B000A2EXI8,Product B000A2EXI8,metadata_not_joined,2005-10,2012-07
B000A2I3AM,Product B000A2I3AM,metadata_not_joined,2007-06,2014-05
B000A2I3VG,Product B000A2I3VG,metadata_not_joined,2007-02,2010-09
B000A2JXFQ,Product B000A2JXFQ,metadata_not_joined,2005-09,2009-04
B000A2JXG0,Product B000A2JXG0,metadata_not_joined,2005-10,2006-06
B000A2JXGA,Product B000A2JXGA,metadata_not_joined,2005-09,2006-06
B000A2K3XW,Product B000A2K3XW,metadata_not_joined,2006-01,2010-08
B000A2K3Y6,Product B000A2K3Y6,metadata_not_joined,2005-08,2008-09
B000A2LA70,Product B000A2LA70,metadata_not_joined,2006-03,2012-11
B000A2RZ7E,Product B000A2RZ7E,metadata_not_joined,2006-10,2014-02
B000A2TEWS,Product B000A2TEWS,metadata_not_joined,2011-07,2014-02
B000A36LQ4,Product B000A36LQ4,metadata_not_joined,2008-03,2014-07
B000A36XZS,Product B000A36XZS,metadata_not_joined,2006-10,2014-07
B000A395QC,Product B000A395QC,metadata_not_joined,2005-08,2007-01
B000A3GPIS,Product B000A3GPIS,metadata_not_joined,2008-10,2013-06
B000A3JDBE,Product B000A3JDBE,metadata_not_joined,2008-05,2011-07
B000A3KAAW,Product B000A3KAAW,metadata_not_joined,2012-06,2014-04
B000A3N6O4,Product B000A3N6O4,metadata_not_joined,2005-08,2007-01
B000A3N78Y,Product B000A3N78Y,metadata_not_joined,2005-09,2010-05
B000A3NHJS,Product B000A3NHJS,metadata_not_joined,2007-02,2011-12
B000A3OPTE,Product B000A3OPTE,metadata_not_joined,2009-12,2014-07
B000A3PL2Y,Product B000A3PL2Y,metadata_not_joined,2009-05,2013-01
B000A3V8SA,Product B000A3V8SA,metadata_not_joined,2005-08,2011-08
B000A3WS16,Product B000A3WS16,metadata_not_joined,2005-10,2014-04
B000A3WS20,Product B000A3WS20,metadata_not_joined,2005-10,2013-04
B000A3WS84,Product B000A3WS84,metadata_not_joined,2005-10,2014-06
B000A3X2GQ,Product B000A3X2GQ,metadata_not_joined,2006-08,2008-06
B000A3XRSO,Product B000A3XRSO,metadata_not_joined,2005-11,2014-07
B000A40M22,Product B000A40M22,metadata_not_joined,2007-03,2014-06
B000A42D2O,Product B000A42D2O,metadata_not_joined,2006-04,2009-09
B000A4446W,Product B000A4446W,metadata_not_joined,2005-12,2013-05
B000A46R8U,Product B000A46R8U,metadata_not_joined,2005-12,2007-06
B000A49F7A,Product B000A49F7A,metadata_not_joined,2005-10,2007-01
B000A4AVQO,Product B000A4AVQO,metadata_not_joined,2006-01,2014-03
B000A4AW1S,Product B000A4AW1S,metadata_not_joined,2005-12,2013-08
B000A4AW22,Product B000A4AW22,metadata_not_joined,2006-06,2009-03
B000A4AWE0,Product B000A4AWE0,metadata_not_joined,2008-03,2014-06
B000A4AWEK,Product B000A4AWEK,metadata_not_joined,2007-01,2008-09
B000A4AWOU,Product B000A4AWOU,metadata_not_joined,2006-01,2007-01
B000A4WAAO,Product B000A4WAAO,metadata_not_joined,2008-02,2013-05
B000A5LP5Y,Product B000A5LP5Y,metadata_not_joined,2005-09,2014-05
B000A5T2XG,Product B000A5T2XG,metadata_not_joined,2006-12,2009-07
B000A5T7AO,Product B000A5T7AO,metadata_not_joined,2005-08,2011-07
B000A5TAT2,Product B000A5TAT2,metadata_not_joined,2005-10,2014-01
B000A5TBM8,Product B000A5TBM8,metadata_not_joined,2006-02,2010-03
B000A6AXHE,Product B000A6AXHE,metadata_not_joined,2005-11,2009-11
B000A6EXNO,Product B000A6EXNO,metadata_not_joined,2009-09,2014-07
B000A6GK4E,Product B000A6GK4E,metadata_not_joined,2010-03,2013-07
B000A6JTHO,Product B000A6JTHO,metadata_not_joined,2006-07,2013-06
B000A6LSKU,Product B000A6LSKU,metadata_not_joined,2006-05,2014-05
B000A6LSVY,Product B000A6LSVY,metadata_not_joined,2005-11,2014-02
B000A6NUU6,Product B000A6NUU6,metadata_not_joined,2006-05,2014-07
B000A6NUUQ,Product B000A6NUUQ,metadata_not_joined,2005-12,2012-03
B000A6NUVA,Product B000A6NUVA,metadata_not_joined,2005-11,2014-03
B000A6NUVU,Product B000A6NUVU,metadata_not_joined,2005-10,2009-01
B000A6NV0U,Product B000A6NV0U,metadata_not_joined,2006-01,2014-06
B000A6PPOK,Product B000A6PPOK,metadata_not_joined,2005-10,2014-07
B000A6PPTA,Product B000A6PPTA,metadata_not_joined,2005-11,2010-01
B000A6PTHI,Product B000A6PTHI,metadata_not_joined,2006-11,2014-02
B000A6QVE8,Product B000A6QVE8,metadata_not_joined,2007-01,2014-04
B000A6TN9I,Product B000A6TN9I,metadata_not_joined,2005-09,2011-04
B000A6TNKC,Product B000A6TNKC,metadata_not_joined,2005-10,2009-04
B000A6V7MY,Product B000A6V7MY,metadata_not_joined,2007-06,2012-10
B000A7925C,Product B000A7925C,metadata_not_joined,2012-08,2014-01
B000A7B9RQ,Product B000A7B9RQ,metadata_not_joined,2006-05,2014-06
B000A7B9XK,Product B000A7B9XK,metadata_not_joined,2005-12,2007-02
B000A7B9YE,Product B000A7B9YE,metadata_not_joined,2005-10,2010-10
B000A7B9YO,Product B000A7B9YO,metadata_not_joined,2006-01,2014-03
B000A7B9Z8,Product B000A7B9Z8,metadata_not_joined,2005-10,2009-12
B000A7BIDQ,Product B000A7BIDQ,metadata_not_joined,2007-11,2014-02
B000A7JKI6,Product B000A7JKI6,metadata_not_joined,2005-11,2010-11
B000A7JKTA,Product B000A7JKTA,metadata_not_joined,2005-10,2013-02
B000A7K0VW,Product B000A7K0VW,metadata_not_joined,2005-12,2014-01
B000A7NR8A,Product B000A7NR8A,metadata_not_joined,2007-03,2012-03
B000A7NRPI,Product B000A7NRPI,metadata_not_joined,2006-04,2014-01
B000A7NRQ2,Product B000A7NRQ2,metadata_not_joined,2006-05,2014-06
B000A7V2DC,Product B000A7V2DC,metadata_not_joined,2005-09,2010-06
B000A7V3HW,Product B000A7V3HW,metadata_not_joined,2007-04,2011-12
B000A7XSSY,Product B000A7XSSY,metadata_not_joined,2005-10,2013-07
B000A7XT3I,Product B000A7XT3I,metadata_not_joined,2005-10,2009-07
B000A7XXUW,Product B000A7XXUW,metadata_not_joined,2005-10,2009-02
B000A88L9E,Product B000A88L9E,metadata_not_joined,2010-06,2013-11
B000A8DSY2,Product B000A8DSY2,metadata_not_joined,2011-03,2013-06
B000A8JYB8,Product B000A8JYB8,metadata_not_joined,2005-11,2011-07
B000A8O2P6,Product B000A8O2P6,metadata_not_joined,2010-07,2014-03
B000A8P2S2,Product B000A8P2S2,metadata_not_joined,2005-10,2007-07
B000AA2IC8,Product B000AA2IC8,metadata_not_joined,2005-09,2013-01
B000AA2RCY,Product B000AA2RCY,metadata_not_joined,2008-12,2014-07
B000AA2SMS,Product B000AA2SMS,metadata_not_joined,2007-01,2014-07
B000AA7MQA,Product B000AA7MQA,metadata_not_joined,2005-08,2011-07
B000AAGM34,Product B000AAGM34,metadata_not_joined,2009-11,2014-01
B000AAM1XO,Product B000AAM1XO,metadata_not_joined,2007-05,2014-05
B000AAM1YI,Product B000AAM1YI,metadata_not_joined,2006-03,2014-07
B000AAN76Y,Product B000AAN76Y,metadata_not_joined,2009-03,2014-07
B000AAPY8S,Product B000AAPY8S,metadata_not_joined,2005-10,2011-09
B000AAQQBC,Product B000AAQQBC,metadata_not_joined,2006-12,2010-12
B000AAQZPY,Product B000AAQZPY,metadata_not_joined,2006-01,2011-03
B000AAZQJU,Product B000AAZQJU,metadata_not_joined,2007-05,2014-06
B000AAZQKO,Product B000AAZQKO,metadata_not_joined,2005-09,2013-12
B000AAZQM2,Product B000AAZQM2,metadata_not_joined,2007-05,2014-07
B000AAZRIU,Product B000AAZRIU,metadata_not_joined,2006-07,2010-03
B000AB286S,Product B000AB286S,metadata_not_joined,2011-01,2014-07
B000AB2ZDE,Product B000AB2ZDE,metadata_not_joined,2005-11,2011-07
B000ABB4HC,Product B000ABB4HC,metadata_not_joined,2009-03,2014-07
B000ACAWZ6,Product B000ACAWZ6,metadata_not_joined,2006-01,2006-10
B000ACGE3U,Product B000ACGE3U,metadata_not_joined,2006-01,2014-04
B000ACGQI8,Product B000ACGQI8,metadata_not_joined,2005-11,2008-06
B000ACHVVE,Product B000ACHVVE,metadata_not_joined,2005-08,2007-12
B000ACP3OQ,Product B000ACP3OQ,metadata_not_joined,2008-07,2011-02
B000ACRBT6,Product B000ACRBT6,metadata_not_joined,2006-02,2013-03
B000AD0AKW,Product B000AD0AKW,metadata_not_joined,2008-05,2014-06
B000ADKTRG,Product B000ADKTRG,metadata_not_joined,2010-12,2014-04
B000AEEXRW,Product B000AEEXRW,metadata_not_joined,2006-10,2013-03
B000AEFVVE,Product B000AEFVVE,metadata_not_joined,2006-12,2010-07
B000AGH3J0,Product B000AGH3J0,metadata_not_joined,2007-07,2014-02
B000AHSTMY,Product B000AHSTMY,metadata_not_joined,2005-09,2013-04
B000AHU7OC,Product B000AHU7OC,metadata_not_joined,2006-12,2009-06
B000AHVGA6,Product B000AHVGA6,metadata_not_joined,2008-06,2009-10
B000AJIF4E,Product B000AJIF4E,metadata_not_joined,2004-08,2014-07
B000AKVJCI,Product B000AKVJCI,metadata_not_joined,2007-03,2014-07
B000AKX10G,Product B000AKX10G,metadata_not_joined,2006-06,2013-01
B000AKX15G,Product B000AKX15G,metadata_not_joined,2005-12,2014-06
B000AL4XF2,Product B000AL4XF2,metadata_not_joined,2011-07,2013-09
B000AL6NVO,Product B000AL6NVO,metadata_not_joined,2007-12,2014-04
B000AL72Q4,Product B000AL72Q4,metadata_not_joined,2008-08,2013-09
B000AL7A0C,Product B000AL7A0C,metadata_not_joined,2006-11,2014-05
B000AL8JKW,Product B000AL8JKW,metadata_not_joined,2005-12,2014-07
B000ALAFYU,Product B000ALAFYU,metadata_not_joined,2007-06,2013-08
B000ALAT14,Product B000ALAT14,metadata_not_joined,2009-04,2014-06
B000ALAU04,Product B000ALAU04,metadata_not_joined,2007-04,2014-02
B000ALFZOU,Product B000ALFZOU,metadata_not_joined,2010-03,2014-02
B000ALLMI8,Product B000ALLMI8,metadata_not_joined,2006-03,2014-07
B000ALLMII,Product B000ALLMII,metadata_not_joined,2007-08,2014-04
B000ALM3RC,Product B000ALM3RC,metadata_not_joined,2006-12,2014-06
B000ALWWMI,Product B000ALWWMI,metadata_not_joined,2005-10,2007-08
B000ALY22G,Product B000ALY22G,metadata_not_joined,2008-12,2010-02
B000ALY230,Product B000ALY230,metadata_not_joined,2008-04,2013-04
B000AM3U2I,Product B000AM3U2I,metadata_not_joined,2006-04,2014-06
B000AM6QH4,Product B000AM6QH4,metadata_not_joined,2006-06,2010-06
B000AM6QHE,Product B000AM6QHE,metadata_not_joined,2006-03,2013-11
B000AM6QHO,Product B000AM6QHO,metadata_not_joined,2005-12,2011-01
B000AM7I30,Product B000AM7I30,metadata_not_joined,2005-12,2007-06
B000AM8SK2,Product B000AM8SK2,metadata_not_joined,2006-08,2013-11
B000AM8WQM,Product B000AM8WQM,metadata_not_joined,2005-11,2014-01
B000AMACDI,Product B000AMACDI,metadata_not_joined,2006-11,2012-02
B000AMAUV2,Product B000AMAUV2,metadata_not_joined,2007-01,2013-12
B000AMC5EC,Product B000AMC5EC,metadata_not_joined,2006-07,2008-02
B000AMCM2C,Product B000AMCM2C,metadata_not_joined,2009-08,2014-02
B000AMDOEM,Product B000AMDOEM,metadata_not_joined,2005-12,2010-07
B000AMDZNC,Product B000AMDZNC,metadata_not_joined,2007-05,2008-05
B000AMLU20,Product B000AMLU20,metadata_not_joined,2006-01,2007-07
B000AMLXHW,Product B000AMLXHW,metadata_not_joined,2005-08,2013-12
B000AMO2H0,Product B000AMO2H0,metadata_not_joined,2005-10,2011-01
B000AMPXN2,Product B000AMPXN2,metadata_not_joined,2006-04,2014-06
B000ANCPNM,Product B000ANCPNM,metadata_not_joined,2006-03,2014-07
B000ANCZ28,Product B000ANCZ28,metadata_not_joined,2008-03,2013-12
B000ANETWC,Product B000ANETWC,metadata_not_joined,2012-04,2014-01
B000ANF8FE,Product B000ANF8FE,metadata_not_joined,2008-10,2014-03
B000ANF8FO,Product B000ANF8FO,metadata_not_joined,2008-11,2013-09
B000ANF8GS,Product B000ANF8GS,metadata_not_joined,2006-10,2013-11
B000ANGNN0,Product B000ANGNN0,metadata_not_joined,2010-01,2014-06
B000ANJVKW,Product B000ANJVKW,metadata_not_joined,2009-06,2014-04
B000ANOY7M,Product B000ANOY7M,metadata_not_joined,2006-09,2014-06
B000ANOYMC,Product B000ANOYMC,metadata_not_joined,2007-11,2011-11
B000ANOYMM,Product B000ANOYMM,metadata_not_joined,2007-01,2009-09
B000ANQI9E,Product B000ANQI9E,metadata_not_joined,2006-02,2009-05
B000ANRP82,Product B000ANRP82,metadata_not_joined,2006-01,2013-12
B000ANZ54S,Product B000ANZ54S,metadata_not_joined,2005-10,2007-06
B000AO1SN4,Product B000AO1SN4,metadata_not_joined,2005-10,2007-01
B000AO3L84,Product B000AO3L84,metadata_not_joined,2005-10,2014-05
B000AO3PH6,Product B000AO3PH6,metadata_not_joined,2005-11,2011-12
B000AO5OMA,Product B000AO5OMA,metadata_not_joined,2006-09,2008-11
B000AOAAN8,Product B000AOAAN8,metadata_not_joined,2005-12,2013-11
B000AODZQ2,Product B000AODZQ2,metadata_not_joined,2006-08,2007-11
B000AOFVZK,Product B000AOFVZK,metadata_not_joined,2005-09,2014-06
B000AOFW0O,Product B000AOFW0O,metadata_not_joined,2006-05,2009-01
B000AOKTJ8,Product B000AOKTJ8,metadata_not_joined,2006-09,2014-04
B000AOMO50,Product B000AOMO50,metadata_not_joined,2007-04,2014-03
B000AOQ244,Product B000AOQ244,metadata_not_joined,2006-06,2010-08
B000AOTLP6,Product B000AOTLP6,metadata_not_joined,2006-05,2014-01
B000AOTTW6,Product B000AOTTW6,metadata_not_joined,2006-01,2011-06
B000AOUDYE,Product B000AOUDYE,metadata_not_joined,2009-03,2014-04
B000AOYWVE,Product B000AOYWVE,metadata_not_joined,2007-11,2014-04
B000AP05BO,Product B000AP05BO,metadata_not_joined,2004-05,2014-06
B000AQ8NVW,Product B000AQ8NVW,metadata_not_joined,2010-05,2014-05
B000AQDOKM,Product B000AQDOKM,metadata_not_joined,2006-01,2011-09
B000AQF4JG,Product B000AQF4JG,metadata_not_joined,2007-05,2014-02
B000AQK0ZE,Product B000AQK0ZE,metadata_not_joined,2005-10,2006-03
B000AQNAHO,Product B000AQNAHO,metadata_not_joined,2007-11,2013-04
B000AQNJEI,Product B000AQNJEI,metadata_not_joined,2009-02,2013-09
B000AQOD2U,Product B000AQOD2U,metadata_not_joined,2007-02,2014-02
B000AQQDU0,Product B000AQQDU0,metadata_not_joined,2005-12,2009-08
B000AR7QXW,Product B000AR7QXW,metadata_not_joined,2006-04,2011-12
B000AR7RH2,Product B000AR7RH2,metadata_not_joined,2006-07,2010-07
B000AR7TQG,Product B000AR7TQG,metadata_not_joined,2009-12,2013-02
B000AR8QP4,Product B000AR8QP4,metadata_not_joined,2009-07,2013-08
B000AR8VEK,Product B000AR8VEK,metadata_not_joined,2008-07,2014-01
B000AR95EA,Product B000AR95EA,metadata_not_joined,2005-12,2007-06
B000ARAPQW,Product B000ARAPQW,metadata_not_joined,2006-04,2014-06
B000ARD5UK,Product B000ARD5UK,metadata_not_joined,2008-09,2013-11
B000ARD9PG,Product B000ARD9PG,metadata_not_joined,2006-08,2010-05
B000ARHJPW,Product B000ARHJPW,metadata_not_joined,2005-11,2014-05
B000ARIT5G,Product B000ARIT5G,metadata_not_joined,2005-09,2011-09
B000ARIT5Q,Product B000ARIT5Q,metadata_not_joined,2005-10,2008-05
B000ARIV7M,Product B000ARIV7M,metadata_not_joined,2006-02,2009-01
B000ARJIYC,Product B000ARJIYC,metadata_not_joined,2006-11,2014-05
B000ARLOE4,Product B000ARLOE4,metadata_not_joined,2006-09,2012-03
B000AROO1Y,Product B000AROO1Y,metadata_not_joined,2006-06,2014-06
B000ARPLXY,Product B000ARPLXY,metadata_not_joined,2008-08,2014-02
B000ARPLYS,Product B000ARPLYS,metadata_not_joined,2005-10,2011-06
B000ARSLB8,Product B000ARSLB8,metadata_not_joined,2005-09,2013-01
B000AS2XPC,Product B000AS2XPC,metadata_not_joined,2012-04,2014-03
B000AS374I,Product B000AS374I,metadata_not_joined,2005-12,2014-02
B000AS7MNU,Product B000AS7MNU,metadata_not_joined,2007-05,2011-03
B000AS9GA2,Product B000AS9GA2,metadata_not_joined,2009-02,2014-07
B000ASB7BS,Product B000ASB7BS,metadata_not_joined,2008-08,2014-07
B000ASBKJ2,Product B000ASBKJ2,metadata_not_joined,2005-10,2009-11
B000ASEB1G,Product B000ASEB1G,metadata_not_joined,2006-09,2013-12
B000ASGFNI,Product B000ASGFNI,metadata_not_joined,2007-08,2013-11
B000ASGFRE,Product B000ASGFRE,metadata_not_joined,2005-12,2013-12
B000ASGFV0,Product B000ASGFV0,metadata_not_joined,2007-06,2013-10
B000ASNKZY,Product B000ASNKZY,metadata_not_joined,2010-02,2013-09
B000ASPQVK,Product B000ASPQVK,metadata_not_joined,2011-07,2014-01
B000ASTKWQ,Product B000ASTKWQ,metadata_not_joined,2009-07,2014-06
B000AU3V0Q,Product B000AU3V0Q,metadata_not_joined,2005-12,2010-06
B000AU5N2A,Product B000AU5N2A,metadata_not_joined,2006-01,2008-02
B000AUIM9G,Product B000AUIM9G,metadata_not_joined,2009-02,2014-07
B000AUMHVA,Product B000AUMHVA,metadata_not_joined,2007-01,2013-08
B000AUNC4G,Product B000AUNC4G,metadata_not_joined,2008-05,2013-11
B000AUQICO,Product B000AUQICO,metadata_not_joined,2005-10,2013-10
B000AV14J0,Product B000AV14J0,metadata_not_joined,2006-04,2014-07
B000AV14M2,Product B000AV14M2,metadata_not_joined,2006-03,2014-05
B000AV14OK,Product B000AV14OK,metadata_not_joined,2009-03,2014-06
B000AV3NPI,Product B000AV3NPI,metadata_not_joined,2007-03,2014-03
B000AV4MB2,Product B000AV4MB2,metadata_not_joined,2012-02,2014-03
B000AV6QSO,Product B000AV6QSO,metadata_not_joined,2006-11,2013-11
B000AW1G42,Product B000AW1G42,metadata_not_joined,2007-12,2010-03
B000AW1G4M,Product B000AW1G4M,metadata_not_joined,2008-02,2012-05
B000AXMEDI,Product B000AXMEDI,metadata_not_joined,2005-10,2011-04
B000AXQFJC,Product B000AXQFJC,metadata_not_joined,2006-11,2007-11
B000AXQN12,Product B000AXQN12,metadata_not_joined,2007-03,2014-07
B000AXQSVC,Product B000AXQSVC,metadata_not_joined,2006-01,2012-12
B000AXQXXU,Product B000AXQXXU,metadata_not_joined,2005-11,2010-10
B000AXSBEY,Product B000AXSBEY,metadata_not_joined,2008-02,2013-01
B000AXU76E,Product B000AXU76E,metadata_not_joined,2007-01,2013-04
B000AY0IT4,Product B000AY0IT4,metadata_not_joined,2005-10,2013-07
B000AY2KDG,Product B000AY2KDG,metadata_not_joined,2005-12,2013-06
B000AY2L3U,Product B000AY2L3U,metadata_not_joined,2006-04,2010-03
B000AY50I8,Product B000AY50I8,metadata_not_joined,2005-10,2010-04
B000AY5MTA,Product B000AY5MTA,metadata_not_joined,2006-03,2012-03
B000AY5Y5W,Product B000AY5Y5W,metadata_not_joined,2005-10,2014-07
B000AY5YI4,Product B000AY5YI4,metadata_not_joined,2005-09,2014-01
B000AY5ZIS,Product B000AY5ZIS,metadata_not_joined,2005-09,2010-09
B000AY649C,Product B000AY649C,metadata_not_joined,2006-01,2009-12
B000AY7A5O,Product B000AY7A5O,metadata_not_joined,2006-06,2007-09
B000AY89U4,Product B000AY89U4,metadata_not_joined,2007-03,2013-10
B000AY8DF0,Product B000AY8DF0,metadata_not_joined,2006-09,2009-01
B000AYA59M,Product B000AYA59M,metadata_not_joined,2006-01,2014-02
B000AYDQB6,Product B000AYDQB6,metadata_not_joined,2007-06,2014-07
B000AYEJQ2,Product B000AYEJQ2,metadata_not_joined,2007-03,2008-08
B000AYGD8E,Product B000AYGD8E,metadata_not_joined,2005-10,2011-08
B000AYGDIO,Product B000AYGDIO,metadata_not_joined,2005-09,2014-06
B000AYGDWU,Product B000AYGDWU,metadata_not_joined,2005-09,2014-03
B000AYHXVU,Product B000AYHXVU,metadata_not_joined,2010-04,2013-04
B000AYHY46,Product B000AYHY46,metadata_not_joined,2005-10,2008-12
B000AYHY7I,Product B000AYHY7I,metadata_not_joined,2010-06,2014-05
B000AYJDD6,Product B000AYJDD6,metadata_not_joined,2005-10,2014-05
B000AYJDDG,Product B000AYJDDG,metadata_not_joined,2005-11,2007-05
B000AYKP6U,Product B000AYKP6U,metadata_not_joined,2005-12,2009-11
B000AYKUTW,Product B000AYKUTW,metadata_not_joined,2005-10,2013-11
B000AYKUUQ,Product B000AYKUUQ,metadata_not_joined,2005-09,2011-11
B000AYKV00,Product B000AYKV00,metadata_not_joined,2012-08,2014-02
B000AYKV3C,Product B000AYKV3C,metadata_not_joined,2006-08,2008-01
B000AYKV4G,Product B000AYKV4G,metadata_not_joined,2005-10,2013-12
B000AYW00O,Product B000AYW00O,metadata_not_joined,2009-12,2014-02
B000AYW00Y,Product B000AYW00Y,metadata_not_joined,2006-07,2009-04
B000AYWOZU,Product B000AYWOZU,metadata_not_joined,2005-09,2007-01
B000AYWP0O,Product B000AYWP0O,metadata_not_joined,2006-06,2010-01
B000AZ0PZ0,Product B000AZ0PZ0,metadata_not_joined,2005-11,2008-11
B000AZ2BAW,Product B000AZ2BAW,metadata_not_joined,2006-01,2007-10
B000AZ57M6,Product B000AZ57M6,metadata_not_joined,2005-12,2014-07
B000AZFYMO,Product B000AZFYMO,metadata_not_joined,2006-05,2007-04
B000AZFYQ0,Product B000AZFYQ0,metadata_not_joined,2007-11,2009-04
B000AZJ268,Product B000AZJ268,metadata_not_joined,2007-11,2013-07
B000AZRK94,Product B000AZRK94,metadata_not_joined,2008-02,2014-05
B000B02B92,Product B000B02B92,metadata_not_joined,2008-12,2013-08
B000B031QO,Product B000B031QO,metadata_not_joined,2007-05,2014-05
B000B06PNK,Product B000B06PNK,metadata_not_joined,2007-03,2012-02
B000B0NC2W,Product B000B0NC2W,metadata_not_joined,2007-06,2014-06
B000B1H89E,Product B000B1H89E,metadata_not_joined,2007-01,2014-07
B000B4VJYQ,Product B000B4VJYQ,metadata_not_joined,2009-07,2011-12
B000B4WL1G,Product B000B4WL1G,metadata_not_joined,2009-11,2013-11
B000B525DY,Product B000B525DY,metadata_not_joined,2009-03,2014-03
B000B55ANG,Product B000B55ANG,metadata_not_joined,2006-09,2014-02
B000B58VNM,Product B000B58VNM,metadata_not_joined,2006-11,2014-02
B000B59J8I,Product B000B59J8I,metadata_not_joined,2009-10,2014-02
B000B5H2BE,Product B000B5H2BE,metadata_not_joined,2007-03,2014-03
B000B5HSM2,Product B000B5HSM2,metadata_not_joined,2010-03,2014-03
B000B5KODC,Product B000B5KODC,metadata_not_joined,2005-08,2012-12
B000B5KUSG,Product B000B5KUSG,metadata_not_joined,2009-03,2012-02
B000B5KUX6,Product B000B5KUX6,metadata_not_joined,2006-03,2013-02
B000B5LQCA,Product B000B5LQCA,metadata_not_joined,2009-09,2013-02
B000B5S6WI,Product B000B5S6WI,metadata_not_joined,2005-12,2008-12
B000B5SLSM,Product B000B5SLSM,metadata_not_joined,2006-07,2010-03
B000B5TXQQ,Product B000B5TXQQ,metadata_not_joined,2006-03,2014-01
B000B5U9UK,Product B000B5U9UK,metadata_not_joined,2007-10,2011-12
B000B5XU06,Product B000B5XU06,metadata_not_joined,2005-12,2011-03
B000B60H0G,Product B000B60H0G,metadata_not_joined,2010-03,2014-05
B000B622CW,Product B000B622CW,metadata_not_joined,2005-10,2008-07
B000B622D6,Product B000B622D6,metadata_not_joined,2006-09,2007-03
B000B622DG,Product B000B622DG,metadata_not_joined,2005-11,2013-02
B000B63KQ4,Product B000B63KQ4,metadata_not_joined,2007-09,2013-03
B000B63KSM,Product B000B63KSM,metadata_not_joined,2006-02,2014-07
B000B63KTG,Product B000B63KTG,metadata_not_joined,2008-09,2013-11
B000B64AVS,Product B000B64AVS,metadata_not_joined,2006-08,2010-07
B000B64HF2,Product B000B64HF2,metadata_not_joined,2006-02,2009-07
B000B651D4,Product B000B651D4,metadata_not_joined,2006-03,2007-06
B000B651DO,Product B000B651DO,metadata_not_joined,2006-07,2013-02
B000B65GCA,Product B000B65GCA,metadata_not_joined,2006-06,2010-10
B000B68I2K,Product B000B68I2K,metadata_not_joined,2005-11,2011-09
B000B68LSG,Product B000B68LSG,metadata_not_joined,2006-03,2013-03
B000B69WVG,Product B000B69WVG,metadata_not_joined,2006-08,2014-03
B000B6A4S6,Product B000B6A4S6,metadata_not_joined,2006-07,2014-06
B000B6CP7O,Product B000B6CP7O,metadata_not_joined,2013-07,2014-03
B000B6D39I,Product B000B6D39I,metadata_not_joined,2006-07,2014-07
B000B6DU3C,Product B000B6DU3C,metadata_not_joined,2011-03,2014-05
B000B6J3BK,Product B000B6J3BK,metadata_not_joined,2008-02,2010-04
B000B6JJNC,Product B000B6JJNC,metadata_not_joined,2005-12,2006-12
B000B6KXM8,Product B000B6KXM8,metadata_not_joined,2005-10,2007-08
B000B6MLPU,Product B000B6MLPU,metadata_not_joined,2006-10,2014-06
B000B6NFOG,Product B000B6NFOG,metadata_not_joined,2006-11,2010-05
B000B73O7I,Product B000B73O7I,metadata_not_joined,2010-07,2013-09
B000B73QDU,Product B000B73QDU,metadata_not_joined,2012-05,2014-07
B000B74H10,Product B000B74H10,metadata_not_joined,2006-12,2013-11
B000B74TR2,Product B000B74TR2,metadata_not_joined,2011-01,2014-07
B000B753CC,Product B000B753CC,metadata_not_joined,2009-09,2013-07
B000B75RDW,Product B000B75RDW,metadata_not_joined,2011-03,2014-07
B000B75S9K,Product B000B75S9K,metadata_not_joined,2007-08,2012-06
B000B7670E,Product B000B7670E,metadata_not_joined,2007-03,2013-08
B000B7C2JO,Product B000B7C2JO,metadata_not_joined,2006-07,2013-03
B000B7C37K,Product B000B7C37K,metadata_not_joined,2007-11,2011-09
B000B7C3DY,Product B000B7C3DY,metadata_not_joined,2010-11,2014-05
B000B7CM4E,Product B000B7CM4E,metadata_not_joined,2008-08,2013-06
B000B7NAMW,Product B000B7NAMW,metadata_not_joined,2006-01,2008-04
B000B7NAP4,Product B000B7NAP4,metadata_not_joined,2012-11,2014-04
B000B7NCRA,Product B000B7NCRA,metadata_not_joined,2010-08,2014-06
B000B7PKKW,Product B000B7PKKW,metadata_not_joined,2007-11,2013-01
B000B7RFSM,Product B000B7RFSM,metadata_not_joined,2006-03,2014-05
B000B7TILO,Product B000B7TILO,metadata_not_joined,2006-02,2014-01
B000B854FM,Product B000B854FM,metadata_not_joined,2005-12,2014-01
B000B8576S,Product B000B8576S,metadata_not_joined,2007-06,2014-05
B000B85AGU,Product B000B85AGU,metadata_not_joined,2007-06,2013-06
B000B862QC,Product B000B862QC,metadata_not_joined,2009-12,2013-12
B000B86M8U,Product B000B86M8U,metadata_not_joined,2006-12,2013-02
B000B86RSK,Product B000B86RSK,metadata_not_joined,2006-03,2008-08
B000B88UFI,Product B000B88UFI,metadata_not_joined,2008-11,2013-03
B000B898N6,Product B000B898N6,metadata_not_joined,2007-10,2014-01
B000B8AF9W,Product B000B8AF9W,metadata_not_joined,2007-01,2014-01
B000B8AFUG,Product B000B8AFUG,metadata_not_joined,2007-07,2014-07
B000B8AJ2U,Product B000B8AJ2U,metadata_not_joined,2005-10,2007-05
B000B8FRF4,Product B000B8FRF4,metadata_not_joined,2007-03,2014-01
B000B8IHDS,Product B000B8IHDS,metadata_not_joined,2006-07,2013-07
B000B8JGYM,Product B000B8JGYM,metadata_not_joined,2006-02,2009-07
B000B8KAME,Product B000B8KAME,metadata_not_joined,2008-11,2014-06
B000B8LEZ6,Product B000B8LEZ6,metadata_not_joined,2012-12,2013-12
B000B8MFI6,Product B000B8MFI6,metadata_not_joined,2007-09,2014-06
B000B8UOTS,Product B000B8UOTS,metadata_not_joined,2005-11,2009-01
B000B8UOV6,Product B000B8UOV6,metadata_not_joined,2007-08,2008-09
B000B8WG2G,Product B000B8WG2G,metadata_not_joined,2009-09,2014-03
B000B8Y08E,Product B000B8Y08E,metadata_not_joined,2006-01,2007-09
B000B8YH3W,Product B000B8YH3W,metadata_not_joined,2006-02,2008-03
B000B912Q6,Product B000B912Q6,metadata_not_joined,2005-12,2008-02
B000B9133I,Product B000B9133I,metadata_not_joined,2007-04,2013-02
B000B9E3QM,Product B000B9E3QM,metadata_not_joined,2009-07,2014-01
B000B9NBHO,Product B000B9NBHO,metadata_not_joined,2006-05,2013-07
B000B9O83A,Product B000B9O83A,metadata_not_joined,2005-12,2014-01
B000B9PXNE,Product B000B9PXNE,metadata_not_joined,2006-04,2011-07
B000B9RI14,Product B000B9RI14,metadata_not_joined,2007-01,2014-07
B000B9TV96,Product B000B9TV96,metadata_not_joined,2005-12,2006-12
B000B9UHCQ,Product B000B9UHCQ,metadata_not_joined,2010-05,2013-12
B000BAAM1G,Product B000BAAM1G,metadata_not_joined,2005-11,2013-09
B000BARAW0,Product B000BARAW0,metadata_not_joined,2008-07,2013-09
B000BAT4QA,Product B000BAT4QA,metadata_not_joined,2008-04,2010-12
B000BATDZ2,Product B000BATDZ2,metadata_not_joined,2009-09,2014-05
B000BAUWYI,Product B000BAUWYI,metadata_not_joined,2006-07,2013-11
B000BAWJW6,Product B000BAWJW6,metadata_not_joined,2007-01,2012-04
B000BAX50G,Product B000BAX50G,metadata_not_joined,2005-09,2014-03
B000BAZFGS,Product B000BAZFGS,metadata_not_joined,2009-05,2013-11
B000BB5T2M,Product B000BB5T2M,metadata_not_joined,2006-01,2006-11
B000BB80TQ,Product B000BB80TQ,metadata_not_joined,2005-10,2007-01
B000BBAKSA,Product B000BBAKSA,metadata_not_joined,2005-09,2014-06
B000BBAL0W,Product B000BBAL0W,metadata_not_joined,2006-08,2014-04
B000BBAL1G,Product B000BBAL1G,metadata_not_joined,2005-12,2007-07
B000BBCTCK,Product B000BBCTCK,metadata_not_joined,2007-01,2013-04
B000BBCTHU,Product B000BBCTHU,metadata_not_joined,2005-10,2014-07
B000BBCTIE,Product B000BBCTIE,metadata_not_joined,2007-01,2007-05
B000BBE9DM,Product B000BBE9DM,metadata_not_joined,2006-11,2009-11
B000BBYH7U,Product B000BBYH7U,metadata_not_joined,2007-02,2014-05
B000BBYH8O,Product B000BBYH8O,metadata_not_joined,2005-12,2012-04
B000BC7QMM,Product B000BC7QMM,metadata_not_joined,2006-04,2014-07
B000BC8S1A,Product B000BC8S1A,metadata_not_joined,2007-02,2014-05
B000BC8VV2,Product B000BC8VV2,metadata_not_joined,2005-11,2007-02
B000BC8VX0,Product B000BC8VX0,metadata_not_joined,2005-12,2006-02
B000BC98H8,Product B000BC98H8,metadata_not_joined,2008-03,2013-01
B000BCCH8K,Product B000BCCH8K,metadata_not_joined,2006-03,2013-10
B000BCDFMC,Product B000BCDFMC,metadata_not_joined,2005-11,2007-09
B000BCDQ44,Product B000BCDQ44,metadata_not_joined,2009-11,2014-05
B000BD1ADC,Product B000BD1ADC,metadata_not_joined,2006-05,2009-10
B000BD4TGM,Product B000BD4TGM,metadata_not_joined,2009-03,2013-08
B000BD4TH6,Product B000BD4TH6,metadata_not_joined,2007-08,2013-12
B000BD665Y,Product B000BD665Y,metadata_not_joined,2006-07,2013-05
B000BD7QUS,Product B000BD7QUS,metadata_not_joined,2007-01,2010-03
B000BD8FVC,Product B000BD8FVC,metadata_not_joined,2007-03,2013-03
B000BDD56W,Product B000BDD56W,metadata_not_joined,2006-03,2013-11
B000BDDBLG,Product B000BDDBLG,metadata_not_joined,2005-12,2014-02
B000BDDBM0,Product B000BDDBM0,metadata_not_joined,2005-10,2009-09
B000BDDOP4,Product B000BDDOP4,metadata_not_joined,2010-07,2014-07
B000BDG3HU,Product B000BDG3HU,metadata_not_joined,2005-10,2014-01
B000BDH2XY,Product B000BDH2XY,metadata_not_joined,2005-11,2014-06
B000BDH2Y8,Product B000BDH2Y8,metadata_not_joined,2006-01,2014-01
B000BDHSB0,Product B000BDHSB0,metadata_not_joined,2013-05,2014-05
B000BDIREM,Product B000BDIREM,metadata_not_joined,2005-12,2013-07
B000BDJGN8,Product B000BDJGN8,metadata_not_joined,2010-08,2012-12
B000BEQLFS,Product B000BEQLFS,metadata_not_joined,2009-09,2014-07
B000BF106C,Product B000BF106C,metadata_not_joined,2008-02,2014-03
B000BF3A88,Product B000BF3A88,metadata_not_joined,2006-11,2014-03
B000BF53RY,Product B000BF53RY,metadata_not_joined,2007-01,2011-10
B000BFFXO2,Product B000BFFXO2,metadata_not_joined,2007-02,2013-12
B000BFGB6G,Product B000BFGB6G,metadata_not_joined,2005-11,2013-03
B000BFGU9E,Product B000BFGU9E,metadata_not_joined,2007-06,2012-06
B000BFGXOQ,Product B000BFGXOQ,metadata_not_joined,2009-05,2014-06
B000BFHWSW,Product B000BFHWSW,metadata_not_joined,2009-01,2014-03
B000BFHWX2,Product B000BFHWX2,metadata_not_joined,2006-07,2007-03
B000BFHWXM,Product B000BFHWXM,metadata_not_joined,2007-01,2014-07
B000BFL52Q,Product B000BFL52Q,metadata_not_joined,2009-01,2014-04
B000BFLFHQ,Product B000BFLFHQ,metadata_not_joined,2006-03,2013-12
B000BFLNA0,Product B000BFLNA0,metadata_not_joined,2006-05,2009-02
B000BFNOQ6,Product B000BFNOQ6,metadata_not_joined,2007-03,2010-11
B000BFNOT8,Product B000BFNOT8,metadata_not_joined,2006-06,2014-05
B000BFNT0W,Product B000BFNT0W,metadata_not_joined,2006-07,2014-07
B000BFO320,Product B000BFO320,metadata_not_joined,2006-01,2014-07
B000BFO384,Product B000BFO384,metadata_not_joined,2006-08,2014-06
B000BFO4OC,Product B000BFO4OC,metadata_not_joined,2005-10,2012-08
B000BFW6JM,Product B000BFW6JM,metadata_not_joined,2006-03,2007-05
B000BFWJM6,Product B000BFWJM6,metadata_not_joined,2006-07,2013-09
B000BFYCUS,Product B000BFYCUS,metadata_not_joined,2007-01,2014-04
B000BFYPM8,Product B000BFYPM8,metadata_not_joined,2006-11,2014-05
B000BG0UF8,Product B000BG0UF8,metadata_not_joined,2006-07,2013-02
B000BGKIUK,Product B000BGKIUK,metadata_not_joined,2006-07,2013-12
B000BGOWIE,Product B000BGOWIE,metadata_not_joined,2005-10,2010-02
B000BGRRXQ,Product B000BGRRXQ,metadata_not_joined,2007-08,2013-11
B000BGS4XI,Product B000BGS4XI,metadata_not_joined,2013-05,2014-05
B000BGS9QK,Product B000BGS9QK,metadata_not_joined,2007-09,2008-11
B000BGTVDK,Product B000BGTVDK,metadata_not_joined,2006-01,2007-10
B000BGVYYE,Product B000BGVYYE,metadata_not_joined,2006-05,2013-02
B000BGZMSI,Product B000BGZMSI,metadata_not_joined,2007-08,2014-06
B000BGZMTC,Product B000BGZMTC,metadata_not_joined,2006-08,2014-05
B000BGZMY2,Product B000BGZMY2,metadata_not_joined,2006-01,2013-05
B000BGZN00,Product B000BGZN00,metadata_not_joined,2006-06,2008-12
B000BH2W9O,Product B000BH2W9O,metadata_not_joined,2009-07,2014-04
B000BH3IWY,Product B000BH3IWY,metadata_not_joined,2007-06,2010-04
B000BH5OUI,Product B000BH5OUI,metadata_not_joined,2007-08,2014-06
B000BH5OW6,Product B000BH5OW6,metadata_not_joined,2008-02,2014-06
B000BH95YE,Product B000BH95YE,metadata_not_joined,2005-12,2007-04
B000BHB5YM,Product B000BHB5YM,metadata_not_joined,2007-03,2010-10
B000BHB5YW,Product B000BHB5YW,metadata_not_joined,2007-12,2013-04
B000BHITY6,Product B000BHITY6,metadata_not_joined,2006-07,2013-02
B000BHQCP4,Product B000BHQCP4,metadata_not_joined,2010-03,2014-07
B000BI1XNE,Product B000BI1XNE,metadata_not_joined,2006-03,2013-12
B000BI2162,Product B000BI2162,metadata_not_joined,2006-01,2010-03
B000BI2180,Product B000BI2180,metadata_not_joined,2005-10,2013-12
B000BI2CIO,Product B000BI2CIO,metadata_not_joined,2006-03,2013-01
B000BI3NWI,Product B000BI3NWI,metadata_not_joined,2007-07,2010-03
B000BI655U,Product B000BI655U,metadata_not_joined,2006-02,2010-07
B000BI6AH8,Product B000BI6AH8,metadata_not_joined,2007-01,2010-03
B000BI7NGU,Product B000BI7NGU,metadata_not_joined,2006-01,2013-12
B000BI7NHY,Product B000BI7NHY,metadata_not_joined,2005-10,2014-02
B000BI7Y96,Product B000BI7Y96,metadata_not_joined,2012-04,2013-03
B000BI95W0,Product B000BI95W0,metadata_not_joined,2007-04,2014-02
B000BICOO6,Product B000BICOO6,metadata_not_joined,2011-02,2014-01
B000BIFY6Q,Product B000BIFY6Q,metadata_not_joined,2007-03,2010-11
B000BITSTA,Product B000BITSTA,metadata_not_joined,2012-04,2014-01
B000BIUC7C,Product B000BIUC7C,metadata_not_joined,2006-08,2010-12
B000BIVCP8,Product B000BIVCP8,metadata_not_joined,2006-11,2014-03
B000BJ3BRO,Product B000BJ3BRO,metadata_not_joined,2005-12,2009-10
B000BJBCG6,Product B000BJBCG6,metadata_not_joined,2007-07,2011-11
B000BJHH1K,Product B000BJHH1K,metadata_not_joined,2006-01,2007-08
B000BJJXZI,Product B000BJJXZI,metadata_not_joined,2011-10,2014-04
B000BJNFCA,Product B000BJNFCA,metadata_not_joined,2009-07,2014-04
B000BJRI1Y,Product B000BJRI1Y,metadata_not_joined,2005-12,2013-03
B000BJRI28,Product B000BJRI28,metadata_not_joined,2009-11,2013-12
B000BJSEQW,Product B000BJSEQW,metadata_not_joined,2006-06,2010-01
B000BJUFXW,Product B000BJUFXW,metadata_not_joined,2012-01,2014-03
B000BJUJSS,Product B000BJUJSS,metadata_not_joined,2010-08,2013-09
B000BJUP00,Product B000BJUP00,metadata_not_joined,2005-12,2010-01
B000BK107G,Product B000BK107G,metadata_not_joined,2008-06,2014-06
B000BK393Y,Product B000BK393Y,metadata_not_joined,2005-11,2013-04
B000BK42WG,Product B000BK42WG,metadata_not_joined,2012-01,2014-05
B000BKBVT8,Product B000BKBVT8,metadata_not_joined,2008-04,2014-06
B000BKBYY0,Product B000BKBYY0,metadata_not_joined,2006-03,2012-05
B000BKBYYK,Product B000BKBYYK,metadata_not_joined,2006-10,2014-06
B000BKBZGC,Product B000BKBZGC,metadata_not_joined,2005-12,2008-03
B000BKE8QQ,Product B000BKE8QQ,metadata_not_joined,2006-05,2009-03
B000BKF16C,Product B000BKF16C,metadata_not_joined,2005-11,2007-08
B000BKF6TO,Product B000BKF6TO,metadata_not_joined,2005-11,2007-11
B000BKH1ME,Product B000BKH1ME,metadata_not_joined,2006-03,2009-02
B000BKI6NM,Product B000BKI6NM,metadata_not_joined,2005-11,2008-02
B000BKICZY,Product B000BKICZY,metadata_not_joined,2006-01,2010-05
B000BKJOQ0,Product B000BKJOQ0,metadata_not_joined,2005-11,2006-04
B000BKJZ0K,Product B000BKJZ0K,metadata_not_joined,2005-11,2010-03
B000BKJZ9Q,Product B000BKJZ9Q,metadata_not_joined,2005-11,2014-07
B000BKK7BG,Product B000BKK7BG,metadata_not_joined,2006-07,2011-02
B000BKLNHS,Product B000BKLNHS,metadata_not_joined,2006-06,2011-03
B000BKN2Y0,Product B000BKN2Y0,metadata_not_joined,2006-01,2012-07
B000BKOFLY,Product B000BKOFLY,metadata_not_joined,2010-10,2014-07
B000BKP1JE,Product B000BKP1JE,metadata_not_joined,2007-02,2014-06
B000BKP7ZW,Product B000BKP7ZW,metadata_not_joined,2006-03,2009-09
B000BKP80G,Product B000BKP80G,metadata_not_joined,2006-05,2013-12
B000BKPGI0,Product B000BKPGI0,metadata_not_joined,2006-08,2014-07
B000BKPK90,Product B000BKPK90,metadata_not_joined,2005-12,2007-05
B000BKQNG4,Product B000BKQNG4,metadata_not_joined,2007-05,2013-01
B000BKTET2,Product B000BKTET2,metadata_not_joined,2006-07,2014-01
B000BKUSS8,Product B000BKUSS8,metadata_not_joined,2008-10,2014-07
B000BKV26A,Product B000BKV26A,metadata_not_joined,2006-01,2014-06
B000BKY3Q6,Product B000BKY3Q6,metadata_not_joined,2006-02,2014-03
B000BL28M6,Product B000BL28M6,metadata_not_joined,2008-02,2014-07
B000BL6IVI,Product B000BL6IVI,metadata_not_joined,2005-11,2007-12
B000BL6IZO,Product B000BL6IZO,metadata_not_joined,2007-01,2013-06
B000BLEMHU,Product B000BLEMHU,metadata_not_joined,2007-02,2013-02
B000BLEMIE,Product B000BLEMIE,metadata_not_joined,2010-01,2014-03
B000BLHZMY,Product B000BLHZMY,metadata_not_joined,2007-07,2014-06
B000BLI0DW,Product B000BLI0DW,metadata_not_joined,2007-01,2013-02
B000BLI0P0,Product B000BLI0P0,metadata_not_joined,2007-07,2011-03
B000BLJE8W,Product B000BLJE8W,metadata_not_joined,2007-10,2014-07
B000BM2Q7W,Product B000BM2Q7W,metadata_not_joined,2005-11,2011-05
B000BM3ZBI,Product B000BM3ZBI,metadata_not_joined,2012-01,2014-02
B000BM4TWW,Product B000BM4TWW,metadata_not_joined,2007-01,2009-09
B000BM66V4,Product B000BM66V4,metadata_not_joined,2007-01,2013-09
B000BM6Z60,Product B000BM6Z60,metadata_not_joined,2006-04,2012-02
B000BM8RFM,Product B000BM8RFM,metadata_not_joined,2008-03,2014-07
B000BM93YG,Product B000BM93YG,metadata_not_joined,2006-10,2009-10
B000BMAL10,Product B000BMAL10,metadata_not_joined,2006-02,2009-01
B000BMAQAQ,Product B000BMAQAQ,metadata_not_joined,2007-08,2014-07
B000BMBT4I,Product B000BMBT4I,metadata_not_joined,2008-07,2014-07
B000BMBT5M,Product B000BMBT5M,metadata_not_joined,2007-05,2013-11
B000BMFYGW,Product B000BMFYGW,metadata_not_joined,2005-11,2014-05
B000BMLJQ6,Product B000BMLJQ6,metadata_not_joined,2012-01,2014-06
B000BMLJSY,Product B000BMLJSY,metadata_not_joined,2008-06,2013-05
B000BMMORO,Product B000BMMORO,metadata_not_joined,2010-04,2014-06
B000BMP7IW,Product B000BMP7IW,metadata_not_joined,2006-08,2013-11
B000BMQPCE,Product B000BMQPCE,metadata_not_joined,2008-02,2014-06
B000BMQR36,Product B000BMQR36,metadata_not_joined,2011-08,2014-01
B000BMQR40,Product B000BMQR40,metadata_not_joined,2010-05,2013-01
B000BMVIQ2,Product B000BMVIQ2,metadata_not_joined,2006-09,2014-02
B000BMVITE,Product B000BMVITE,metadata_not_joined,2005-12,2010-02
B000BMXJR8,Product B000BMXJR8,metadata_not_joined,2006-01,2013-11
B000BMXME8,Product B000BMXME8,metadata_not_joined,2012-04,2014-04
B000BMZHX2,Product B000BMZHX2,metadata_not_joined,2012-07,2014-07
B000BN65NM,Product B000BN65NM,metadata_not_joined,2006-08,2011-12
B000BN94F8,Product B000BN94F8,metadata_not_joined,2008-09,2014-05
B000BN9F8E,Product B000BN9F8E,metadata_not_joined,2006-04,2011-01
B000BN9J08,Product B000BN9J08,metadata_not_joined,2005-10,2006-12
B000BN9UHU,Product B000BN9UHU,metadata_not_joined,2006-01,2013-09
B000BN9VJM,Product B000BN9VJM,metadata_not_joined,2008-05,2014-05
B000BNDEZY,Product B000BNDEZY,metadata_not_joined,2006-04,2009-09
B000BNHM0C,Product B000BNHM0C,metadata_not_joined,2011-02,2014-02
B000BNJJBW,Product B000BNJJBW,metadata_not_joined,2006-05,2010-07
B000BNJWQE,Product B000BNJWQE,metadata_not_joined,2007-01,2014-04
B000BNKEF2,Product B000BNKEF2,metadata_not_joined,2009-03,2014-05
B000BNLC3K,Product B000BNLC3K,metadata_not_joined,2006-03,2006-08
B000BNLGJA,Product B000BNLGJA,metadata_not_joined,2006-01,2013-03
B000BNNGUC,Product B000BNNGUC,metadata_not_joined,2006-01,2007-01
B000BNP1MS,Product B000BNP1MS,metadata_not_joined,2006-10,2011-02
B000BNP2KE,Product B000BNP2KE,metadata_not_joined,2006-05,2008-05
B000BNSIDM,Product B000BNSIDM,metadata_not_joined,2005-11,2009-06
B000BNUDXK,Product B000BNUDXK,metadata_not_joined,2007-01,2014-07
B000BNXTXG,Product B000BNXTXG,metadata_not_joined,2006-05,2013-12
B000BNXZ0I,Product B000BNXZ0I,metadata_not_joined,2006-10,2012-12
B000BNY0W0,Product B000BNY0W0,metadata_not_joined,2009-12,2013-01
B000BNY64C,Product B000BNY64C,metadata_not_joined,2007-01,2014-07
B000BO0LQI,Product B000BO0LQI,metadata_not_joined,2006-05,2010-01
B000BO0SGG,Product B000BO0SGG,metadata_not_joined,2006-01,2007-07
B000BO1L7G,Product B000BO1L7G,metadata_not_joined,2008-12,2014-02
B000BO3CW8,Product B000BO3CW8,metadata_not_joined,2006-04,2014-07
B000BO68VA,Product B000BO68VA,metadata_not_joined,2012-12,2014-01
B000BO8T30,Product B000BO8T30,metadata_not_joined,2005-12,2007-01
B000BOBODM,Product B000BOBODM,metadata_not_joined,2006-07,2007-02
B000BOC05I,Product B000BOC05I,metadata_not_joined,2006-04,2012-07
B000BOCUUI,Product B000BOCUUI,metadata_not_joined,2006-02,2013-11
B000BOF3UW,Product B000BOF3UW,metadata_not_joined,2006-11,2009-01
B000BOGIXI,Product B000BOGIXI,metadata_not_joined,2007-05,2010-04
B000BOJYHU,Product B000BOJYHU,metadata_not_joined,2006-01,2009-02
B000BOLHH0,Product B000BOLHH0,metadata_not_joined,2006-11,2014-07
B000BONJXU,Product B000BONJXU,metadata_not_joined,2005-11,2013-11
B000BONMMI,Product B000BONMMI,metadata_not_joined,2008-03,2014-03
B000BP2YLC,Product B000BP2YLC,metadata_not_joined,2006-06,2012-08
B000BP4ZQY,Product B000BP4ZQY,metadata_not_joined,2007-08,2014-06
B000BP50AY,Product B000BP50AY,metadata_not_joined,2005-11,2013-04
B000BP5RIE,Product B000BP5RIE,metadata_not_joined,2008-10,2014-04
B000BP8AMY,Product B000BP8AMY,metadata_not_joined,2006-01,2008-08
B000BP8AY2,Product B000BP8AY2,metadata_not_joined,2005-11,2014-01
B000BP8GQO,Product B000BP8GQO,metadata_not_joined,2010-06,2014-03
B000BP8QB4,Product B000BP8QB4,metadata_not_joined,2012-04,2014-07
B000BP8XTO,Product B000BP8XTO,metadata_not_joined,2009-02,2013-09
B000BPCWEQ,Product B000BPCWEQ,metadata_not_joined,2005-12,2007-04
B000BPD330,Product B000BPD330,metadata_not_joined,2012-11,2014-07
B000BPGZOY,Product B000BPGZOY,metadata_not_joined,2005-11,2007-04
B000BPLZ7Q,Product B000BPLZ7Q,metadata_not_joined,2007-01,2008-08
B000BPNUCY,Product B000BPNUCY,metadata_not_joined,2007-10,2008-04
B000BPPRPC,Product B000BPPRPC,metadata_not_joined,2007-06,2010-12
B000BPRGK6,Product B000BPRGK6,metadata_not_joined,2006-12,2010-06
B000BQ57BU,Product B000BQ57BU,metadata_not_joined,2007-05,2014-03
B000BQ7GW8,Product B000BQ7GW8,metadata_not_joined,2008-01,2014-07
B000BQN4IS,Product B000BQN4IS,metadata_not_joined,2013-02,2014-07
B000BQPH7Y,Product B000BQPH7Y,metadata_not_joined,2006-06,2013-10
B000BQPYNQ,Product B000BQPYNQ,metadata_not_joined,2007-03,2009-12
B000BQQ2JQ,Product B000BQQ2JQ,metadata_not_joined,2010-01,2013-07
B000BQQL24,Product B000BQQL24,metadata_not_joined,2005-10,2010-09
B000BQU1F2,Product B000BQU1F2,metadata_not_joined,2011-08,2014-05
B000BQU4OU,Product B000BQU4OU,metadata_not_joined,2007-06,2011-12
B000BQYM0W,Product B000BQYM0W,metadata_not_joined,2011-05,2014-06
B000BR0AES,Product B000BR0AES,metadata_not_joined,2008-01,2014-05
B000BR0MFK,Product B000BR0MFK,metadata_not_joined,2007-09,2014-07
B000BR1Q1O,Product B000BR1Q1O,metadata_not_joined,2008-08,2014-02
B000BR3OHI,Product B000BR3OHI,metadata_not_joined,2006-10,2009-01
B000BREQN4,Product B000BREQN4,metadata_not_joined,2005-12,2013-05
B000BREQNE,Product B000BREQNE,metadata_not_joined,2005-12,2014-03
B000BRFE4O,Product B000BRFE4O,metadata_not_joined,2007-02,2010-02
B000BRJDB4,Product B000BRJDB4,metadata_not_joined,2006-01,2012-02
B000BRO3PA,Product B000BRO3PA,metadata_not_joined,2009-09,2014-05
B000BRQU0Q,Product B000BRQU0Q,metadata_not_joined,2008-09,2014-07
B000BRUGZG,Product B000BRUGZG,metadata_not_joined,2006-09,2010-10
B000BRWHMQ,Product B000BRWHMQ,metadata_not_joined,2007-03,2010-06
B000BRX798,Product B000BRX798,metadata_not_joined,2007-11,2009-05
B000BS24V4,Product B000BS24V4,metadata_not_joined,2008-03,2014-06
B000BS24X2,Product B000BS24X2,metadata_not_joined,2010-10,2013-10
B000BS2IPG,Product B000BS2IPG,metadata_not_joined,2006-01,2014-03
B000BS2V80,Product B000BS2V80,metadata_not_joined,2006-04,2013-11
B000BS3ROC,Product B000BS3ROC,metadata_not_joined,2007-11,2013-12
B000BS40NO,Product B000BS40NO,metadata_not_joined,2006-11,2007-01
B000BS4PZW,Product B000BS4PZW,metadata_not_joined,2006-02,2013-12
B000BS6RH6,Product B000BS6RH6,metadata_not_joined,2006-08,2008-11
B000BSEA6G,Product B000BSEA6G,metadata_not_joined,2005-12,2010-10
B000BSEWCI,Product B000BSEWCI,metadata_not_joined,2010-04,2013-01
B000BSEWVO,Product B000BSEWVO,metadata_not_joined,2006-02,2010-01
B000BSFY48,Product B000BSFY48,metadata_not_joined,2007-01,2014-05
B000BSGCV2,Product B000BSGCV2,metadata_not_joined,2008-10,2013-08
B000BSGCY4,Product B000BSGCY4,metadata_not_joined,2007-05,2014-05
B000BSHI4C,Product B000BSHI4C,metadata_not_joined,2008-06,2014-03
B000BSHJK0,Product B000BSHJK0,metadata_not_joined,2012-04,2014-05
B000BSHJYQ,Product B000BSHJYQ,metadata_not_joined,2008-06,2013-01
B000BSHKKE,Product B000BSHKKE,metadata_not_joined,2010-02,2014-07
B000BSHLJO,Product B000BSHLJO,metadata_not_joined,2008-07,2014-05
B000BSJCT6,Product B000BSJCT6,metadata_not_joined,2013-08,2014-07
B000BSJDZE,Product B000BSJDZE,metadata_not_joined,2010-09,2014-06
B000BSJFFC,Product B000BSJFFC,metadata_not_joined,2009-04,2014-07
B000BSJFJS,Product B000BSJFJS,metadata_not_joined,2010-06,2014-07
B000BSJFO8,Product B000BSJFO8,metadata_not_joined,2009-04,2014-07
B000BSJGL0,Product B000BSJGL0,metadata_not_joined,2010-12,2014-05
B000BSJHLE,Product B000BSJHLE,metadata_not_joined,2010-10,2012-09
B000BSJHNC,Product B000BSJHNC,metadata_not_joined,2009-03,2010-10
B000BSJHRI,Product B000BSJHRI,metadata_not_joined,2008-04,2014-07
B000BSJHXC,Product B000BSJHXC,metadata_not_joined,2010-06,2013-09
B000BSJJ1M,Product B000BSJJ1M,metadata_not_joined,2012-05,2014-07
B000BSKO84,Product B000BSKO84,metadata_not_joined,2008-09,2014-07
B000BSLQD6,Product B000BSLQD6,metadata_not_joined,2012-10,2013-09
B000BSLQK4,Product B000BSLQK4,metadata_not_joined,2011-12,2014-04
B000BSLS0W,Product B000BSLS0W,metadata_not_joined,2010-01,2014-07
B000BSLSJI,Product B000BSLSJI,metadata_not_joined,2009-01,2013-02
B000BSLT38,Product B000BSLT38,metadata_not_joined,2009-04,2014-06
B000BSLT7O,Product B000BSLT7O,metadata_not_joined,2013-01,2014-03
B000BSLTIS,Product B000BSLTIS,metadata_not_joined,2007-01,2013-08
B000BSLTMY,Product B000BSLTMY,metadata_not_joined,2005-11,2013-08
B000BSLU28,Product B000BSLU28,metadata_not_joined,2006-06,2013-09
B000BSLW8U,Product B000BSLW8U,metadata_not_joined,2010-06,2014-07
B000BSLWAS,Product B000BSLWAS,metadata_not_joined,2010-05,2014-02
B000BSLX9S,Product B000BSLX9S,metadata_not_joined,2010-10,2014-06
B000BSLXA2,Product B000BSLXA2,metadata_not_joined,2011-10,2014-01
B000BSMH0C,Product B000BSMH0C,metadata_not_joined,2007-04,2011-04
B000BSN1TS,Product B000BSN1TS,metadata_not_joined,2009-03,2014-06
B000BSN274,Product B000BSN274,metadata_not_joined,2010-04,2014-06
B000BSN4UY,Product B000BSN4UY,metadata_not_joined,2007-10,2014-07
B000BSN63O,Product B000BSN63O,metadata_not_joined,2008-04,2014-04
B000BSN72Y,Product B000BSN72Y,metadata_not_joined,2011-01,2014-06
B000BSOBG0,Product B000BSOBG0,metadata_not_joined,2006-03,2014-07
B000BSWE3M,Product B000BSWE3M,metadata_not_joined,2005-12,2006-05
B000BSY3UY,Product B000BSY3UY,metadata_not_joined,2006-04,2012-08
B000BT2PZS,Product B000BT2PZS,metadata_not_joined,2006-03,2013-12
B000BT2XDW,Product B000BT2XDW,metadata_not_joined,2006-06,2013-11
B000BT5HUS,Product B000BT5HUS,metadata_not_joined,2007-10,2013-03
B000BT7XUK,Product B000BT7XUK,metadata_not_joined,2009-12,2014-07
B000BT97UO,Product B000BT97UO,metadata_not_joined,2005-10,2013-07
B000BT9BPU,Product B000BT9BPU,metadata_not_joined,2009-07,2014-07
B000BTAH62,Product B000BTAH62,metadata_not_joined,2006-12,2014-06
B000BTCJNG,Product B000BTCJNG,metadata_not_joined,2006-07,2014-07
B000BTDH0K,Product B000BTDH0K,metadata_not_joined,2008-01,2013-02
B000BTEDRG,Product B000BTEDRG,metadata_not_joined,2006-03,2007-01
B000BTFZMS,Product B000BTFZMS,metadata_not_joined,2006-02,2013-08
B000BTFZZA,Product B000BTFZZA,metadata_not_joined,2006-05,2013-09
B000BTGVUS,Product B000BTGVUS,metadata_not_joined,2008-01,2014-07
B000BTGVV2,Product B000BTGVV2,metadata_not_joined,2007-11,2014-02
B000BTH36E,Product B000BTH36E,metadata_not_joined,2007-10,2013-12
B000BTH36O,Product B000BTH36O,metadata_not_joined,2006-01,2011-06
B000BTL0OA,Product B000BTL0OA,metadata_not_joined,2006-03,2014-07
B000BTL0OU,Product B000BTL0OU,metadata_not_joined,2007-01,2014-02
B000BTQPAO,Product B000BTQPAO,metadata_not_joined,2005-11,2013-08
B000BU7XNG,Product B000BU7XNG,metadata_not_joined,2010-04,2014-06
B000BUDHNQ,Product B000BUDHNQ,metadata_not_joined,2007-03,2014-07
B000BUDHOA,Product B000BUDHOA,metadata_not_joined,2008-09,2014-06
B000BUEGX6,Product B000BUEGX6,metadata_not_joined,2006-01,2011-04
B000BUEMOO,Product B000BUEMOO,metadata_not_joined,2006-07,2013-11
B000BUIP6K,Product B000BUIP6K,metadata_not_joined,2009-05,2014-03
B000BUK7KW,Product B000BUK7KW,metadata_not_joined,2007-03,2014-03
B000BULO5E,Product B000BULO5E,metadata_not_joined,2010-08,2011-07
B000BUN79K,Product B000BUN79K,metadata_not_joined,2012-03,2014-05
B000BUNKME,Product B000BUNKME,metadata_not_joined,2010-07,2014-02
B000BUNY3E,Product B000BUNY3E,metadata_not_joined,2011-01,2012-12
B000BUTH4E,Product B000BUTH4E,metadata_not_joined,2013-01,2014-02
B000BV6B6K,Product B000BV6B6K,metadata_not_joined,2008-08,2014-06
B000BV7ZPG,Product B000BV7ZPG,metadata_not_joined,2006-01,2012-07
B000BV8604,Product B000BV8604,metadata_not_joined,2008-01,2014-07
B000BV9HR0,Product B000BV9HR0,metadata_not_joined,2006-02,2014-04
B000BVB2FK,Product B000BVB2FK,metadata_not_joined,2006-11,2012-12
B000BVC0WO,Product B000BVC0WO,metadata_not_joined,2007-09,2014-06
B000BVCSMG,Product B000BVCSMG,metadata_not_joined,2007-12,2014-06
B000BVCTS4,Product B000BVCTS4,metadata_not_joined,2006-01,2012-12
B000BVIBGI,Product B000BVIBGI,metadata_not_joined,2006-09,2012-01
B000BVIZGE,Product B000BVIZGE,metadata_not_joined,2006-01,2013-01
B000BVOP6I,Product B000BVOP6I,metadata_not_joined,2009-03,2013-03
B000BVV2IC,Product B000BVV2IC,metadata_not_joined,2006-03,2014-07
B000BVZ3BO,Product B000BVZ3BO,metadata_not_joined,2010-03,2014-07
B000BVZBY8,Product B000BVZBY8,metadata_not_joined,2012-05,2014-07
B000BW0RRI,Product B000BW0RRI,metadata_not_joined,2008-01,2010-04
B000BW1QWI,Product B000BW1QWI,metadata_not_joined,2005-11,2013-07
B000BW32IY,Product B000BW32IY,metadata_not_joined,2006-05,2008-04
B000BWACX2,Product B000BWACX2,metadata_not_joined,2006-02,2014-07
B000BWDL26,Product B000BWDL26,metadata_not_joined,2010-02,2011-12
B000BWDSYC,Product B000BWDSYC,metadata_not_joined,2006-06,2011-01
B000BWEIFU,Product B000BWEIFU,metadata_not_joined,2007-12,2014-06
B000BWHEJW,Product B000BWHEJW,metadata_not_joined,2005-12,2007-01
B000BWI4DC,Product B000BWI4DC,metadata_not_joined,2007-01,2013-06
B000BWRIE8,Product B000BWRIE8,metadata_not_joined,2008-07,2014-07
B000BWRK2S,Product B000BWRK2S,metadata_not_joined,2006-01,2007-03
B000BWSQ2G,Product B000BWSQ2G,metadata_not_joined,2006-04,2010-04
B000BWY0BC,Product B000BWY0BC,metadata_not_joined,2005-12,2007-01
B000BWYTA4,Product B000BWYTA4,metadata_not_joined,2008-08,2010-12
B000BWZONU,Product B000BWZONU,metadata_not_joined,2007-05,2010-05
B000BWZOS0,Product B000BWZOS0,metadata_not_joined,2010-11,2014-05
B000BX1064,Product B000BX1064,metadata_not_joined,2009-02,2013-09
B000BX1XGQ,Product B000BX1XGQ,metadata_not_joined,2007-01,2011-03
B000BX47X2,Product B000BX47X2,metadata_not_joined,2010-02,2014-03
B000BX4J9O,Product B000BX4J9O,metadata_not_joined,2012-07,2014-02
B000BX4ZXE,Product B000BX4ZXE,metadata_not_joined,2006-07,2009-03
B000BX7KLI,Product B000BX7KLI,metadata_not_joined,2005-11,2007-08
B000BX8AOY,Product B000BX8AOY,metadata_not_joined,2007-04,2014-03
B000BX9I40,Product B000BX9I40,metadata_not_joined,2006-01,2013-01
B000BY2DJQ,Product B000BY2DJQ,metadata_not_joined,2008-06,2014-04
B000BY42TA,Product B000BY42TA,metadata_not_joined,2007-12,2014-07
B000BY52NK,Product B000BY52NK,metadata_not_joined,2006-01,2014-07
B000BY52O4,Product B000BY52O4,metadata_not_joined,2006-03,2014-06
B000BY55A0,Product B000BY55A0,metadata_not_joined,2007-02,2013-12
B000BY66HQ,Product B000BY66HQ,metadata_not_joined,2008-05,2011-03
B000BY8BW4,Product B000BY8BW4,metadata_not_joined,2008-04,2014-05
B000BY9CUY,Product B000BY9CUY,metadata_not_joined,2007-04,2014-05
B000BY9CV8,Product B000BY9CV8,metadata_not_joined,2006-08,2013-01
B000BY9F4W,Product B000BY9F4W,metadata_not_joined,2007-01,2012-07
B000BY9FOC,Product B000BY9FOC,metadata_not_joined,2006-12,2014-04
B000BYA5NC,Product B000BYA5NC,metadata_not_joined,2006-12,2014-05
B000BYAJBU,Product B000BYAJBU,metadata_not_joined,2008-01,2013-12
B000BYB4PK,Product B000BYB4PK,metadata_not_joined,2007-05,2013-08
B000BYBD3I,Product B000BYBD3I,metadata_not_joined,2008-12,2014-05
B000BYCKU8,Product B000BYCKU8,metadata_not_joined,2006-02,2014-07
B000BYCKUI,Product B000BYCKUI,metadata_not_joined,2008-07,2014-07
B000BYCNKU,Product B000BYCNKU,metadata_not_joined,2010-08,2014-07
B000BYCNM8,Product B000BYCNM8,metadata_not_joined,2006-03,2010-05
B000BYCNMS,Product B000BYCNMS,metadata_not_joined,2008-02,2014-04
B000BYCU9O,Product B000BYCU9O,metadata_not_joined,2005-12,2007-06
B000BYEW1I,Product B000BYEW1I,metadata_not_joined,2009-05,2010-08
B000BYGFYU,Product B000BYGFYU,metadata_not_joined,2006-10,2013-12
B000BYGGBM,Product B000BYGGBM,metadata_not_joined,2008-02,2013-08
B000BYGGBW,Product B000BYGGBW,metadata_not_joined,2008-01,2014-05
B000BYGOX2,Product B000BYGOX2,metadata_not_joined,2006-04,2010-01
B000BYH8EQ,Product B000BYH8EQ,metadata_not_joined,2008-12,2014-06
B000BYJFYW,Product B000BYJFYW,metadata_not_joined,2006-05,2013-08
B000BYMM88,Product B000BYMM88,metadata_not_joined,2006-01,2014-07
B000BYNXRW,Product B000BYNXRW,metadata_not_joined,2007-07,2013-11
B000BYPMRG,Product B000BYPMRG,metadata_not_joined,2010-10,2014-02
B000BYSUQ6,Product B000BYSUQ6,metadata_not_joined,2006-09,2011-01
B000BYTMC2,Product B000BYTMC2,metadata_not_joined,2006-09,2013-12
B000BYTMEA,Product B000BYTMEA,metadata_not_joined,2007-08,2008-06
B000BYU62M,Product B000BYU62M,metadata_not_joined,2007-09,2009-10
B000BYVA8Q,Product B000BYVA8Q,metadata_not_joined,2006-08,2013-11
B000BYZNMK,Product B000BYZNMK,metadata_not_joined,2005-12,2009-12
B000BZ1K9E,Product B000BZ1K9E,metadata_not_joined,2006-03,2007-12
B000BZ4TYM,Product B000BZ4TYM,metadata_not_joined,2007-07,2014-05
B000BZ6RQK,Product B000BZ6RQK,metadata_not_joined,2008-02,2011-01
B000BZ8PS8,Product B000BZ8PS8,metadata_not_joined,2005-12,2013-12
B000BZATW8,Product B000BZATW8,metadata_not_joined,2013-03,2014-05
B000BZOOG0,Product B000BZOOG0,metadata_not_joined,2012-02,2014-02
B000BZROBM,Product B000BZROBM,metadata_not_joined,2007-09,2014-02
B000BZTKNC,Product B000BZTKNC,metadata_not_joined,2007-01,2011-08
B000C0L4YO,Product B000C0L4YO,metadata_not_joined,2008-02,2014-01
B000C0OF54,Product B000C0OF54,metadata_not_joined,2006-07,2014-05
B000C0QGAQ,Product B000C0QGAQ,metadata_not_joined,2007-01,2014-05
B000C0QGB0,Product B000C0QGB0,metadata_not_joined,2006-08,2014-06
B000C0V5RU,Product B000C0V5RU,metadata_not_joined,2006-04,2014-06
B000C12GH2,Product B000C12GH2,metadata_not_joined,2007-05,2014-04
B000C1DXLU,Product B000C1DXLU,metadata_not_joined,2007-09,2013-08
B000C1MY1A,Product B000C1MY1A,metadata_not_joined,2011-11,2014-06
B000C1U8XG,Product B000C1U8XG,metadata_not_joined,2008-05,2014-03
B000C1VP7Y,Product B000C1VP7Y,metadata_not_joined,2008-10,2013-08
B000C1Z0HA,Product B000C1Z0HA,metadata_not_joined,2007-01,2014-07
B000C21CR6,Product B000C21CR6,metadata_not_joined,2005-12,2013-04
B000C21JSS,Product B000C21JSS,metadata_not_joined,2009-08,2011-07
B000C29HP0,Product B000C29HP0,metadata_not_joined,2006-12,2007-11
B000C3UWHQ,Product B000C3UWHQ,metadata_not_joined,2010-04,2013-05
B000C42MLE,Product B000C42MLE,metadata_not_joined,2006-02,2014-01
B000C6SP4K,Product B000C6SP4K,metadata_not_joined,2007-02,2013-11
B000C6TLDO,Product B000C6TLDO,metadata_not_joined,2007-02,2012-10
B000C77B4O,Product B000C77B4O,metadata_not_joined,2005-12,2010-05
B000C77XSS,Product B000C77XSS,metadata_not_joined,2005-12,2014-03
B000C81ZWC,Product B000C81ZWC,metadata_not_joined,2008-05,2014-04
B000C8TSCQ,Product B000C8TSCQ,metadata_not_joined,2009-02,2013-08
B000CATP4A,Product B000CATP4A,metadata_not_joined,2012-03,2014-07
B000CATRHK,Product B000CATRHK,metadata_not_joined,2007-08,2011-09
B000CBB4N4,Product B000CBB4N4,metadata_not_joined,2007-09,2014-02
B000CBFVXS,Product B000CBFVXS,metadata_not_joined,2009-09,2013-07
B000CBG0XI,Product B000CBG0XI,metadata_not_joined,2007-02,2013-02
B000CBLYVG,Product B000CBLYVG,metadata_not_joined,2010-05,2014-04
B000CBSGYE,Product B000CBSGYE,metadata_not_joined,2006-03,2013-11
B000CBZT5I,Product B000CBZT5I,metadata_not_joined,2008-08,2014-04
B000CC1Q4K,Product B000CC1Q4K,metadata_not_joined,2010-11,2014-01
B000CC1RPS,Product B000CC1RPS,metadata_not_joined,2006-12,2013-11
B000CC3R8I,Product B000CC3R8I,metadata_not_joined,2010-01,2013-12
B000CC6I5W,Product B000CC6I5W,metadata_not_joined,2006-04,2014-07
B000CC9LS8,Product B000CC9LS8,metadata_not_joined,2008-11,2013-06
B000CC9VF6,Product B000CC9VF6,metadata_not_joined,2007-06,2013-07
B000CCBFF0,Product B000CCBFF0,metadata_not_joined,2005-11,2007-12
B000CCBFZK,Product B000CCBFZK,metadata_not_joined,2007-05,2013-05
B000CCF9UM,Product B000CCF9UM,metadata_not_joined,2007-07,2011-10
B000CCIRMY,Product B000CCIRMY,metadata_not_joined,2006-01,2012-08
B000CCS440,Product B000CCS440,metadata_not_joined,2008-07,2014-07
B000CCUG64,Product B000CCUG64,metadata_not_joined,2007-03,2014-01
B000CCXCYC,Product B000CCXCYC,metadata_not_joined,2005-12,2014-04
B000CCZH3G,Product B000CCZH3G,metadata_not_joined,2010-05,2013-11
B000CD6B3A,Product B000CD6B3A,metadata_not_joined,2006-02,2010-02
B000CD6B6W,Product B000CD6B6W,metadata_not_joined,2006-09,2014-03
B000CD7H06,Product B000CD7H06,metadata_not_joined,2007-11,2013-12
B000CD8BCY,Product B000CD8BCY,metadata_not_joined,2006-05,2013-05
B000CD8BGU,Product B000CD8BGU,metadata_not_joined,2007-07,2014-05
B000CDA7VW,Product B000CDA7VW,metadata_not_joined,2006-04,2014-05
B000CDA802,Product B000CDA802,metadata_not_joined,2007-07,2014-05
B000CDFYNS,Product B000CDFYNS,metadata_not_joined,2007-11,2014-07
B000CDHQK2,Product B000CDHQK2,metadata_not_joined,2011-02,2014-04
B000CDITCQ,Product B000CDITCQ,metadata_not_joined,2006-04,2014-01
B000CDKJ88,Product B000CDKJ88,metadata_not_joined,2012-11,2014-07
B000CDLCGG,Product B000CDLCGG,metadata_not_joined,2007-05,2014-05
B000CDLFRM,Product B000CDLFRM,metadata_not_joined,2006-07,2012-09
B000CDR8PU,Product B000CDR8PU,metadata_not_joined,2006-02,2010-06
B000CDWNS2,Product B000CDWNS2,metadata_not_joined,2007-03,2007-07
B000CDWNSW,Product B000CDWNSW,metadata_not_joined,2007-07,2013-03
B000CE9GF4,Product B000CE9GF4,metadata_not_joined,2006-08,2014-01
B000CEB2KQ,Product B000CEB2KQ,metadata_not_joined,2006-10,2014-01
B000CEE2PS,Product B000CEE2PS,metadata_not_joined,2007-05,2014-04
B000CEYXW0,Product B000CEYXW0,metadata_not_joined,2006-01,2008-12
B000CF0ZXK,Product B000CF0ZXK,metadata_not_joined,2007-01,2014-02
B000CF3QTA,Product B000CF3QTA,metadata_not_joined,2006-07,2010-04
B000CFLNT0,Product B000CFLNT0,metadata_not_joined,2011-03,2013-12
B000CFO3WY,Product B000CFO3WY,metadata_not_joined,2006-01,2014-02
B000CFSL4A,Product B000CFSL4A,metadata_not_joined,2006-10,2014-07
B000CFSLXG,Product B000CFSLXG,metadata_not_joined,2007-01,2014-03
B000CFUP9Y,Product B000CFUP9Y,metadata_not_joined,2007-10,2013-02
B000CH3IIW,Product B000CH3IIW,metadata_not_joined,2006-11,2014-06
B000CHK7OA,Product B000CHK7OA,metadata_not_joined,2011-09,2014-01
B000CHPJAM,Product B000CHPJAM,metadata_not_joined,2012-09,2014-05
B000CHRJ8C,Product B000CHRJ8C,metadata_not_joined,2011-02,2014-06
B000CHRK6S,Product B000CHRK6S,metadata_not_joined,2007-05,2014-06
B000CHTHDC,Product B000CHTHDC,metadata_not_joined,2010-02,2013-04
B000CHVLPE,Product B000CHVLPE,metadata_not_joined,2012-04,2014-07
B000CHVLPO,Product B000CHVLPO,metadata_not_joined,2011-06,2014-04
B000CHVLQS,Product B000CHVLQS,metadata_not_joined,2011-02,2014-04
B000CHVLSQ,Product B000CHVLSQ,metadata_not_joined,2013-03,2014-03
B000CINFQ6,Product B000CINFQ6,metadata_not_joined,2009-01,2014-04
B000CIPJTM,Product B000CIPJTM,metadata_not_joined,2008-11,2013-07
B000CIY5NS,Product B000CIY5NS,metadata_not_joined,2007-12,2014-06
B000CJ05ZE,Product B000CJ05ZE,metadata_not_joined,2010-03,2014-01
B000CJ2EXA,Product B000CJ2EXA,metadata_not_joined,2010-12,2013-12
B000CJ2J9O,Product B000CJ2J9O,metadata_not_joined,2010-04,2013-02
B000CJXZWY,Product B000CJXZWY,metadata_not_joined,2008-07,2013-06
B000CK9LDU,Product B000CK9LDU,metadata_not_joined,2011-01,2014-05
B000CKBEQC,Product B000CKBEQC,metadata_not_joined,2006-01,2007-05
B000CKBLBU,Product B000CKBLBU,metadata_not_joined,2010-09,2013-12
B000CKVOOY,Product B000CKVOOY,metadata_not_joined,2010-11,2014-07
B000CLCRVM,Product B000CLCRVM,metadata_not_joined,2006-05,2013-07
B000CLNHXY,Product B000CLNHXY,metadata_not_joined,2006-05,2014-07
B000CLT67A,Product B000CLT67A,metadata_not_joined,2007-07,2010-02
B000CMGJ0G,Product B000CMGJ0G,metadata_not_joined,2007-09,2014-04
B000CMGJ0Q,Product B000CMGJ0Q,metadata_not_joined,2007-07,2013-09
B000CMLZEG,Product B000CMLZEG,metadata_not_joined,2007-06,2013-12
B000CMNL52,Product B000CMNL52,metadata_not_joined,2005-12,2014-07
B000CMPYRA,Product B000CMPYRA,metadata_not_joined,2008-07,2014-07
B000CMS0XU,Product B000CMS0XU,metadata_not_joined,2008-01,2014-07
B000CMS5B2,Product B000CMS5B2,metadata_not_joined,2006-03,2014-05
B000CMTV3I,Product B000CMTV3I,metadata_not_joined,2008-07,2013-11
B000CMU0S8,Product B000CMU0S8,metadata_not_joined,2009-12,2013-12
B000CNAEEW,Product B000CNAEEW,metadata_not_joined,2007-02,2014-07
B000CNBQAS,Product B000CNBQAS,metadata_not_joined,2007-07,2014-07
B000CNI016,Product B000CNI016,metadata_not_joined,2006-11,2014-04
B000CNM8ZU,Product B000CNM8ZU,metadata_not_joined,2005-01,2014-04
B000CNO9GQ,Product B000CNO9GQ,metadata_not_joined,2006-05,2010-12
B000CNPAAA,Product B000CNPAAA,metadata_not_joined,2006-07,2014-07
B000CNPK3M,Product B000CNPK3M,metadata_not_joined,2011-01,2014-06
B000CO77L4,Product B000CO77L4,metadata_not_joined,2007-02,2008-11
B000CO77RI,Product B000CO77RI,metadata_not_joined,2006-05,2013-04
B000CO77TQ,Product B000CO77TQ,metadata_not_joined,2008-03,2010-09
B000CO90YG,Product B000CO90YG,metadata_not_joined,2008-11,2013-07
B000CO9NTI,Product B000CO9NTI,metadata_not_joined,2012-12,2014-01
B000COB4YK,Product B000COB4YK,metadata_not_joined,2007-01,2013-11
B000COB58K,Product B000COB58K,metadata_not_joined,2006-05,2010-12
B000COB5C6,Product B000COB5C6,metadata_not_joined,2006-08,2010-02
B000COCQYC,Product B000COCQYC,metadata_not_joined,2006-11,2013-03
B000COER4Y,Product B000COER4Y,metadata_not_joined,2007-07,2009-04
B000COEVEU,Product B000COEVEU,metadata_not_joined,2006-01,2011-05
B000COIRRM,Product B000COIRRM,metadata_not_joined,2006-01,2010-02
B000COJ8NY,Product B000COJ8NY,metadata_not_joined,2006-01,2010-09
B000COKYXM,Product B000COKYXM,metadata_not_joined,2012-03,2014-04
B000COOMLW,Product B000COOMLW,metadata_not_joined,2010-08,2014-06
B000COS81W,Product B000COS81W,metadata_not_joined,2013-01,2013-11
B000COT2CQ,Product B000COT2CQ,metadata_not_joined,2010-08,2014-07
B000COV4S6,Product B000COV4S6,metadata_not_joined,2011-02,2013-09
B000COVZD0,Product B000COVZD0,metadata_not_joined,2006-01,2007-05
B000COW90I,Product B000COW90I,metadata_not_joined,2006-08,2013-01
B000COYZR8,Product B000COYZR8,metadata_not_joined,2006-07,2010-06
B000COZ0XG,Product B000COZ0XG,metadata_not_joined,2007-04,2014-07
B000COZ43C,Product B000COZ43C,metadata_not_joined,2007-02,2013-03
B000COZ45K,Product B000COZ45K,metadata_not_joined,2007-12,2014-07
B000COZ504,Product B000COZ504,metadata_not_joined,2011-07,2014-05
B000CP10O8,Product B000CP10O8,metadata_not_joined,2007-07,2013-07
B000CP10UC,Product B000CP10UC,metadata_not_joined,2007-01,2008-11
B000CP1552,Product B000CP1552,metadata_not_joined,2013-01,2014-07
B000CP15JS,Product B000CP15JS,metadata_not_joined,2011-08,2014-04
B000CP31E0,Product B000CP31E0,metadata_not_joined,2013-01,2014-01
B000CP332U,Product B000CP332U,metadata_not_joined,2008-11,2014-07
B000CP4JMS,Product B000CP4JMS,metadata_not_joined,2007-06,2011-12
B000CP4ML6,Product B000CP4ML6,metadata_not_joined,2006-09,2014-07
B000CPM8X0,Product B000CPM8X0,metadata_not_joined,2006-10,2013-12
B000CPMBO6,Product B000CPMBO6,metadata_not_joined,2007-07,2011-06
B000CQ1YOS,Product B000CQ1YOS,metadata_not_joined,2007-12,2011-08
B000CQ5BEW,Product B000CQ5BEW,metadata_not_joined,2008-11,2013-12
B000CQ73PW,Product B000CQ73PW,metadata_not_joined,2007-03,2014-01
B000CQCGSG,Product B000CQCGSG,metadata_not_joined,2010-01,2014-07
B000CQEI6O,Product B000CQEI6O,metadata_not_joined,2011-03,2014-07
B000CQEIZ0,Product B000CQEIZ0,metadata_not_joined,2010-07,2014-04
B000CQGMRC,Product B000CQGMRC,metadata_not_joined,2010-03,2013-10
B000CQIRD4,Product B000CQIRD4,metadata_not_joined,2011-01,2014-05
B000CQP5YS,Product B000CQP5YS,metadata_not_joined,2007-01,2013-04
B000CQPWMS,Product B000CQPWMS,metadata_not_joined,2007-09,2014-06
B000CQVX5I,Product B000CQVX5I,metadata_not_joined,2006-07,2013-11
B000CQXI6A,Product B000CQXI6A,metadata_not_joined,2005-12,2013-12
B000CR1D20,Product B000CR1D20,metadata_not_joined,2010-06,2013-11
B000CR1V5O,Product B000CR1V5O,metadata_not_joined,2009-07,2014-04
B000CR2130,Product B000CR2130,metadata_not_joined,2006-12,2014-01
B000CR3RJW,Product B000CR3RJW,metadata_not_joined,2007-01,2007-09
B000CR78C4,Product B000CR78C4,metadata_not_joined,2006-03,2013-07
B000CRFI8A,Product B000CRFI8A,metadata_not_joined,2006-05,2013-11
B000CRFOMK,Product B000CRFOMK,metadata_not_joined,2009-01,2014-07
B000CRHNMO,Product B000CRHNMO,metadata_not_joined,2007-06,2011-01
B000CRLBFY,Product B000CRLBFY,metadata_not_joined,2009-05,2011-11
B000CRLBN6,Product B000CRLBN6,metadata_not_joined,2007-02,2014-07
B000CRQI4I,Product B000CRQI4I,metadata_not_joined,2007-10,2013-06
B000CRT07U,Product B000CRT07U,metadata_not_joined,2008-07,2014-05
B000CRUBAA,Product B000CRUBAA,metadata_not_joined,2007-03,2010-09
B000CRW2DE,Product B000CRW2DE,metadata_not_joined,2009-01,2014-07
B000CRWRZ2,Product B000CRWRZ2,metadata_not_joined,2007-01,2014-07
B000CS15YA,Product B000CS15YA,metadata_not_joined,2006-08,2007-09
B000CS1JRS,Product B000CS1JRS,metadata_not_joined,2006-01,2008-12
B000CS1TLE,Product B000CS1TLE,metadata_not_joined,2006-02,2014-06
B000CS40WY,Product B000CS40WY,metadata_not_joined,2007-08,2014-07
B000CS5ZXC,Product B000CS5ZXC,metadata_not_joined,2006-12,2009-10
B000CS7RYM,Product B000CS7RYM,metadata_not_joined,2006-02,2007-09
B000CS7U1C,Product B000CS7U1C,metadata_not_joined,2005-12,2013-10
B000CS8R46,Product B000CS8R46,metadata_not_joined,2007-01,2009-08
B000CSBZLI,Product B000CSBZLI,metadata_not_joined,2006-08,2010-03
B000CSCF4E,Product B000CSCF4E,metadata_not_joined,2011-12,2014-04
B000CSEL4Q,Product B000CSEL4Q,metadata_not_joined,2006-05,2013-03
B000CSGJCS,Product B000CSGJCS,metadata_not_joined,2006-05,2009-03
B000CSH44K,Product B000CSH44K,metadata_not_joined,2006-03,2013-06
B000CSIHW8,Product B000CSIHW8,metadata_not_joined,2006-07,2012-10
B000CSIM32,Product B000CSIM32,metadata_not_joined,2008-08,2012-03
B000CSIUWA,Product B000CSIUWA,metadata_not_joined,2009-09,2014-07
B000CSK8FM,Product B000CSK8FM,metadata_not_joined,2011-04,2013-12
B000CSOJ2K,Product B000CSOJ2K,metadata_not_joined,2009-12,2014-03
B000CSOXTO,Product B000CSOXTO,metadata_not_joined,2006-02,2014-06
B000CSP000,Product B000CSP000,metadata_not_joined,2006-02,2013-06
B000CSP8IO,Product B000CSP8IO,metadata_not_joined,2006-01,2014-02
B000CSQJ8C,Product B000CSQJ8C,metadata_not_joined,2006-03,2014-02
B000CSQK5E,Product B000CSQK5E,metadata_not_joined,2010-09,2014-05
B000CSQNL0,Product B000CSQNL0,metadata_not_joined,2006-04,2014-01
B000CSQRYS,Product B000CSQRYS,metadata_not_joined,2006-07,2013-12
B000CSQVJ4,Product B000CSQVJ4,metadata_not_joined,2007-12,2010-03
B000CSSHG4,Product B000CSSHG4,metadata_not_joined,2006-05,2014-05
B000CSSHXM,Product B000CSSHXM,metadata_not_joined,2007-03,2011-03
B000CSVZTU,Product B000CSVZTU,metadata_not_joined,2005-12,2011-10
B000CSWCQA,Product B000CSWCQA,metadata_not_joined,2006-03,2014-07
B000CSWHCY,Product B000CSWHCY,metadata_not_joined,2006-07,2013-04
B000CSWW92,Product B000CSWW92,metadata_not_joined,2006-02,2014-06
B000CSWZ6M,Product B000CSWZ6M,metadata_not_joined,2011-09,2014-06
B000CSY16E,Product B000CSY16E,metadata_not_joined,2014-01,2014-06
B000CSYXCG,Product B000CSYXCG,metadata_not_joined,2006-02,2011-12
B000CSYZ1K,Product B000CSYZ1K,metadata_not_joined,2007-03,2010-03
B000CZ0RL0,Product B000CZ0RL0,metadata_not_joined,2010-02,2014-03
B000CZ3M44,Product B000CZ3M44,metadata_not_joined,2009-06,2011-07
B000CZ3M8U,Product B000CZ3M8U,metadata_not_joined,2010-05,2013-10
B000DEMBF0,Product B000DEMBF0,metadata_not_joined,2006-02,2008-11
B000DIM9AS,Product B000DIM9AS,metadata_not_joined,2006-06,2013-12
B000DINCIQ,Product B000DINCIQ,metadata_not_joined,2006-01,2014-03
B000DLB91A,Product B000DLB91A,metadata_not_joined,2006-05,2013-02
B000DT7ZJM,Product B000DT7ZJM,metadata_not_joined,2007-11,2013-12
B000DT8KWS,Product B000DT8KWS,metadata_not_joined,2007-12,2009-02
B000DZ96DO,Product B000DZ96DO,metadata_not_joined,2006-07,2011-11
B000DZ9MYM,Product B000DZ9MYM,metadata_not_joined,2006-07,2008-01
B000DZDLWQ,Product B000DZDLWQ,metadata_not_joined,2006-05,2009-10
B000DZDMB6,Product B000DZDMB6,metadata_not_joined,2006-06,2011-12
B000DZDP9K,Product B000DZDP9K,metadata_not_joined,2006-05,2013-02
B000DZDPJA,Product B000DZDPJA,metadata_not_joined,2006-08,2008-06
B000DZDQ26,Product B000DZDQ26,metadata_not_joined,2006-07,2010-11
B000DZDQLM,Product B000DZDQLM,metadata_not_joined,2006-06,2014-06
B000DZDSME,Product B000DZDSME,metadata_not_joined,2007-03,2013-05
B000DZDTKU,Product B000DZDTKU,metadata_not_joined,2006-03,2014-07
B000DZFP98,Product B000DZFP98,metadata_not_joined,2007-01,2007-07
B000DZFSFY,Product B000DZFSFY,metadata_not_joined,2006-06,2013-11
B000DZFT1C,Product B000DZFT1C,metadata_not_joined,2006-12,2014-03
B000DZFTZS,Product B000DZFTZS,metadata_not_joined,2006-05,2007-03
B000DZFUIO,Product B000DZFUIO,metadata_not_joined,2006-03,2013-05
B000DZFWL4,Product B000DZFWL4,metadata_not_joined,2006-07,2014-02
B000DZG66O,Product B000DZG66O,metadata_not_joined,2009-09,2014-02
B000DZGA92,Product B000DZGA92,metadata_not_joined,2006-11,2007-03
B000DZH42Y,Product B000DZH42Y,metadata_not_joined,2006-11,2011-02
B000DZH4C4,Product B000DZH4C4,metadata_not_joined,2006-02,2010-12
B000DZH4CE,Product B000DZH4CE,metadata_not_joined,2006-09,2013-07
B000DZH4CO,Product B000DZH4CO,metadata_not_joined,2006-03,2009-02
B000DZH4D8,Product B000DZH4D8,metadata_not_joined,2006-03,2013-12
B000DZH4V0,Product B000DZH4V0,metadata_not_joined,2008-08,2014-07
B000DZH712,Product B000DZH712,metadata_not_joined,2007-12,2014-04
B000DZH7J4,Product B000DZH7J4,metadata_not_joined,2008-05,2013-12
B000DZH7JO,Product B000DZH7JO,metadata_not_joined,2007-10,2013-10
B000DZH80C,Product B000DZH80C,metadata_not_joined,2006-07,2014-01
B000DZH9H4,Product B000DZH9H4,metadata_not_joined,2006-07,2014-04
B000DZH9MY,Product B000DZH9MY,metadata_not_joined,2006-08,2014-04
B000DZHA6O,Product B000DZHA6O,metadata_not_joined,2006-06,2012-08
B000DZKNM2,Product B000DZKNM2,metadata_not_joined,2006-11,2012-11
B000DZKOJ4,Product B000DZKOJ4,metadata_not_joined,2008-06,2013-07
B000DZKR1E,Product B000DZKR1E,metadata_not_joined,2007-12,2014-02
B000DZKRSM,Product B000DZKRSM,metadata_not_joined,2006-08,2013-05
B000DZKS04,Product B000DZKS04,metadata_not_joined,2006-11,2010-11
B000DZKSXQ,Product B000DZKSXQ,metadata_not_joined,2006-03,2007-05
B000DZKUHA,Product B000DZKUHA,metadata_not_joined,2006-10,2012-08
B000DZM4TC,Product B000DZM4TC,metadata_not_joined,2006-03,2014-02
B000DZMC3K,Product B000DZMC3K,metadata_not_joined,2006-06,2013-03
B000DZRY9C,Product B000DZRY9C,metadata_not_joined,2007-09,2014-02
B000DZRYDS,Product B000DZRYDS,metadata_not_joined,2007-04,2010-08
B000DZS0G8,Product B000DZS0G8,metadata_not_joined,2006-11,2013-09
B000DZS20M,Product B000DZS20M,metadata_not_joined,2006-04,2009-07
B000DZTCTW,Product B000DZTCTW,metadata_not_joined,2006-11,2010-07
B000DZTDAK,Product B000DZTDAK,metadata_not_joined,2006-11,2009-01
B000DZXDM4,Product B000DZXDM4,metadata_not_joined,2007-08,2014-07
B000E0DU62,Product B000E0DU62,metadata_not_joined,2006-07,2014-07
B000E0DU6M,Product B000E0DU6M,metadata_not_joined,2006-03,2013-06
B000E0DU7G,Product B000E0DU7G,metadata_not_joined,2006-06,2008-11
B000E0DZH6,Product B000E0DZH6,metadata_not_joined,2007-11,2011-11
B000E0G000,Product B000E0G000,metadata_not_joined,2006-04,2008-01
B000E0G00K,Product B000E0G00K,metadata_not_joined,2006-08,2011-03
B000E0G014,Product B000E0G014,metadata_not_joined,2006-07,2013-05
B000E0G5LE,Product B000E0G5LE,metadata_not_joined,2007-10,2008-06
B000E0I5AI,Product B000E0I5AI,metadata_not_joined,2006-02,2012-02
B000E0I9K4,Product B000E0I9K4,metadata_not_joined,2006-11,2010-03
B000E0IBCU,Product B000E0IBCU,metadata_not_joined,2011-08,2013-10
B000E0IOAE,Product B000E0IOAE,metadata_not_joined,2008-10,2014-05
B000E0IW1A,Product B000E0IW1A,metadata_not_joined,2006-06,2007-02
B000E0K7EK,Product B000E0K7EK,metadata_not_joined,2006-06,2012-11
B000E0KGU0,Product B000E0KGU0,metadata_not_joined,2007-08,2013-03
B000E0R8GA,Product B000E0R8GA,metadata_not_joined,2006-05,2013-02
B000E0RBIK,Product B000E0RBIK,metadata_not_joined,2012-04,2013-12
B000E0RCMU,Product B000E0RCMU,metadata_not_joined,2013-06,2014-06
B000E0TERQ,Product B000E0TERQ,metadata_not_joined,2011-06,2014-07
B000E1332W,Product B000E1332W,metadata_not_joined,2006-06,2008-08
B000E15EQ0,Product B000E15EQ0,metadata_not_joined,2007-04,2011-02
B000E168E2,Product B000E168E2,metadata_not_joined,2006-07,2007-02
B000E17CK6,Product B000E17CK6,metadata_not_joined,2007-08,2013-07
B000E18BTM,Product B000E18BTM,metadata_not_joined,2006-06,2010-09
B000E1B29I,Product B000E1B29I,metadata_not_joined,2006-05,2008-01
B000E1CB1Q,Product B000E1CB1Q,metadata_not_joined,2006-02,2009-09
B000E1D36S,Product B000E1D36S,metadata_not_joined,2006-03,2013-02
B000E1DSAE,Product B000E1DSAE,metadata_not_joined,2006-02,2013-08
B000E1DSB8,Product B000E1DSB8,metadata_not_joined,2007-01,2009-01
B000E1FYQA,Product B000E1FYQA,metadata_not_joined,2006-02,2014-03
B000E1FYRO,Product B000E1FYRO,metadata_not_joined,2006-03,2014-03
B000E1FYS8,Product B000E1FYS8,metadata_not_joined,2006-03,2012-08
B000E1G0LI,Product B000E1G0LI,metadata_not_joined,2009-11,2014-04
B000E1HVDO,Product B000E1HVDO,metadata_not_joined,2006-03,2012-02
B000E1HW6A,Product B000E1HW6A,metadata_not_joined,2006-03,2007-09
B000E1HXL4,Product B000E1HXL4,metadata_not_joined,2007-03,2010-01
B000E1PTGK,Product B000E1PTGK,metadata_not_joined,2006-05,2012-03
B000E1PXES,Product B000E1PXES,metadata_not_joined,2009-11,2014-07
B000E1S3OA,Product B000E1S3OA,metadata_not_joined,2009-11,2014-05
B000E1TO6Q,Product B000E1TO6Q,metadata_not_joined,2007-11,2009-08
B000E1U4WY,Product B000E1U4WY,metadata_not_joined,2009-11,2014-05
B000E1WDS2,Product B000E1WDS2,metadata_not_joined,2010-06,2014-07
B000E1WEAO,Product B000E1WEAO,metadata_not_joined,2011-02,2014-06
B000E1Z0E6,Product B000E1Z0E6,metadata_not_joined,2007-01,2014-07
B000E204LY,Product B000E204LY,metadata_not_joined,2006-01,2012-12
B000E2AZ4K,Product B000E2AZ4K,metadata_not_joined,2008-01,2008-06
B000E312X2,Product B000E312X2,metadata_not_joined,2007-03,2014-06
B000E36R8W,Product B000E36R8W,metadata_not_joined,2009-10,2011-08
B000E36R96,Product B000E36R96,metadata_not_joined,2007-10,2014-01
B000E39V9E,Product B000E39V9E,metadata_not_joined,2006-07,2006-08
B000E39V9O,Product B000E39V9O,metadata_not_joined,2006-06,2012-11
B000E3BV42,Product B000E3BV42,metadata_not_joined,2006-04,2010-10
B000E3DRZS,Product B000E3DRZS,metadata_not_joined,2007-02,2008-07
B000E3TTIM,Product B000E3TTIM,metadata_not_joined,2007-05,2014-06
B000E3XB2W,Product B000E3XB2W,metadata_not_joined,2007-01,2012-11
B000E3XPYQ,Product B000E3XPYQ,metadata_not_joined,2010-01,2014-05
B000E3YV1M,Product B000E3YV1M,metadata_not_joined,2008-08,2011-11
B000E3ZDVY,Product B000E3ZDVY,metadata_not_joined,2010-11,2014-02
B000E3ZFSA,Product B000E3ZFSA,metadata_not_joined,2006-03,2008-01
B000E40H9G,Product B000E40H9G,metadata_not_joined,2007-04,2013-01
B000E40RAK,Product B000E40RAK,metadata_not_joined,2007-01,2007-08
B000E40RB4,Product B000E40RB4,metadata_not_joined,2006-03,2010-02
B000E432T8,Product B000E432T8,metadata_not_joined,2011-03,2014-01
B000E43GOO,Product B000E43GOO,metadata_not_joined,2006-12,2014-07
B000E44QNE,Product B000E44QNE,metadata_not_joined,2008-02,2014-05
B000E46SUS,Product B000E46SUS,metadata_not_joined,2012-11,2014-06
B000E479JC,Product B000E479JC,metadata_not_joined,2010-01,2014-07
B000E4K2GO,Product B000E4K2GO,metadata_not_joined,2007-02,2014-05
B000E59I22,Product B000E59I22,metadata_not_joined,2006-04,2010-08
B000E5BKP0,Product B000E5BKP0,metadata_not_joined,2006-07,2010-11
B000E5BKQE,Product B000E5BKQE,metadata_not_joined,2013-03,2014-06
B000E5BL18,Product B000E5BL18,metadata_not_joined,2006-12,2013-09
B000E5CVAI,Product B000E5CVAI,metadata_not_joined,2009-09,2013-07
B000E5CYSM,Product B000E5CYSM,metadata_not_joined,2007-01,2009-07
B000E5CYW8,Product B000E5CYW8,metadata_not_joined,2007-03,2014-07
B000E5CZ4U,Product B000E5CZ4U,metadata_not_joined,2006-10,2009-05
B000E5DLIE,Product B000E5DLIE,metadata_not_joined,2006-05,2013-02
B000E5E6KG,Product B000E5E6KG,metadata_not_joined,2006-03,2010-05
B000E5E868,Product B000E5E868,metadata_not_joined,2006-03,2008-02
B000E5EASE,Product B000E5EASE,metadata_not_joined,2006-04,2012-05
B000E5EBGA,Product B000E5EBGA,metadata_not_joined,2006-03,2010-08
B000E5EF70,Product B000E5EF70,metadata_not_joined,2007-06,2009-04
B000E5FOYS,Product B000E5FOYS,metadata_not_joined,2006-06,2011-09
B000E5FQSC,Product B000E5FQSC,metadata_not_joined,2011-02,2014-07
B000E5GGQI,Product B000E5GGQI,metadata_not_joined,2006-07,2013-04
B000E5GKW8,Product B000E5GKW8,metadata_not_joined,2006-06,2014-03
B000E5RUAY,Product B000E5RUAY,metadata_not_joined,2007-10,2009-10
B000E5VQOU,Product B000E5VQOU,metadata_not_joined,2007-02,2008-08
B000E5VQP4,Product B000E5VQP4,metadata_not_joined,2007-01,2014-02
B000E5XK5I,Product B000E5XK5I,metadata_not_joined,2007-05,2014-07
B000E5XLZM,Product B000E5XLZM,metadata_not_joined,2008-10,2014-02
B000E60QZE,Product B000E60QZE,metadata_not_joined,2006-11,2013-01
B000E65DG6,Product B000E65DG6,metadata_not_joined,2008-03,2014-06
B000E65HOO,Product B000E65HOO,metadata_not_joined,2007-01,2008-09
B000E65HXA,Product B000E65HXA,metadata_not_joined,2010-05,2014-06
B000E65Y10,Product B000E65Y10,metadata_not_joined,2006-10,2008-08
B000E669IW,Product B000E669IW,metadata_not_joined,2008-08,2009-04
B000E68282,Product B000E68282,metadata_not_joined,2006-01,2012-12
B000E6EIC6,Product B000E6EIC6,metadata_not_joined,2007-09,2010-06
B000E6G9RI,Product B000E6G9RI,metadata_not_joined,2007-02,2014-07
B000E6HFX0,Product B000E6HFX0,metadata_not_joined,2007-03,2014-06
B000E6LEIC,Product B000E6LEIC,metadata_not_joined,2006-08,2014-07
B000E6LK4K,Product B000E6LK4K,metadata_not_joined,2007-05,2012-04
B000E6NGBU,Product B000E6NGBU,metadata_not_joined,2006-07,2014-06
B000E6Q33I,Product B000E6Q33I,metadata_not_joined,2006-05,2007-07
B000E6UKE6,Product B000E6UKE6,metadata_not_joined,2006-07,2009-09
B000E7EL0Y,Product B000E7EL0Y,metadata_not_joined,2009-08,2013-11
B000E7GDUK,Product B000E7GDUK,metadata_not_joined,2006-05,2007-07
B000E7N84Y,Product B000E7N84Y,metadata_not_joined,2006-12,2013-01
B000E7QRQK,Product B000E7QRQK,metadata_not_joined,2008-10,2014-01
B000E7RACK,Product B000E7RACK,metadata_not_joined,2006-04,2012-01
B000E7UN5G,Product B000E7UN5G,metadata_not_joined,2006-12,2013-04
B000E7VLN4,Product B000E7VLN4,metadata_not_joined,2010-05,2013-06
B000E7WFBQ,Product B000E7WFBQ,metadata_not_joined,2007-01,2013-06
B000E7WI0O,Product B000E7WI0O,metadata_not_joined,2008-01,2014-07
B000E7WMOQ,Product B000E7WMOQ,metadata_not_joined,2005-07,2013-01
B000E7XM68,Product B000E7XM68,metadata_not_joined,2007-05,2014-06
B000E7YLUO,Product B000E7YLUO,metadata_not_joined,2012-12,2014-07
B000E887XU,Product B000E887XU,metadata_not_joined,2009-02,2014-04
B000E887YO,Product B000E887YO,metadata_not_joined,2009-09,2014-07
B000E887YY,Product B000E887YY,metadata_not_joined,2011-12,2013-02
B000E88D2U,Product B000E88D2U,metadata_not_joined,2007-01,2010-11
B000E891P8,Product B000E891P8,metadata_not_joined,2010-12,2014-01
B000E8BGCE,Product B000E8BGCE,metadata_not_joined,2009-02,2014-07
B000E8BGCO,Product B000E8BGCO,metadata_not_joined,2007-07,2014-07
B000E8DMU8,Product B000E8DMU8,metadata_not_joined,2010-02,2014-07
B000E8FPYY,Product B000E8FPYY,metadata_not_joined,2007-05,2011-05
B000E8HUNS,Product B000E8HUNS,metadata_not_joined,2007-05,2014-06
B000E8J3YW,Product B000E8J3YW,metadata_not_joined,2007-05,2009-02
B000E8OTUA,Product B000E8OTUA,metadata_not_joined,2009-03,2014-01
B000E8OVMG,Product B000E8OVMG,metadata_not_joined,2007-05,2014-02
B000E8OVMQ,Product B000E8OVMQ,metadata_not_joined,2007-04,2014-02
B000E8OVNK,Product B000E8OVNK,metadata_not_joined,2007-05,2014-04
B000E8OYA0,Product B000E8OYA0,metadata_not_joined,2006-12,2007-06
B000E8P7Z6,Product B000E8P7Z6,metadata_not_joined,2007-02,2013-11
B000E8POQ8,Product B000E8POQ8,metadata_not_joined,2007-01,2008-04
B000E8SWQM,Product B000E8SWQM,metadata_not_joined,2007-05,2014-06
B000E8SY5G,Product B000E8SY5G,metadata_not_joined,2007-05,2014-07
B000E8SY5Q,Product B000E8SY5Q,metadata_not_joined,2007-04,2014-06
B000E8T8SS,Product B000E8T8SS,metadata_not_joined,2008-03,2012-05
B000E8V0YI,Product B000E8V0YI,metadata_not_joined,2006-12,2013-01
B000E8VQ74,Product B000E8VQ74,metadata_not_joined,2006-07,2008-04
B000E8X5YQ,Product B000E8X5YQ,metadata_not_joined,2007-05,2014-04
B000E8X5Z0,Product B000E8X5Z0,metadata_not_joined,2007-01,2014-07
B000E8X5ZU,Product B000E8X5ZU,metadata_not_joined,2007-05,2014-07
B000E8Z0XK,Product B000E8Z0XK,metadata_not_joined,2008-11,2013-11
B000E922SA,Product B000E922SA,metadata_not_joined,2006-05,2013-05
B000E95FNY,Product B000E95FNY,metadata_not_joined,2010-12,2014-07
B000E95SQS,Product B000E95SQS,metadata_not_joined,2006-03,2008-11
B000E95T58,Product B000E95T58,metadata_not_joined,2006-04,2013-12
B000E97596,Product B000E97596,metadata_not_joined,2007-12,2013-05
B000E975AK,Product B000E975AK,metadata_not_joined,2006-10,2014-03
B000E9BXDU,Product B000E9BXDU,metadata_not_joined,2006-05,2007-03
B000E9BYXE,Product B000E9BYXE,metadata_not_joined,2006-12,2007-05
B000E9PFE8,Product B000E9PFE8,metadata_not_joined,2011-05,2014-02
B000E9TFTO,Product B000E9TFTO,metadata_not_joined,2010-01,2014-04
B000E9U9GC,Product B000E9U9GC,metadata_not_joined,2010-05,2014-07
B000E9U9MG,Product B000E9U9MG,metadata_not_joined,2011-03,2014-02
B000E9VKUQ,Product B000E9VKUQ,metadata_not_joined,2007-11,2014-04
B000E9ZKG6,Product B000E9ZKG6,metadata_not_joined,2008-02,2013-11
B000E9ZQBU,Product B000E9ZQBU,metadata_not_joined,2009-02,2013-12
B000EA0DDK,Product B000EA0DDK,metadata_not_joined,2007-01,2013-12
B000EA0DEO,Product B000EA0DEO,metadata_not_joined,2006-09,2009-02
B000EA0EDO,Product B000EA0EDO,metadata_not_joined,2006-04,2013-05
B000EA1LFY,Product B000EA1LFY,metadata_not_joined,2009-07,2014-04
B000EA6WOE,Product B000EA6WOE,metadata_not_joined,2006-06,2008-12
B000EA6WOO,Product B000EA6WOO,metadata_not_joined,2006-06,2008-10
B000EA8U12,Product B000EA8U12,metadata_not_joined,2006-08,2008-07
B000EAGBHW,Product B000EAGBHW,metadata_not_joined,2008-06,2010-06
B000EAGKIM,Product B000EAGKIM,metadata_not_joined,2006-10,2010-10
B000EALPT6,Product B000EALPT6,metadata_not_joined,2007-06,2014-06
B000EANT40,Product B000EANT40,metadata_not_joined,2007-10,2014-07
B000EAOV88,Product B000EAOV88,metadata_not_joined,2006-10,2007-07
B000EAPMW2,Product B000EAPMW2,metadata_not_joined,2006-03,2010-01
B000EB3S4A,Product B000EB3S4A,metadata_not_joined,2009-03,2011-08
B000EB7OTU,Product B000EB7OTU,metadata_not_joined,2006-04,2013-06
B000EBA0G4,Product B000EBA0G4,metadata_not_joined,2006-04,2011-01
B000EBBJ6Y,Product B000EBBJ6Y,metadata_not_joined,2006-04,2014-07
B000EBHZQ2,Product B000EBHZQ2,metadata_not_joined,2006-05,2012-06
B000EBK3FW,Product B000EBK3FW,metadata_not_joined,2006-04,2013-08
B000EBKS3O,Product B000EBKS3O,metadata_not_joined,2008-12,2014-01
B000EBLAB8,Product B000EBLAB8,metadata_not_joined,2006-11,2007-07
B000EBM7N8,Product B000EBM7N8,metadata_not_joined,2006-03,2008-10
B000EBPCT4,Product B000EBPCT4,metadata_not_joined,2008-10,2014-07
B000EBPJCO,Product B000EBPJCO,metadata_not_joined,2004-12,2014-06
B000EBPJFG,Product B000EBPJFG,metadata_not_joined,2006-03,2013-05
B000EBRFDU,Product B000EBRFDU,metadata_not_joined,2007-08,2014-02
B000EBRLHK,Product B000EBRLHK,metadata_not_joined,2006-03,2011-06
B000EC1SO6,Product B000EC1SO6,metadata_not_joined,2006-05,2013-05
B000EC3GDC,Product B000EC3GDC,metadata_not_joined,2009-07,2014-05
B000EC7BRO,Product B000EC7BRO,metadata_not_joined,2007-01,2008-02
B000EC8WEU,Product B000EC8WEU,metadata_not_joined,2006-11,2013-05
B000ECAW66,Product B000ECAW66,metadata_not_joined,2007-03,2013-08
B000ECB4EK,Product B000ECB4EK,metadata_not_joined,2006-11,2013-07
B000ECQ59O,Product B000ECQ59O,metadata_not_joined,2006-09,2012-07
B000ECSHPE,Product B000ECSHPE,metadata_not_joined,2007-04,2014-04
B000EDB1II,Product B000EDB1II,metadata_not_joined,2006-03,2014-02
B000EDG6EM,Product B000EDG6EM,metadata_not_joined,2006-08,2013-08
B000EDI3Y8,Product B000EDI3Y8,metadata_not_joined,2006-10,2008-02
B000EDI406,Product B000EDI406,metadata_not_joined,2006-07,2009-11
B000EDIA0K,Product B000EDIA0K,metadata_not_joined,2007-09,2013-03
B000EDIKVO,Product B000EDIKVO,metadata_not_joined,2006-10,2013-05
B000EDJHS4,Product B000EDJHS4,metadata_not_joined,2007-10,2012-12
B000EDJKUY,Product B000EDJKUY,metadata_not_joined,2007-01,2013-11
B000EDK8V4,Product B000EDK8V4,metadata_not_joined,2006-03,2012-10
B000EDK8XC,Product B000EDK8XC,metadata_not_joined,2006-06,2014-07
B000EDKO04,Product B000EDKO04,metadata_not_joined,2006-05,2014-03
B000EDKP8K,Product B000EDKP8K,metadata_not_joined,2007-09,2013-05
B000EDKP8U,Product B000EDKP8U,metadata_not_joined,2006-05,2011-08
B000EDMPQK,Product B000EDMPQK,metadata_not_joined,2008-01,2013-05
B000EDNOFG,Product B000EDNOFG,metadata_not_joined,2006-07,2011-06
B000EDNYTW,Product B000EDNYTW,metadata_not_joined,2006-05,2007-08
B000EDO4JG,Product B000EDO4JG,metadata_not_joined,2006-08,2008-09
B000EDOSFQ,Product B000EDOSFQ,metadata_not_joined,2008-01,2014-01
B000EDQOK8,Product B000EDQOK8,metadata_not_joined,2007-04,2014-02
B000EDQPYI,Product B000EDQPYI,metadata_not_joined,2008-11,2014-01
B000EDRMR2,Product B000EDRMR2,metadata_not_joined,2007-08,2014-02
B000EDRSGW,Product B000EDRSGW,metadata_not_joined,2006-05,2014-02
B000EDVT8K,Product B000EDVT8K,metadata_not_joined,2006-12,2011-04
B000EE9D00,Product B000EE9D00,metadata_not_joined,2007-04,2013-08
B000EEA5XY,Product B000EEA5XY,metadata_not_joined,2006-12,2011-10
B000EEHM1W,Product B000EEHM1W,metadata_not_joined,2010-03,2014-06
B000EENL6C,Product B000EENL6C,metadata_not_joined,2012-02,2014-06
B000EEP9V2,Product B000EEP9V2,metadata_not_joined,2006-08,2007-10
B000EEQ83K,Product B000EEQ83K,metadata_not_joined,2006-08,2013-02
B000EEXEIW,Product B000EEXEIW,metadata_not_joined,2006-04,2014-06
B000EEZ2R8,Product B000EEZ2R8,metadata_not_joined,2006-04,2013-11
B000EEZCEG,Product B000EEZCEG,metadata_not_joined,2006-05,2014-06
B000EEZEVC,Product B000EEZEVC,metadata_not_joined,2006-11,2012-12
B000EF1820,Product B000EF1820,metadata_not_joined,2006-04,2010-03
B000EF1JGA,Product B000EF1JGA,metadata_not_joined,2007-11,2014-07
B000EF3D4Q,Product B000EF3D4Q,metadata_not_joined,2006-04,2014-01
B000EF3D64,Product B000EF3D64,metadata_not_joined,2006-08,2014-06
B000EF3YQI,Product B000EF3YQI,metadata_not_joined,2007-01,2014-07
B000EFBISE,Product B000EFBISE,metadata_not_joined,2007-02,2014-02
B000EFHPKO,Product B000EFHPKO,metadata_not_joined,2007-05,2014-05
B000EFIJTA,Product B000EFIJTA,metadata_not_joined,2009-02,2014-07
B000EFIJVI,Product B000EFIJVI,metadata_not_joined,2006-04,2010-04
B000EFKK5G,Product B000EFKK5G,metadata_not_joined,2010-01,2014-03
B000EFLPDW,Product B000EFLPDW,metadata_not_joined,2013-07,2014-06
B000EFMP7W,Product B000EFMP7W,metadata_not_joined,2010-10,2014-06
B000EFMPCW,Product B000EFMPCW,metadata_not_joined,2011-10,2014-07
B000EFNTQI,Product B000EFNTQI,metadata_not_joined,2012-04,2014-02
B000EFVALY,Product B000EFVALY,metadata_not_joined,2008-01,2014-04
B000EG46O6,Product B000EG46O6,metadata_not_joined,2007-03,2011-02
B000EG4GGY,Product B000EG4GGY,metadata_not_joined,2007-06,2011-07
B000EG5U82,Product B000EG5U82,metadata_not_joined,2007-03,2010-08
B000EG5ULO,Product B000EG5ULO,metadata_not_joined,2007-05,2014-07
B000EG5VBS,Product B000EG5VBS,metadata_not_joined,2007-05,2008-08
B000EG6QDK,Product B000EG6QDK,metadata_not_joined,2007-04,2013-04
B000EGAMBW,Product B000EGAMBW,metadata_not_joined,2006-03,2014-05
B000EGGPM2,Product B000EGGPM2,metadata_not_joined,2007-05,2013-08
B000EGGRG6,Product B000EGGRG6,metadata_not_joined,2007-06,2014-07
B000EGHU9O,Product B000EGHU9O,metadata_not_joined,2010-01,2014-06
B000EGHWZQ,Product B000EGHWZQ,metadata_not_joined,2006-04,2012-12
B000EGHYBS,Product B000EGHYBS,metadata_not_joined,2007-04,2011-04
B000EGI7V4,Product B000EGI7V4,metadata_not_joined,2006-08,2014-07
B000EGJTL6,Product B000EGJTL6,metadata_not_joined,2006-05,2011-07
B000EGJTLQ,Product B000EGJTLQ,metadata_not_joined,2008-09,2012-12
B000EGLXTW,Product B000EGLXTW,metadata_not_joined,2006-03,2008-07
B000EGLZTA,Product B000EGLZTA,metadata_not_joined,2007-01,2011-11
B000EGLZU4,Product B000EGLZU4,metadata_not_joined,2006-08,2014-01
B000EGLZUE,Product B000EGLZUE,metadata_not_joined,2006-06,2011-07
B000EGM3PU,Product B000EGM3PU,metadata_not_joined,2008-02,2011-06
B000EGM7L0,Product B000EGM7L0,metadata_not_joined,2006-12,2013-08
B000EGOEBG,Product B000EGOEBG,metadata_not_joined,2009-08,2014-03
B000EGQK6I,Product B000EGQK6I,metadata_not_joined,2006-07,2011-05
B000EGQS5G,Product B000EGQS5G,metadata_not_joined,2007-02,2014-07
B000EGSGUQ,Product B000EGSGUQ,metadata_not_joined,2013-03,2014-04
B000EH0ZNQ,Product B000EH0ZNQ,metadata_not_joined,2008-01,2014-02
B000EH4Y3S,Product B000EH4Y3S,metadata_not_joined,2006-12,2013-07
B000EH5A5Y,Product B000EH5A5Y,metadata_not_joined,2007-02,2012-07
B000EH6GF2,Product B000EH6GF2,metadata_not_joined,2007-07,2011-02
B000EH6GH0,Product B000EH6GH0,metadata_not_joined,2008-10,2014-07
B000EH6GKM,Product B000EH6GKM,metadata_not_joined,2010-11,2014-06
B000EH8K8S,Product B000EH8K8S,metadata_not_joined,2006-04,2009-03
B000EH8K9W,Product B000EH8K9W,metadata_not_joined,2006-11,2014-01
B000EHCUIE,Product B000EHCUIE,metadata_not_joined,2006-08,2013-07
B000EHCUIY,Product B000EHCUIY,metadata_not_joined,2006-08,2010-03
B000EHCYBC,Product B000EHCYBC,metadata_not_joined,2006-06,2014-01
B000EHHOOE,Product B000EHHOOE,metadata_not_joined,2006-12,2009-05
B000EHKWKM,Product B000EHKWKM,metadata_not_joined,2006-07,2012-04
B000EHLIHS,Product B000EHLIHS,metadata_not_joined,2010-02,2011-09
B000EHMGBA,Product B000EHMGBA,metadata_not_joined,2008-10,2014-07
B000EHMIPO,Product B000EHMIPO,metadata_not_joined,2006-10,2010-12
B000EHODY8,Product B000EHODY8,metadata_not_joined,2006-06,2009-07
B000EHODYI,Product B000EHODYI,metadata_not_joined,2006-10,2009-12
B000EHODZ2,Product B000EHODZ2,metadata_not_joined,2006-07,2013-12
B000EHPIX8,Product B000EHPIX8,metadata_not_joined,2012-02,2014-05
B000EHSN9Y,Product B000EHSN9Y,metadata_not_joined,2011-08,2014-07
B000EHUE7I,Product B000EHUE7I,metadata_not_joined,2007-04,2014-06
B000EHUFLI,Product B000EHUFLI,metadata_not_joined,2006-11,2014-02
B000EHUR3O,Product B000EHUR3O,metadata_not_joined,2006-04,2014-05
B000EHVQM0,Product B000EHVQM0,metadata_not_joined,2006-07,2011-09
B000EHW88Q,Product B000EHW88Q,metadata_not_joined,2012-03,2014-05
B000EHWCDW,Product B000EHWCDW,metadata_not_joined,2007-01,2014-07
B000EHYG9K,Product B000EHYG9K,metadata_not_joined,2006-12,2014-07
B000EHYMIA,Product B000EHYMIA,metadata_not_joined,2009-01,2014-03
B000EHYQAY,Product B000EHYQAY,metadata_not_joined,2007-02,2013-11
B000EHYZMS,Product B000EHYZMS,metadata_not_joined,2010-08,2014-01
B000EI0EB8,Product B000EI0EB8,metadata_not_joined,2009-08,2014-06
B000EI0EBS,Product B000EI0EBS,metadata_not_joined,2009-08,2014-03
B000EI3W5I,Product B000EI3W5I,metadata_not_joined,2011-08,2013-07
B000EI3W8U,Product B000EI3W8U,metadata_not_joined,2007-07,2013-11
B000EI5QWA,Product B000EI5QWA,metadata_not_joined,2006-03,2008-06
B000EI7SBC,Product B000EI7SBC,metadata_not_joined,2009-10,2013-09
B000EI8WM6,Product B000EI8WM6,metadata_not_joined,2006-03,2009-02
B000EI8X5M,Product B000EI8X5M,metadata_not_joined,2006-06,2007-05
B000EIAR92,Product B000EIAR92,metadata_not_joined,2006-06,2008-08
B000EIBK7A,Product B000EIBK7A,metadata_not_joined,2006-03,2009-10
B000EIBVKG,Product B000EIBVKG,metadata_not_joined,2006-06,2014-01
B000EIC7LI,Product B000EIC7LI,metadata_not_joined,2006-08,2007-11
B000EICPQU,Product B000EICPQU,metadata_not_joined,2006-06,2009-03
B000EIDARS,Product B000EIDARS,metadata_not_joined,2006-05,2012-12
B000EIDBT0,Product B000EIDBT0,metadata_not_joined,2006-05,2010-03
B000EIE3OM,Product B000EIE3OM,metadata_not_joined,2008-04,2009-12
B000EIEEYG,Product B000EIEEYG,metadata_not_joined,2006-05,2007-04
B000EIHG96,Product B000EIHG96,metadata_not_joined,2006-07,2014-04
B000EIHQX2,Product B000EIHQX2,metadata_not_joined,2006-06,2012-11
B000EIIGYU,Product B000EIIGYU,metadata_not_joined,2007-01,2013-04
B000EIN2OO,Product B000EIN2OO,metadata_not_joined,2010-05,2013-10
B000EIOONW,Product B000EIOONW,metadata_not_joined,2011-07,2013-09
B000EIOQBM,Product B000EIOQBM,metadata_not_joined,2011-03,2014-07
B000EIPE3Q,Product B000EIPE3Q,metadata_not_joined,2006-05,2013-01
B000EIQ7LY,Product B000EIQ7LY,metadata_not_joined,2009-07,2011-08
B000EIQMHS,Product B000EIQMHS,metadata_not_joined,2010-08,2014-05
B000EIR8M6,Product B000EIR8M6,metadata_not_joined,2007-06,2008-04
B000EISIQQ,Product B000EISIQQ,metadata_not_joined,2007-07,2011-06
B000EITTLE,Product B000EITTLE,metadata_not_joined,2006-04,2013-07
B000EIUD6Y,Product B000EIUD6Y,metadata_not_joined,2006-10,2009-01
B000EIW3E4,Product B000EIW3E4,metadata_not_joined,2006-11,2011-12
B000EIW3EO,Product B000EIW3EO,metadata_not_joined,2007-10,2012-02
B000EIWCF4,Product B000EIWCF4,metadata_not_joined,2008-08,2013-12
B000EIWCFE,Product B000EIWCFE,metadata_not_joined,2007-08,2014-07
B000EIXWPI,Product B000EIXWPI,metadata_not_joined,2010-03,2014-06
B000EIXX3E,Product B000EIXX3E,metadata_not_joined,2008-01,2012-12
B000EIXX4S,Product B000EIXX4S,metadata_not_joined,2006-11,2014-03
B000EIZJ7M,Product B000EIZJ7M,metadata_not_joined,2006-04,2010-05
B000EIZJF4,Product B000EIZJF4,metadata_not_joined,2006-05,2011-04
B000EIZPLM,Product B000EIZPLM,metadata_not_joined,2007-01,2014-07
B000EJU7MI,Product B000EJU7MI,metadata_not_joined,2006-11,2008-05
B000EJUCVE,Product B000EJUCVE,metadata_not_joined,2007-10,2014-07
B000EJVWGS,Product B000EJVWGS,metadata_not_joined,2006-06,2011-07
B000EJZF5M,Product B000EJZF5M,metadata_not_joined,2006-11,2010-12
B000EK4UYI,Product B000EK4UYI,metadata_not_joined,2007-03,2013-01
B000EK5AWE,Product B000EK5AWE,metadata_not_joined,2008-11,2013-11
B000EKE4F8,Product B000EKE4F8,metadata_not_joined,2008-03,2009-09
B000ELC0GM,Product B000ELC0GM,metadata_not_joined,2006-06,2013-12
B000ELC148,Product B000ELC148,metadata_not_joined,2006-03,2011-04
B000ELDX2W,Product B000ELDX2W,metadata_not_joined,2006-06,2007-11
B000ELE4Q6,Product B000ELE4Q6,metadata_not_joined,2006-07,2009-01
B000ELG6KS,Product B000ELG6KS,metadata_not_joined,2006-05,2007-02
B000ELIBUG,Product B000ELIBUG,metadata_not_joined,2006-09,2008-01
B000ELL2A2,Product B000ELL2A2,metadata_not_joined,2012-11,2013-07
B000ELOPFG,Product B000ELOPFG,metadata_not_joined,2006-04,2010-08
B000ELOQGE,Product B000ELOQGE,metadata_not_joined,2006-08,2011-01
B000ELOQS2,Product B000ELOQS2,metadata_not_joined,2006-07,2007-06
B000ELQSY2,Product B000ELQSY2,metadata_not_joined,2006-04,2013-01
B000ELQT82,Product B000ELQT82,metadata_not_joined,2007-04,2011-08
B000ELQTZA,Product B000ELQTZA,metadata_not_joined,2006-10,2014-02
B000ELQUH2,Product B000ELQUH2,metadata_not_joined,2006-07,2008-03
B000ELSVOM,Product B000ELSVOM,metadata_not_joined,2006-05,2008-09
B000ELSXFY,Product B000ELSXFY,metadata_not_joined,2009-04,2014-06
B000ELSXVS,Product B000ELSXVS,metadata_not_joined,2007-01,2013-11
B000ELSXYA,Product B000ELSXYA,metadata_not_joined,2006-07,2008-07
B000ELSXZE,Product B000ELSXZE,metadata_not_joined,2006-05,2009-04
B000ELSY0I,Product B000ELSY0I,metadata_not_joined,2006-06,2012-12
B000ELSZBQ,Product B000ELSZBQ,metadata_not_joined,2006-08,2008-11
B000EM10C6,Product B000EM10C6,metadata_not_joined,2006-11,2009-02
B000EM1AT4,Product B000EM1AT4,metadata_not_joined,2006-07,2010-02
B000EM2I3G,Product B000EM2I3G,metadata_not_joined,2011-07,2014-02
B000EM6NNW,Product B000EM6NNW,metadata_not_joined,2006-07,2007-05
B000EM6NO6,Product B000EM6NO6,metadata_not_joined,2007-08,2012-05
B000EM8GDW,Product B000EM8GDW,metadata_not_joined,2007-08,2014-06
B000EMAXPQ,Product B000EMAXPQ,metadata_not_joined,2006-04,2012-11
B000EMCZ52,Product B000EMCZ52,metadata_not_joined,2007-12,2014-07
B000EMDOD4,Product B000EMDOD4,metadata_not_joined,2006-05,2011-12
B000EMPPBS,Product B000EMPPBS,metadata_not_joined,2006-05,2013-12
B000EMU4HS,Product B000EMU4HS,metadata_not_joined,2006-04,2013-03
B000EMU888,Product B000EMU888,metadata_not_joined,2006-05,2013-03
B000EMUM2U,Product B000EMUM2U,metadata_not_joined,2006-06,2009-03
B000EMV90E,Product B000EMV90E,metadata_not_joined,2006-10,2010-02
B000EMW99Y,Product B000EMW99Y,metadata_not_joined,2006-03,2013-11
B000EMWBT2,Product B000EMWBT2,metadata_not_joined,2006-04,2014-04
B000EMWBV0,Product B000EMWBV0,metadata_not_joined,2006-05,2014-02
B000EMWD9U,Product B000EMWD9U,metadata_not_joined,2006-05,2013-10
B000EMXB82,Product B000EMXB82,metadata_not_joined,2008-08,2013-08
B000EMYF4G,Product B000EMYF4G,metadata_not_joined,2006-12,2009-11
B000EN0K94,Product B000EN0K94,metadata_not_joined,2006-05,2013-12
B000EN4CVQ,Product B000EN4CVQ,metadata_not_joined,2006-03,2007-01
B000EN62YG,Product B000EN62YG,metadata_not_joined,2006-05,2007-11
B000EN6GP6,Product B000EN6GP6,metadata_not_joined,2006-08,2011-05
B000EN81ZE,Product B000EN81ZE,metadata_not_joined,2006-03,2007-09
B000EN8A7S,Product B000EN8A7S,metadata_not_joined,2007-01,2012-02
B000ENIYOC,Product B000ENIYOC,metadata_not_joined,2006-12,2007-03
B000ENL6MY,Product B000ENL6MY,metadata_not_joined,2011-08,2014-06
B000ENN9BK,Product B000ENN9BK,metadata_not_joined,2006-05,2013-04
B000ENNSKW,Product B000ENNSKW,metadata_not_joined,2008-05,2009-02
B000ENON1A,Product B000ENON1A,metadata_not_joined,2006-07,2009-06
B000ENOSQ0,Product B000ENOSQ0,metadata_not_joined,2006-08,2010-02
B000ENP9GS,Product B000ENP9GS,metadata_not_joined,2007-11,2014-01
B000ENPDHI,Product B000ENPDHI,metadata_not_joined,2006-05,2013-11
B000ENPDSW,Product B000ENPDSW,metadata_not_joined,2006-05,2013-09
B000ENQT1W,Product B000ENQT1W,metadata_not_joined,2006-12,2012-12
B000ENQUDE,Product B000ENQUDE,metadata_not_joined,2006-10,2007-02
B000ENQUZM,Product B000ENQUZM,metadata_not_joined,2006-12,2009-02
B000ENRFNS,Product B000ENRFNS,metadata_not_joined,2006-04,2014-03
B000ENRNOE,Product B000ENRNOE,metadata_not_joined,2008-02,2014-01
B000ENRPTM,Product B000ENRPTM,metadata_not_joined,2006-08,2012-01
B000ENRQ3M,Product B000ENRQ3M,metadata_not_joined,2008-04,2014-07
B000ENTFDG,Product B000ENTFDG,metadata_not_joined,2006-06,2013-01
B000ENUCR4,Product B000ENUCR4,metadata_not_joined,2007-06,2014-07
B000ENWT1Q,Product B000ENWT1Q,metadata_not_joined,2008-10,2013-03
B000ENWTCU,Product B000ENWTCU,metadata_not_joined,2006-10,2013-07
B000ENYXTW,Product B000ENYXTW,metadata_not_joined,2008-07,2009-04
B000EO2HZS,Product B000EO2HZS,metadata_not_joined,2007-01,2010-04
B000EO55TS,Product B000EO55TS,metadata_not_joined,2007-01,2007-12
B000EOGW9K,Product B000EOGW9K,metadata_not_joined,2008-11,2014-04
B000EOMWLM,Product B000EOMWLM,metadata_not_joined,2010-11,2014-04
B000EOMXM0,Product B000EOMXM0,metadata_not_joined,2007-01,2014-04
B000EON3WY,Product B000EON3WY,metadata_not_joined,2007-05,2013-04
B000EONVWG,Product B000EONVWG,metadata_not_joined,2007-05,2008-10
B000EONVZI,Product B000EONVZI,metadata_not_joined,2007-03,2009-12
B000EOOQUW,Product B000EOOQUW,metadata_not_joined,2006-05,2011-01
B000EOOTZY,Product B000EOOTZY,metadata_not_joined,2009-09,2014-03
B000EOOU6M,Product B000EOOU6M,metadata_not_joined,2007-02,2014-05
B000EOOUY4,Product B000EOOUY4,metadata_not_joined,2007-02,2009-05
B000EOOZUI,Product B000EOOZUI,metadata_not_joined,2007-02,2009-05
B000EOPQ7E,Product B000EOPQ7E,metadata_not_joined,2006-05,2014-07
B000EOQYM0,Product B000EOQYM0,metadata_not_joined,2011-10,2014-04
B000EOQYMA,Product B000EOQYMA,metadata_not_joined,2010-04,2014-07
B000EOR4JM,Product B000EOR4JM,metadata_not_joined,2006-10,2009-03
B000EORI1G,Product B000EORI1G,metadata_not_joined,2007-12,2013-01
B000EOSHGQ,Product B000EOSHGQ,metadata_not_joined,2006-03,2014-06
B000EOUYH6,Product B000EOUYH6,metadata_not_joined,2006-07,2014-02
B000EOX2GG,Product B000EOX2GG,metadata_not_joined,2007-02,2010-12
B000EOXK5O,Product B000EOXK5O,metadata_not_joined,2006-05,2006-09
B000EP1IKW,Product B000EP1IKW,metadata_not_joined,2006-04,2006-10
B000EP1ILG,Product B000EP1ILG,metadata_not_joined,2006-08,2007-01
B000EP35US,Product B000EP35US,metadata_not_joined,2006-09,2013-06
B000EP4TWQ,Product B000EP4TWQ,metadata_not_joined,2006-09,2014-02
B000EP5MOA,Product B000EP5MOA,metadata_not_joined,2006-10,2013-02
B000EPFCC2,Product B000EPFCC2,metadata_not_joined,2006-07,2014-05
B000EPFG6Y,Product B000EPFG6Y,metadata_not_joined,2008-04,2011-12
B000EPHB26,Product B000EPHB26,metadata_not_joined,2006-03,2011-05
B000EPHHUM,Product B000EPHHUM,metadata_not_joined,2006-04,2008-12
B000EPHP4U,Product B000EPHP4U,metadata_not_joined,2006-09,2013-10
B000EPHPPE,Product B000EPHPPE,metadata_not_joined,2006-09,2014-02
B000EPHQNA,Product B000EPHQNA,metadata_not_joined,2007-02,2008-02
B000EPHR0C,Product B000EPHR0C,metadata_not_joined,2006-09,2014-05
B000EPHS6A,Product B000EPHS6A,metadata_not_joined,2006-06,2007-05
B000EPHSLK,Product B000EPHSLK,metadata_not_joined,2006-09,2014-07
B000EPHT14,Product B000EPHT14,metadata_not_joined,2006-11,2013-11
B000EPJKDY,Product B000EPJKDY,metadata_not_joined,2008-03,2013-02
B000EPJL1A,Product B000EPJL1A,metadata_not_joined,2006-10,2012-07
B000EPJLGK,Product B000EPJLGK,metadata_not_joined,2006-11,2013-05
B000EPJNHW,Product B000EPJNHW,metadata_not_joined,2006-06,2007-03
B000EPJOX0,Product B000EPJOX0,metadata_not_joined,2011-03,2011-09
B000EPLP3C,Product B000EPLP3C,metadata_not_joined,2006-09,2014-03
B000EPLPPU,Product B000EPLPPU,metadata_not_joined,2007-02,2011-09
B000EPLRFI,Product B000EPLRFI,metadata_not_joined,2006-06,2006-10
B000EPM9NC,Product B000EPM9NC,metadata_not_joined,2008-01,2010-12
B000EPNB52,Product B000EPNB52,metadata_not_joined,2006-09,2014-04
B000EPNDEG,Product B000EPNDEG,metadata_not_joined,2006-09,2014-07
B000EPNES6,Product B000EPNES6,metadata_not_joined,2006-09,2009-02
B000EPNEY0,Product B000EPNEY0,metadata_not_joined,2006-09,2013-11
B000EPNMKQ,Product B000EPNMKQ,metadata_not_joined,2007-09,2014-04
B000EPOPQG,Product B000EPOPQG,metadata_not_joined,2010-05,2014-02
B000EPR7AC,Product B000EPR7AC,metadata_not_joined,2011-12,2014-02
B000EPR7XO,Product B000EPR7XO,metadata_not_joined,2009-12,2013-11
B000EPRG6W,Product B000EPRG6W,metadata_not_joined,2007-01,2014-07
B000EPTA0C,Product B000EPTA0C,metadata_not_joined,2010-05,2013-10
B000EPWDTM,Product B000EPWDTM,metadata_not_joined,2006-03,2006-08
B000EQ24Z4,Product B000EQ24Z4,metadata_not_joined,2007-08,2013-04
B000EQ5HSK,Product B000EQ5HSK,metadata_not_joined,2006-12,2014-06
B000EQ8SUE,Product B000EQ8SUE,metadata_not_joined,2010-04,2011-11
B000EQKXFM,Product B000EQKXFM,metadata_not_joined,2006-05,2010-12
B000EQW5SA,Product B000EQW5SA,metadata_not_joined,2008-12,2014-04
B000ER1G3E,Product B000ER1G3E,metadata_not_joined,2006-12,2007-08
B000ER23M2,Product B000ER23M2,metadata_not_joined,2006-12,2010-09
B000ER5G58,Product B000ER5G58,metadata_not_joined,2006-05,2014-04
B000ERAIQ0,Product B000ERAIQ0,metadata_not_joined,2007-03,2010-01
B000ERAOL4,Product B000ERAOL4,metadata_not_joined,2010-08,2014-04
B000ERAOMS,Product B000ERAOMS,metadata_not_joined,2009-04,2014-06
B000ERAON2,Product B000ERAON2,metadata_not_joined,2006-09,2014-06
B000ERD6HS,Product B000ERD6HS,metadata_not_joined,2006-04,2011-06
B000EREM5I,Product B000EREM5I,metadata_not_joined,2007-02,2013-09
B000ERG62A,Product B000ERG62A,metadata_not_joined,2007-04,2010-12
B000ES6KPM,Product B000ES6KPM,metadata_not_joined,2008-04,2014-06
B000ES7C5E,Product B000ES7C5E,metadata_not_joined,2012-07,2013-08
B000ES84BK,Product B000ES84BK,metadata_not_joined,2007-11,2009-12
B000ES84Q0,Product B000ES84Q0,metadata_not_joined,2007-12,2013-03
B000ES8AWI,Product B000ES8AWI,metadata_not_joined,2007-12,2013-02
B000ES8B4K,Product B000ES8B4K,metadata_not_joined,2009-10,2014-07
B000ES8C2G,Product B000ES8C2G,metadata_not_joined,2006-11,2008-07
B000ES8EG0,Product B000ES8EG0,metadata_not_joined,2006-08,2013-12
B000ES9J00,Product B000ES9J00,metadata_not_joined,2007-07,2012-09
B000ESISCA,Product B000ESISCA,metadata_not_joined,2008-03,2013-11
B000ESLD2M,Product B000ESLD2M,metadata_not_joined,2007-02,2009-02
B000ESN9GA,Product B000ESN9GA,metadata_not_joined,2006-05,2014-02
B000ESN9HY,Product B000ESN9HY,metadata_not_joined,2008-06,2014-03
B000ET7AZK,Product B000ET7AZK,metadata_not_joined,2007-10,2012-09
B000ET8EDM,Product B000ET8EDM,metadata_not_joined,2006-06,2010-03
B000ET97CY,Product B000ET97CY,metadata_not_joined,2008-03,2014-07
B000ET9ZGC,Product B000ET9ZGC,metadata_not_joined,2006-09,2009-12
B000ETBYHK,Product B000ETBYHK,metadata_not_joined,2006-11,2007-07
B000ETBZ5G,Product B000ETBZ5G,metadata_not_joined,2006-06,2010-02
B000ETFY1M,Product B000ETFY1M,metadata_not_joined,2010-07,2012-12
B000ETFY3K,Product B000ETFY3K,metadata_not_joined,2009-10,2013-03
B000ETKXHW,Product B000ETKXHW,metadata_not_joined,2007-12,2013-04
B000ETKXK4,Product B000ETKXK4,metadata_not_joined,2007-08,2011-12
B000ETP872,Product B000ETP872,metadata_not_joined,2008-08,2010-10
B000ETTFRG,Product B000ETTFRG,metadata_not_joined,2006-06,2014-02
B000ETTWII,Product B000ETTWII,metadata_not_joined,2007-01,2011-04
B000ETVKHE,Product B000ETVKHE,metadata_not_joined,2006-04,2013-12
B000ETXOC8,Product B000ETXOC8,metadata_not_joined,2006-05,2014-02
B000ETY3LO,Product B000ETY3LO,metadata_not_joined,2006-11,2014-04
B000ETYO7C,Product B000ETYO7C,metadata_not_joined,2006-09,2010-07
B000EU02YK,Product B000EU02YK,metadata_not_joined,2007-01,2014-06
B000EU0880,Product B000EU0880,metadata_not_joined,2007-05,2014-07
B000EU0UVA,Product B000EU0UVA,metadata_not_joined,2006-04,2014-07
B000EUCMV6,Product B000EUCMV6,metadata_not_joined,2006-06,2014-01
B000EUCMWK,Product B000EUCMWK,metadata_not_joined,2006-04,2011-05
B000EUFJX4,Product B000EUFJX4,metadata_not_joined,2007-01,2014-07
B000EUFJXE,Product B000EUFJXE,metadata_not_joined,2008-02,2014-07
B000EUGX70,Product B000EUGX70,metadata_not_joined,2006-07,2014-07
B000EUGX7A,Product B000EUGX7A,metadata_not_joined,2006-05,2010-05
B000EUJ1PQ,Product B000EUJ1PQ,metadata_not_joined,2006-09,2014-04
B000EUJ1Q0,Product B000EUJ1Q0,metadata_not_joined,2006-05,2009-08
B000EUJ2LE,Product B000EUJ2LE,metadata_not_joined,2007-03,2010-09
B000EUJBQU,Product B000EUJBQU,metadata_not_joined,2008-11,2014-07
B000EUJD3G,Product B000EUJD3G,metadata_not_joined,2007-01,2009-08
B000EUJD3Q,Product B000EUJD3Q,metadata_not_joined,2007-05,2009-01
B000EUJJ12,Product B000EUJJ12,metadata_not_joined,2007-11,2014-04
B000EVEH6I,Product B000EVEH6I,metadata_not_joined,2009-07,2014-07
B000EVLS3S,Product B000EVLS3S,metadata_not_joined,2007-09,2013-12
B000EVLS42,Product B000EVLS42,metadata_not_joined,2007-01,2014-02
B000EVLS4C,Product B000EVLS4C,metadata_not_joined,2006-04,2014-04
B000EVM5DK,Product B000EVM5DK,metadata_not_joined,2006-07,2014-07
B000EVM5DU,Product B000EVM5DU,metadata_not_joined,2006-08,2014-07
B000EVMK5S,Product B000EVMK5S,metadata_not_joined,2006-03,2007-11
B000EVMK62,Product B000EVMK62,metadata_not_joined,2006-10,2008-11
B000EVMK6C,Product B000EVMK6C,metadata_not_joined,2007-02,2007-12
B000EVMKU8,Product B000EVMKU8,metadata_not_joined,2007-03,2014-03
B000EVO4T8,Product B000EVO4T8,metadata_not_joined,2007-09,2014-05
B000EVOANS,Product B000EVOANS,metadata_not_joined,2007-05,2013-12
B000EVOAVK,Product B000EVOAVK,metadata_not_joined,2008-02,2014-05
B000EVOOO8,Product B000EVOOO8,metadata_not_joined,2006-05,2014-06
B000EVOP6A,Product B000EVOP6A,metadata_not_joined,2006-03,2008-07
B000EVPYDI,Product B000EVPYDI,metadata_not_joined,2006-12,2012-06
B000EVQ0OU,Product B000EVQ0OU,metadata_not_joined,2007-05,2014-02
B000EVQ0P4,Product B000EVQ0P4,metadata_not_joined,2007-05,2008-05
B000EVQ0PO,Product B000EVQ0PO,metadata_not_joined,2006-11,2008-01
B000EVQ3PQ,Product B000EVQ3PQ,metadata_not_joined,2007-05,2012-07
B000EVS4YE,Product B000EVS4YE,metadata_not_joined,2007-01,2014-05
B000EVS4YY,Product B000EVS4YY,metadata_not_joined,2007-04,2014-07
B000EVSI7M,Product B000EVSI7M,metadata_not_joined,2013-07,2014-07
B000EVSLRO,Product B000EVSLRO,metadata_not_joined,2006-07,2014-07
B000EVSXMC,Product B000EVSXMC,metadata_not_joined,2006-12,2013-08
B000EVT0XS,Product B000EVT0XS,metadata_not_joined,2006-12,2010-07
B000EVWC9C,Product B000EVWC9C,metadata_not_joined,2006-08,2013-02
B000EW1LLG,Product B000EW1LLG,metadata_not_joined,2008-06,2014-06
B000EW2XQ8,Product B000EW2XQ8,metadata_not_joined,2008-05,2014-03
B000EW42LW,Product B000EW42LW,metadata_not_joined,2010-10,2013-12
B000EW8074,Product B000EW8074,metadata_not_joined,2006-05,2014-07
B000EW9Y4M,Product B000EW9Y4M,metadata_not_joined,2006-05,2014-06
B000EWARBG,Product B000EWARBG,metadata_not_joined,2006-05,2014-05
B000EWAX0G,Product B000EWAX0G,metadata_not_joined,2010-10,2013-01
B000EWD4TS,Product B000EWD4TS,metadata_not_joined,2006-05,2013-09
B000EWD6YG,Product B000EWD6YG,metadata_not_joined,2006-07,2007-01
B000EWE3GQ,Product B000EWE3GQ,metadata_not_joined,2007-05,2013-05
B000EWFXTM,Product B000EWFXTM,metadata_not_joined,2006-04,2014-02
B000EWHEM6,Product B000EWHEM6,metadata_not_joined,2006-05,2014-04
B000EWHH7I,Product B000EWHH7I,metadata_not_joined,2006-08,2012-11
B000EWI8IK,Product B000EWI8IK,metadata_not_joined,2006-11,2013-06
B000EWIYUM,Product B000EWIYUM,metadata_not_joined,2007-02,2013-01
B000EWJYYW,Product B000EWJYYW,metadata_not_joined,2007-09,2014-04
B000EWTBS6,Product B000EWTBS6,metadata_not_joined,2006-11,2013-10
B000EX1TGC,Product B000EX1TGC,metadata_not_joined,2007-10,2014-07
B000EXHYJI,Product B000EXHYJI,metadata_not_joined,2007-07,2014-03
B000EXHYKW,Product B000EXHYKW,metadata_not_joined,2010-08,2013-04
B000EXM060,Product B000EXM060,metadata_not_joined,2008-02,2014-04
B000EXM06U,Product B000EXM06U,metadata_not_joined,2009-01,2012-12
B000EXOXUQ,Product B000EXOXUQ,metadata_not_joined,2007-07,2014-05
B000EXP7Q0,Product B000EXP7Q0,metadata_not_joined,2006-09,2013-02
B000EXPVRK,Product B000EXPVRK,metadata_not_joined,2007-01,2013-12
B000EXR0SI,Product B000EXR0SI,metadata_not_joined,2006-06,2014-06
B000EXRSVM,Product B000EXRSVM,metadata_not_joined,2006-05,2013-07
B000EXRSWG,Product B000EXRSWG,metadata_not_joined,2006-08,2011-11
B000EXS1BS,Product B000EXS1BS,metadata_not_joined,2006-07,2014-05
B000EXT5AY,Product B000EXT5AY,metadata_not_joined,2006-07,2014-06
B000EXTXSI,Product B000EXTXSI,metadata_not_joined,2006-05,2009-12
B000EXTXVU,Product B000EXTXVU,metadata_not_joined,2006-05,2007-02
B000EXU4YK,Product B000EXU4YK,metadata_not_joined,2006-07,2014-07
B000EXV0QQ,Product B000EXV0QQ,metadata_not_joined,2006-07,2010-07
B000EXV0R0,Product B000EXV0R0,metadata_not_joined,2006-07,2009-10
B000EXVTJY,Product B000EXVTJY,metadata_not_joined,2007-03,2012-10
B000EY16SM,Product B000EY16SM,metadata_not_joined,2006-07,2013-02
B000EY1LCI,Product B000EY1LCI,metadata_not_joined,2006-06,2014-01
B000EY21BI,Product B000EY21BI,metadata_not_joined,2011-02,2013-03
B000EY5F5C,Product B000EY5F5C,metadata_not_joined,2007-10,2014-07
B000EYH8TS,Product B000EYH8TS,metadata_not_joined,2006-10,2011-05
B000EYPO7Q,Product B000EYPO7Q,metadata_not_joined,2010-11,2014-02
B000EYRIGQ,Product B000EYRIGQ,metadata_not_joined,2009-02,2013-12
B000EYRLXQ,Product B000EYRLXQ,metadata_not_joined,2007-01,2014-07
B000EYZ994,Product B000EYZ994,metadata_not_joined,2006-11,2007-06
B000EZ764E,Product B000EZ764E,metadata_not_joined,2006-07,2012-01
B000EZKAGA,Product B000EZKAGA,metadata_not_joined,2005-05,2014-06
B000EZKAHO,Product B000EZKAHO,metadata_not_joined,2006-08,2008-12
B000EZKAHY,Product B000EZKAHY,metadata_not_joined,2006-11,2007-01
B000EZL1EA,Product B000EZL1EA,metadata_not_joined,2008-05,2014-07
B000EZP1QE,Product B000EZP1QE,metadata_not_joined,2006-04,2011-07
B000EZP1Y6,Product B000EZP1Y6,metadata_not_joined,2006-11,2007-10
B000EZUDQ2,Product B000EZUDQ2,metadata_not_joined,2008-05,2013-11
B000EZUE52,Product B000EZUE52,metadata_not_joined,2008-06,2013-10
B000EZV3T8,Product B000EZV3T8,metadata_not_joined,2009-04,2014-07
B000EZYGTM,Product B000EZYGTM,metadata_not_joined,2006-10,2013-01
B000EZYOSU,Product B000EZYOSU,metadata_not_joined,2006-07,2014-01
B000F00104,Product B000F00104,metadata_not_joined,2007-12,2013-01
B000F007JY,Product B000F007JY,metadata_not_joined,2007-02,2009-02
B000F007K8,Product B000F007K8,metadata_not_joined,2006-06,2012-02
B000F0DUT8,Product B000F0DUT8,metadata_not_joined,2012-10,2014-07
B000F0ELOG,Product B000F0ELOG,metadata_not_joined,2007-12,2014-07
B000F0REZY,Product B000F0REZY,metadata_not_joined,2011-10,2014-05
B000F1MSJK,Product B000F1MSJK,metadata_not_joined,2006-09,2013-12
B000F1O0X2,Product B000F1O0X2,metadata_not_joined,2006-06,2013-05
B000F1ORW6,Product B000F1ORW6,metadata_not_joined,2008-03,2010-02
B000F1OSL6,Product B000F1OSL6,metadata_not_joined,2009-05,2014-07
B000F1QV5M,Product B000F1QV5M,metadata_not_joined,2007-03,2014-04
B000F1SC54,Product B000F1SC54,metadata_not_joined,2012-07,2013-09
B000F1TD2A,Product B000F1TD2A,metadata_not_joined,2007-09,2014-03
B000F1TFE6,Product B000F1TFE6,metadata_not_joined,2008-05,2009-07
B000F1TJPG,Product B000F1TJPG,metadata_not_joined,2009-05,2013-06
B000F1UFZ4,Product B000F1UFZ4,metadata_not_joined,2006-05,2007-06
B000F1UGL2,Product B000F1UGL2,metadata_not_joined,2006-11,2009-10
B000F1ULU8,Product B000F1ULU8,metadata_not_joined,2010-01,2013-01
B000F1VAYY,Product B000F1VAYY,metadata_not_joined,2011-04,2014-07
B000F1YF9Q,Product B000F1YF9Q,metadata_not_joined,2006-07,2007-07
B000F1YJDS,Product B000F1YJDS,metadata_not_joined,2007-05,2010-08
B000F27R0E,Product B000F27R0E,metadata_not_joined,2007-03,2011-01
B000F28DP2,Product B000F28DP2,metadata_not_joined,2008-04,2014-07
B000F291V2,Product B000F291V2,metadata_not_joined,2007-09,2013-03
B000F2BLTC,Product B000F2BLTC,metadata_not_joined,2008-04,2012-01
B000F2BLTM,Product B000F2BLTM,metadata_not_joined,2007-06,2014-07
B000F2HGWI,Product B000F2HGWI,metadata_not_joined,2007-01,2009-03
B000F2JJNC,Product B000F2JJNC,metadata_not_joined,2006-07,2011-04
B000F2JUOK,Product B000F2JUOK,metadata_not_joined,2007-12,2014-07
B000F2KUK8,Product B000F2KUK8,metadata_not_joined,2006-08,2013-11
B000F2KUN0,Product B000F2KUN0,metadata_not_joined,2006-07,2009-02
B000F2M16E,Product B000F2M16E,metadata_not_joined,2006-04,2007-05
B000F2M19Q,Product B000F2M19Q,metadata_not_joined,2007-01,2012-05
B000F2M1AA,Product B000F2M1AA,metadata_not_joined,2006-12,2007-04
B000F2P0ZS,Product B000F2P0ZS,metadata_not_joined,2006-09,2014-01
B000F2P2T2,Product B000F2P2T2,metadata_not_joined,2006-11,2007-04
B000F2P2XI,Product B000F2P2XI,metadata_not_joined,2006-09,2007-11
B000F2P31E,Product B000F2P31E,metadata_not_joined,2006-06,2009-09
B000F2P32S,Product B000F2P32S,metadata_not_joined,2007-05,2012-12
B000F2PHDI,Product B000F2PHDI,metadata_not_joined,2006-09,2014-01
B000F2R5CO,Product B000F2R5CO,metadata_not_joined,2006-06,2009-12
B000F2R5HO,Product B000F2R5HO,metadata_not_joined,2006-09,2012-02
B000F2R5MY,Product B000F2R5MY,metadata_not_joined,2006-10,2009-05
B000F2YHRA,Product B000F2YHRA,metadata_not_joined,2006-10,2012-07
B000F2YHSY,Product B000F2YHSY,metadata_not_joined,2006-11,2011-12
B000F31KLA,Product B000F31KLA,metadata_not_joined,2006-04,2014-07
B000F34FVM,Product B000F34FVM,metadata_not_joined,2008-10,2014-05
B000F34IA0,Product B000F34IA0,metadata_not_joined,2006-12,2014-07
B000F34O1S,Product B000F34O1S,metadata_not_joined,2008-09,2014-06
B000F36HR2,Product B000F36HR2,metadata_not_joined,2006-07,2013-10
B000F38GS0,Product B000F38GS0,metadata_not_joined,2012-01,2014-06
B000F38IQK,Product B000F38IQK,metadata_not_joined,2006-12,2014-02
B000F38KRW,Product B000F38KRW,metadata_not_joined,2006-06,2008-08
B000F3DLCG,Product B000F3DLCG,metadata_not_joined,2007-06,2007-08
B000F3DYUU,Product B000F3DYUU,metadata_not_joined,2006-06,2011-04
B000F3FPK2,Product B000F3FPK2,metadata_not_joined,2006-12,2012-12
B000F3H9UG,Product B000F3H9UG,metadata_not_joined,2006-12,2007-09
B000F3IRC0,Product B000F3IRC0,metadata_not_joined,2006-05,2009-02
B000F3MAU0,Product B000F3MAU0,metadata_not_joined,2008-03,2013-11
B000F3NL5S,Product B000F3NL5S,metadata_not_joined,2008-02,2014-05
B000F3NOPK,Product B000F3NOPK,metadata_not_joined,2006-09,2014-01
B000F3O9FE,Product B000F3O9FE,metadata_not_joined,2006-10,2008-10
B000F3ODEG,Product B000F3ODEG,metadata_not_joined,2008-05,2013-07
B000F3OI3W,Product B000F3OI3W,metadata_not_joined,2007-03,2014-03
B000F3PBG0,Product B000F3PBG0,metadata_not_joined,2007-02,2011-03
B000F3PE3K,Product B000F3PE3K,metadata_not_joined,2011-08,2014-06
B000F3PSZO,Product B000F3PSZO,metadata_not_joined,2011-07,2014-03
B000F3Q7HM,Product B000F3Q7HM,metadata_not_joined,2009-07,2014-03
B000F3RI4I,Product B000F3RI4I,metadata_not_joined,2006-11,2009-10
B000F3RKJ6,Product B000F3RKJ6,metadata_not_joined,2010-04,2014-03
B000F3SB6C,Product B000F3SB6C,metadata_not_joined,2006-06,2007-08
B000F3VHV8,Product B000F3VHV8,metadata_not_joined,2006-06,2014-06
B000F3XHLG,Product B000F3XHLG,metadata_not_joined,2007-09,2008-04
B000F40PHE,Product B000F40PHE,metadata_not_joined,2007-01,2010-12
B000F41EFG,Product B000F41EFG,metadata_not_joined,2007-08,2012-09
B000F44NU4,Product B000F44NU4,metadata_not_joined,2006-03,2007-03
B000F46CQM,Product B000F46CQM,metadata_not_joined,2009-11,2014-05
B000F49052,Product B000F49052,metadata_not_joined,2008-08,2014-01
B000F49RAA,Product B000F49RAA,metadata_not_joined,2006-09,2008-06
B000F49ZKW,Product B000F49ZKW,metadata_not_joined,2008-01,2010-11
B000F4C0RW,Product B000F4C0RW,metadata_not_joined,2006-06,2012-06
B000F4C1H6,Product B000F4C1H6,metadata_not_joined,2006-09,2008-06
B000F4C2AM,Product B000F4C2AM,metadata_not_joined,2006-06,2014-03
B000F4CMBG,Product B000F4CMBG,metadata_not_joined,2010-01,2013-09
B000F4CTUK,Product B000F4CTUK,metadata_not_joined,2006-04,2010-11
B000F4CUKY,Product B000F4CUKY,metadata_not_joined,2007-02,2010-06
B000F4CUWW,Product B000F4CUWW,metadata_not_joined,2007-12,2014-02
B000F4CVAI,Product B000F4CVAI,metadata_not_joined,2007-10,2009-03
B000F4CVE4,Product B000F4CVE4,metadata_not_joined,2006-09,2008-02
B000F4EJH6,Product B000F4EJH6,metadata_not_joined,2006-04,2014-01
B000F4RC02,Product B000F4RC02,metadata_not_joined,2006-04,2010-09
B000F4S9EU,Product B000F4S9EU,metadata_not_joined,2011-07,2014-05
B000F4TCDM,Product B000F4TCDM,metadata_not_joined,2010-02,2014-07
B000F56VGC,Product B000F56VGC,metadata_not_joined,2009-04,2013-08
B000F57224,Product B000F57224,metadata_not_joined,2006-11,2009-06
B000F59KHE,Product B000F59KHE,metadata_not_joined,2006-09,2013-02
B000F5FKHI,Product B000F5FKHI,metadata_not_joined,2006-12,2013-12
B000F5IE9Y,Product B000F5IE9Y,metadata_not_joined,2007-01,2014-07
B000F5JHSQ,Product B000F5JHSQ,metadata_not_joined,2011-06,2014-05
B000F5K3Y8,Product B000F5K3Y8,metadata_not_joined,2006-12,2014-01
B000F5LEC8,Product B000F5LEC8,metadata_not_joined,2009-05,2013-11
B000F5NFTS,Product B000F5NFTS,metadata_not_joined,2010-11,2014-04
B000F5XTXA,Product B000F5XTXA,metadata_not_joined,2007-11,2011-11
B000F63C3G,Product B000F63C3G,metadata_not_joined,2006-06,2012-03
B000F6570C,Product B000F6570C,metadata_not_joined,2006-12,2012-02
B000F6573E,Product B000F6573E,metadata_not_joined,2006-07,2012-09
B000F65770,Product B000F65770,metadata_not_joined,2007-08,2008-12
B000F657DY,Product B000F657DY,metadata_not_joined,2006-09,2013-12
B000F6EBBS,Product B000F6EBBS,metadata_not_joined,2006-11,2013-05
B000F6K00O,Product B000F6K00O,metadata_not_joined,2007-04,2008-06
B000F6K0VI,Product B000F6K0VI,metadata_not_joined,2011-11,2013-10
B000F6MOQC,Product B000F6MOQC,metadata_not_joined,2008-08,2014-07
B000F6MOQM,Product B000F6MOQM,metadata_not_joined,2011-07,2014-07
B000F6OJOC,Product B000F6OJOC,metadata_not_joined,2007-03,2012-11
B000F6Q4MW,Product B000F6Q4MW,metadata_not_joined,2009-05,2012-04
B000F6RGQ0,Product B000F6RGQ0,metadata_not_joined,2006-07,2009-12
B000F6S0KQ,Product B000F6S0KQ,metadata_not_joined,2006-10,2008-03
B000F6SR0E,Product B000F6SR0E,metadata_not_joined,2006-12,2007-07
B000F6SR0O,Product B000F6SR0O,metadata_not_joined,2006-05,2014-06
B000F6UK6I,Product B000F6UK6I,metadata_not_joined,2006-08,2012-03
B000F6UKTU,Product B000F6UKTU,metadata_not_joined,2007-10,2013-07
B000F6UUXQ,Product B000F6UUXQ,metadata_not_joined,2008-03,2012-06
B000F6VRJC,Product B000F6VRJC,metadata_not_joined,2008-02,2014-05
B000F6WK5M,Product B000F6WK5M,metadata_not_joined,2006-07,2007-09
B000F6X7RM,Product B000F6X7RM,metadata_not_joined,2006-06,2013-03
B000F6Y686,Product B000F6Y686,metadata_not_joined,2006-08,2014-03
B000F70UY4,Product B000F70UY4,metadata_not_joined,2007-01,2010-02
B000F71USE,Product B000F71USE,metadata_not_joined,2008-06,2012-01
B000F744C8,Product B000F744C8,metadata_not_joined,2007-04,2008-02
B000F744SM,Product B000F744SM,metadata_not_joined,2006-06,2008-06
B000F744T6,Product B000F744T6,metadata_not_joined,2007-07,2014-03
B000F763NG,Product B000F763NG,metadata_not_joined,2010-11,2014-03
B000F7689A,Product B000F7689A,metadata_not_joined,2007-09,2014-06
B000F78550,Product B000F78550,metadata_not_joined,2006-10,2012-11
B000F7856E,Product B000F7856E,metadata_not_joined,2006-09,2010-08
B000F7857S,Product B000F7857S,metadata_not_joined,2009-07,2014-07
B000F78582,Product B000F78582,metadata_not_joined,2007-03,2014-07
B000F7A832,Product B000F7A832,metadata_not_joined,2007-11,2014-05
B000F7A85A,Product B000F7A85A,metadata_not_joined,2006-09,2011-06
B000F7HBGY,Product B000F7HBGY,metadata_not_joined,2008-12,2013-06
B000F7JCRA,Product B000F7JCRA,metadata_not_joined,2006-08,2014-05
B000F7JIYM,Product B000F7JIYM,metadata_not_joined,2008-05,2014-03
B000F7JYJQ,Product B000F7JYJQ,metadata_not_joined,2006-12,2014-04
B000F7QRTG,Product B000F7QRTG,metadata_not_joined,2007-12,2014-07
B000F7VKL6,Product B000F7VKL6,metadata_not_joined,2007-01,2014-07
B000F811OG,Product B000F811OG,metadata_not_joined,2006-04,2008-09
B000F8DBF8,Product B000F8DBF8,metadata_not_joined,2006-10,2014-03
B000F8FC9G,Product B000F8FC9G,metadata_not_joined,2006-07,2009-01
B000F8FMKU,Product B000F8FMKU,metadata_not_joined,2007-08,2013-01
B000F8FNSG,Product B000F8FNSG,metadata_not_joined,2007-08,2014-03
B000F8GWPO,Product B000F8GWPO,metadata_not_joined,2006-05,2014-01
B000F8J0TE,Product B000F8J0TE,metadata_not_joined,2006-09,2014-07
B000F8JKYY,Product B000F8JKYY,metadata_not_joined,2006-04,2012-07
B000F8LQ0A,Product B000F8LQ0A,metadata_not_joined,2009-06,2014-07
B000F8MFR8,Product B000F8MFR8,metadata_not_joined,2006-07,2007-10
B000F8R0OQ,Product B000F8R0OQ,metadata_not_joined,2011-11,2014-04
B000F8SZIG,Product B000F8SZIG,metadata_not_joined,2008-11,2014-01
B000F8T4AY,Product B000F8T4AY,metadata_not_joined,2006-11,2013-09
B000F8WC4O,Product B000F8WC4O,metadata_not_joined,2007-01,2010-06
B000F8XATA,Product B000F8XATA,metadata_not_joined,2006-10,2014-04
B000F8XGJO,Product B000F8XGJO,metadata_not_joined,2007-12,2014-04
B000F8YEFO,Product B000F8YEFO,metadata_not_joined,2007-11,2014-06
B000F955HE,Product B000F955HE,metadata_not_joined,2010-12,2014-06
B000F95A88,Product B000F95A88,metadata_not_joined,2011-08,2014-02
B000F97AFY,Product B000F97AFY,metadata_not_joined,2006-05,2013-02
B000F97FRM,Product B000F97FRM,metadata_not_joined,2006-12,2013-07
B000F99FDE,Product B000F99FDE,metadata_not_joined,2006-06,2009-04
B000F99FP2,Product B000F99FP2,metadata_not_joined,2008-11,2014-01
B000F9GZN2,Product B000F9GZN2,metadata_not_joined,2006-12,2013-01
B000F9JFXE,Product B000F9JFXE,metadata_not_joined,2012-05,2014-01
B000F9LRYO,Product B000F9LRYO,metadata_not_joined,2006-09,2013-07
B000F9LRZI,Product B000F9LRZI,metadata_not_joined,2006-09,2009-11
B000F9LS0W,Product B000F9LS0W,metadata_not_joined,2006-11,2012-12
B000F9NXT6,Product B000F9NXT6,metadata_not_joined,2006-08,2009-04
B000F9NXUK,Product B000F9NXUK,metadata_not_joined,2007-02,2014-06
B000F9NXW8,Product B000F9NXW8,metadata_not_joined,2007-01,2007-07
B000F9NXXC,Product B000F9NXXC,metadata_not_joined,2007-03,2013-06
B000F9YN22,Product B000F9YN22,metadata_not_joined,2006-08,2014-07
B000FA07NK,Product B000FA07NK,metadata_not_joined,2010-01,2014-07
B000FA1G26,Product B000FA1G26,metadata_not_joined,2006-08,2007-06
B000FA28RS,Product B000FA28RS,metadata_not_joined,2006-07,2009-07
B000FA348U,Product B000FA348U,metadata_not_joined,2006-11,2011-12
B000FA76JS,Product B000FA76JS,metadata_not_joined,2007-01,2013-05
B000FA7PQ2,Product B000FA7PQ2,metadata_not_joined,2006-07,2012-12
B000FA7PQC,Product B000FA7PQC,metadata_not_joined,2007-10,2014-01
B000FA8U9S,Product B000FA8U9S,metadata_not_joined,2011-06,2014-03
B000FAB84C,Product B000FAB84C,metadata_not_joined,2007-06,2014-02
B000FABL7Q,Product B000FABL7Q,metadata_not_joined,2007-08,2011-02
B000FAJQHS,Product B000FAJQHS,metadata_not_joined,2008-02,2013-10
B000FAKFNC,Product B000FAKFNC,metadata_not_joined,2011-03,2014-07
B000FAKUE6,Product B000FAKUE6,metadata_not_joined,2008-09,2014-07
B000FAO7KO,Product B000FAO7KO,metadata_not_joined,2006-09,2013-04
B000FAPY3S,Product B000FAPY3S,metadata_not_joined,2007-03,2012-12
B000FAQ6S0,Product B000FAQ6S0,metadata_not_joined,2007-04,2014-05
B000FARNN2,Product B000FARNN2,metadata_not_joined,2006-09,2012-01
B000FAVYHS,Product B000FAVYHS,metadata_not_joined,2007-05,2014-06
B000FB44VA,Product B000FB44VA,metadata_not_joined,2006-07,2009-03
B000FBF08Q,Product B000FBF08Q,metadata_not_joined,2008-08,2014-07
B000FBF38I,Product B000FBF38I,metadata_not_joined,2007-08,2014-06
B000FBF3DI,Product B000FBF3DI,metadata_not_joined,2006-07,2010-05
B000FBF400,Product B000FBF400,metadata_not_joined,2007-05,2012-12
B000FBH35E,Product B000FBH35E,metadata_not_joined,2006-07,2011-09
B000FBK3QK,Product B000FBK3QK,metadata_not_joined,2008-01,2014-07
B000FBK3RE,Product B000FBK3RE,metadata_not_joined,2007-10,2014-05
B000FBL3U0,Product B000FBL3U0,metadata_not_joined,2006-07,2009-10
B000FBNULK,Product B000FBNULK,metadata_not_joined,2006-09,2012-12
B000FBNV78,Product B000FBNV78,metadata_not_joined,2006-09,2008-10
B000FBOF96,Product B000FBOF96,metadata_not_joined,2007-07,2010-06
B000FBPH2K,Product B000FBPH2K,metadata_not_joined,2006-11,2009-01
B000FBPH9I,Product B000FBPH9I,metadata_not_joined,2007-01,2010-02
B000FBPHA2,Product B000FBPHA2,metadata_not_joined,2006-07,2008-05
B000FBPHAC,Product B000FBPHAC,metadata_not_joined,2006-07,2008-02
B000FBRC6Y,Product B000FBRC6Y,metadata_not_joined,2007-03,2013-01
B000FBS01K,Product B000FBS01K,metadata_not_joined,2007-07,2012-01
B000FBSREK,Product B000FBSREK,metadata_not_joined,2006-11,2013-12
B000FBSREU,Product B000FBSREU,metadata_not_joined,2008-01,2013-10
B000FBT47E,Product B000FBT47E,metadata_not_joined,2010-04,2014-03
B000FBU19O,Product B000FBU19O,metadata_not_joined,2011-01,2014-06
B000FBXWOA,Product B000FBXWOA,metadata_not_joined,2007-10,2010-03
B000FBYMU8,Product B000FBYMU8,metadata_not_joined,2007-01,2010-05
B000FBYS2U,Product B000FBYS2U,metadata_not_joined,2010-12,2014-05
B000FBYSXE,Product B000FBYSXE,metadata_not_joined,2007-08,2013-10
B000FBZP0E,Product B000FBZP0E,metadata_not_joined,2007-01,2013-12
B000FCFYT0,Product B000FCFYT0,metadata_not_joined,2007-01,2008-04
B000FCI7KS,Product B000FCI7KS,metadata_not_joined,2006-05,2009-05
B000FCN6SG,Product B000FCN6SG,metadata_not_joined,2006-11,2014-03
B000FCN9UG,Product B000FCN9UG,metadata_not_joined,2006-12,2008-08
B000FCNA2I,Product B000FCNA2I,metadata_not_joined,2007-12,2010-01
B000FCNG18,Product B000FCNG18,metadata_not_joined,2006-09,2013-07
B000FCP1NO,Product B000FCP1NO,metadata_not_joined,2010-06,2014-05
B000FCP1O8,Product B000FCP1O8,metadata_not_joined,2007-03,2014-02
B000FCP4ZY,Product B000FCP4ZY,metadata_not_joined,2007-11,2014-03
B000FCP5L2,Product B000FCP5L2,metadata_not_joined,2007-02,2009-07
B000FCP92C,Product B000FCP92C,metadata_not_joined,2012-08,2014-06
B000FCQ2WS,Product B000FCQ2WS,metadata_not_joined,2007-09,2012-05
B000FCR3O4,Product B000FCR3O4,metadata_not_joined,2006-12,2012-11
B000FCR754,Product B000FCR754,metadata_not_joined,2007-03,2011-08
B000FCSWVW,Product B000FCSWVW,metadata_not_joined,2009-06,2014-06
B000FCSWX0,Product B000FCSWX0,metadata_not_joined,2010-08,2014-06
B000FCSXBQ,Product B000FCSXBQ,metadata_not_joined,2006-07,2009-04
B000FCSXC0,Product B000FCSXC0,metadata_not_joined,2007-03,2012-12
B000FCT04U,Product B000FCT04U,metadata_not_joined,2011-09,2014-07
B000FCTFVS,Product B000FCTFVS,metadata_not_joined,2006-07,2010-01
B000FD03L8,Product B000FD03L8,metadata_not_joined,2012-05,2014-07
B000FD1HXG,Product B000FD1HXG,metadata_not_joined,2011-12,2014-04
B000FD25P0,Product B000FD25P0,metadata_not_joined,2006-08,2009-07
B000FD3W1G,Product B000FD3W1G,metadata_not_joined,2007-05,2009-07
B000FD46IO,Product B000FD46IO,metadata_not_joined,2007-03,2014-01
B000FD47KQ,Product B000FD47KQ,metadata_not_joined,2007-04,2008-01
B000FD7VE0,Product B000FD7VE0,metadata_not_joined,2010-05,2013-10
B000FD8MJS,Product B000FD8MJS,metadata_not_joined,2006-05,2010-02
B000FD9YB8,Product B000FD9YB8,metadata_not_joined,2009-03,2013-12
B000FDAN86,Product B000FDAN86,metadata_not_joined,2007-07,2012-10
B000FDDUXG,Product B000FDDUXG,metadata_not_joined,2007-01,2014-03
B000FDETQI,Product B000FDETQI,metadata_not_joined,2007-10,2010-09
B000FDL3XU,Product B000FDL3XU,metadata_not_joined,2006-07,2014-05
B000FDMAHS,Product B000FDMAHS,metadata_not_joined,2007-09,2010-12
B000FDNKQI,Product B000FDNKQI,metadata_not_joined,2006-10,2007-11
B000FDNVO4,Product B000FDNVO4,metadata_not_joined,2007-01,2013-08
B000FDOWQK,Product B000FDOWQK,metadata_not_joined,2006-05,2013-05
B000FDSMDO,Product B000FDSMDO,metadata_not_joined,2007-03,2010-08
B000FDTNZK,Product B000FDTNZK,metadata_not_joined,2007-01,2013-11
B000FDVK2E,Product B000FDVK2E,metadata_not_joined,2007-06,2014-07
B000FDWXWK,Product B000FDWXWK,metadata_not_joined,2010-02,2014-04
B000FDXH70,Product B000FDXH70,metadata_not_joined,2010-01,2013-10
B000FDXH84,Product B000FDXH84,metadata_not_joined,2007-05,2010-02
B000FE6X2K,Product B000FE6X2K,metadata_not_joined,2013-01,2014-07
B000FE7Q5I,Product B000FE7Q5I,metadata_not_joined,2010-05,2014-06
B000FE7SGA,Product B000FE7SGA,metadata_not_joined,2007-04,2013-12
B000FECBSA,Product B000FECBSA,metadata_not_joined,2009-03,2014-05
B000FED6NO,Product B000FED6NO,metadata_not_joined,2011-08,2014-07
B000FED922,Product B000FED922,metadata_not_joined,2011-10,2013-08
B000FEDRN8,Product B000FEDRN8,metadata_not_joined,2009-01,2014-06
B000FEE4T4,Product B000FEE4T4,metadata_not_joined,2006-12,2009-01
B000FEHJEG,Product B000FEHJEG,metadata_not_joined,2009-06,2013-05
B000FEHTDC,Product B000FEHTDC,metadata_not_joined,2006-09,2013-10
B000FEJNLI,Product B000FEJNLI,metadata_not_joined,2006-08,2007-07
B000FEJPZW,Product B000FEJPZW,metadata_not_joined,2006-12,2012-10
B000FEKEN4,Product B000FEKEN4,metadata_not_joined,2007-12,2011-12
B000FEKENO,Product B000FEKENO,metadata_not_joined,2009-12,2013-12
B000FENRY2,Product B000FENRY2,metadata_not_joined,2008-04,2010-04
B000FEO23C,Product B000FEO23C,metadata_not_joined,2009-10,2011-11
B000FESU9O,Product B000FESU9O,metadata_not_joined,2006-07,2010-04
B000FEW8JW,Product B000FEW8JW,metadata_not_joined,2007-10,2014-01
B000FEYH7I,Product B000FEYH7I,metadata_not_joined,2006-06,2008-08
B000FF9WF4,Product B000FF9WF4,metadata_not_joined,2006-12,2013-09
B000FFEP92,Product B000FFEP92,metadata_not_joined,2006-08,2008-10
B000FFF4NS,Product B000FFF4NS,metadata_not_joined,2007-04,2011-05
B000FFI2AU,Product B000FFI2AU,metadata_not_joined,2007-01,2010-04
B000FFIJRQ,Product B000FFIJRQ,metadata_not_joined,2007-08,2013-12
B000FFIK1G,Product B000FFIK1G,metadata_not_joined,2006-05,2007-10
B000FFISV8,Product B000FFISV8,metadata_not_joined,2006-07,2014-07
B000FFLWLQ,Product B000FFLWLQ,metadata_not_joined,2008-09,2014-06
B000FFLYI2,Product B000FFLYI2,metadata_not_joined,2008-05,2014-06
B000FFNDSG,Product B000FFNDSG,metadata_not_joined,2007-04,2014-04
B000FFQ1VM,Product B000FFQ1VM,metadata_not_joined,2011-10,2014-07
B000FFRZ1W,Product B000FFRZ1W,metadata_not_joined,2006-06,2013-12
B000FFRZ3K,Product B000FFRZ3K,metadata_not_joined,2006-09,2007-10
B000FFSDCC,Product B000FFSDCC,metadata_not_joined,2007-04,2011-09
B000FFTVSC,Product B000FFTVSC,metadata_not_joined,2006-08,2009-06
B000FFV1VW,Product B000FFV1VW,metadata_not_joined,2010-11,2012-12
B000FFYNS0,Product B000FFYNS0,metadata_not_joined,2008-07,2014-07
B000FFYQ1E,Product B000FFYQ1E,metadata_not_joined,2007-02,2014-03
B000FG30U6,Product B000FG30U6,metadata_not_joined,2007-02,2014-07
B000FG6CO2,Product B000FG6CO2,metadata_not_joined,2011-09,2014-04
B000FG6CQK,Product B000FG6CQK,metadata_not_joined,2009-02,2014-03
B000FG795I,Product B000FG795I,metadata_not_joined,2008-10,2014-07
B000FG8KP6,Product B000FG8KP6,metadata_not_joined,2006-09,2013-09
B000FG8KPG,Product B000FG8KPG,metadata_not_joined,2006-09,2007-08
B000FGA76G,Product B000FGA76G,metadata_not_joined,2006-09,2011-02
B000FGA76Q,Product B000FGA76Q,metadata_not_joined,2006-12,2007-12
B000FGCUSE,Product B000FGCUSE,metadata_not_joined,2012-01,2014-07
B000FGD2HM,Product B000FGD2HM,metadata_not_joined,2007-01,2009-09
B000FGDNVM,Product B000FGDNVM,metadata_not_joined,2006-09,2014-03
B000FGEC94,Product B000FGEC94,metadata_not_joined,2006-07,2013-05
B000FGGG34,Product B000FGGG34,metadata_not_joined,2008-01,2013-12
B000FGI7PY,Product B000FGI7PY,metadata_not_joined,2006-12,2013-05
B000FGI970,Product B000FGI970,metadata_not_joined,2006-08,2013-01
B000FGI9RU,Product B000FGI9RU,metadata_not_joined,2006-08,2011-08
B000FGJVF4,Product B000FGJVF4,metadata_not_joined,2007-01,2009-01
B000FGJVHM,Product B000FGJVHM,metadata_not_joined,2008-10,2011-04
B000FGNM6I,Product B000FGNM6I,metadata_not_joined,2007-07,2014-07
B000FGQOFO,Product B000FGQOFO,metadata_not_joined,2006-12,2013-10
B000FGV59Y,Product B000FGV59Y,metadata_not_joined,2007-04,2014-04
B000FGVFP8,Product B000FGVFP8,metadata_not_joined,2008-06,2014-05
B000FH658O,Product B000FH658O,metadata_not_joined,2006-10,2013-01
B000FH9UOK,Product B000FH9UOK,metadata_not_joined,2008-07,2014-03
B000FHA7E2,Product B000FHA7E2,metadata_not_joined,2008-02,2013-03
B000FHAXPA,Product B000FHAXPA,metadata_not_joined,2011-03,2014-05
B000FHBNI6,Product B000FHBNI6,metadata_not_joined,2006-12,2011-04
B000FHC0Y2,Product B000FHC0Y2,metadata_not_joined,2008-03,2013-11
B000FHD7PI,Product B000FHD7PI,metadata_not_joined,2006-07,2014-05
B000FHEM5M,Product B000FHEM5M,metadata_not_joined,2006-11,2013-05
B000FHFIU0,Product B000FHFIU0,metadata_not_joined,2011-02,2013-03
B000FHFPHG,Product B000FHFPHG,metadata_not_joined,2008-03,2013-11
B000FHGHJ6,Product B000FHGHJ6,metadata_not_joined,2006-07,2007-03
B000FHGONA,Product B000FHGONA,metadata_not_joined,2007-01,2012-02
B000FHGUWA,Product B000FHGUWA,metadata_not_joined,2006-09,2009-02
B000FHQ3YK,Product B000FHQ3YK,metadata_not_joined,2011-09,2014-05
B000FHQ476,Product B000FHQ476,metadata_not_joined,2012-12,2014-06
B000FHQTGW,Product B000FHQTGW,metadata_not_joined,2009-04,2014-06
B000FHQTNU,Product B000FHQTNU,metadata_not_joined,2009-09,2013-08
B000FHZ3I2,Product B000FHZ3I2,metadata_not_joined,2007-12,2013-12
B000FI2EAG,Product B000FI2EAG,metadata_not_joined,2009-01,2014-07
B000FI2Y5Q,Product B000FI2Y5Q,metadata_not_joined,2006-08,2014-03
B000FI5KWA,Product B000FI5KWA,metadata_not_joined,2007-02,2013-10
B000FI5OZ8,Product B000FI5OZ8,metadata_not_joined,2007-02,2007-07
B000FI6R72,Product B000FI6R72,metadata_not_joined,2006-12,2014-03
B000FI77VC,Product B000FI77VC,metadata_not_joined,2008-06,2013-12
B000FI9VTS,Product B000FI9VTS,metadata_not_joined,2011-08,2014-06
B000FI9VU2,Product B000FI9VU2,metadata_not_joined,2010-11,2014-07
B000FIAYIA,Product B000FIAYIA,metadata_not_joined,2006-11,2009-04
B000FIB8S0,Product B000FIB8S0,metadata_not_joined,2006-09,2011-10
B000FIC9K6,Product B000FIC9K6,metadata_not_joined,2008-04,2011-03
B000FIDTYG,Product B000FIDTYG,metadata_not_joined,2009-01,2014-07
B000FIH0ZA,Product B000FIH0ZA,metadata_not_joined,2010-04,2014-06
B000FIH6NG,Product B000FIH6NG,metadata_not_joined,2006-08,2008-01
B000FIJA6W,Product B000FIJA6W,metadata_not_joined,2008-04,2011-06
B000FIP7DC,Product B000FIP7DC,metadata_not_joined,2006-08,2009-05
B000FIQABA,Product B000FIQABA,metadata_not_joined,2008-03,2012-01
B000FIQABU,Product B000FIQABU,metadata_not_joined,2009-05,2013-07
B000FIQBM8,Product B000FIQBM8,metadata_not_joined,2006-06,2012-02
B000FIQBNW,Product B000FIQBNW,metadata_not_joined,2012-01,2014-02
B000FIQC5E,Product B000FIQC5E,metadata_not_joined,2007-07,2009-11
B000FIQNHG,Product B000FIQNHG,metadata_not_joined,2007-03,2010-08
B000FIS7KC,Product B000FIS7KC,metadata_not_joined,2008-10,2013-09
B000FITJ04,Product B000FITJ04,metadata_not_joined,2008-08,2013-01
B000FITKK8,Product B000FITKK8,metadata_not_joined,2007-01,2014-03
B000FIVDIA,Product B000FIVDIA,metadata_not_joined,2007-01,2014-07
B000FIY08U,Product B000FIY08U,metadata_not_joined,2007-11,2014-06
B000FJ2OSM,Product B000FJ2OSM,metadata_not_joined,2007-02,2012-10
B000FJ2OTG,Product B000FJ2OTG,metadata_not_joined,2006-12,2013-01
B000FJ3I5U,Product B000FJ3I5U,metadata_not_joined,2006-12,2014-03
B000FJ4BRE,Product B000FJ4BRE,metadata_not_joined,2007-02,2013-04
B000FJ4IDG,Product B000FJ4IDG,metadata_not_joined,2009-03,2014-06
B000FJ4XP4,Product B000FJ4XP4,metadata_not_joined,2007-08,2014-07
B000FJ7E8W,Product B000FJ7E8W,metadata_not_joined,2007-01,2009-01
B000FJ89UO,Product B000FJ89UO,metadata_not_joined,2006-08,2014-06
B000FJ8OC2,Product B000FJ8OC2,metadata_not_joined,2007-09,2013-07
B000FJD5H6,Product B000FJD5H6,metadata_not_joined,2007-03,2009-12
B000FJD5IA,Product B000FJD5IA,metadata_not_joined,2006-07,2014-04
B000FJELQA,Product B000FJELQA,metadata_not_joined,2006-11,2007-12
B000FJEYYY,Product B000FJEYYY,metadata_not_joined,2006-12,2012-12
B000FJEYZ8,Product B000FJEYZ8,metadata_not_joined,2007-07,2010-05
B000FJEYZS,Product B000FJEYZS,metadata_not_joined,2006-05,2014-07
B000FJEZ0C,Product B000FJEZ0C,metadata_not_joined,2006-07,2012-12
B000FJJASO,Product B000FJJASO,metadata_not_joined,2007-07,2014-03
B000FJKJHU,Product B000FJKJHU,metadata_not_joined,2007-04,2014-02
B000FJMX4M,Product B000FJMX4M,metadata_not_joined,2007-10,2013-03
B000FJP0QU,Product B000FJP0QU,metadata_not_joined,2006-12,2010-12
B000FJQWJ4,Product B000FJQWJ4,metadata_not_joined,2007-05,2012-12
B000FJR1EY,Product B000FJR1EY,metadata_not_joined,2007-02,2014-04
B000FJRLNK,Product B000FJRLNK,metadata_not_joined,2007-03,2009-10
B000FJU8BC,Product B000FJU8BC,metadata_not_joined,2009-12,2014-01
B000FJUMW2,Product B000FJUMW2,metadata_not_joined,2007-01,2012-12
B000FJUMWC,Product B000FJUMWC,metadata_not_joined,2006-06,2013-08
B000FJXR5G,Product B000FJXR5G,metadata_not_joined,2007-03,2010-02
B000FK7C9C,Product B000FK7C9C,metadata_not_joined,2007-01,2013-07
B000FK859I,Product B000FK859I,metadata_not_joined,2007-04,2013-11
B000FKALWM,Product B000FKALWM,metadata_not_joined,2009-04,2014-03
B000FKDLN8,Product B000FKDLN8,metadata_not_joined,2006-11,2011-08
B000FKDML4,Product B000FKDML4,metadata_not_joined,2012-12,2014-06
B000FKDTSK,Product B000FKDTSK,metadata_not_joined,2006-12,2011-04
B000FKG3WY,Product B000FKG3WY,metadata_not_joined,2006-12,2014-04
B000FKIJUI,Product B000FKIJUI,metadata_not_joined,2006-10,2008-01
B000FKIQTM,Product B000FKIQTM,metadata_not_joined,2007-01,2010-01
B000FKKGA4,Product B000FKKGA4,metadata_not_joined,2007-01,2011-03
B000FKKO74,Product B000FKKO74,metadata_not_joined,2006-06,2011-04
B000FKKWVM,Product B000FKKWVM,metadata_not_joined,2006-11,2014-05
B000FKM3Q4,Product B000FKM3Q4,metadata_not_joined,2007-04,2010-05
B000FKMGD4,Product B000FKMGD4,metadata_not_joined,2008-05,2010-08
B000FKNZR0,Product B000FKNZR0,metadata_not_joined,2012-12,2014-05
B000FKP55K,Product B000FKP55K,metadata_not_joined,2009-06,2014-04
B000FKP55U,Product B000FKP55U,metadata_not_joined,2008-05,2013-07
B000FKP7MQ,Product B000FKP7MQ,metadata_not_joined,2011-08,2014-06
B000FKP7TY,Product B000FKP7TY,metadata_not_joined,2009-01,2014-07
B000FKQ5HM,Product B000FKQ5HM,metadata_not_joined,2007-11,2009-10
B000FKQ8LA,Product B000FKQ8LA,metadata_not_joined,2006-10,2013-09
B000FKQJ46,Product B000FKQJ46,metadata_not_joined,2009-10,2012-03
B000FKYQFA,Product B000FKYQFA,metadata_not_joined,2006-07,2014-06
B000FKZ32U,Product B000FKZ32U,metadata_not_joined,2006-08,2008-12
B000FL1X7I,Product B000FL1X7I,metadata_not_joined,2006-09,2011-01
B000FL2DRC,Product B000FL2DRC,metadata_not_joined,2007-03,2013-01
B000FL2EJE,Product B000FL2EJE,metadata_not_joined,2007-11,2014-06
B000FL5OIW,Product B000FL5OIW,metadata_not_joined,2008-11,2014-06
B000FL5Y2S,Product B000FL5Y2S,metadata_not_joined,2008-07,2011-10
B000FL60AI,Product B000FL60AI,metadata_not_joined,2010-01,2014-03
B000FL60QM,Product B000FL60QM,metadata_not_joined,2010-08,2014-06
B000FL8LZA,Product B000FL8LZA,metadata_not_joined,2009-06,2013-06
B000FL9E6K,Product B000FL9E6K,metadata_not_joined,2007-01,2014-07
B000FL9E6U,Product B000FL9E6U,metadata_not_joined,2007-01,2014-07
B000FLD01K,Product B000FLD01K,metadata_not_joined,2006-08,2008-12
B000FLNS76,Product B000FLNS76,metadata_not_joined,2006-09,2014-04
B000FLNU4C,Product B000FLNU4C,metadata_not_joined,2007-09,2012-11
B000FLNU4M,Product B000FLNU4M,metadata_not_joined,2007-03,2014-04
B000FLQWRO,Product B000FLQWRO,metadata_not_joined,2006-12,2013-03
B000FLRXKE,Product B000FLRXKE,metadata_not_joined,2007-01,2014-07
B000FLRXKO,Product B000FLRXKO,metadata_not_joined,2006-08,2013-05
B000FLS78Q,Product B000FLS78Q,metadata_not_joined,2007-02,2008-04
B000FLXTBQ,Product B000FLXTBQ,metadata_not_joined,2006-08,2008-02
B000FM0544,Product B000FM0544,metadata_not_joined,2007-10,2013-12
B000FMJLQC,Product B000FMJLQC,metadata_not_joined,2007-01,2014-07
B000FML9NA,Product B000FML9NA,metadata_not_joined,2006-07,2013-05
B000FMNBXG,Product B000FMNBXG,metadata_not_joined,2007-06,2013-12
B000FMPENQ,Product B000FMPENQ,metadata_not_joined,2009-12,2014-07
B000FMPGIY,Product B000FMPGIY,metadata_not_joined,2006-06,2012-08
B000FMPGJ8,Product B000FMPGJ8,metadata_not_joined,2006-10,2008-12
B000FMPGLQ,Product B000FMPGLQ,metadata_not_joined,2006-12,2013-12
B000FMPR0Q,Product B000FMPR0Q,metadata_not_joined,2009-08,2014-04
B000FMT6SA,Product B000FMT6SA,metadata_not_joined,2006-05,2006-12
B000FMTTN2,Product B000FMTTN2,metadata_not_joined,2006-11,2009-01
B000FMV1BK,Product B000FMV1BK,metadata_not_joined,2006-11,2012-05
B000FMV4TY,Product B000FMV4TY,metadata_not_joined,2008-02,2014-03
B000FMXKC8,Product B000FMXKC8,metadata_not_joined,2007-06,2014-07
B000FN8G0S,Product B000FN8G0S,metadata_not_joined,2009-07,2013-03
B000FN8ZPY,Product B000FN8ZPY,metadata_not_joined,2007-10,2014-01
B000FNBI5S,Product B000FNBI5S,metadata_not_joined,2007-01,2014-03
B000FNBYKW,Product B000FNBYKW,metadata_not_joined,2007-08,2014-06
B000FNC2IK,Product B000FNC2IK,metadata_not_joined,2006-11,2011-05
B000FNCVB8,Product B000FNCVB8,metadata_not_joined,2007-11,2012-04
B000FNDWLQ,Product B000FNDWLQ,metadata_not_joined,2008-03,2014-05
B000FNFSPY,Product B000FNFSPY,metadata_not_joined,2012-01,2014-07
B000FNGLSM,Product B000FNGLSM,metadata_not_joined,2006-09,2009-04
B000FNH1MC,Product B000FNH1MC,metadata_not_joined,2008-06,2014-07
B000FNKV2Y,Product B000FNKV2Y,metadata_not_joined,2010-05,2014-06
B000FNLPAQ,Product B000FNLPAQ,metadata_not_joined,2006-12,2013-03
B000FNPW96,Product B000FNPW96,metadata_not_joined,2006-10,2013-03
B000FO1WCQ,Product B000FO1WCQ,metadata_not_joined,2008-01,2013-05
B000FOA9MA,Product B000FOA9MA,metadata_not_joined,2006-10,2012-09
B000FOG8LQ,Product B000FOG8LQ,metadata_not_joined,2006-11,2009-07
B000FOGUTQ,Product B000FOGUTQ,metadata_not_joined,2007-05,2013-03
B000FOI2TW,Product B000FOI2TW,metadata_not_joined,2006-04,2014-03
B000FOL7Q2,Product B000FOL7Q2,metadata_not_joined,2006-11,2008-11
B000FOM68A,Product B000FOM68A,metadata_not_joined,2006-11,2014-07
B000FONSEQ,Product B000FONSEQ,metadata_not_joined,2006-11,2013-12
B000FOU0VU,Product B000FOU0VU,metadata_not_joined,2007-06,2013-01
B000FOUWNQ,Product B000FOUWNQ,metadata_not_joined,2013-04,2014-02
B000FOVTDS,Product B000FOVTDS,metadata_not_joined,2006-10,2007-02
B000FOYMKU,Product B000FOYMKU,metadata_not_joined,2007-06,2014-07
B000FP0K78,Product B000FP0K78,metadata_not_joined,2006-09,2010-04
B000FPCN1O,Product B000FPCN1O,metadata_not_joined,2009-10,2011-11
B000FPDKPM,Product B000FPDKPM,metadata_not_joined,2011-02,2014-06
B000FPE1D2,Product B000FPE1D2,metadata_not_joined,2008-02,2012-11
B000FPH3SM,Product B000FPH3SM,metadata_not_joined,2012-05,2014-07
B000FPIM9G,Product B000FPIM9G,metadata_not_joined,2007-01,2013-04
B000FPIUBQ,Product B000FPIUBQ,metadata_not_joined,2008-01,2014-07
B000FPIVLU,Product B000FPIVLU,metadata_not_joined,2006-06,2013-01
B000FPKNZC,Product B000FPKNZC,metadata_not_joined,2007-01,2013-02
B000FPKO0G,Product B000FPKO0G,metadata_not_joined,2006-08,2009-04
B000FPKOV0,Product B000FPKOV0,metadata_not_joined,2006-11,2010-08
B000FPLTW8,Product B000FPLTW8,metadata_not_joined,2007-03,2013-01
B000FPM5HQ,Product B000FPM5HQ,metadata_not_joined,2009-12,2013-01
B000FPM7JW,Product B000FPM7JW,metadata_not_joined,2007-01,2014-04
B000FPWRAQ,Product B000FPWRAQ,metadata_not_joined,2009-05,2014-05
B000FPXOJO,Product B000FPXOJO,metadata_not_joined,2009-08,2014-07
B000FQ245I,Product B000FQ245I,metadata_not_joined,2007-03,2014-03
B000FQ2JLW,Product B000FQ2JLW,metadata_not_joined,2007-04,2014-07
B000FQ76IS,Product B000FQ76IS,metadata_not_joined,2007-01,2011-03
B000FQ9MV2,Product B000FQ9MV2,metadata_not_joined,2012-10,2014-04
B000FQBJU4,Product B000FQBJU4,metadata_not_joined,2007-09,2012-09
B000FQCFUC,Product B000FQCFUC,metadata_not_joined,2006-11,2012-01
B000FR56IE,Product B000FR56IE,metadata_not_joined,2007-09,2010-04
B000FRDD5C,Product B000FRDD5C,metadata_not_joined,2007-04,2008-12
B000FREJQO,Product B000FREJQO,metadata_not_joined,2006-12,2008-01
B000FRTQ62,Product B000FRTQ62,metadata_not_joined,2006-09,2008-04
B000FRYFUY,Product B000FRYFUY,metadata_not_joined,2011-07,2014-04
B000FS01EW,Product B000FS01EW,metadata_not_joined,2008-10,2012-11
B000FS1UCY,Product B000FS1UCY,metadata_not_joined,2007-03,2013-05
B000FS5APW,Product B000FS5APW,metadata_not_joined,2008-05,2013-01
B000FSAADE,Product B000FSAADE,metadata_not_joined,2006-07,2011-08
B000FSAGYW,Product B000FSAGYW,metadata_not_joined,2008-01,2012-12
B000FSE0FI,Product B000FSE0FI,metadata_not_joined,2012-06,2013-09
B000FSILBM,Product B000FSILBM,metadata_not_joined,2008-01,2014-01
B000FSOZT4,Product B000FSOZT4,metadata_not_joined,2012-06,2013-11
B000FSQ858,Product B000FSQ858,metadata_not_joined,2007-12,2012-12
B000FSSPOK,Product B000FSSPOK,metadata_not_joined,2007-05,2013-12
B000FSTKO4,Product B000FSTKO4,metadata_not_joined,2009-01,2013-11
B000FT1BP4,Product B000FT1BP4,metadata_not_joined,2007-10,2011-12
B000FTADXK,Product B000FTADXK,metadata_not_joined,2010-08,2014-05
B000FTEEEY,Product B000FTEEEY,metadata_not_joined,2007-01,2009-01
B000FTGIQQ,Product B000FTGIQQ,metadata_not_joined,2007-12,2014-04
B000FTHDOW,Product B000FTHDOW,metadata_not_joined,2006-08,2013-12
B000FTHLGW,Product B000FTHLGW,metadata_not_joined,2007-02,2009-04
B000FTHR7U,Product B000FTHR7U,metadata_not_joined,2006-09,2014-06
B000FTLN02,Product B000FTLN02,metadata_not_joined,2006-08,2013-06
B000FTLOL0,Product B000FTLOL0,metadata_not_joined,2006-08,2011-12
B000FTLSR0,Product B000FTLSR0,metadata_not_joined,2006-08,2014-04
B000FTM4BO,Product B000FTM4BO,metadata_not_joined,2007-01,2014-03
B000FTTNIQ,Product B000FTTNIQ,metadata_not_joined,2006-06,2013-01
B000FTU77C,Product B000FTU77C,metadata_not_joined,2006-12,2013-12
B000FTYTWQ,Product B000FTYTWQ,metadata_not_joined,2007-07,2009-09
B000FTZ25E,Product B000FTZ25E,metadata_not_joined,2006-11,2010-06
B000FU0XAW,Product B000FU0XAW,metadata_not_joined,2008-01,2012-12
B000FU1ZMC,Product B000FU1ZMC,metadata_not_joined,2007-01,2013-12
B000FU2AMG,Product B000FU2AMG,metadata_not_joined,2008-03,2014-07
B000FU4ZM4,Product B000FU4ZM4,metadata_not_joined,2007-01,2009-11
B000FU6MH0,Product B000FU6MH0,metadata_not_joined,2010-02,2014-06
B000FU7YX6,Product B000FU7YX6,metadata_not_joined,2006-10,2013-02
B000FUKGCW,Product B000FUKGCW,metadata_not_joined,2007-06,2011-05
B000FUL5VI,Product B000FUL5VI,metadata_not_joined,2007-01,2012-06
B000FUO1BY,Product B000FUO1BY,metadata_not_joined,2008-01,2014-03
B000FUOO3E,Product B000FUOO3E,metadata_not_joined,2007-01,2010-07
B000FUOSF8,Product B000FUOSF8,metadata_not_joined,2007-02,2014-07
B000FUVNX8,Product B000FUVNX8,metadata_not_joined,2010-03,2014-06
B000FV8P24,Product B000FV8P24,metadata_not_joined,2007-09,2014-07
B000FV8SLW,Product B000FV8SLW,metadata_not_joined,2007-03,2014-03
B000FVCOGC,Product B000FVCOGC,metadata_not_joined,2006-08,2011-09
B000FVCOGW,Product B000FVCOGW,metadata_not_joined,2006-08,2012-04
B000FVDD30,Product B000FVDD30,metadata_not_joined,2007-12,2014-07
B000FVGM38,Product B000FVGM38,metadata_not_joined,2007-05,2014-07
B000FVIHY0,Product B000FVIHY0,metadata_not_joined,2007-10,2014-03
B000FVNWRC,Product B000FVNWRC,metadata_not_joined,2006-12,2014-03
B000FVTPF0,Product B000FVTPF0,metadata_not_joined,2007-09,2013-04
B000FVTPX2,Product B000FVTPX2,metadata_not_joined,2007-11,2014-07
B000FVUZYA,Product B000FVUZYA,metadata_not_joined,2006-06,2013-07
B000FVVKQM,Product B000FVVKQM,metadata_not_joined,2007-06,2014-06
B000FVXZ2E,Product B000FVXZ2E,metadata_not_joined,2007-06,2011-04
B000FVZ1G2,Product B000FVZ1G2,metadata_not_joined,2008-03,2013-08
B000FVZC66,Product B000FVZC66,metadata_not_joined,2006-09,2014-03
B000FVZKV8,Product B000FVZKV8,metadata_not_joined,2007-02,2014-06
B000FW1X4K,Product B000FW1X4K,metadata_not_joined,2007-11,2014-07
B000FW52H4,Product B000FW52H4,metadata_not_joined,2008-10,2011-12
B000FW60FW,Product B000FW60FW,metadata_not_joined,2007-02,2014-06
B000FW62GY,Product B000FW62GY,metadata_not_joined,2006-11,2013-10
B000FYZ33A,Product B000FYZ33A,metadata_not_joined,2008-06,2014-01
B000FYZ9XO,Product B000FYZ9XO,metadata_not_joined,2008-01,2014-04
B000FYZARY,Product B000FYZARY,metadata_not_joined,2008-03,2014-07
B000FYZQSW,Product B000FYZQSW,metadata_not_joined,2006-07,2010-05
B000FZ1FRC,Product B000FZ1FRC,metadata_not_joined,2009-02,2014-04
B000FZ1X1K,Product B000FZ1X1K,metadata_not_joined,2006-07,2011-01
B000FZ1YSW,Product B000FZ1YSW,metadata_not_joined,2008-06,2014-07
B000FZ20L2,Product B000FZ20L2,metadata_not_joined,2009-09,2013-09
B000FZ2VXY,Product B000FZ2VXY,metadata_not_joined,2008-06,2014-06
B000FZ33AE,Product B000FZ33AE,metadata_not_joined,2008-12,2014-02
B000FZ4WAY,Product B000FZ4WAY,metadata_not_joined,2006-11,2009-04
B000FZRG5M,Product B000FZRG5M,metadata_not_joined,2012-01,2014-04
B000FZVTSW,Product B000FZVTSW,metadata_not_joined,2007-04,2014-06
B000FZX9I0,Product B000FZX9I0,metadata_not_joined,2007-01,2013-01
B000FZXHGO,Product B000FZXHGO,metadata_not_joined,2007-01,2012-04
B000FZZ8CA,Product B000FZZ8CA,metadata_not_joined,2008-03,2014-03
B000G0134G,Product B000G0134G,metadata_not_joined,2007-01,2009-06
B000G09WGW,Product B000G09WGW,metadata_not_joined,2007-07,2014-06
B000G0EKDC,Product B000G0EKDC,metadata_not_joined,2008-02,2013-12
B000G0JD0C,Product B000G0JD0C,metadata_not_joined,2007-06,2010-11
B000G0JKHS,Product B000G0JKHS,metadata_not_joined,2007-07,2013-02
B000G0LHCO,Product B000G0LHCO,metadata_not_joined,2008-04,2013-08
B000G0LKW6,Product B000G0LKW6,metadata_not_joined,2008-09,2014-01
B000G0LL48,Product B000G0LL48,metadata_not_joined,2007-07,2010-08
B000G143P6,Product B000G143P6,metadata_not_joined,2006-10,2012-12
B000G18DR0,Product B000G18DR0,metadata_not_joined,2006-07,2014-01
B000G18DRA,Product B000G18DRA,metadata_not_joined,2006-12,2009-02
B000G18DRU,Product B000G18DRU,metadata_not_joined,2007-02,2010-07
B000G18NRA,Product B000G18NRA,metadata_not_joined,2007-07,2013-01
B000G1D8HU,Product B000G1D8HU,metadata_not_joined,2006-12,2013-06
B000G1E59U,Product B000G1E59U,metadata_not_joined,2008-09,2013-04
B000G1ENQA,Product B000G1ENQA,metadata_not_joined,2011-05,2014-05
B000G1EWZ2,Product B000G1EWZ2,metadata_not_joined,2007-05,2014-02
B000G1KO7C,Product B000G1KO7C,metadata_not_joined,2006-12,2013-03
B000G1NWYO,Product B000G1NWYO,metadata_not_joined,2008-11,2011-12
B000G1O7DE,Product B000G1O7DE,metadata_not_joined,2006-09,2013-06
B000G1Q9GW,Product B000G1Q9GW,metadata_not_joined,2006-07,2009-02
B000G1WL32,Product B000G1WL32,metadata_not_joined,2006-12,2013-12
B000G1YX56,Product B000G1YX56,metadata_not_joined,2007-02,2010-04
B000G20YW6,Product B000G20YW6,metadata_not_joined,2008-02,2013-08
B000G27E3I,Product B000G27E3I,metadata_not_joined,2006-11,2013-12
B000G29FX0,Product B000G29FX0,metadata_not_joined,2007-09,2013-12
B000G2BDZ8,Product B000G2BDZ8,metadata_not_joined,2006-10,2007-10
B000G2BGFK,Product B000G2BGFK,metadata_not_joined,2006-09,2012-11
B000G2EUP8,Product B000G2EUP8,metadata_not_joined,2007-09,2013-11
B000G31SPW,Product B000G31SPW,metadata_not_joined,2007-01,2013-05
B000G31SR0,Product B000G31SR0,metadata_not_joined,2009-02,2013-06
B000G31SRU,Product B000G31SRU,metadata_not_joined,2006-12,2014-02
B000G35RYK,Product B000G35RYK,metadata_not_joined,2007-02,2013-08
B000G35S08,Product B000G35S08,metadata_not_joined,2007-01,2013-06
B000G36GO0,Product B000G36GO0,metadata_not_joined,2006-12,2013-10
B000G36GOA,Product B000G36GOA,metadata_not_joined,2008-04,2014-06
B000G36GOK,Product B000G36GOK,metadata_not_joined,2007-04,2013-06
B000G36GOU,Product B000G36GOU,metadata_not_joined,2006-08,2014-07
B000G3FNVM,Product B000G3FNVM,metadata_not_joined,2007-02,2014-05
B000G3KLPA,Product B000G3KLPA,metadata_not_joined,2006-10,2014-02
B000G4LW0M,Product B000G4LW0M,metadata_not_joined,2007-08,2012-12
B000G5S4JI,Product B000G5S4JI,metadata_not_joined,2008-07,2014-06
B000G5YO9W,Product B000G5YO9W,metadata_not_joined,2008-06,2013-07
B000G61X5O,Product B000G61X5O,metadata_not_joined,2007-08,2012-12
B000G62F88,Product B000G62F88,metadata_not_joined,2007-09,2010-09
B000G644IM,Product B000G644IM,metadata_not_joined,2006-12,2009-01
B000G65R60,Product B000G65R60,metadata_not_joined,2008-11,2014-06
B000G6JOP0,Product B000G6JOP0,metadata_not_joined,2007-03,2013-06
B000G6M916,Product B000G6M916,metadata_not_joined,2008-03,2014-06
B000G6M91G,Product B000G6M91G,metadata_not_joined,2006-09,2014-05
B000G6OM3O,Product B000G6OM3O,metadata_not_joined,2006-08,2007-11
B000G6RVSW,Product B000G6RVSW,metadata_not_joined,2009-08,2014-05
B000G6S8WU,Product B000G6S8WU,metadata_not_joined,2006-09,2007-01
B000G6T3PG,Product B000G6T3PG,metadata_not_joined,2006-06,2008-01
B000G6TUOU,Product B000G6TUOU,metadata_not_joined,2007-04,2014-07
B000G6TZU4,Product B000G6TZU4,metadata_not_joined,2006-08,2008-01
B000G6U2W4,Product B000G6U2W4,metadata_not_joined,2009-04,2014-04
B000G6U4TU,Product B000G6U4TU,metadata_not_joined,2007-03,2008-11
B000G6U5JO,Product B000G6U5JO,metadata_not_joined,2008-10,2010-03
B000G6U8VY,Product B000G6U8VY,metadata_not_joined,2009-02,2014-07
B000G6UXG4,Product B000G6UXG4,metadata_not_joined,2011-11,2014-07
B000G6VFNE,Product B000G6VFNE,metadata_not_joined,2006-08,2013-08
B000G6VV2E,Product B000G6VV2E,metadata_not_joined,2009-04,2013-11
B000G6XY42,Product B000G6XY42,metadata_not_joined,2008-06,2014-02
B000G6ZOKE,Product B000G6ZOKE,metadata_not_joined,2010-11,2013-08
B000G6ZWOC,Product B000G6ZWOC,metadata_not_joined,2007-04,2009-11
B000G702RI,Product B000G702RI,metadata_not_joined,2007-08,2009-04
B000G70I36,Product B000G70I36,metadata_not_joined,2008-11,2014-06
B000G70LZQ,Product B000G70LZQ,metadata_not_joined,2010-05,2012-12
B000G7PLCY,Product B000G7PLCY,metadata_not_joined,2009-01,2014-07
B000G7U9QM,Product B000G7U9QM,metadata_not_joined,2013-02,2014-04
B000G7WYZG,Product B000G7WYZG,metadata_not_joined,2008-09,2014-05
B000G7WZ96,Product B000G7WZ96,metadata_not_joined,2010-04,2013-01
B000G7WZMI,Product B000G7WZMI,metadata_not_joined,2008-07,2012-01
B000G7WZQY,Product B000G7WZQY,metadata_not_joined,2006-09,2014-02
B000G7YQ66,Product B000G7YQ66,metadata_not_joined,2008-04,2011-11
B000G80THA,Product B000G80THA,metadata_not_joined,2007-07,2014-01
B000G80TZW,Product B000G80TZW,metadata_not_joined,2007-08,2014-01
B000G81EYW,Product B000G81EYW,metadata_not_joined,2007-01,2007-07
B000G82JZK,Product B000G82JZK,metadata_not_joined,2010-07,2013-12
B000G82K3G,Product B000G82K3G,metadata_not_joined,2010-05,2014-03
B000G835DA,Product B000G835DA,metadata_not_joined,2006-11,2012-03
B000GA7048,Product B000GA7048,metadata_not_joined,2007-11,2009-08
B000GA73BS,Product B000GA73BS,metadata_not_joined,2012-05,2014-04
B000GAAP8Q,Product B000GAAP8Q,metadata_not_joined,2006-09,2013-12
B000GAB350,Product B000GAB350,metadata_not_joined,2007-01,2013-08
B000GABCY2,Product B000GABCY2,metadata_not_joined,2006-08,2014-01
B000GABVOS,Product B000GABVOS,metadata_not_joined,2006-12,2010-07
B000GAMMBO,Product B000GAMMBO,metadata_not_joined,2006-08,2011-05
B000GAOFGO,Product B000GAOFGO,metadata_not_joined,2009-04,2011-03
B000GAS3A8,Product B000GAS3A8,metadata_not_joined,2011-11,2014-07
B000GAS3K8,Product B000GAS3K8,metadata_not_joined,2006-07,2014-02
B000GAUZFO,Product B000GAUZFO,metadata_not_joined,2006-07,2009-01
B000GAUZG8,Product B000GAUZG8,metadata_not_joined,2011-09,2014-04
B000GAVT5E,Product B000GAVT5E,metadata_not_joined,2011-09,2013-11
B000GAY5IM,Product B000GAY5IM,metadata_not_joined,2007-08,2012-11
B000GAYXV6,Product B000GAYXV6,metadata_not_joined,2011-07,2014-01
B000GB0N14,Product B000GB0N14,metadata_not_joined,2009-04,2014-02
B000GBBSUE,Product B000GBBSUE,metadata_not_joined,2007-05,2013-05
B000GBCYF2,Product B000GBCYF2,metadata_not_joined,2007-02,2014-04
B000GBERAM,Product B000GBERAM,metadata_not_joined,2008-04,2014-01
B000GBGPAW,Product B000GBGPAW,metadata_not_joined,2007-01,2013-01
B000GBN42E,Product B000GBN42E,metadata_not_joined,2007-05,2014-01
B000GBO9IM,Product B000GBO9IM,metadata_not_joined,2007-01,2014-03
B000GBQ3T0,Product B000GBQ3T0,metadata_not_joined,2007-09,2012-04
B000GBTTG4,Product B000GBTTG4,metadata_not_joined,2007-02,2012-12
B000GBVA34,Product B000GBVA34,metadata_not_joined,2006-12,2013-07
B000GBYVPI,Product B000GBYVPI,metadata_not_joined,2007-01,2010-09
B000GC2DDE,Product B000GC2DDE,metadata_not_joined,2007-09,2011-07
B000GC4LFM,Product B000GC4LFM,metadata_not_joined,2009-09,2014-06
B000GC57E6,Product B000GC57E6,metadata_not_joined,2007-11,2012-01
B000GC98H8,Product B000GC98H8,metadata_not_joined,2006-12,2013-06
B000GCARGO,Product B000GCARGO,metadata_not_joined,2007-12,2013-12
B000GCBOEI,Product B000GCBOEI,metadata_not_joined,2007-03,2011-01
B000GD3J3G,Product B000GD3J3G,metadata_not_joined,2007-02,2014-05
B000GDAY6Q,Product B000GDAY6Q,metadata_not_joined,2006-12,2014-06
B000GDEZLG,Product B000GDEZLG,metadata_not_joined,2006-12,2008-01
B000GDEZLQ,Product B000GDEZLQ,metadata_not_joined,2006-10,2013-12
B000GDI2EC,Product B000GDI2EC,metadata_not_joined,2012-01,2014-03
B000GDP9XY,Product B000GDP9XY,metadata_not_joined,2007-11,2013-08
B000GDXNAK,Product B000GDXNAK,metadata_not_joined,2007-02,2014-06
B000GE0CUS,Product B000GE0CUS,metadata_not_joined,2007-04,2009-10
B000GE1QBM,Product B000GE1QBM,metadata_not_joined,2006-11,2009-07
B000GE404C,Product B000GE404C,metadata_not_joined,2010-10,2013-10
B000GE64VE,Product B000GE64VE,metadata_not_joined,2010-12,2014-03
B000GE7E6S,Product B000GE7E6S,metadata_not_joined,2010-03,2014-06
B000GE7P7G,Product B000GE7P7G,metadata_not_joined,2012-10,2014-06
B000GE8MF0,Product B000GE8MF0,metadata_not_joined,2007-09,2012-12
B000GE9QXC,Product B000GE9QXC,metadata_not_joined,2012-12,2014-01
B000GE9XQ2,Product B000GE9XQ2,metadata_not_joined,2006-12,2014-06
B000GE9Z9M,Product B000GE9Z9M,metadata_not_joined,2006-08,2013-11
B000GEA5QO,Product B000GEA5QO,metadata_not_joined,2007-01,2009-07
B000GEAD8O,Product B000GEAD8O,metadata_not_joined,2009-04,2014-04
B000GEB6L2,Product B000GEB6L2,metadata_not_joined,2009-09,2013-02
B000GEBEDM,Product B000GEBEDM,metadata_not_joined,2011-06,2014-02
B000GEDLBU,Product B000GEDLBU,metadata_not_joined,2011-10,2014-07
B000GEDMNW,Product B000GEDMNW,metadata_not_joined,2006-11,2013-01
B000GEKCWG,Product B000GEKCWG,metadata_not_joined,2006-09,2013-07
B000GEQ0HW,Product B000GEQ0HW,metadata_not_joined,2006-08,2008-06
B000GF2J76,Product B000GF2J76,metadata_not_joined,2006-07,2007-01
B000GF3TYI,Product B000GF3TYI,metadata_not_joined,2006-10,2009-06
B000GFHHWI,Product B000GFHHWI,metadata_not_joined,2012-06,2014-05
B000GFHJUS,Product B000GFHJUS,metadata_not_joined,2008-08,2014-05
B000GFIDLC,Product B000GFIDLC,metadata_not_joined,2008-10,2013-07
B000GFJMS0,Product B000GFJMS0,metadata_not_joined,2011-09,2014-07
B000GFK81K,Product B000GFK81K,metadata_not_joined,2012-05,2014-05
B000GFPTQY,Product B000GFPTQY,metadata_not_joined,2007-10,2014-07
B000GFV008,Product B000GFV008,metadata_not_joined,2008-04,2010-12
B000GFWFY8,Product B000GFWFY8,metadata_not_joined,2006-10,2011-11
B000GFWFZ2,Product B000GFWFZ2,metadata_not_joined,2007-02,2014-07
B000GFWVCE,Product B000GFWVCE,metadata_not_joined,2006-09,2009-03
B000GFZTQO,Product B000GFZTQO,metadata_not_joined,2006-10,2010-12
B000GG5LUW,Product B000GG5LUW,metadata_not_joined,2007-03,2014-02
B000GG5LWA,Product B000GG5LWA,metadata_not_joined,2009-05,2013-08
B000GG6GD8,Product B000GG6GD8,metadata_not_joined,2008-01,2013-07
B000GG8M6C,Product B000GG8M6C,metadata_not_joined,2008-12,2013-09
B000GGCHUO,Product B000GGCHUO,metadata_not_joined,2008-02,2014-05
B000GGKOG8,Product B000GGKOG8,metadata_not_joined,2008-04,2014-06
B000GGMJ5W,Product B000GGMJ5W,metadata_not_joined,2006-08,2011-05
B000GGOKN6,Product B000GGOKN6,metadata_not_joined,2008-11,2014-03
B000GGOKXG,Product B000GGOKXG,metadata_not_joined,2006-09,2014-07
B000GGQ2ZU,Product B000GGQ2ZU,metadata_not_joined,2006-11,2014-04
B000GGQCIM,Product B000GGQCIM,metadata_not_joined,2006-12,2013-11
B000GGTIKG,Product B000GGTIKG,metadata_not_joined,2009-08,2014-05
B000GGU09O,Product B000GGU09O,metadata_not_joined,2007-07,2014-03
B000GGWFUQ,Product B000GGWFUQ,metadata_not_joined,2007-09,2011-01
B000GGY8VU,Product B000GGY8VU,metadata_not_joined,2008-12,2011-06
B000GGY8W4,Product B000GGY8W4,metadata_not_joined,2008-04,2010-05
B000GHD73Y,Product B000GHD73Y,metadata_not_joined,2008-09,2014-06
B000GHDPHC,Product B000GHDPHC,metadata_not_joined,2006-08,2010-11
B000GHDQO4,Product B000GHDQO4,metadata_not_joined,2010-07,2013-08
B000GHED96,Product B000GHED96,metadata_not_joined,2007-08,2014-03
B000GHED9G,Product B000GHED9G,metadata_not_joined,2007-05,2013-05
B000GHEDHS,Product B000GHEDHS,metadata_not_joined,2008-01,2014-06
B000GHGFX8,Product B000GHGFX8,metadata_not_joined,2010-03,2014-07
B000GHHLZ4,Product B000GHHLZ4,metadata_not_joined,2007-11,2014-07
B000GHI7U2,Product B000GHI7U2,metadata_not_joined,2007-05,2013-09
B000GHIBC6,Product B000GHIBC6,metadata_not_joined,2010-11,2014-04
B000GHK6MY,Product B000GHK6MY,metadata_not_joined,2008-07,2012-11
B000GHTGES,Product B000GHTGES,metadata_not_joined,2006-08,2014-03
B000GHTHK6,Product B000GHTHK6,metadata_not_joined,2006-09,2010-02
B000GHUIF4,Product B000GHUIF4,metadata_not_joined,2009-02,2014-05
B000GHULTM,Product B000GHULTM,metadata_not_joined,2006-10,2011-12
B000GHVZO2,Product B000GHVZO2,metadata_not_joined,2007-05,2010-03
B000GHVZOM,Product B000GHVZOM,metadata_not_joined,2006-11,2011-12
B000GHVZQA,Product B000GHVZQA,metadata_not_joined,2006-10,2012-02
B000GHXMO8,Product B000GHXMO8,metadata_not_joined,2007-04,2014-02
B000GHXTA0,Product B000GHXTA0,metadata_not_joined,2008-08,2014-07
B000GHXTBO,Product B000GHXTBO,metadata_not_joined,2009-02,2014-07
B000GHXWS4,Product B000GHXWS4,metadata_not_joined,2006-09,2010-10
B000GI0PGK,Product B000GI0PGK,metadata_not_joined,2009-02,2012-01
B000GIP98Y,Product B000GIP98Y,metadata_not_joined,2012-04,2013-05
B000GIPHNG,Product B000GIPHNG,metadata_not_joined,2006-12,2011-03
B000GIPHNQ,Product B000GIPHNQ,metadata_not_joined,2006-08,2012-04
B000GIQR12,Product B000GIQR12,metadata_not_joined,2006-10,2010-03
B000GISJOU,Product B000GISJOU,metadata_not_joined,2007-03,2009-09
B000GISUAS,Product B000GISUAS,metadata_not_joined,2006-09,2010-11
B000GIT002,Product B000GIT002,metadata_not_joined,2007-12,2014-07
B000GIT00C,Product B000GIT00C,metadata_not_joined,2013-02,2014-07
B000GIUH9A,Product B000GIUH9A,metadata_not_joined,2008-10,2011-07
B000GIUPLU,Product B000GIUPLU,metadata_not_joined,2006-10,2010-03
B000GJ5IPM,Product B000GJ5IPM,metadata_not_joined,2007-05,2009-01
B000GJD2NM,Product B000GJD2NM,metadata_not_joined,2007-09,2011-10
B000GJF76W,Product B000GJF76W,metadata_not_joined,2006-09,2014-01
B000GJJMSG,Product B000GJJMSG,metadata_not_joined,2006-11,2013-03
B000GJMUS0,Product B000GJMUS0,metadata_not_joined,2008-01,2013-11
B000GJOUGK,Product B000GJOUGK,metadata_not_joined,2006-07,2008-01
B000GJS4EE,Product B000GJS4EE,metadata_not_joined,2006-12,2007-09
B000GJTQ00,Product B000GJTQ00,metadata_not_joined,2010-02,2012-10
B000GJXCAA,Product B000GJXCAA,metadata_not_joined,2008-01,2011-07
B000GJYPEC,Product B000GJYPEC,metadata_not_joined,2007-10,2014-01
B000GK0144,Product B000GK0144,metadata_not_joined,2009-01,2013-04
B000GK8LJG,Product B000GK8LJG,metadata_not_joined,2007-01,2008-12
B000GK8LVE,Product B000GK8LVE,metadata_not_joined,2006-12,2014-07
B000GKD5PQ,Product B000GKD5PQ,metadata_not_joined,2006-12,2014-07
B000GKDPVA,Product B000GKDPVA,metadata_not_joined,2006-12,2011-08
B000GKETH4,Product B000GKETH4,metadata_not_joined,2007-01,2013-06
B000GKLGX4,Product B000GKLGX4,metadata_not_joined,2008-06,2012-04
B000GKQL70,Product B000GKQL70,metadata_not_joined,2007-02,2009-02
B000GL3MOY,Product B000GL3MOY,metadata_not_joined,2011-04,2014-07
B000GL3U0U,Product B000GL3U0U,metadata_not_joined,2007-01,2013-11
B000GLHDBC,Product B000GLHDBC,metadata_not_joined,2010-03,2014-05
B000GLHDH6,Product B000GLHDH6,metadata_not_joined,2008-03,2014-06
B000GLHQ14,Product B000GLHQ14,metadata_not_joined,2007-01,2012-12
B000GLIIFW,Product B000GLIIFW,metadata_not_joined,2007-10,2014-04
B000GLK95Y,Product B000GLK95Y,metadata_not_joined,2007-09,2009-03
B000GLK9L8,Product B000GLK9L8,metadata_not_joined,2007-11,2013-01
B000GLPQW0,Product B000GLPQW0,metadata_not_joined,2007-06,2011-02
B000GLQZJI,Product B000GLQZJI,metadata_not_joined,2008-05,2014-04
B000GM7F6O,Product B000GM7F6O,metadata_not_joined,2007-01,2010-08
B000GOUE3S,Product B000GOUE3S,metadata_not_joined,2007-04,2009-02
B000GOUE7O,Product B000GOUE7O,metadata_not_joined,2006-10,2014-07
B000GOUE7Y,Product B000GOUE7Y,metadata_not_joined,2006-12,2013-08
B000GP4G1I,Product B000GP4G1I,metadata_not_joined,2006-09,2013-09
B000GP5F04,Product B000GP5F04,metadata_not_joined,2006-07,2011-03
B000GP845M,Product B000GP845M,metadata_not_joined,2006-10,2013-01
B000GPHQWO,Product B000GPHQWO,metadata_not_joined,2007-01,2014-04
B000GPOCV2,Product B000GPOCV2,metadata_not_joined,2007-08,2009-02
B000GPPP2W,Product B000GPPP2W,metadata_not_joined,2008-08,2012-09
B000GPVN32,Product B000GPVN32,metadata_not_joined,2009-04,2011-11
B000GPZKXG,Product B000GPZKXG,metadata_not_joined,2007-04,2010-10
B000GQ9LM6,Product B000GQ9LM6,metadata_not_joined,2006-10,2007-09
B000GQMHBI,Product B000GQMHBI,metadata_not_joined,2008-08,2014-07
B000GQU5ZS,Product B000GQU5ZS,metadata_not_joined,2007-02,2013-08
B000GQXDY8,Product B000GQXDY8,metadata_not_joined,2007-04,2013-11
B000GQXFUK,Product B000GQXFUK,metadata_not_joined,2006-09,2014-05
B000GR1CBI,Product B000GR1CBI,metadata_not_joined,2007-01,2013-01
B000GR1GLO,Product B000GR1GLO,metadata_not_joined,2007-02,2014-01
B000GR3XYM,Product B000GR3XYM,metadata_not_joined,2007-04,2014-05
B000GRHP4G,Product B000GRHP4G,metadata_not_joined,2007-11,2014-05
B000GRPWEQ,Product B000GRPWEQ,metadata_not_joined,2008-04,2010-03
B000GS2QX0,Product B000GS2QX0,metadata_not_joined,2013-01,2013-12
B000GSM4N2,Product B000GSM4N2,metadata_not_joined,2006-12,2012-07
B000GSO73M,Product B000GSO73M,metadata_not_joined,2006-10,2007-04
B000GSQDPM,Product B000GSQDPM,metadata_not_joined,2007-03,2007-11
B000GSVPLO,Product B000GSVPLO,metadata_not_joined,2008-06,2014-02
B000GT47I6,Product B000GT47I6,metadata_not_joined,2006-09,2013-10
B000GT49AC,Product B000GT49AC,metadata_not_joined,2006-10,2007-02
B000GT4BCI,Product B000GT4BCI,metadata_not_joined,2006-11,2011-01
B000GT5FK0,Product B000GT5FK0,metadata_not_joined,2006-07,2010-02
B000GT90QA,Product B000GT90QA,metadata_not_joined,2006-12,2010-06
B000GTBDBA,Product B000GTBDBA,metadata_not_joined,2007-02,2013-05
B000GTBOR8,Product B000GTBOR8,metadata_not_joined,2007-10,2013-12
B000GTC04E,Product B000GTC04E,metadata_not_joined,2011-12,2013-11
B000GTRBQQ,Product B000GTRBQQ,metadata_not_joined,2008-10,2014-06
B000GU77SC,Product B000GU77SC,metadata_not_joined,2011-05,2013-10
B000GU781I,Product B000GU781I,metadata_not_joined,2006-03,2009-11
B000GU78Z4,Product B000GU78Z4,metadata_not_joined,2007-04,2014-07
B000GU88CQ,Product B000GU88CQ,metadata_not_joined,2007-03,2014-05
B000GU8B28,Product B000GU8B28,metadata_not_joined,2008-05,2014-04
B000GU9I6Q,Product B000GU9I6Q,metadata_not_joined,2009-01,2014-05
B000GUFOBO,Product B000GUFOBO,metadata_not_joined,2008-07,2014-01
B000GUFOC8,Product B000GUFOC8,metadata_not_joined,2008-01,2014-01
B000GUHOYE,Product B000GUHOYE,metadata_not_joined,2012-08,2014-01
B000GUKTDM,Product B000GUKTDM,metadata_not_joined,2007-09,2014-06
B000GUKWMU,Product B000GUKWMU,metadata_not_joined,2007-01,2010-06
B000GUNDIA,Product B000GUNDIA,metadata_not_joined,2007-01,2012-12
B000GUSQJG,Product B000GUSQJG,metadata_not_joined,2007-12,2014-07
B000GUTMPI,Product B000GUTMPI,metadata_not_joined,2010-02,2014-02
B000GVIOPQ,Product B000GVIOPQ,metadata_not_joined,2009-02,2011-12
B000GVJV1C,Product B000GVJV1C,metadata_not_joined,2006-11,2007-12
B000GVL34U,Product B000GVL34U,metadata_not_joined,2007-07,2012-12
B000GVTX6U,Product B000GVTX6U,metadata_not_joined,2007-01,2013-11
B000GW5J58,Product B000GW5J58,metadata_not_joined,2006-09,2013-06
B000GW81BM,Product B000GW81BM,metadata_not_joined,2006-11,2014-03
B000GWEBMU,Product B000GWEBMU,metadata_not_joined,2008-01,2011-03
B000GWGHOK,Product B000GWGHOK,metadata_not_joined,2008-01,2012-02
B000GWLL0K,Product B000GWLL0K,metadata_not_joined,2006-11,2013-05
B000GWM9I8,Product B000GWM9I8,metadata_not_joined,2008-08,2011-11
B000GWTDL4,Product B000GWTDL4,metadata_not_joined,2008-12,2013-04
B000GX31G6,Product B000GX31G6,metadata_not_joined,2008-02,2013-12
B000GX43E0,Product B000GX43E0,metadata_not_joined,2006-12,2007-09
B000GX484U,Product B000GX484U,metadata_not_joined,2007-11,2014-07
B000GXBBL8,Product B000GXBBL8,metadata_not_joined,2006-10,2008-01
B000GYI76Y,Product B000GYI76Y,metadata_not_joined,2009-03,2013-09
B000GYU7NA,Product B000GYU7NA,metadata_not_joined,2010-05,2014-07
B000GYU9IS,Product B000GYU9IS,metadata_not_joined,2007-01,2014-06
B000GYW936,Product B000GYW936,metadata_not_joined,2007-08,2013-05
B000GZ09YQ,Product B000GZ09YQ,metadata_not_joined,2007-03,2010-11
B000GZ6ZQC,Product B000GZ6ZQC,metadata_not_joined,2010-08,2014-03
B000GZ6ZQW,Product B000GZ6ZQW,metadata_not_joined,2009-08,2014-07
B000GZSGMI,Product B000GZSGMI,metadata_not_joined,2007-08,2013-11
B000GZSMTU,Product B000GZSMTU,metadata_not_joined,2008-05,2014-06
B000GZUN9W,Product B000GZUN9W,metadata_not_joined,2006-09,2012-01
B000GZYMHG,Product B000GZYMHG,metadata_not_joined,2006-09,2010-11
B000GZYU4G,Product B000GZYU4G,metadata_not_joined,2009-07,2013-01
B000H02B6O,Product B000H02B6O,metadata_not_joined,2011-03,2014-07
B000H0338Y,Product B000H0338Y,metadata_not_joined,2007-10,2014-04
B000H09RFM,Product B000H09RFM,metadata_not_joined,2007-11,2014-03
B000H0H04C,Product B000H0H04C,metadata_not_joined,2007-01,2014-03
B000H0IDUW,Product B000H0IDUW,metadata_not_joined,2007-06,2012-05
B000H0IF2S,Product B000H0IF2S,metadata_not_joined,2006-11,2013-06
B000H0IKA0,Product B000H0IKA0,metadata_not_joined,2007-04,2008-05
B000H0K8VY,Product B000H0K8VY,metadata_not_joined,2008-08,2014-04
B000H0ODME,Product B000H0ODME,metadata_not_joined,2009-03,2009-10
B000H0QIDG,Product B000H0QIDG,metadata_not_joined,2007-11,2013-03
B000H0QIRC,Product B000H0QIRC,metadata_not_joined,2008-01,2013-07
B000H0UUV2,Product B000H0UUV2,metadata_not_joined,2007-05,2010-01
B000H11RUY,Product B000H11RUY,metadata_not_joined,2006-09,2007-10
B000H12IAC,Product B000H12IAC,metadata_not_joined,2007-03,2014-07
B000H12VI6,Product B000H12VI6,metadata_not_joined,2007-01,2014-06
B000H13L4Y,Product B000H13L4Y,metadata_not_joined,2007-01,2007-06
B000H14IDC,Product B000H14IDC,metadata_not_joined,2006-12,2011-11
B000H17ZZU,Product B000H17ZZU,metadata_not_joined,2011-06,2013-04
B000H2486S,Product B000H2486S,metadata_not_joined,2010-06,2014-03
B000H2CHHK,Product B000H2CHHK,metadata_not_joined,2008-11,2013-12
B000H2E20U,Product B000H2E20U,metadata_not_joined,2010-10,2012-03
B000H2FTI4,Product B000H2FTI4,metadata_not_joined,2010-01,2014-07
B000H2HVLC,Product B000H2HVLC,metadata_not_joined,2007-02,2013-01
B000H2VGHM,Product B000H2VGHM,metadata_not_joined,2010-08,2014-03
B000H2W4E6,Product B000H2W4E6,metadata_not_joined,2006-12,2013-08
B000H2WIUQ,Product B000H2WIUQ,metadata_not_joined,2011-05,2014-05
B000H312RK,Product B000H312RK,metadata_not_joined,2006-09,2012-04
B000H35G1S,Product B000H35G1S,metadata_not_joined,2010-08,2014-03
B000H3AW94,Product B000H3AW94,metadata_not_joined,2007-04,2010-01
B000H3B6EO,Product B000H3B6EO,metadata_not_joined,2007-06,2014-05
B000H3GGJE,Product B000H3GGJE,metadata_not_joined,2008-12,2014-01
B000H3ORU4,Product B000H3ORU4,metadata_not_joined,2007-02,2009-08
B000H46O4U,Product B000H46O4U,metadata_not_joined,2008-01,2013-02
B000H46SVY,Product B000H46SVY,metadata_not_joined,2007-09,2010-04
B000H47UA2,Product B000H47UA2,metadata_not_joined,2010-09,2013-05
B000H4BWYC,Product B000H4BWYC,metadata_not_joined,2007-06,2014-01
B000H4BWZG,Product B000H4BWZG,metadata_not_joined,2010-08,2013-05
B000H4CLXS,Product B000H4CLXS,metadata_not_joined,2007-01,2013-11
B000H4FO9G,Product B000H4FO9G,metadata_not_joined,2008-01,2013-03
B000H4HS72,Product B000H4HS72,metadata_not_joined,2007-05,2013-08
B000H4WKWK,Product B000H4WKWK,metadata_not_joined,2009-07,2014-03
B000H50L9S,Product B000H50L9S,metadata_not_joined,2013-12,2014-07
B000H51GA6,Product B000H51GA6,metadata_not_joined,2008-01,2014-06
B000H5819K,Product B000H5819K,metadata_not_joined,2007-02,2014-07
B000H5E6D0,Product B000H5E6D0,metadata_not_joined,2007-02,2010-05
B000H674II,Product B000H674II,metadata_not_joined,2007-05,2014-07
B000H6AWX2,Product B000H6AWX2,metadata_not_joined,2007-06,2013-11
B000H6AY6M,Product B000H6AY6M,metadata_not_joined,2006-09,2014-05
B000H6CBA4,Product B000H6CBA4,metadata_not_joined,2006-12,2013-12
B000H6GFKG,Product B000H6GFKG,metadata_not_joined,2006-10,2008-11
B000H6I7EI,Product B000H6I7EI,metadata_not_joined,2006-10,2010-03
B000H6UG3I,Product B000H6UG3I,metadata_not_joined,2006-08,2013-06
B000H6XKEK,Product B000H6XKEK,metadata_not_joined,2007-11,2009-07
B000H70X3A,Product B000H70X3A,metadata_not_joined,2007-01,2013-01
B000H72MMU,Product B000H72MMU,metadata_not_joined,2006-09,2013-12
B000H743TK,Product B000H743TK,metadata_not_joined,2006-12,2007-09
B000H743WC,Product B000H743WC,metadata_not_joined,2007-09,2010-09
B000H7CZWC,Product B000H7CZWC,metadata_not_joined,2006-10,2007-06
B000H7CZWM,Product B000H7CZWM,metadata_not_joined,2006-10,2007-12
B000H7ECI2,Product B000H7ECI2,metadata_not_joined,2007-01,2010-01
B000H7FXHG,Product B000H7FXHG,metadata_not_joined,2007-01,2010-12
B000H7GFWS,Product B000H7GFWS,metadata_not_joined,2007-07,2014-05
B000H7GFXM,Product B000H7GFXM,metadata_not_joined,2006-12,2013-06
B000H7GSG6,Product B000H7GSG6,metadata_not_joined,2007-01,2012-09
B000H7GU14,Product B000H7GU14,metadata_not_joined,2012-02,2014-05
B000H7KGS2,Product B000H7KGS2,metadata_not_joined,2006-12,2011-11
B000H7MHFC,Product B000H7MHFC,metadata_not_joined,2006-10,2013-01
B000H7N4H2,Product B000H7N4H2,metadata_not_joined,2012-12,2014-04
B000H7NVX4,Product B000H7NVX4,metadata_not_joined,2006-08,2014-04
B000H7VCVW,Product B000H7VCVW,metadata_not_joined,2010-04,2014-07
B000H82NI2,Product B000H82NI2,metadata_not_joined,2007-02,2013-11
B000H84J3Y,Product B000H84J3Y,metadata_not_joined,2007-02,2010-07
B000H84LBE,Product B000H84LBE,metadata_not_joined,2007-02,2014-02
B000H859RE,Product B000H859RE,metadata_not_joined,2007-01,2011-06
B000H866BM,Product B000H866BM,metadata_not_joined,2006-09,2014-01
B000H86OT6,Product B000H86OT6,metadata_not_joined,2010-10,2014-02
B000H87IIC,Product B000H87IIC,metadata_not_joined,2008-05,2011-07
B000H8FIWU,Product B000H8FIWU,metadata_not_joined,2009-03,2014-04
B000H8L748,Product B000H8L748,metadata_not_joined,2007-01,2014-05
B000H8ZXWA,Product B000H8ZXWA,metadata_not_joined,2006-12,2007-06
B000H9054A,Product B000H9054A,metadata_not_joined,2006-11,2014-07
B000H91K7Q,Product B000H91K7Q,metadata_not_joined,2006-09,2010-12
B000H92BTM,Product B000H92BTM,metadata_not_joined,2007-08,2014-07
B000H92VFQ,Product B000H92VFQ,metadata_not_joined,2006-09,2012-09
B000H93FX8,Product B000H93FX8,metadata_not_joined,2006-12,2009-12
B000H94W4O,Product B000H94W4O,metadata_not_joined,2007-02,2014-06
B000H96IN2,Product B000H96IN2,metadata_not_joined,2006-12,2013-07
B000H97EFS,Product B000H97EFS,metadata_not_joined,2006-08,2007-10
B000H97NZO,Product B000H97NZO,metadata_not_joined,2007-01,2011-08
B000H97UC0,Product B000H97UC0,metadata_not_joined,2006-11,2014-04
B000H9AF9K,Product B000H9AF9K,metadata_not_joined,2007-06,2008-04
B000H9AZIQ,Product B000H9AZIQ,metadata_not_joined,2008-01,2010-08
B000H9J3WA,Product B000H9J3WA,metadata_not_joined,2007-05,2013-08
B000H9J3ZC,Product B000H9J3ZC,metadata_not_joined,2008-06,2014-06
B000H9LM2Y,Product B000H9LM2Y,metadata_not_joined,2007-06,2013-06
B000H9XDCG,Product B000H9XDCG,metadata_not_joined,2010-11,2013-05
B000HAAI0A,Product B000HAAI0A,metadata_not_joined,2009-03,2012-03
B000HAOVC6,Product B000HAOVC6,metadata_not_joined,2006-09,2013-08
B000HAOVGM,Product B000HAOVGM,metadata_not_joined,2006-10,2014-02
B000HAQ8EK,Product B000HAQ8EK,metadata_not_joined,2006-11,2013-04
B000HAQHXC,Product B000HAQHXC,metadata_not_joined,2006-10,2007-06
B000HAQUFC,Product B000HAQUFC,metadata_not_joined,2007-01,2008-07
B000HAR8UI,Product B000HAR8UI,metadata_not_joined,2006-09,2012-12
B000HARTYI,Product B000HARTYI,metadata_not_joined,2006-09,2014-06
B000HASE9C,Product B000HASE9C,metadata_not_joined,2008-07,2009-04
B000HATNH4,Product B000HATNH4,metadata_not_joined,2006-11,2013-11
B000HATNI8,Product B000HATNI8,metadata_not_joined,2006-09,2014-01
B000HAVVKG,Product B000HAVVKG,metadata_not_joined,2007-07,2014-07
B000HB2TJ2,Product B000HB2TJ2,metadata_not_joined,2007-04,2014-06
B000HBDTUK,Product B000HBDTUK,metadata_not_joined,2007-11,2012-01
B000HBEKJE,Product B000HBEKJE,metadata_not_joined,2006-10,2011-10
B000HBVTCA,Product B000HBVTCA,metadata_not_joined,2009-01,2014-05
B000HC0BJG,Product B000HC0BJG,metadata_not_joined,2007-01,2009-07
B000HC8Q70,Product B000HC8Q70,metadata_not_joined,2007-09,2014-05
B000HCGAFK,Product B000HCGAFK,metadata_not_joined,2006-10,2014-07
B000HCMO0A,Product B000HCMO0A,metadata_not_joined,2008-05,2011-02
B000HCMTJG,Product B000HCMTJG,metadata_not_joined,2008-01,2014-07
B000HCMTL4,Product B000HCMTL4,metadata_not_joined,2010-07,2014-05
B000HCN0RG,Product B000HCN0RG,metadata_not_joined,2010-07,2014-06
B000HCN2Q0,Product B000HCN2Q0,metadata_not_joined,2008-11,2012-12
B000HCN2QU,Product B000HCN2QU,metadata_not_joined,2012-02,2014-03
B000HCNFD0,Product B000HCNFD0,metadata_not_joined,2007-05,2013-12
B000HCNZI0,Product B000HCNZI0,metadata_not_joined,2013-02,2014-07
B000HCQR8A,Product B000HCQR8A,metadata_not_joined,2006-12,2014-07
B000HCQV68,Product B000HCQV68,metadata_not_joined,2011-08,2014-02
B000HCRVQ2,Product B000HCRVQ2,metadata_not_joined,2007-02,2014-07
B000HCRVSK,Product B000HCRVSK,metadata_not_joined,2006-10,2013-10
B000HCT12O,Product B000HCT12O,metadata_not_joined,2006-08,2014-05
B000HCUTU2,Product B000HCUTU2,metadata_not_joined,2006-10,2013-01
B000HCUU0Q,Product B000HCUU0Q,metadata_not_joined,2007-04,2014-01
B000HCWN42,Product B000HCWN42,metadata_not_joined,2008-07,2012-07
B000HCY8KO,Product B000HCY8KO,metadata_not_joined,2008-01,2014-02
B000HD3RGE,Product B000HD3RGE,metadata_not_joined,2007-01,2010-09
B000HD7FGM,Product B000HD7FGM,metadata_not_joined,2007-01,2010-08
B000HDFH6W,Product B000HDFH6W,metadata_not_joined,2007-10,2013-07
B000HDFXU2,Product B000HDFXU2,metadata_not_joined,2006-07,2014-07
B000HDHAOO,Product B000HDHAOO,metadata_not_joined,2006-10,2013-07
B000HDJT4S,Product B000HDJT4S,metadata_not_joined,2007-05,2014-07
B000HDJV00,Product B000HDJV00,metadata_not_joined,2013-02,2013-10
B000HDJXMQ,Product B000HDJXMQ,metadata_not_joined,2008-01,2014-06
B000HDJXNA,Product B000HDJXNA,metadata_not_joined,2009-08,2014-04
B000HDJXNU,Product B000HDJXNU,metadata_not_joined,2011-09,2014-03
B000HDJY70,Product B000HDJY70,metadata_not_joined,2009-05,2013-07
B000HDJY7K,Product B000HDJY7K,metadata_not_joined,2009-01,2014-07
B000HDKVDQ,Product B000HDKVDQ,metadata_not_joined,2011-10,2014-07
B000HDKZPU,Product B000HDKZPU,metadata_not_joined,2011-05,2014-05
B000HDL022,Product B000HDL022,metadata_not_joined,2010-07,2014-02
B000HDL05O,Product B000HDL05O,metadata_not_joined,2009-02,2014-05
B000HDMROC,Product B000HDMROC,metadata_not_joined,2007-05,2009-06
B000HDMUU8,Product B000HDMUU8,metadata_not_joined,2011-06,2014-06
B000HDMUV2,Product B000HDMUV2,metadata_not_joined,2012-08,2014-02
B000HDMVFW,Product B000HDMVFW,metadata_not_joined,2010-06,2014-03
B000HDONA8,Product B000HDONA8,metadata_not_joined,2010-12,2013-10
B000HDONAI,Product B000HDONAI,metadata_not_joined,2010-01,2014-04
B000HDONSK,Product B000HDONSK,metadata_not_joined,2010-12,2013-11
B000HDONV2,Product B000HDONV2,metadata_not_joined,2012-01,2014-07
B000HDONWQ,Product B000HDONWQ,metadata_not_joined,2011-05,2014-07
B000HDOOES,Product B000HDOOES,metadata_not_joined,2009-08,2012-11
B000HDQ2G6,Product B000HDQ2G6,metadata_not_joined,2007-03,2014-06
B000HDU0Q4,Product B000HDU0Q4,metadata_not_joined,2007-03,2014-06
B000HDWXRI,Product B000HDWXRI,metadata_not_joined,2007-10,2012-06
B000HDWXRS,Product B000HDWXRS,metadata_not_joined,2006-12,2007-03
B000HDZAUA,Product B000HDZAUA,metadata_not_joined,2006-07,2014-05
B000HE6OAE,Product B000HE6OAE,metadata_not_joined,2007-11,2014-06
B000HE74LC,Product B000HE74LC,metadata_not_joined,2008-01,2014-04
B000HE8KU6,Product B000HE8KU6,metadata_not_joined,2006-10,2013-10
B000HE9ZCS,Product B000HE9ZCS,metadata_not_joined,2008-01,2010-01
B000HEANB0,Product B000HEANB0,metadata_not_joined,2007-11,2013-12
B000HEANCE,Product B000HEANCE,metadata_not_joined,2007-07,2010-10
B000HEBDS2,Product B000HEBDS2,metadata_not_joined,2006-11,2007-04
B000HECIYU,Product B000HECIYU,metadata_not_joined,2008-03,2012-02
B000HEEG54,Product B000HEEG54,metadata_not_joined,2009-06,2014-02
B000HEHDZY,Product B000HEHDZY,metadata_not_joined,2010-09,2014-05
B000HEW0KW,Product B000HEW0KW,metadata_not_joined,2003-05,2014-07
B000HEZFZO,Product B000HEZFZO,metadata_not_joined,2009-05,2013-03
B000HFQNWC,Product B000HFQNWC,metadata_not_joined,2008-03,2009-07
B000HGC04G,Product B000HGC04G,metadata_not_joined,2007-08,2014-02
B000HGE2YM,Product B000HGE2YM,metadata_not_joined,2007-05,2010-09
B000HGGA24,Product B000HGGA24,metadata_not_joined,2007-08,2011-02
B000HGHMF8,Product B000HGHMF8,metadata_not_joined,2008-09,2014-03
B000HGICZW,Product B000HGICZW,metadata_not_joined,2007-01,2008-01
B000HGID1U,Product B000HGID1U,metadata_not_joined,2007-05,2012-12
B000HGID24,Product B000HGID24,metadata_not_joined,2007-03,2009-12
B000HGIWN4,Product B000HGIWN4,metadata_not_joined,2006-09,2014-05
B000HGKF34,Product B000HGKF34,metadata_not_joined,2006-12,2011-07
B000HGL5RE,Product B000HGL5RE,metadata_not_joined,2006-12,2007-05
B000HGLFDI,Product B000HGLFDI,metadata_not_joined,2011-01,2013-07
B000HGMMH6,Product B000HGMMH6,metadata_not_joined,2009-12,2014-06
B000HGQJZW,Product B000HGQJZW,metadata_not_joined,2006-12,2013-11
B000HGSL4E,Product B000HGSL4E,metadata_not_joined,2006-12,2010-01
B000HGSLAI,Product B000HGSLAI,metadata_not_joined,2007-01,2009-09
B000HGVZG0,Product B000HGVZG0,metadata_not_joined,2008-07,2012-04
B000HHERSC,Product B000HHERSC,metadata_not_joined,2008-05,2014-01
B000HHHGV2,Product B000HHHGV2,metadata_not_joined,2011-02,2014-03
B000HHHH0C,Product B000HHHH0C,metadata_not_joined,2010-07,2014-06
B000HHICH4,Product B000HHICH4,metadata_not_joined,2007-03,2012-08
B000HHJU1G,Product B000HHJU1G,metadata_not_joined,2007-11,2014-03
B000HHLU64,Product B000HHLU64,metadata_not_joined,2009-07,2013-06
B000HHOOZ8,Product B000HHOOZ8,metadata_not_joined,2011-01,2014-04
B000HHROEQ,Product B000HHROEQ,metadata_not_joined,2009-06,2013-07
B000HHSTWW,Product B000HHSTWW,metadata_not_joined,2009-12,2014-02
B000HHYEKI,Product B000HHYEKI,metadata_not_joined,2006-11,2011-06
B000HHYZV6,Product B000HHYZV6,metadata_not_joined,2007-01,2014-04
B000HI0R5S,Product B000HI0R5S,metadata_not_joined,2008-03,2009-10
B000HI485S,Product B000HI485S,metadata_not_joined,2007-02,2011-10
B000HI4VHI,Product B000HI4VHI,metadata_not_joined,2007-06,2013-08
B000HI5LZY,Product B000HI5LZY,metadata_not_joined,2009-08,2013-08
B000HI7OZY,Product B000HI7OZY,metadata_not_joined,2007-07,2008-01
B000HI7P0I,Product B000HI7P0I,metadata_not_joined,2007-07,2007-10
B000HI93T4,Product B000HI93T4,metadata_not_joined,2006-12,2008-11
B000HI9O5W,Product B000HI9O5W,metadata_not_joined,2007-03,2013-12
B000HJ5MQG,Product B000HJ5MQG,metadata_not_joined,2011-05,2014-02
B000HJ5N2Y,Product B000HJ5N2Y,metadata_not_joined,2006-11,2014-04
B000HJ75CK,Product B000HJ75CK,metadata_not_joined,2008-01,2013-02
B000HJ75MK,Product B000HJ75MK,metadata_not_joined,2008-04,2013-03
B000HJ7606,Product B000HJ7606,metadata_not_joined,2007-12,2013-07
B000HJ77N2,Product B000HJ77N2,metadata_not_joined,2009-11,2014-07
B000HJ7SC2,Product B000HJ7SC2,metadata_not_joined,2012-02,2013-01
B000HJ7SCC,Product B000HJ7SCC,metadata_not_joined,2011-05,2014-06
B000HJ7SM2,Product B000HJ7SM2,metadata_not_joined,2007-05,2013-10
B000HJ8P2O,Product B000HJ8P2O,metadata_not_joined,2008-06,2009-05
B000HJ99BU,Product B000HJ99BU,metadata_not_joined,2008-03,2014-03
B000HJ99N8,Product B000HJ99N8,metadata_not_joined,2009-02,2012-01
B000HJ9CEO,Product B000HJ9CEO,metadata_not_joined,2007-03,2012-10
B000HJ9WJ4,Product B000HJ9WJ4,metadata_not_joined,2011-09,2013-05
B000HJ9X0M,Product B000HJ9X0M,metadata_not_joined,2007-02,2014-05
B000HJBE0O,Product B000HJBE0O,metadata_not_joined,2006-11,2013-02
B000HJBERC,Product B000HJBERC,metadata_not_joined,2007-11,2013-12
B000HJBESG,Product B000HJBESG,metadata_not_joined,2006-11,2014-06
B000HJBEUY,Product B000HJBEUY,metadata_not_joined,2008-04,2014-07
B000HJOUP0,Product B000HJOUP0,metadata_not_joined,2008-06,2014-07
B000HJPK0Y,Product B000HJPK0Y,metadata_not_joined,2006-11,2014-01
B000HJPK2C,Product B000HJPK2C,metadata_not_joined,2006-12,2014-07
B000HJREXA,Product B000HJREXA,metadata_not_joined,2007-01,2013-04
B000HKDA0U,Product B000HKDA0U,metadata_not_joined,2007-09,2014-03
B000HKGA2A,Product B000HKGA2A,metadata_not_joined,2007-05,2012-12
B000HKGD36,Product B000HKGD36,metadata_not_joined,2008-01,2013-05
B000HKGK8Y,Product B000HKGK8Y,metadata_not_joined,2008-07,2014-07
B000HKGK9I,Product B000HKGK9I,metadata_not_joined,2008-06,2014-07
B000HKH1VO,Product B000HKH1VO,metadata_not_joined,2007-06,2010-12
B000HKHLPA,Product B000HKHLPA,metadata_not_joined,2006-11,2008-08
B000HKIJ88,Product B000HKIJ88,metadata_not_joined,2010-03,2014-05
B000HKIPVE,Product B000HKIPVE,metadata_not_joined,2005-12,2007-05
B000HKJKBS,Product B000HKJKBS,metadata_not_joined,2006-12,2014-01
B000HKLIVI,Product B000HKLIVI,metadata_not_joined,2006-11,2010-04
B000HKM24K,Product B000HKM24K,metadata_not_joined,2006-11,2010-06
B000HKMM4A,Product B000HKMM4A,metadata_not_joined,2007-05,2013-09
B000HKNFOQ,Product B000HKNFOQ,metadata_not_joined,2008-12,2013-12
B000HLS9MI,Product B000HLS9MI,metadata_not_joined,2007-12,2011-11
B000HLWPGO,Product B000HLWPGO,metadata_not_joined,2007-12,2009-04
B000HLZOIU,Product B000HLZOIU,metadata_not_joined,2006-10,2007-11
B000HLZXH2,Product B000HLZXH2,metadata_not_joined,2007-05,2014-07
B000HM1GUY,Product B000HM1GUY,metadata_not_joined,2007-05,2012-06
B000HM9A2A,Product B000HM9A2A,metadata_not_joined,2007-02,2013-01
B000HMLP5A,Product B000HMLP5A,metadata_not_joined,2007-12,2014-05
B000HNHA12,Product B000HNHA12,metadata_not_joined,2006-11,2014-05
B000HNHLO8,Product B000HNHLO8,metadata_not_joined,2007-03,2011-09
B000HNJ6U0,Product B000HNJ6U0,metadata_not_joined,2006-11,2014-07
B000HNJ96Q,Product B000HNJ96Q,metadata_not_joined,2006-11,2011-11
B000HOJN3O,Product B000HOJN3O,metadata_not_joined,2007-01,2009-08
B000HOWEG2,Product B000HOWEG2,metadata_not_joined,2007-03,2009-04
B000HP3IS4,Product B000HP3IS4,metadata_not_joined,2008-01,2014-04
B000HPCPLA,Product B000HPCPLA,metadata_not_joined,2007-08,2014-06
B000HPMP6A,Product B000HPMP6A,metadata_not_joined,2006-11,2014-02
B000HPV3RW,Product B000HPV3RW,metadata_not_joined,2007-06,2014-07
B000HPX4AQ,Product B000HPX4AQ,metadata_not_joined,2007-01,2014-03
B000HPZ904,Product B000HPZ904,metadata_not_joined,2011-03,2013-05
B000HPZ97W,Product B000HPZ97W,metadata_not_joined,2008-03,2014-01
B000HQ071O,Product B000HQ071O,metadata_not_joined,2007-08,2009-06
B000HQ1GDC,Product B000HQ1GDC,metadata_not_joined,2007-02,2008-08
B000HQH2Y4,Product B000HQH2Y4,metadata_not_joined,2013-01,2014-06
B000HQMJBA,Product B000HQMJBA,metadata_not_joined,2007-01,2010-07
B000HR73BK,Product B000HR73BK,metadata_not_joined,2009-06,2012-01
B000HRFB78,Product B000HRFB78,metadata_not_joined,2008-03,2014-06
B000HRX0NA,Product B000HRX0NA,metadata_not_joined,2010-09,2014-04
B000HRYV38,Product B000HRYV38,metadata_not_joined,2007-10,2014-06
B000HRYWCS,Product B000HRYWCS,metadata_not_joined,2007-01,2009-09
B000HRYZRU,Product B000HRYZRU,metadata_not_joined,2008-10,2010-04
B000HS2N1O,Product B000HS2N1O,metadata_not_joined,2006-12,2010-08
B000HS2TYA,Product B000HS2TYA,metadata_not_joined,2008-01,2012-12
B000HS3O2G,Product B000HS3O2G,metadata_not_joined,2007-05,2013-12
B000HS8M46,Product B000HS8M46,metadata_not_joined,2007-07,2009-07
B000HSCL70,Product B000HSCL70,metadata_not_joined,2009-04,2013-09
B000HSEEY8,Product B000HSEEY8,metadata_not_joined,2007-02,2009-04
B000HSEMPO,Product B000HSEMPO,metadata_not_joined,2012-10,2014-07
B000HSITXK,Product B000HSITXK,metadata_not_joined,2012-08,2014-05
B000HSITZS,Product B000HSITZS,metadata_not_joined,2008-07,2013-09
B000HSS78M,Product B000HSS78M,metadata_not_joined,2007-04,2014-01
B000HTF7DE,Product B000HTF7DE,metadata_not_joined,2006-12,2013-08
B000HTG4ZE,Product B000HTG4ZE,metadata_not_joined,2008-03,2011-07
B000HU2CCC,Product B000HU2CCC,metadata_not_joined,2007-03,2013-03
B000HU4D3I,Product B000HU4D3I,metadata_not_joined,2007-09,2013-06
B000HV9YT0,Product B000HV9YT0,metadata_not_joined,2007-04,2011-11
B000HVHCKS,Product B000HVHCKS,metadata_not_joined,2009-03,2014-04
B000HVHDJ8,Product B000HVHDJ8,metadata_not_joined,2009-11,2014-06
B000HVHGI6,Product B000HVHGI6,metadata_not_joined,2008-10,2014-03
B000HVHYJW,Product B000HVHYJW,metadata_not_joined,2009-01,2014-05
B000HVI2HU,Product B000HVI2HU,metadata_not_joined,2007-01,2010-05
B000HVI2IE,Product B000HVI2IE,metadata_not_joined,2007-07,2012-10
B000HVRQQ8,Product B000HVRQQ8,metadata_not_joined,2007-01,2008-04
B000HVRRJO,Product B000HVRRJO,metadata_not_joined,2009-01,2013-11
B000HVVHEU,Product B000HVVHEU,metadata_not_joined,2007-12,2014-03
B000HVVO98,Product B000HVVO98,metadata_not_joined,2006-11,2014-04
B000HVXD3S,Product B000HVXD3S,metadata_not_joined,2007-01,2014-03
B000HVXIT2,Product B000HVXIT2,metadata_not_joined,2007-01,2007-08
B000HW5WRW,Product B000HW5WRW,metadata_not_joined,2007-05,2008-05
B000HWPUO2,Product B000HWPUO2,metadata_not_joined,2007-01,2009-02
B000HWQ75I,Product B000HWQ75I,metadata_not_joined,2006-12,2009-04
B000HWS0NU,Product B000HWS0NU,metadata_not_joined,2006-12,2008-01
B000HWS0OY,Product B000HWS0OY,metadata_not_joined,2006-12,2013-11
B000HWS0PI,Product B000HWS0PI,metadata_not_joined,2006-12,2007-09
B000HWS0Q2,Product B000HWS0Q2,metadata_not_joined,2006-12,2008-11
B000HWSQDO,Product B000HWSQDO,metadata_not_joined,2011-08,2013-07
B000HWTZVG,Product B000HWTZVG,metadata_not_joined,2006-12,2007-10
B000HWV8QG,Product B000HWV8QG,metadata_not_joined,2006-12,2013-02
B000HWVOFQ,Product B000HWVOFQ,metadata_not_joined,2006-12,2014-01
B000HWXGOS,Product B000HWXGOS,metadata_not_joined,2006-11,2014-01
B000HWZJYS,Product B000HWZJYS,metadata_not_joined,2009-01,2014-03
B000HWZVZK,Product B000HWZVZK,metadata_not_joined,2007-03,2014-05
B000HX1P8G,Product B000HX1P8G,metadata_not_joined,2008-03,2014-01
B000HXGIHE,Product B000HXGIHE,metadata_not_joined,2007-05,2010-07
B000HXNF8O,Product B000HXNF8O,metadata_not_joined,2007-04,2013-11
B000HYMUBG,Product B000HYMUBG,metadata_not_joined,2007-01,2014-07
B000HYSU10,Product B000HYSU10,metadata_not_joined,2006-12,2012-03
B000HYX2SG,Product B000HYX2SG,metadata_not_joined,2007-07,2009-06
B000HZ48OM,Product B000HZ48OM,metadata_not_joined,2006-12,2009-05
B000HZ8942,Product B000HZ8942,metadata_not_joined,2007-01,2014-06
B000HZ999Q,Product B000HZ999Q,metadata_not_joined,2007-08,2014-06
B000HZ9CCA,Product B000HZ9CCA,metadata_not_joined,2006-10,2014-01
B000HZB1GA,Product B000HZB1GA,metadata_not_joined,2007-01,2012-03
B000HZBR64,Product B000HZBR64,metadata_not_joined,2006-11,2014-04
B000HZD2W6,Product B000HZD2W6,metadata_not_joined,2006-12,2010-06
B000HZD2XK,Product B000HZD2XK,metadata_not_joined,2006-11,2013-01
B000HZD2YE,Product B000HZD2YE,metadata_not_joined,2006-10,2012-06
B000HZDF8W,Product B000HZDF8W,metadata_not_joined,2006-12,2014-07
B000HZDNZ2,Product B000HZDNZ2,metadata_not_joined,2007-12,2009-05
B000HZEX1K,Product B000HZEX1K,metadata_not_joined,2007-02,2013-04
B000HZF170,Product B000HZF170,metadata_not_joined,2008-06,2013-07
B000HZF17U,Product B000HZF17U,metadata_not_joined,2007-10,2014-05
B000HZGQ9C,Product B000HZGQ9C,metadata_not_joined,2006-11,2013-01
B000HZH6W8,Product B000HZH6W8,metadata_not_joined,2013-01,2014-04
B000HZI2YY,Product B000HZI2YY,metadata_not_joined,2009-04,2013-03
B000HZT88I,Product B000HZT88I,metadata_not_joined,2008-08,2013-06
B000HZTB80,Product B000HZTB80,metadata_not_joined,2006-10,2011-01
B000HZTGTO,Product B000HZTGTO,metadata_not_joined,2006-12,2010-02
B000HZXX0W,Product B000HZXX0W,metadata_not_joined,2006-10,2013-01
B000HZZV7K,Product B000HZZV7K,metadata_not_joined,2007-04,2014-01
B000I04OB8,Product B000I04OB8,metadata_not_joined,2007-07,2009-07
B000I04WWY,Product B000I04WWY,metadata_not_joined,2006-10,2014-06
B000I06JLQ,Product B000I06JLQ,metadata_not_joined,2009-08,2014-06
B000I0RORO,Product B000I0RORO,metadata_not_joined,2007-03,2009-12
B000I0V3LW,Product B000I0V3LW,metadata_not_joined,2007-04,2013-08
B000I0V9MU,Product B000I0V9MU,metadata_not_joined,2007-06,2011-08
B000I0VASI,Product B000I0VASI,metadata_not_joined,2011-06,2014-01
B000I0VG9G,Product B000I0VG9G,metadata_not_joined,2007-01,2007-09
B000I0VIYE,Product B000I0VIYE,metadata_not_joined,2008-06,2013-04
B000I13TBS,Product B000I13TBS,metadata_not_joined,2007-06,2010-06
B000I1AQ4Q,Product B000I1AQ4Q,metadata_not_joined,2007-11,2013-02
B000I1BF9Q,Product B000I1BF9Q,metadata_not_joined,2010-06,2013-12
B000I1D0BW,Product B000I1D0BW,metadata_not_joined,2010-02,2014-07
B000I1DN00,Product B000I1DN00,metadata_not_joined,2011-03,2013-07
B000I1DN32,Product B000I1DN32,metadata_not_joined,2010-05,2014-06
B000I1DNH8,Product B000I1DNH8,metadata_not_joined,2008-12,2013-10
B000I1EYK8,Product B000I1EYK8,metadata_not_joined,2010-04,2014-05
B000I1FAWY,Product B000I1FAWY,metadata_not_joined,2006-12,2009-04
B000I1GPRS,Product B000I1GPRS,metadata_not_joined,2006-11,2014-02
B000I1GZ0U,Product B000I1GZ0U,metadata_not_joined,2011-02,2014-03
B000I1GZ6O,Product B000I1GZ6O,metadata_not_joined,2010-08,2014-05
B000I1GZE6,Product B000I1GZE6,metadata_not_joined,2010-07,2014-02
B000I1IG7U,Product B000I1IG7U,metadata_not_joined,2010-03,2014-05
B000I1IG8O,Product B000I1IG8O,metadata_not_joined,2010-12,2014-07
B000I1IG8Y,Product B000I1IG8Y,metadata_not_joined,2012-08,2014-07
B000I1IGQ6,Product B000I1IGQ6,metadata_not_joined,2010-08,2014-06
B000I1KGKK,Product B000I1KGKK,metadata_not_joined,2006-12,2008-03
B000I1KHG8,Product B000I1KHG8,metadata_not_joined,2009-03,2013-02
B000I1TC2S,Product B000I1TC2S,metadata_not_joined,2006-10,2009-01
B000I1TKKW,Product B000I1TKKW,metadata_not_joined,2006-11,2009-11
B000I1VEWO,Product B000I1VEWO,metadata_not_joined,2006-10,2007-07
B000I1VJHO,Product B000I1VJHO,metadata_not_joined,2007-04,2009-04
B000I1X3W8,Product B000I1X3W8,metadata_not_joined,2006-11,2014-07
B000I1X6PM,Product B000I1X6PM,metadata_not_joined,2008-06,2014-03
B000I1YIDQ,Product B000I1YIDQ,metadata_not_joined,2007-12,2014-06
B000I1YLG0,Product B000I1YLG0,metadata_not_joined,2008-08,2014-03
B000I1YU5C,Product B000I1YU5C,metadata_not_joined,2010-02,2014-03
B000I1ZWRC,Product B000I1ZWRC,metadata_not_joined,2006-09,2014-06
B000I20988,Product B000I20988,metadata_not_joined,2011-07,2014-02
B000I20AGO,Product B000I20AGO,metadata_not_joined,2010-11,2013-03
B000I20AJ6,Product B000I20AJ6,metadata_not_joined,2010-12,2014-06
B000I20B86,Product B000I20B86,metadata_not_joined,2011-05,2014-07
B000I20BBI,Product B000I20BBI,metadata_not_joined,2008-06,2014-05
B000I21PWW,Product B000I21PWW,metadata_not_joined,2009-02,2014-03
B000I21Y3M,Product B000I21Y3M,metadata_not_joined,2010-01,2013-10
B000I21YDM,Product B000I21YDM,metadata_not_joined,2009-10,2014-04
B000I21Z4U,Product B000I21Z4U,metadata_not_joined,2011-06,2013-10
B000I21Z5E,Product B000I21Z5E,metadata_not_joined,2010-05,2014-06
B000I21Z7W,Product B000I21Z7W,metadata_not_joined,2012-09,2014-02
B000I21Z86,Product B000I21Z86,metadata_not_joined,2012-10,2014-02
B000I223LE,Product B000I223LE,metadata_not_joined,2012-01,2014-02
B000I23SKE,Product B000I23SKE,metadata_not_joined,2012-12,2014-02
B000I23TLC,Product B000I23TLC,metadata_not_joined,2011-10,2014-07
B000I23TN0,Product B000I23TN0,metadata_not_joined,2009-06,2014-01
B000I23TTE,Product B000I23TTE,metadata_not_joined,2008-10,2014-07
B000I23TTO,Product B000I23TTO,metadata_not_joined,2010-06,2013-10
B000I23TXK,Product B000I23TXK,metadata_not_joined,2011-01,2014-04
B000I23U0C,Product B000I23U0C,metadata_not_joined,2010-09,2014-07
B000I23ULQ,Product B000I23ULQ,metadata_not_joined,2012-12,2014-01
B000I23UMU,Product B000I23UMU,metadata_not_joined,2012-08,2014-02
B000I2496Q,Product B000I2496Q,metadata_not_joined,2007-05,2010-06
B000I28EGC,Product B000I28EGC,metadata_not_joined,2007-02,2012-07
B000I28RU0,Product B000I28RU0,metadata_not_joined,2006-10,2014-01
B000I29DQC,Product B000I29DQC,metadata_not_joined,2006-10,2014-06
B000I2C80K,Product B000I2C80K,metadata_not_joined,2008-05,2014-07
B000I2F7NA,Product B000I2F7NA,metadata_not_joined,2008-06,2013-02
B000I2G6AS,Product B000I2G6AS,metadata_not_joined,2008-04,2013-02
B000I2HAVW,Product B000I2HAVW,metadata_not_joined,2007-10,2014-06
B000I2HJ1S,Product B000I2HJ1S,metadata_not_joined,2008-05,2014-05
B000I2JBC8,Product B000I2JBC8,metadata_not_joined,2006-05,2010-02
B000I2JI26,Product B000I2JI26,metadata_not_joined,2012-03,2013-07
B000I2JI3A,Product B000I2JI3A,metadata_not_joined,2011-11,2014-06
B000I2JI3K,Product B000I2JI3K,metadata_not_joined,2010-05,2014-06
B000I2JI80,Product B000I2JI80,metadata_not_joined,2012-04,2014-03
B000I2Q4JQ,Product B000I2Q4JQ,metadata_not_joined,2007-01,2008-06
B000I2T5E2,Product B000I2T5E2,metadata_not_joined,2007-08,2008-10
B000I2WF6W,Product B000I2WF6W,metadata_not_joined,2007-07,2011-03
B000I30HOS,Product B000I30HOS,metadata_not_joined,2007-04,2013-07
B000I3AGWQ,Product B000I3AGWQ,metadata_not_joined,2007-01,2013-06
B000I3C2PK,Product B000I3C2PK,metadata_not_joined,2007-03,2007-08
B000I3C6BU,Product B000I3C6BU,metadata_not_joined,2006-12,2013-12
B000I3C6CE,Product B000I3C6CE,metadata_not_joined,2007-02,2014-04
B000I3DTCA,Product B000I3DTCA,metadata_not_joined,2007-03,2009-08
B000I3FA4A,Product B000I3FA4A,metadata_not_joined,2007-11,2013-08
B000I3NUQ0,Product B000I3NUQ0,metadata_not_joined,2007-11,2012-07
B000I3P07C,Product B000I3P07C,metadata_not_joined,2010-03,2014-06
B000I3P68U,Product B000I3P68U,metadata_not_joined,2007-01,2013-02
B000I3T3K2,Product B000I3T3K2,metadata_not_joined,2008-06,2014-05
B000I3XIE4,Product B000I3XIE4,metadata_not_joined,2008-07,2014-01
B000I3XIEE,Product B000I3XIEE,metadata_not_joined,2008-02,2014-03
B000I3XIFI,Product B000I3XIFI,metadata_not_joined,2011-03,2013-08
B000I3ZLVW,Product B000I3ZLVW,metadata_not_joined,2007-01,2014-01
B000I42QO6,Product B000I42QO6,metadata_not_joined,2006-11,2011-10
B000I42XWQ,Product B000I42XWQ,metadata_not_joined,2007-05,2010-12
B000I4A1MA,Product B000I4A1MA,metadata_not_joined,2007-03,2010-12
B000I4LEGC,Product B000I4LEGC,metadata_not_joined,2006-11,2008-02
B000I4RFO2,Product B000I4RFO2,metadata_not_joined,2008-05,2014-06
B000I4RMOU,Product B000I4RMOU,metadata_not_joined,2006-12,2014-07
B000I4T7VG,Product B000I4T7VG,metadata_not_joined,2007-08,2013-12
B000I4UI82,Product B000I4UI82,metadata_not_joined,2006-10,2009-04
B000I4UQFC,Product B000I4UQFC,metadata_not_joined,2007-01,2014-05
B000I4UQL6,Product B000I4UQL6,metadata_not_joined,2008-05,2014-06
B000I4UQZM,Product B000I4UQZM,metadata_not_joined,2007-10,2010-08
B000I4VT1C,Product B000I4VT1C,metadata_not_joined,2011-11,2014-06
B000I4WHD6,Product B000I4WHD6,metadata_not_joined,2008-07,2014-04
B000I4WHDQ,Product B000I4WHDQ,metadata_not_joined,2008-05,2009-09
B000I51FF6,Product B000I51FF6,metadata_not_joined,2009-04,2014-01
B000I54FFS,Product B000I54FFS,metadata_not_joined,2007-02,2010-08
B000I5HE38,Product B000I5HE38,metadata_not_joined,2011-07,2014-05
B000I5JHB0,Product B000I5JHB0,metadata_not_joined,2006-12,2014-06
B000I5JMYW,Product B000I5JMYW,metadata_not_joined,2006-11,2014-03
B000I5K4MQ,Product B000I5K4MQ,metadata_not_joined,2006-11,2013-01
B000I5KSNQ,Product B000I5KSNQ,metadata_not_joined,2008-10,2014-04
B000I5L4DE,Product B000I5L4DE,metadata_not_joined,2007-06,2014-06
B000I5L9CU,Product B000I5L9CU,metadata_not_joined,2009-05,2014-01
B000I5LACO,Product B000I5LACO,metadata_not_joined,2010-10,2014-06
B000I5LU60,Product B000I5LU60,metadata_not_joined,2007-04,2013-12
B000I5NQA8,Product B000I5NQA8,metadata_not_joined,2007-11,2014-04
B000I5OJOU,Product B000I5OJOU,metadata_not_joined,2008-06,2014-04
B000I5PGLU,Product B000I5PGLU,metadata_not_joined,2007-12,2013-01
B000I5PGOM,Product B000I5PGOM,metadata_not_joined,2006-11,2012-07
B000I5W7IK,Product B000I5W7IK,metadata_not_joined,2006-12,2008-09
B000I5YZL2,Product B000I5YZL2,metadata_not_joined,2007-10,2014-05
B000I5ZC3W,Product B000I5ZC3W,metadata_not_joined,2006-11,2014-04
B000I62PEU,Product B000I62PEU,metadata_not_joined,2006-12,2014-04
B000I62WVQ,Product B000I62WVQ,metadata_not_joined,2007-02,2008-04
B000I634WC,Product B000I634WC,metadata_not_joined,2011-06,2014-06
B000I64NTA,Product B000I64NTA,metadata_not_joined,2006-12,2008-07
B000I661J0,Product B000I661J0,metadata_not_joined,2006-09,2014-06
B000I672PC,Product B000I672PC,metadata_not_joined,2008-11,2012-11
B000I674IC,Product B000I674IC,metadata_not_joined,2007-06,2010-06
B000I68BD4,Product B000I68BD4,metadata_not_joined,2006-12,2014-07
B000I68HOC,Product B000I68HOC,metadata_not_joined,2006-12,2012-12
B000I68LQG,Product B000I68LQG,metadata_not_joined,2008-10,2012-01
B000I6C3EM,Product B000I6C3EM,metadata_not_joined,2007-08,2010-07
B000I6F0T2,Product B000I6F0T2,metadata_not_joined,2007-05,2014-07
B000I6JEF8,Product B000I6JEF8,metadata_not_joined,2008-03,2012-07
B000I6JZGQ,Product B000I6JZGQ,metadata_not_joined,2008-01,2012-11
B000I6LXCU,Product B000I6LXCU,metadata_not_joined,2007-10,2011-12
B000I6N6M0,Product B000I6N6M0,metadata_not_joined,2008-01,2013-02
B000I6P1I2,Product B000I6P1I2,metadata_not_joined,2008-01,2011-04
B000I6P1UA,Product B000I6P1UA,metadata_not_joined,2008-01,2013-03
B000I6QWP8,Product B000I6QWP8,metadata_not_joined,2007-05,2014-01
B000I6UV1Y,Product B000I6UV1Y,metadata_not_joined,2009-01,2014-01
B000I73B2Y,Product B000I73B2Y,metadata_not_joined,2008-02,2011-12
B000I76YEQ,Product B000I76YEQ,metadata_not_joined,2007-02,2009-07
B000I78B6K,Product B000I78B6K,metadata_not_joined,2008-03,2012-11
B000I7977C,Product B000I7977C,metadata_not_joined,2012-06,2014-01
B000I7OIBW,Product B000I7OIBW,metadata_not_joined,2008-11,2014-06
B000I7SWLO,Product B000I7SWLO,metadata_not_joined,2008-10,2010-01
B000I7U1OK,Product B000I7U1OK,metadata_not_joined,2010-05,2014-06
B000I7VWKC,Product B000I7VWKC,metadata_not_joined,2012-05,2014-04
B000I7YQEG,Product B000I7YQEG,metadata_not_joined,2007-03,2012-02
B000I8AGRG,Product B000I8AGRG,metadata_not_joined,2013-11,2014-06
B000I8CP0M,Product B000I8CP0M,metadata_not_joined,2013-01,2014-05
B000I8FZQI,Product B000I8FZQI,metadata_not_joined,2011-12,2014-06
B000I91MXC,Product B000I91MXC,metadata_not_joined,2006-10,2013-07
B000I94F3G,Product B000I94F3G,metadata_not_joined,2011-09,2014-07
B000I94F4K,Product B000I94F4K,metadata_not_joined,2011-05,2013-05
B000I94FAE,Product B000I94FAE,metadata_not_joined,2011-10,2014-07
B000I94FLS,Product B000I94FLS,metadata_not_joined,2010-07,2014-07
B000I94FQI,Product B000I94FQI,metadata_not_joined,2011-03,2013-10
B000I94FRM,Product B000I94FRM,metadata_not_joined,2010-05,2013-03
B000I94HN4,Product B000I94HN4,metadata_not_joined,2010-05,2014-04
B000I94HNO,Product B000I94HNO,metadata_not_joined,2011-10,2012-11
B000I94ITM,Product B000I94ITM,metadata_not_joined,2012-08,2014-04
B000I963FE,Product B000I963FE,metadata_not_joined,2009-06,2014-07
B000I963XQ,Product B000I963XQ,metadata_not_joined,2011-10,2014-06
B000I9643K,Product B000I9643K,metadata_not_joined,2011-11,2014-03
B000I965BQ,Product B000I965BQ,metadata_not_joined,2010-12,2014-02
B000I965YS,Product B000I965YS,metadata_not_joined,2011-09,2014-07
B000I96AKW,Product B000I96AKW,metadata_not_joined,2013-02,2014-03
B000I96AUM,Product B000I96AUM,metadata_not_joined,2011-02,2014-07
B000I96BVK,Product B000I96BVK,metadata_not_joined,2010-07,2014-06
B000I97FI8,Product B000I97FI8,metadata_not_joined,2012-08,2013-11
B000I97FJ2,Product B000I97FJ2,metadata_not_joined,2009-01,2014-06
B000I97G0A,Product B000I97G0A,metadata_not_joined,2011-08,2014-07
B000I97G0U,Product B000I97G0U,metadata_not_joined,2010-11,2014-03
B000I97G4Q,Product B000I97G4Q,metadata_not_joined,2008-02,2014-07
B000I97H54,Product B000I97H54,metadata_not_joined,2011-09,2013-10
B000I97H68,Product B000I97H68,metadata_not_joined,2012-06,2014-02
B000I97HRM,Product B000I97HRM,metadata_not_joined,2011-06,2013-04
B000I97HTA,Product B000I97HTA,metadata_not_joined,2012-11,2014-03
B000I97HWC,Product B000I97HWC,metadata_not_joined,2011-05,2013-11
B000I97N0S,Product B000I97N0S,metadata_not_joined,2011-02,2014-06
B000I97N1C,Product B000I97N1C,metadata_not_joined,2012-05,2014-01
B000I97N4O,Product B000I97N4O,metadata_not_joined,2008-10,2014-07
B000I98Z50,Product B000I98Z50,metadata_not_joined,2011-06,2014-06
B000I98ZE6,Product B000I98ZE6,metadata_not_joined,2012-04,2014-05
B000I98ZM8,Product B000I98ZM8,metadata_not_joined,2009-03,2013-12
B000I98ZQY,Product B000I98ZQY,metadata_not_joined,2009-02,2014-01
B000I98ZYG,Product B000I98ZYG,metadata_not_joined,2011-05,2014-07
B000I990VI,Product B000I990VI,metadata_not_joined,2009-10,2013-05
B000I991LM,Product B000I991LM,metadata_not_joined,2009-06,2014-03
B000I992XY,Product B000I992XY,metadata_not_joined,2009-07,2014-05
B000I994X2,Product B000I994X2,metadata_not_joined,2008-10,2014-03
B000I9B2LE,Product B000I9B2LE,metadata_not_joined,2010-07,2014-01
B000I9UT68,Product B000I9UT68,metadata_not_joined,2006-09,2012-02
B000IALP88,Product B000IALP88,metadata_not_joined,2006-12,2008-02
B000IAPEJE,Product B000IAPEJE,metadata_not_joined,2007-05,2013-01
B000IAPGIS,Product B000IAPGIS,metadata_not_joined,2007-02,2014-06
B000IBDWNS,Product B000IBDWNS,metadata_not_joined,2007-01,2011-08
B000IBI3YQ,Product B000IBI3YQ,metadata_not_joined,2007-05,2011-06
B000IBJKIE,Product B000IBJKIE,metadata_not_joined,2007-01,2013-07
B000IBLMHQ,Product B000IBLMHQ,metadata_not_joined,2007-04,2014-03
B000IBNXX2,Product B000IBNXX2,metadata_not_joined,2006-11,2010-05
B000IBPQZA,Product B000IBPQZA,metadata_not_joined,2008-07,2012-12
B000IBPUS8,Product B000IBPUS8,metadata_not_joined,2009-03,2013-01
B000IBROQE,Product B000IBROQE,metadata_not_joined,2006-09,2013-08
B000IBRP3Q,Product B000IBRP3Q,metadata_not_joined,2008-05,2010-05
B000IBTK7U,Product B000IBTK7U,metadata_not_joined,2007-10,2014-03
B000IBU4IY,Product B000IBU4IY,metadata_not_joined,2008-12,2012-11
B000IBV8SE,Product B000IBV8SE,metadata_not_joined,2007-07,2013-02
B000IC0VYA,Product B000IC0VYA,metadata_not_joined,2007-10,2011-11
B000IC2HZQ,Product B000IC2HZQ,metadata_not_joined,2010-08,2012-09
B000IC2I7I,Product B000IC2I7I,metadata_not_joined,2008-06,2013-02
B000ICKNPW,Product B000ICKNPW,metadata_not_joined,2006-12,2007-09
B000ICLQD0,Product B000ICLQD0,metadata_not_joined,2007-06,2013-07
B000ICXVK6,Product B000ICXVK6,metadata_not_joined,2008-03,2013-08
B000ICZZJG,Product B000ICZZJG,metadata_not_joined,2007-06,2014-03
B000ID37EA,Product B000ID37EA,metadata_not_joined,2008-01,2014-07
B000ID4YLK,Product B000ID4YLK,metadata_not_joined,2009-02,2013-10
B000ID6DTG,Product B000ID6DTG,metadata_not_joined,2006-09,2014-07
B000ID7QNI,Product B000ID7QNI,metadata_not_joined,2007-01,2014-07
B000IDBXBO,Product B000IDBXBO,metadata_not_joined,2007-08,2014-06
B000IDC0K2,Product B000IDC0K2,metadata_not_joined,2009-11,2014-07
B000IDCDZY,Product B000IDCDZY,metadata_not_joined,2008-12,2014-07
B000IDGEPO,Product B000IDGEPO,metadata_not_joined,2006-11,2013-12
B000IDUP3G,Product B000IDUP3G,metadata_not_joined,2007-11,2014-02
B000IDWDKO,Product B000IDWDKO,metadata_not_joined,2008-07,2014-04
B000IE1KZC,Product B000IE1KZC,metadata_not_joined,2008-05,2009-10
B000IE1QOW,Product B000IE1QOW,metadata_not_joined,2006-09,2008-10
B000IE5XIC,Product B000IE5XIC,metadata_not_joined,2008-06,2014-01
B000IE68CM,Product B000IE68CM,metadata_not_joined,2011-04,2013-10
B000IE7Z5G,Product B000IE7Z5G,metadata_not_joined,2011-08,2014-06
B000IE8Z4Q,Product B000IE8Z4Q,metadata_not_joined,2006-10,2014-04
B000IE9U3Q,Product B000IE9U3Q,metadata_not_joined,2011-06,2014-03
B000IEBUSO,Product B000IEBUSO,metadata_not_joined,2011-09,2014-02
B000IELOY4,Product B000IELOY4,metadata_not_joined,2006-10,2013-05
B000IEN8QQ,Product B000IEN8QQ,metadata_not_joined,2006-10,2012-09
B000IEO964,Product B000IEO964,metadata_not_joined,2010-07,2014-07
B000IF2EHE,Product B000IF2EHE,metadata_not_joined,2009-04,2013-01
B000IF4788,Product B000IF4788,metadata_not_joined,2007-02,2014-07
B000IF4TPY,Product B000IF4TPY,metadata_not_joined,2006-09,2012-03
B000IF51UQ,Product B000IF51UQ,metadata_not_joined,2007-09,2014-07
B000IF80ZE,Product B000IF80ZE,metadata_not_joined,2005-01,2011-02
B000IF9QW0,Product B000IF9QW0,metadata_not_joined,2010-01,2014-06
B000IFP9WG,Product B000IFP9WG,metadata_not_joined,2006-11,2007-12
B000IG2054,Product B000IG2054,metadata_not_joined,2012-02,2013-09
B000IGAMVS,Product B000IGAMVS,metadata_not_joined,2006-12,2014-03
B000IGCC3Y,Product B000IGCC3Y,metadata_not_joined,2007-08,2013-11
B000IGCCTS,Product B000IGCCTS,metadata_not_joined,2007-02,2008-02
B000IGGCCG,Product B000IGGCCG,metadata_not_joined,2007-10,2013-08
B000IGI4N6,Product B000IGI4N6,metadata_not_joined,2008-02,2010-07
B000IGQGJ0,Product B000IGQGJ0,metadata_not_joined,2011-04,2013-11
B000IHBZHC,Product B000IHBZHC,metadata_not_joined,2006-10,2008-11
B000IHGJ50,Product B000IHGJ50,metadata_not_joined,2008-01,2013-07
B000IHL38I,Product B000IHL38I,metadata_not_joined,2007-11,2013-12
B000IHM940,Product B000IHM940,metadata_not_joined,2006-10,2008-05
B000IHN89A,Product B000IHN89A,metadata_not_joined,2006-11,2014-05
B000IHX9A8,Product B000IHX9A8,metadata_not_joined,2011-01,2013-04
B000II0AKO,Product B000II0AKO,metadata_not_joined,2008-04,2014-01
B000II6YEA,Product B000II6YEA,metadata_not_joined,2007-01,2013-11
B000IIDKK6,Product B000IIDKK6,metadata_not_joined,2008-08,2010-12
B000IITQCC,Product B000IITQCC,metadata_not_joined,2008-11,2013-12
B000IJ73NU,Product B000IJ73NU,metadata_not_joined,2007-07,2014-03
B000IJ9O8W,Product B000IJ9O8W,metadata_not_joined,2010-10,2014-02
B000IJFB1G,Product B000IJFB1G,metadata_not_joined,2005-09,2013-07
B000IJFEZO,Product B000IJFEZO,metadata_not_joined,2007-11,2013-11
B000IJV4BC,Product B000IJV4BC,metadata_not_joined,2006-11,2014-07
B000IJVETY,Product B000IJVETY,metadata_not_joined,2006-11,2007-08
B000IJXDFM,Product B000IJXDFM,metadata_not_joined,2007-02,2014-05
B000IJY8DS,Product B000IJY8DS,metadata_not_joined,2007-06,2014-07
B000IK4C24,Product B000IK4C24,metadata_not_joined,2011-06,2013-07
B000IK5X2C,Product B000IK5X2C,metadata_not_joined,2006-10,2010-01
B000IK5XWW,Product B000IK5XWW,metadata_not_joined,2006-11,2014-06
B000IK5Z8E,Product B000IK5Z8E,metadata_not_joined,2006-12,2014-05
B000IKB9MU,Product B000IKB9MU,metadata_not_joined,2005-08,2014-05
B000IKWBC2,Product B000IKWBC2,metadata_not_joined,2007-08,2014-07
B000ILDS0K,Product B000ILDS0K,metadata_not_joined,2008-01,2013-10
B000ILEL0G,Product B000ILEL0G,metadata_not_joined,2008-03,2011-12
B000ILGEG0,Product B000ILGEG0,metadata_not_joined,2010-01,2014-06
B000ILHQA8,Product B000ILHQA8,metadata_not_joined,2009-06,2014-01
B000ILIHTC,Product B000ILIHTC,metadata_not_joined,2007-01,2014-05
B000ILIINM,Product B000ILIINM,metadata_not_joined,2006-11,2007-11
B000ILSALM,Product B000ILSALM,metadata_not_joined,2007-01,2014-02
B000IM5G54,Product B000IM5G54,metadata_not_joined,2007-04,2013-02
B000IM5GBS,Product B000IM5GBS,metadata_not_joined,2006-12,2013-12
B000IM88EA,Product B000IM88EA,metadata_not_joined,2006-09,2008-09
B000IM9542,Product B000IM9542,metadata_not_joined,2006-12,2014-07
B000IMC16G,Product B000IMC16G,metadata_not_joined,2007-10,2013-07
B000IMDPS4,Product B000IMDPS4,metadata_not_joined,2007-02,2013-05
B000IMFOZQ,Product B000IMFOZQ,metadata_not_joined,2009-08,2013-07
B000IMK9FG,Product B000IMK9FG,metadata_not_joined,2007-09,2013-09
B000IMM26U,Product B000IMM26U,metadata_not_joined,2010-02,2013-12
B000IMRTFO,Product B000IMRTFO,metadata_not_joined,2009-12,2014-06
B000IMSGC4,Product B000IMSGC4,metadata_not_joined,2010-02,2013-12
B000IMSK8Y,Product B000IMSK8Y,metadata_not_joined,2006-12,2013-04
B000IMWEHM,Product B000IMWEHM,metadata_not_joined,2008-01,2008-07
B000IMWI00,Product B000IMWI00,metadata_not_joined,2007-01,2010-12
B000IMWI6E,Product B000IMWI6E,metadata_not_joined,2007-02,2013-05
B000IMWIA0,Product B000IMWIA0,metadata_not_joined,2007-02,2009-10
B000IMWJ7C,Product B000IMWJ7C,metadata_not_joined,2006-10,2007-05
B000IMYAVU,Product B000IMYAVU,metadata_not_joined,2007-01,2014-06
B000IMYDJ4,Product B000IMYDJ4,metadata_not_joined,2007-10,2014-03
B000IMYIA8,Product B000IMYIA8,metadata_not_joined,2007-04,2012-12
B000IMYIBC,Product B000IMYIBC,metadata_not_joined,2007-01,2013-03
B000IMYIBM,Product B000IMYIBM,metadata_not_joined,2006-12,2013-02
B000IMYK4W,Product B000IMYK4W,metadata_not_joined,2007-07,2013-03
B000IN004K,Product B000IN004K,metadata_not_joined,2007-01,2014-02
B000IN022K,Product B000IN022K,metadata_not_joined,2007-05,2011-03
B000IN048C,Product B000IN048C,metadata_not_joined,2006-12,2012-09
B000IN04EG,Product B000IN04EG,metadata_not_joined,2007-12,2008-09
B000IN0978,Product B000IN0978,metadata_not_joined,2007-06,2008-05
B000IN09C8,Product B000IN09C8,metadata_not_joined,2007-08,2014-07
B000IN3RUE,Product B000IN3RUE,metadata_not_joined,2011-05,2014-07
B000IN72KK,Product B000IN72KK,metadata_not_joined,2006-11,2014-02
B000IN72LE,Product B000IN72LE,metadata_not_joined,2007-04,2013-04
B000INF2NY,Product B000INF2NY,metadata_not_joined,2007-09,2014-03
B000INVDMI,Product B000INVDMI,metadata_not_joined,2006-11,2014-01
B000INZRZW,Product B000INZRZW,metadata_not_joined,2008-01,2013-02
B000IO0NY6,Product B000IO0NY6,metadata_not_joined,2006-12,2008-09
B000IOC9QG,Product B000IOC9QG,metadata_not_joined,2008-04,2013-08
B000IOGYOE,Product B000IOGYOE,metadata_not_joined,2007-03,2013-07
B000IOKLHK,Product B000IOKLHK,metadata_not_joined,2007-01,2008-05
B000IOM3TO,Product B000IOM3TO,metadata_not_joined,2007-05,2011-06
B000IOP8ZU,Product B000IOP8ZU,metadata_not_joined,2006-12,2009-12
B000IOYW5W,Product B000IOYW5W,metadata_not_joined,2006-10,2008-06
B000IQUQXM,Product B000IQUQXM,metadata_not_joined,2006-12,2012-02
B000IS1ZYO,Product B000IS1ZYO,metadata_not_joined,2007-08,2011-06
B000IS1ZYY,Product B000IS1ZYY,metadata_not_joined,2006-12,2013-01
B000IS1ZZI,Product B000IS1ZZI,metadata_not_joined,2006-11,2013-03
B000IS758E,Product B000IS758E,metadata_not_joined,2007-04,2009-01
B000ISCZQG,Product B000ISCZQG,metadata_not_joined,2007-07,2013-01
B000ISCZSE,Product B000ISCZSE,metadata_not_joined,2007-02,2011-01
B000ISFJCS,Product B000ISFJCS,metadata_not_joined,2007-01,2014-07
B000ISLKBM,Product B000ISLKBM,metadata_not_joined,2009-01,2014-06
B000ISP3QA,Product B000ISP3QA,metadata_not_joined,2008-05,2012-05
B000IT5WY2,Product B000IT5WY2,metadata_not_joined,2006-11,2011-01
B000IT600W,Product B000IT600W,metadata_not_joined,2006-11,2013-12
B000ITAB8Y,Product B000ITAB8Y,metadata_not_joined,2008-11,2013-06
B000ITHG9G,Product B000ITHG9G,metadata_not_joined,2007-09,2012-11
B000ITLFXO,Product B000ITLFXO,metadata_not_joined,2007-11,2014-07
B000IURHXU,Product B000IURHXU,metadata_not_joined,2007-07,2012-11
B000IV413S,Product B000IV413S,metadata_not_joined,2006-11,2014-03
B000IV6S9S,Product B000IV6S9S,metadata_not_joined,2009-11,2014-06
B000IVDGJI,Product B000IVDGJI,metadata_not_joined,2008-05,2014-01
B000IVDIL4,Product B000IVDIL4,metadata_not_joined,2006-10,2013-12
B000IVDTSG,Product B000IVDTSG,metadata_not_joined,2006-09,2013-09
B000IVL3DE,Product B000IVL3DE,metadata_not_joined,2007-03,2013-01
B000IVO4ZS,Product B000IVO4ZS,metadata_not_joined,2008-04,2014-02
B000IVP2KY,Product B000IVP2KY,metadata_not_joined,2009-06,2012-08
B000IWL77U,Product B000IWL77U,metadata_not_joined,2007-07,2009-02
B000IWTHYA,Product B000IWTHYA,metadata_not_joined,2007-12,2013-12
B000IWXTY4,Product B000IWXTY4,metadata_not_joined,2007-08,2009-05
B000IXLHM4,Product B000IXLHM4,metadata_not_joined,2006-12,2014-04
B000IXLHOM,Product B000IXLHOM,metadata_not_joined,2007-03,2013-06
B000IXMVGU,Product B000IXMVGU,metadata_not_joined,2007-01,2012-01
B000IXNEI4,Product B000IXNEI4,metadata_not_joined,2007-01,2014-07
B000IXNEKC,Product B000IXNEKC,metadata_not_joined,2007-01,2013-09
B000IXOQOK,Product B000IXOQOK,metadata_not_joined,2006-10,2008-01
B000IXP932,Product B000IXP932,metadata_not_joined,2007-01,2014-07
B000IXP946,Product B000IXP946,metadata_not_joined,2007-01,2014-03
B000IXP96O,Product B000IXP96O,metadata_not_joined,2010-07,2014-05
B000IXP96Y,Product B000IXP96Y,metadata_not_joined,2007-01,2014-05
B000IXQPJO,Product B000IXQPJO,metadata_not_joined,2007-01,2014-05
B000IXQPNK,Product B000IXQPNK,metadata_not_joined,2007-02,2014-07
B000IXQPO4,Product B000IXQPO4,metadata_not_joined,2007-01,2014-07
B000IXS6DW,Product B000IXS6DW,metadata_not_joined,2009-11,2014-07
B000IXU3X8,Product B000IXU3X8,metadata_not_joined,2011-02,2014-04
B000IXUPM2,Product B000IXUPM2,metadata_not_joined,2009-02,2014-01
B000IXZ3QU,Product B000IXZ3QU,metadata_not_joined,2007-01,2011-05
B000IXZ3R4,Product B000IXZ3R4,metadata_not_joined,2007-02,2008-05
B000IY92O8,Product B000IY92O8,metadata_not_joined,2011-05,2014-06
B000IYYMJS,Product B000IYYMJS,metadata_not_joined,2008-07,2014-07
B000IZ0INQ,Product B000IZ0INQ,metadata_not_joined,2008-05,2013-09
B000IZ78WK,Product B000IZ78WK,metadata_not_joined,2007-03,2014-01
B000IZ7BDG,Product B000IZ7BDG,metadata_not_joined,2008-01,2014-05
B000IZ7C08,Product B000IZ7C08,metadata_not_joined,2007-02,2008-09
B000IZAN4K,Product B000IZAN4K,metadata_not_joined,2007-03,2014-01
B000IZBIT4,Product B000IZBIT4,metadata_not_joined,2007-09,2014-01
B000IZBZI8,Product B000IZBZI8,metadata_not_joined,2006-10,2013-07
B000IZC0GO,Product B000IZC0GO,metadata_not_joined,2007-03,2014-07
B000IZC19A,Product B000IZC19A,metadata_not_joined,2006-11,2012-12
B000IZC2B2,Product B000IZC2B2,metadata_not_joined,2007-06,2009-07
B000IZCUTQ,Product B000IZCUTQ,metadata_not_joined,2007-02,2014-05
B000IZDN60,Product B000IZDN60,metadata_not_joined,2007-01,2014-02
B000IZE8X2,Product B000IZE8X2,metadata_not_joined,2007-05,2012-12
B000IZE8XM,Product B000IZE8XM,metadata_not_joined,2008-08,2014-02
B000IZECH4,Product B000IZECH4,metadata_not_joined,2010-10,2014-07
B000IZGI6W,Product B000IZGI6W,metadata_not_joined,2007-09,2013-04
B000IZGI9Y,Product B000IZGI9Y,metadata_not_joined,2007-06,2014-03
B000J01HXU,Product B000J01HXU,metadata_not_joined,2008-02,2014-02
B000J01I1G,Product B000J01I1G,metadata_not_joined,2006-12,2014-07
B000J022G6,Product B000J022G6,metadata_not_joined,2006-11,2014-01
B000J02P1I,Product B000J02P1I,metadata_not_joined,2006-12,2012-09
B000J05PLA,Product B000J05PLA,metadata_not_joined,2006-12,2014-04
B000J09T7Q,Product B000J09T7Q,metadata_not_joined,2011-10,2014-03
B000J09T80,Product B000J09T80,metadata_not_joined,2011-08,2014-07
B000J0AON4,Product B000J0AON4,metadata_not_joined,2008-05,2014-07
B000J0MN7Y,Product B000J0MN7Y,metadata_not_joined,2007-12,2014-04
B000J0ORMS,Product B000J0ORMS,metadata_not_joined,2006-12,2010-03
B000J0ORN2,Product B000J0ORN2,metadata_not_joined,2008-07,2013-07
B000J10M62,Product B000J10M62,metadata_not_joined,2006-11,2007-08
B000J13TEE,Product B000J13TEE,metadata_not_joined,2006-12,2012-04
B000J171MK,Product B000J171MK,metadata_not_joined,2006-12,2011-09
B000J1BRY8,Product B000J1BRY8,metadata_not_joined,2010-12,2014-05
B000J1C0QW,Product B000J1C0QW,metadata_not_joined,2009-02,2012-12
B000J1CCGA,Product B000J1CCGA,metadata_not_joined,2006-12,2013-07
B000J1DA3Y,Product B000J1DA3Y,metadata_not_joined,2008-08,2014-07
B000J1E2JU,Product B000J1E2JU,metadata_not_joined,2007-11,2014-02
B000J1F1BI,Product B000J1F1BI,metadata_not_joined,2007-02,2014-07
B000J1FABY,Product B000J1FABY,metadata_not_joined,2007-11,2014-04
B000J1H4VI,Product B000J1H4VI,metadata_not_joined,2010-01,2014-07
B000J1HPJY,Product B000J1HPJY,metadata_not_joined,2006-12,2010-11
B000J1HPXK,Product B000J1HPXK,metadata_not_joined,2006-11,2013-09
B000J1N3HW,Product B000J1N3HW,metadata_not_joined,2005-01,2014-05
B000J2AB94,Product B000J2AB94,metadata_not_joined,2007-03,2010-08
B000J2GUS0,Product B000J2GUS0,metadata_not_joined,2007-04,2013-01
B000J2JFWI,Product B000J2JFWI,metadata_not_joined,2007-02,2014-01
B000J2Q9HW,Product B000J2Q9HW,metadata_not_joined,2007-02,2009-11
B000J2QIXM,Product B000J2QIXM,metadata_not_joined,2007-06,2010-03
B000J2V65M,Product B000J2V65M,metadata_not_joined,2007-01,2010-06
B000J2Z2ZM,Product B000J2Z2ZM,metadata_not_joined,2007-04,2011-04
B000J2ZPJU,Product B000J2ZPJU,metadata_not_joined,2008-02,2009-11
B000J31N1S,Product B000J31N1S,metadata_not_joined,2007-06,2008-05
B000J325SS,Product B000J325SS,metadata_not_joined,2007-07,2013-01
B000J34ON2,Product B000J34ON2,metadata_not_joined,2009-05,2014-05
B000J34TPK,Product B000J34TPK,metadata_not_joined,2006-12,2009-04
B000J36XR2,Product B000J36XR2,metadata_not_joined,2009-03,2013-11
B000J38HZ8,Product B000J38HZ8,metadata_not_joined,2010-01,2013-12
B000J38NR0,Product B000J38NR0,metadata_not_joined,2010-03,2012-07
B000J38QBS,Product B000J38QBS,metadata_not_joined,2009-10,2014-05
B000J3G2CS,Product B000J3G2CS,metadata_not_joined,2006-11,2013-03
B000J3G6PG,Product B000J3G6PG,metadata_not_joined,2008-05,2014-05
B000J3HTQG,Product B000J3HTQG,metadata_not_joined,2008-08,2014-07
B000J3I66S,Product B000J3I66S,metadata_not_joined,2010-11,2014-06
B000J3J09A,Product B000J3J09A,metadata_not_joined,2008-02,2012-11
B000J3L1T2,Product B000J3L1T2,metadata_not_joined,2008-01,2013-10
B000J3OPOU,Product B000J3OPOU,metadata_not_joined,2012-07,2014-06
B000J3YFM2,Product B000J3YFM2,metadata_not_joined,2006-11,2007-12
B000J3ZGXY,Product B000J3ZGXY,metadata_not_joined,2007-05,2014-06
B000J400XO,Product B000J400XO,metadata_not_joined,2010-02,2014-02
B000J40H82,Product B000J40H82,metadata_not_joined,2008-02,2013-11
B000J40PMK,Product B000J40PMK,metadata_not_joined,2007-02,2007-06
B000J40STK,Product B000J40STK,metadata_not_joined,2012-05,2014-07
B000J41ETI,Product B000J41ETI,metadata_not_joined,2006-12,2013-07
B000J421ZY,Product B000J421ZY,metadata_not_joined,2007-01,2013-09
B000J42FYG,Product B000J42FYG,metadata_not_joined,2006-12,2009-01
B000J42GEU,Product B000J42GEU,metadata_not_joined,2007-06,2012-08
B000J43HJ8,Product B000J43HJ8,metadata_not_joined,2006-11,2014-05
B000J45BK6,Product B000J45BK6,metadata_not_joined,2006-10,2013-09
B000J45G9W,Product B000J45G9W,metadata_not_joined,2009-06,2014-04
B000J45GLK,Product B000J45GLK,metadata_not_joined,2007-12,2013-06
B000J46TFW,Product B000J46TFW,metadata_not_joined,2007-02,2014-04
B000J47W12,Product B000J47W12,metadata_not_joined,2007-02,2014-07
B000J4DGS0,Product B000J4DGS0,metadata_not_joined,2007-05,2009-02
B000J4DVM6,Product B000J4DVM6,metadata_not_joined,2007-06,2013-10
B000J4ETJ0,Product B000J4ETJ0,metadata_not_joined,2006-12,2008-08
B000J4GCV8,Product B000J4GCV8,metadata_not_joined,2007-03,2014-05
B000J4I2MA,Product B000J4I2MA,metadata_not_joined,2006-11,2007-12
B000J4IIVK,Product B000J4IIVK,metadata_not_joined,2008-12,2013-07
B000J4J6T8,Product B000J4J6T8,metadata_not_joined,2007-06,2014-03
B000J4J6X4,Product B000J4J6X4,metadata_not_joined,2007-01,2013-12
B000J4J8NW,Product B000J4J8NW,metadata_not_joined,2006-10,2013-05
B000J4JEYK,Product B000J4JEYK,metadata_not_joined,2012-10,2014-06
B000J4WPW8,Product B000J4WPW8,metadata_not_joined,2007-04,2014-06
B000J509CK,Product B000J509CK,metadata_not_joined,2007-04,2008-07
B000J56H5I,Product B000J56H5I,metadata_not_joined,2007-03,2009-09
B000J56K1O,Product B000J56K1O,metadata_not_joined,2009-02,2014-06
B000J5GZDC,Product B000J5GZDC,metadata_not_joined,2010-01,2013-12
B000J5LA9Q,Product B000J5LA9Q,metadata_not_joined,2007-01,2013-09
B000J5M69Y,Product B000J5M69Y,metadata_not_joined,2007-04,2013-11
B000J5ON5E,Product B000J5ON5E,metadata_not_joined,2013-02,2014-07
B000J65PJQ,Product B000J65PJQ,metadata_not_joined,2010-08,2013-11
B000J6AVQ8,Product B000J6AVQ8,metadata_not_joined,2010-07,2014-05
B000J6D9XK,Product B000J6D9XK,metadata_not_joined,2007-11,2014-01
B000J6E1LY,Product B000J6E1LY,metadata_not_joined,2007-01,2012-08
B000J6E2WW,Product B000J6E2WW,metadata_not_joined,2007-02,2008-02
B000J6FTUQ,Product B000J6FTUQ,metadata_not_joined,2006-11,2013-09
B000J6FTVK,Product B000J6FTVK,metadata_not_joined,2006-10,2012-11
B000J6FWT4,Product B000J6FWT4,metadata_not_joined,2007-09,2014-06
B000J6Y934,Product B000J6Y934,metadata_not_joined,2007-05,2011-09
B000JBXLV0,Product B000JBXLV0,metadata_not_joined,2007-08,2012-03
B000JC1W92,Product B000JC1W92,metadata_not_joined,2012-10,2014-06
B000JC31L4,Product B000JC31L4,metadata_not_joined,2010-01,2012-09
B000JC3NOY,Product B000JC3NOY,metadata_not_joined,2007-07,2014-04
B000JC5DAG,Product B000JC5DAG,metadata_not_joined,2010-09,2014-07
B000JC5GSK,Product B000JC5GSK,metadata_not_joined,2010-12,2014-05
B000JC5KCM,Product B000JC5KCM,metadata_not_joined,2009-05,2014-02
B000JC5SOM,Product B000JC5SOM,metadata_not_joined,2008-05,2014-05
B000JC5T82,Product B000JC5T82,metadata_not_joined,2007-10,2012-12
B000JC76B0,Product B000JC76B0,metadata_not_joined,2008-10,2014-06
B000JC7GEC,Product B000JC7GEC,metadata_not_joined,2010-11,2014-03
B000JC8WYA,Product B000JC8WYA,metadata_not_joined,2007-03,2014-06
B000JC9BXG,Product B000JC9BXG,metadata_not_joined,2010-12,2013-06
B000JCNJPM,Product B000JCNJPM,metadata_not_joined,2009-08,2014-06
B000JCQKVM,Product B000JCQKVM,metadata_not_joined,2010-12,2014-07
B000JCUT8W,Product B000JCUT8W,metadata_not_joined,2010-09,2013-06
B000JD9PN6,Product B000JD9PN6,metadata_not_joined,2012-05,2013-04
B000JD9S2E,Product B000JD9S2E,metadata_not_joined,2007-05,2014-03
B000JDHS5I,Product B000JDHS5I,metadata_not_joined,2006-09,2010-09
B000JDJJ82,Product B000JDJJ82,metadata_not_joined,2007-04,2010-02
B000JE5CIC,Product B000JE5CIC,metadata_not_joined,2006-12,2014-04
B000JE5CKA,Product B000JE5CKA,metadata_not_joined,2007-07,2014-07
B000JE5CQO,Product B000JE5CQO,metadata_not_joined,2006-12,2014-06
B000JE7GPY,Product B000JE7GPY,metadata_not_joined,2007-07,2014-07
B000JEC7CQ,Product B000JEC7CQ,metadata_not_joined,2008-12,2014-07
B000JELY0C,Product B000JELY0C,metadata_not_joined,2007-02,2009-02
B000JEMFG4,Product B000JEMFG4,metadata_not_joined,2009-04,2013-12
B000JEOEE0,Product B000JEOEE0,metadata_not_joined,2011-09,2014-07
B000JET9EA,Product B000JET9EA,metadata_not_joined,2006-12,2011-09
B000JEUBTC,Product B000JEUBTC,metadata_not_joined,2008-02,2014-06
B000JEUNZY,Product B000JEUNZY,metadata_not_joined,2007-04,2013-09
B000JEUO4E,Product B000JEUO4E,metadata_not_joined,2007-12,2011-04
B000JEUO7Q,Product B000JEUO7Q,metadata_not_joined,2006-12,2014-01
B000JEUOB2,Product B000JEUOB2,metadata_not_joined,2006-12,2009-01
B000JEV4TS,Product B000JEV4TS,metadata_not_joined,2007-01,2013-10
B000JEWIV6,Product B000JEWIV6,metadata_not_joined,2007-03,2014-06
B000JEYF30,Product B000JEYF30,metadata_not_joined,2007-12,2009-12
B000JEYF5I,Product B000JEYF5I,metadata_not_joined,2007-05,2013-09
B000JFAMZY,Product B000JFAMZY,metadata_not_joined,2006-12,2013-01
B000JFCZ36,Product B000JFCZ36,metadata_not_joined,2007-04,2011-01
B000JFDZ4Y,Product B000JFDZ4Y,metadata_not_joined,2009-02,2014-05
B000JFGAUU,Product B000JFGAUU,metadata_not_joined,2007-12,2012-03
B000JFH982,Product B000JFH982,metadata_not_joined,2007-07,2014-05
B000JFHEL4,Product B000JFHEL4,metadata_not_joined,2007-05,2009-09
B000JFHR5C,Product B000JFHR5C,metadata_not_joined,2007-04,2012-12
B000JFJ06G,Product B000JFJ06G,metadata_not_joined,2007-05,2013-07
B000JFJDAE,Product B000JFJDAE,metadata_not_joined,2007-03,2010-12
B000JFJZGG,Product B000JFJZGG,metadata_not_joined,2009-11,2014-07
B000JFN1XY,Product B000JFN1XY,metadata_not_joined,2006-11,2014-05
B000JFNEAY,Product B000JFNEAY,metadata_not_joined,2007-12,2013-01
B000JFQ3ZC,Product B000JFQ3ZC,metadata_not_joined,2007-06,2011-12
B000JG1TDW,Product B000JG1TDW,metadata_not_joined,2012-02,2013-12
B000JG3ABQ,Product B000JG3ABQ,metadata_not_joined,2008-04,2013-02
B000JG3WBY,Product B000JG3WBY,metadata_not_joined,2007-03,2013-08
B000JG88JU,Product B000JG88JU,metadata_not_joined,2007-04,2014-07
B000JGD9JY,Product B000JGD9JY,metadata_not_joined,2011-03,2014-03
B000JHMJE4,Product B000JHMJE4,metadata_not_joined,2007-07,2013-12
B000JI262I,Product B000JI262I,metadata_not_joined,2007-05,2010-03
B000JI3H08,Product B000JI3H08,metadata_not_joined,2010-03,2012-12
B000JI4OBO,Product B000JI4OBO,metadata_not_joined,2009-06,2014-05
B000JI4XBA,Product B000JI4XBA,metadata_not_joined,2011-09,2012-12
B000JI6IZO,Product B000JI6IZO,metadata_not_joined,2011-01,2014-05
B000JII7SK,Product B000JII7SK,metadata_not_joined,2007-01,2013-09
B000JILHDC,Product B000JILHDC,metadata_not_joined,2007-05,2012-06
B000JILHF0,Product B000JILHF0,metadata_not_joined,2007-05,2012-05
B000JILHFU,Product B000JILHFU,metadata_not_joined,2007-05,2011-12
B000JINAAU,Product B000JINAAU,metadata_not_joined,2007-05,2010-01
B000JINLOK,Product B000JINLOK,metadata_not_joined,2006-12,2013-09
B000JIOG5I,Product B000JIOG5I,metadata_not_joined,2007-03,2009-10
B000JIOHDE,Product B000JIOHDE,metadata_not_joined,2008-03,2014-06
B000JJ9MXS,Product B000JJ9MXS,metadata_not_joined,2007-08,2010-08
B000JJDBEE,Product B000JJDBEE,metadata_not_joined,2009-12,2011-12
B000JJKNOK,Product B000JJKNOK,metadata_not_joined,2013-01,2014-07
B000JJKX4K,Product B000JJKX4K,metadata_not_joined,2007-03,2013-08
B000JJLHIQ,Product B000JJLHIQ,metadata_not_joined,2011-03,2014-07
B000JJLUQK,Product B000JJLUQK,metadata_not_joined,2008-02,2012-11
B000JJM2GW,Product B000JJM2GW,metadata_not_joined,2007-12,2014-05
B000JJM7S0,Product B000JJM7S0,metadata_not_joined,2007-08,2013-09
B000JJM8XE,Product B000JJM8XE,metadata_not_joined,2007-03,2014-07
B000JJN9PK,Product B000JJN9PK,metadata_not_joined,2009-04,2014-07
B000JJO9MC,Product B000JJO9MC,metadata_not_joined,2011-11,2014-04
B000JJPZW0,Product B000JJPZW0,metadata_not_joined,2007-03,2014-01
B000JJSQ1C,Product B000JJSQ1C,metadata_not_joined,2008-07,2013-02
B000JJSQ1M,Product B000JJSQ1M,metadata_not_joined,2012-12,2014-05
B000JJSQ30,Product B000JJSQ30,metadata_not_joined,2009-01,2014-06
B000JJSQ3A,Product B000JJSQ3A,metadata_not_joined,2010-11,2014-05
B000JJSQ8U,Product B000JJSQ8U,metadata_not_joined,2008-06,2014-04
B000JJSQ9E,Product B000JJSQ9E,metadata_not_joined,2010-03,2014-05
B000JJSQ9O,Product B000JJSQ9O,metadata_not_joined,2008-06,2014-07
B000JJSQBM,Product B000JJSQBM,metadata_not_joined,2008-12,2011-06
B000JJSQBW,Product B000JJSQBW,metadata_not_joined,2008-09,2013-01
B000JJSQCG,Product B000JJSQCG,metadata_not_joined,2008-09,2012-05
B000JK4YQM,Product B000JK4YQM,metadata_not_joined,2007-08,2009-05
B000JK7FMW,Product B000JK7FMW,metadata_not_joined,2009-10,2014-05
B000JKD24M,Product B000JKD24M,metadata_not_joined,2008-05,2014-01
B000JKDTPE,Product B000JKDTPE,metadata_not_joined,2007-02,2008-06
B000JKERJG,Product B000JKERJG,metadata_not_joined,2006-12,2011-09
B000JKHXPQ,Product B000JKHXPQ,metadata_not_joined,2006-12,2013-06
B000JKUOIY,Product B000JKUOIY,metadata_not_joined,2008-01,2013-05
B000JKWXYW,Product B000JKWXYW,metadata_not_joined,2007-10,2008-05
B000JL8Z4I,Product B000JL8Z4I,metadata_not_joined,2006-12,2014-03
B000JLG5ZO,Product B000JLG5ZO,metadata_not_joined,2007-03,2014-07
B000JLG5ZY,Product B000JLG5ZY,metadata_not_joined,2006-12,2014-07
B000JLHDOG,Product B000JLHDOG,metadata_not_joined,2007-05,2009-11
B000JLI4Q2,Product B000JLI4Q2,metadata_not_joined,2004-12,2014-06
B000JLK5NW,Product B000JLK5NW,metadata_not_joined,2009-08,2014-07
B000JLK5PK,Product B000JLK5PK,metadata_not_joined,2005-04,2014-06
B000JLK5Q4,Product B000JLK5Q4,metadata_not_joined,2009-07,2014-02
B000JLK5UU,Product B000JLK5UU,metadata_not_joined,2012-03,2014-06
B000JLKIHA,Product B000JLKIHA,metadata_not_joined,2007-09,2014-06
B000JLL11C,Product B000JLL11C,metadata_not_joined,2007-01,2008-06
B000JLL8LU,Product B000JLL8LU,metadata_not_joined,2008-12,2013-03
B000JLM3PA,Product B000JLM3PA,metadata_not_joined,2010-06,2014-03
B000JLM50I,Product B000JLM50I,metadata_not_joined,2008-08,2014-07
B000JLN6JM,Product B000JLN6JM,metadata_not_joined,2009-03,2011-12
B000JLNAX4,Product B000JLNAX4,metadata_not_joined,2011-12,2014-03
B000JLNO3A,Product B000JLNO3A,metadata_not_joined,2008-04,2009-06
B000JLO31C,Product B000JLO31C,metadata_not_joined,2009-04,2013-09
B000JLO31M,Product B000JLO31M,metadata_not_joined,2007-06,2014-07
B000JLO6OG,Product B000JLO6OG,metadata_not_joined,2007-03,2013-09
B000JLO6RS,Product B000JLO6RS,metadata_not_joined,2008-02,2014-05
B000JLP5UK,Product B000JLP5UK,metadata_not_joined,2006-12,2014-05
B000JLPL7M,Product B000JLPL7M,metadata_not_joined,2010-08,2013-05
B000JLTVZA,Product B000JLTVZA,metadata_not_joined,2007-02,2014-05
B000JLTXOO,Product B000JLTXOO,metadata_not_joined,2008-10,2014-05
B000JLU1JU,Product B000JLU1JU,metadata_not_joined,2007-01,2007-12
B000JLU1W2,Product B000JLU1W2,metadata_not_joined,2006-12,2013-03
B000JLU2A8,Product B000JLU2A8,metadata_not_joined,2007-05,2014-04
B000JLUBMM,Product B000JLUBMM,metadata_not_joined,2008-01,2014-07
B000JLWDB4,Product B000JLWDB4,metadata_not_joined,2007-02,2009-02
B000JLWFNA,Product B000JLWFNA,metadata_not_joined,2007-02,2012-01
B000JMBPLC,Product B000JMBPLC,metadata_not_joined,2007-09,2008-07
B000JMJWUS,Product B000JMJWUS,metadata_not_joined,2007-01,2013-12
B000JMJWV2,Product B000JMJWV2,metadata_not_joined,2007-08,2014-07
B000JN6B92,Product B000JN6B92,metadata_not_joined,2008-06,2014-06
B000JNA4LS,Product B000JNA4LS,metadata_not_joined,2007-03,2010-11
B000JNG45I,Product B000JNG45I,metadata_not_joined,2007-10,2014-07
B000JNL6WO,Product B000JNL6WO,metadata_not_joined,2007-03,2014-04
B000JNN9C4,Product B000JNN9C4,metadata_not_joined,2008-02,2012-12
B000JNQSIQ,Product B000JNQSIQ,metadata_not_joined,2008-05,2014-07
B000JNYWBG,Product B000JNYWBG,metadata_not_joined,2007-09,2013-07
B000JO1380,Product B000JO1380,metadata_not_joined,2007-09,2014-07
B000JO1IPI,Product B000JO1IPI,metadata_not_joined,2007-09,2014-04
B000JO1MU4,Product B000JO1MU4,metadata_not_joined,2007-09,2014-01
B000JO3N3S,Product B000JO3N3S,metadata_not_joined,2007-09,2014-01
B000JO3Y1O,Product B000JO3Y1O,metadata_not_joined,2007-09,2009-06
B000JO7PIM,Product B000JO7PIM,metadata_not_joined,2007-09,2014-07
B000JO7RVC,Product B000JO7RVC,metadata_not_joined,2007-09,2009-09
B000JO7T7E,Product B000JO7T7E,metadata_not_joined,2007-09,2014-05
B000JOPYGW,Product B000JOPYGW,metadata_not_joined,2008-02,2011-03
B000JP1TFG,Product B000JP1TFG,metadata_not_joined,2007-10,2014-01
B000JP37JC,Product B000JP37JC,metadata_not_joined,2008-06,2014-01
B000JP8HU6,Product B000JP8HU6,metadata_not_joined,2007-01,2007-11
B000JP8I00,Product B000JP8I00,metadata_not_joined,2007-03,2008-11
B000JPCAKY,Product B000JPCAKY,metadata_not_joined,2010-01,2014-01
B000JPCAL8,Product B000JPCAL8,metadata_not_joined,2011-06,2014-05
B000JPGQ4U,Product B000JPGQ4U,metadata_not_joined,2009-11,2013-09
B000JPZC6S,Product B000JPZC6S,metadata_not_joined,2012-05,2014-01
B000JQ17WK,Product B000JQ17WK,metadata_not_joined,2010-07,2014-07
B000JQ36Z6,Product B000JQ36Z6,metadata_not_joined,2011-12,2014-03
B000JQ372S,Product B000JQ372S,metadata_not_joined,2011-11,2014-02
B000JQ3A7A,Product B000JQ3A7A,metadata_not_joined,2009-07,2013-09
B000JQ4OY8,Product B000JQ4OY8,metadata_not_joined,2011-10,2013-08
B000JQB4C8,Product B000JQB4C8,metadata_not_joined,2012-04,2014-07
B000JQBIY2,Product B000JQBIY2,metadata_not_joined,2007-12,2010-10
B000JQJG32,Product B000JQJG32,metadata_not_joined,2010-09,2014-06
B000JQLPZE,Product B000JQLPZE,metadata_not_joined,2007-05,2013-06
B000JQV8EC,Product B000JQV8EC,metadata_not_joined,2007-01,2013-03
B000JQV8GU,Product B000JQV8GU,metadata_not_joined,2008-01,2013-05
B000JREMTO,Product B000JREMTO,metadata_not_joined,2007-12,2013-04
B000JRPCDO,Product B000JRPCDO,metadata_not_joined,2007-01,2010-04
B000JRPCHK,Product B000JRPCHK,metadata_not_joined,2007-02,2007-06
B000JSFT0Y,Product B000JSFT0Y,metadata_not_joined,2007-05,2014-06
B000JSFT2C,Product B000JSFT2C,metadata_not_joined,2008-03,2014-07
B000JSFZPS,Product B000JSFZPS,metadata_not_joined,2007-12,2014-03
B000JSR20E,Product B000JSR20E,metadata_not_joined,2012-08,2014-05
B000JSSY74,Product B000JSSY74,metadata_not_joined,2007-05,2012-03
B000JSZ41S,Product B000JSZ41S,metadata_not_joined,2009-12,2014-06
B000JT3L9E,Product B000JT3L9E,metadata_not_joined,2011-12,2013-12
B000JTDP1I,Product B000JTDP1I,metadata_not_joined,2007-01,2009-01
B000JTDXOM,Product B000JTDXOM,metadata_not_joined,2009-01,2013-01
B000JU0NK8,Product B000JU0NK8,metadata_not_joined,2008-11,2014-04
B000JU4KG6,Product B000JU4KG6,metadata_not_joined,2009-11,2012-04
B000JU9XZ4,Product B000JU9XZ4,metadata_not_joined,2007-08,2014-02
B000JUT2XC,Product B000JUT2XC,metadata_not_joined,2007-12,2014-01
B000JUTW4Q,Product B000JUTW4Q,metadata_not_joined,2008-03,2014-02
B000JUZE1Q,Product B000JUZE1Q,metadata_not_joined,2007-07,2012-02
B000JV3A20,Product B000JV3A20,metadata_not_joined,2007-05,2014-06
B000JV6TQY,Product B000JV6TQY,metadata_not_joined,2006-12,2013-11
